solid OpenSCAD_Model
  facet normal -0.987688 -0.156435 0
    outer loop
      vertex 0.0764828 2.77231 0
      vertex 0.0191727 3.13415 16.1636
      vertex 0.0191727 3.13415 0
    endloop
  endfacet
  facet normal -0.987688 -0.156435 0
    outer loop
      vertex 0.0191727 3.13415 16.1636
      vertex 0.0764828 2.77231 0
      vertex 0.0764828 2.77231 16.2016
    endloop
  endfacet
  facet normal -0.99863 -0.0523341 0
    outer loop
      vertex 0.0191727 3.13415 0
      vertex 0 3.5 16.1252
      vertex 0 3.5 0
    endloop
  endfacet
  facet normal -0.99863 -0.0523341 0
    outer loop
      vertex 0 3.5 16.1252
      vertex 0.0191727 3.13415 0
      vertex 0.0191727 3.13415 16.1636
    endloop
  endfacet
  facet normal -0.358365 -0.933582 0
    outer loop
      vertex 2.41844 0.171302 0
      vertex 2.07642 0.30259 16.4612
      vertex 2.07642 0.30259 0
    endloop
  endfacet
  facet normal -0.358365 -0.933582 0
    outer loop
      vertex 2.07642 0.30259 16.4612
      vertex 2.41844 0.171302 0
      vertex 2.41844 0.171302 16.475
    endloop
  endfacet
  facet normal 0.987816 0.155626 -0
    outer loop
      vertex 103.981 73.8659 0
      vertex 103.924 74.2277 8.69138
      vertex 103.981 73.8659 8.72941
    endloop
  endfacet
  facet normal 0.987816 0.155626 0
    outer loop
      vertex 103.924 74.2277 8.69138
      vertex 103.981 73.8659 0
      vertex 103.924 74.2277 0
    endloop
  endfacet
  facet normal 0.998655 0.0518569 -0
    outer loop
      vertex 104 73.5 0
      vertex 103.981 73.8659 8.72941
      vertex 104 73.5 8.76786
    endloop
  endfacet
  facet normal 0.998655 0.0518569 0
    outer loop
      vertex 103.981 73.8659 8.72941
      vertex 104 73.5 0
      vertex 103.981 73.8659 0
    endloop
  endfacet
  facet normal -0.544581 0.838709 0
    outer loop
      vertex 1.44275 76.3316 0
      vertex 1.75 76.5311 8.44928
      vertex 1.75 76.5311 0
    endloop
  endfacet
  facet normal -0.544581 0.838709 0
    outer loop
      vertex 1.75 76.5311 8.44928
      vertex 1.44275 76.3316 0
      vertex 1.44275 76.3316 8.47025
    endloop
  endfacet
  facet normal -0.891006 -0.453992 0
    outer loop
      vertex 0.46891 1.75 0
      vertex 0.30259 2.07642 16.2748
      vertex 0.30259 2.07642 0
    endloop
  endfacet
  facet normal -0.891006 -0.453992 0
    outer loop
      vertex 0.30259 2.07642 16.2748
      vertex 0.46891 1.75 0
      vertex 0.46891 1.75 16.3091
    endloop
  endfacet
  facet normal 0.93293 -0.360057 0
    outer loop
      vertex 103.697 2.07642 0
      vertex 103.829 2.41844 16.2388
      vertex 103.697 2.07642 16.2748
    endloop
  endfacet
  facet normal 0.93293 -0.360057 0
    outer loop
      vertex 103.829 2.41844 16.2388
      vertex 103.697 2.07642 0
      vertex 103.829 2.41844 0
    endloop
  endfacet
  facet normal 0.932923 0.360076 -0
    outer loop
      vertex 103.829 74.5816 0
      vertex 103.697 74.9236 8.61824
      vertex 103.829 74.5816 8.65419
    endloop
  endfacet
  facet normal 0.932923 0.360076 0
    outer loop
      vertex 103.697 74.9236 8.61824
      vertex 103.829 74.5816 0
      vertex 103.697 74.9236 0
    endloop
  endfacet
  facet normal 0.707107 0.707107 -0
    outer loop
      vertex 103.101 75.842 0
      vertex 102.842 76.101 8.49449
      vertex 103.101 75.842 8.52171
    endloop
  endfacet
  facet normal 0.707107 0.707107 0
    outer loop
      vertex 102.842 76.101 8.49449
      vertex 103.101 75.842 0
      vertex 102.842 76.101 0
    endloop
  endfacet
  facet normal 0.707171 -0.707043 0
    outer loop
      vertex 102.842 0.898993 0
      vertex 103.101 1.15804 16.3713
      vertex 102.842 0.898993 16.3985
    endloop
  endfacet
  facet normal 0.707171 -0.707043 0
    outer loop
      vertex 103.101 1.15804 16.3713
      vertex 102.842 0.898993 0
      vertex 103.101 1.15804 0
    endloop
  endfacet
  facet normal -1 0 0
    outer loop
      vertex 0 53.1358 2.56498
      vertex 0 73.5 0
      vertex 0 53.1464 2.48294
    endloop
  endfacet
  facet normal -1 0 0
    outer loop
      vertex 0 73.5 0
      vertex 0 53.1464 5.51706
      vertex 0 53.15 5.6
    endloop
  endfacet
  facet normal -1 0 0
    outer loop
      vertex 0 53.1358 5.43502
      vertex 0 73.5 0
      vertex 0 53.1358 2.56498
    endloop
  endfacet
  facet normal -1 0 0
    outer loop
      vertex 0 73.5 0
      vertex 0 53.1358 5.43502
      vertex 0 53.1464 5.51706
    endloop
  endfacet
  facet normal -1 0 0
    outer loop
      vertex 0 53.1267 2.60641
      vertex 0 53.1358 5.43502
      vertex 0 53.1358 2.56498
    endloop
  endfacet
  facet normal -1 0 0
    outer loop
      vertex 0 53.1267 2.60641
      vertex 0 53.1267 5.39359
      vertex 0 53.1358 5.43502
    endloop
  endfacet
  facet normal -1 0 0
    outer loop
      vertex 0 53.1182 2.64521
      vertex 0 53.1267 5.39359
      vertex 0 53.1267 2.60641
    endloop
  endfacet
  facet normal -1 0 0
    outer loop
      vertex 0 53.1182 2.64521
      vertex 0 53.1182 5.35479
      vertex 0 53.1267 5.39359
    endloop
  endfacet
  facet normal -1 0 0
    outer loop
      vertex 0 53.1065 2.68223
      vertex 0 53.1182 5.35479
      vertex 0 53.1182 2.64521
    endloop
  endfacet
  facet normal -1 0 0
    outer loop
      vertex 0 53.1065 2.68223
      vertex 0 53.1065 5.31777
      vertex 0 53.1182 5.35479
    endloop
  endfacet
  facet normal -1 0 0
    outer loop
      vertex 0 53.0938 2.72275
      vertex 0 53.1065 5.31777
      vertex 0 53.1065 2.68223
    endloop
  endfacet
  facet normal -1 0 0
    outer loop
      vertex 0 53.0938 2.72275
      vertex 0 53.0938 5.27725
      vertex 0 53.1065 5.31777
    endloop
  endfacet
  facet normal -1 0 0
    outer loop
      vertex 0 53.0775 2.76188
      vertex 0 53.0938 5.27725
      vertex 0 53.0938 2.72275
    endloop
  endfacet
  facet normal -1 0 0
    outer loop
      vertex 0 53.0775 2.76188
      vertex 0 53.0775 5.23812
      vertex 0 53.0938 5.27725
    endloop
  endfacet
  facet normal -1 0 0
    outer loop
      vertex 0 53.0629 2.79675
      vertex 0 53.0775 5.23812
      vertex 0 53.0775 2.76188
    endloop
  endfacet
  facet normal -1 0 0
    outer loop
      vertex 0 53.0629 2.79675
      vertex 0 53.0629 5.20325
      vertex 0 53.0775 5.23812
    endloop
  endfacet
  facet normal -1 0 0
    outer loop
      vertex 0 53.0457 2.8292
      vertex 0 53.0629 5.20325
      vertex 0 53.0629 2.79675
    endloop
  endfacet
  facet normal -1 0 0
    outer loop
      vertex 0 53.0457 2.8292
      vertex 0 53.0457 5.1708
      vertex 0 53.0629 5.20325
    endloop
  endfacet
  facet normal -1 0 0
    outer loop
      vertex 0 53.0259 2.86641
      vertex 0 53.0457 5.1708
      vertex 0 53.0457 2.8292
    endloop
  endfacet
  facet normal -1 0 0
    outer loop
      vertex 0 53.0259 2.86641
      vertex 0 53.0259 5.13359
      vertex 0 53.0457 5.1708
    endloop
  endfacet
  facet normal -1 0 0
    outer loop
      vertex 0 52.983 2.93096
      vertex 0 53.0259 5.13359
      vertex 0 53.0259 2.86641
    endloop
  endfacet
  facet normal -1 0 0
    outer loop
      vertex 0 52.983 2.93096
      vertex 0 52.983 5.06904
      vertex 0 53.0259 5.13359
    endloop
  endfacet
  facet normal -1 0 0
    outer loop
      vertex 0 52.9349 2.98969
      vertex 0 52.983 5.06904
      vertex 0 52.983 2.93096
    endloop
  endfacet
  facet normal -1 0 0
    outer loop
      vertex 0 52.9349 2.98969
      vertex 0 52.9349 5.01031
      vertex 0 52.983 5.06904
    endloop
  endfacet
  facet normal -1 0 0
    outer loop
      vertex 0 52.8821 3.04196
      vertex 0 52.9349 5.01031
      vertex 0 52.9349 2.98969
    endloop
  endfacet
  facet normal -1 0 0
    outer loop
      vertex 0 52.8821 3.04196
      vertex 0 52.8821 4.95804
      vertex 0 52.9349 5.01031
    endloop
  endfacet
  facet normal -1 0 0
    outer loop
      vertex 0 52.825 3.08719
      vertex 0 52.8821 4.95804
      vertex 0 52.8821 3.04196
    endloop
  endfacet
  facet normal -1 0 0
    outer loop
      vertex 0 52.825 3.08719
      vertex 0 52.825 4.9128
      vertex 0 52.8821 4.95804
    endloop
  endfacet
  facet normal -1 0 0
    outer loop
      vertex 0 52.7644 3.1249
      vertex 0 52.825 4.9128
      vertex 0 52.825 3.08719
    endloop
  endfacet
  facet normal -1 0 0
    outer loop
      vertex 0 52.7644 3.1249
      vertex 0 52.7644 4.8751
      vertex 0 52.825 4.9128
    endloop
  endfacet
  facet normal -1 0 0
    outer loop
      vertex 0 52.7009 3.15467
      vertex 0 52.7644 4.8751
      vertex 0 52.7644 3.1249
    endloop
  endfacet
  facet normal -1 0 0
    outer loop
      vertex 0 52.7009 3.15467
      vertex 0 52.7009 4.84533
      vertex 0 52.7644 4.8751
    endloop
  endfacet
  facet normal -1 0 0
    outer loop
      vertex 0 52.6351 3.17616
      vertex 0 52.7009 4.84533
      vertex 0 52.7009 3.15467
    endloop
  endfacet
  facet normal -1 0 0
    outer loop
      vertex 0 52.6351 3.17616
      vertex 0 52.6351 4.82384
      vertex 0 52.7009 4.84533
    endloop
  endfacet
  facet normal -1 0 0
    outer loop
      vertex 0 52.5973 3.18347
      vertex 0 52.6351 4.82384
      vertex 0 52.6351 3.17616
    endloop
  endfacet
  facet normal -1 0 0
    outer loop
      vertex 0 52.5973 3.18347
      vertex 0 52.5973 4.81653
      vertex 0 52.6351 4.82384
    endloop
  endfacet
  facet normal -1 0 0
    outer loop
      vertex 0 52.5679 3.18916
      vertex 0 52.5973 4.81653
      vertex 0 52.5973 3.18347
    endloop
  endfacet
  facet normal -1 0 0
    outer loop
      vertex 0 52.5679 3.18916
      vertex 0 52.5679 4.81084
      vertex 0 52.5973 4.81653
    endloop
  endfacet
  facet normal -1 0 0
    outer loop
      vertex 0 52.5297 3.1916
      vertex 0 52.5679 4.81084
      vertex 0 52.5679 3.18916
    endloop
  endfacet
  facet normal -1 0 0
    outer loop
      vertex 0 52.5297 3.1916
      vertex 0 52.5297 4.8084
      vertex 0 52.5679 4.81084
    endloop
  endfacet
  facet normal -1 0 0
    outer loop
      vertex 0 52.5 3.1935
      vertex 0 52.5297 4.8084
      vertex 0 52.5297 3.1916
    endloop
  endfacet
  facet normal -1 0 0
    outer loop
      vertex 0 52.5 3.1935
      vertex 0 52.5 4.8065
      vertex 0 52.5297 4.8084
    endloop
  endfacet
  facet normal -1 0 0
    outer loop
      vertex 0 20.5 3.1935
      vertex 0 52.5 4.8065
      vertex 0 52.5 3.1935
    endloop
  endfacet
  facet normal -1 0 0
    outer loop
      vertex 0 20.5 3.1935
      vertex 0 20.5 4.8065
      vertex 0 52.5 4.8065
    endloop
  endfacet
  facet normal -1 0 0
    outer loop
      vertex 0 20.4703 3.1916
      vertex 0 20.5 4.8065
      vertex 0 20.5 3.1935
    endloop
  endfacet
  facet normal -1 0 0
    outer loop
      vertex 0 20.4703 3.1916
      vertex 0 20.4703 4.8084
      vertex 0 20.5 4.8065
    endloop
  endfacet
  facet normal -1 0 0
    outer loop
      vertex 0 20.4321 3.18916
      vertex 0 20.4703 4.8084
      vertex 0 20.4703 3.1916
    endloop
  endfacet
  facet normal -1 0 0
    outer loop
      vertex 0 20.4321 3.18916
      vertex 0 20.4321 4.81084
      vertex 0 20.4703 4.8084
    endloop
  endfacet
  facet normal -1 0 0
    outer loop
      vertex 0 20.4027 3.18347
      vertex 0 20.4321 4.81084
      vertex 0 20.4321 3.18916
    endloop
  endfacet
  facet normal -1 0 0
    outer loop
      vertex 0 20.4027 3.18347
      vertex 0 20.4027 4.81653
      vertex 0 20.4321 4.81084
    endloop
  endfacet
  facet normal -1 0 0
    outer loop
      vertex 0 20.3649 3.17616
      vertex 0 20.4027 4.81653
      vertex 0 20.4027 3.18347
    endloop
  endfacet
  facet normal -1 0 0
    outer loop
      vertex 0 20.3649 3.17616
      vertex 0 20.3649 4.82384
      vertex 0 20.4027 4.81653
    endloop
  endfacet
  facet normal -1 0 0
    outer loop
      vertex 0 20.2991 3.15467
      vertex 0 20.3649 4.82384
      vertex 0 20.3649 3.17616
    endloop
  endfacet
  facet normal -1 0 0
    outer loop
      vertex 0 20.2991 3.15467
      vertex 0 20.2991 4.84533
      vertex 0 20.3649 4.82384
    endloop
  endfacet
  facet normal -1 0 0
    outer loop
      vertex 0 20.2356 3.1249
      vertex 0 20.2991 4.84533
      vertex 0 20.2991 3.15467
    endloop
  endfacet
  facet normal -1 0 0
    outer loop
      vertex 0 20.2356 3.1249
      vertex 0 20.2356 4.8751
      vertex 0 20.2991 4.84533
    endloop
  endfacet
  facet normal -1 0 0
    outer loop
      vertex 0 20.175 3.08719
      vertex 0 20.2356 4.8751
      vertex 0 20.2356 3.1249
    endloop
  endfacet
  facet normal -1 0 0
    outer loop
      vertex 0 20.175 3.08719
      vertex 0 20.175 4.9128
      vertex 0 20.2356 4.8751
    endloop
  endfacet
  facet normal -1 0 0
    outer loop
      vertex 0 20.1179 3.04196
      vertex 0 20.175 4.9128
      vertex 0 20.175 3.08719
    endloop
  endfacet
  facet normal -1 0 0
    outer loop
      vertex 0 20.1179 3.04196
      vertex 0 20.1179 4.95804
      vertex 0 20.175 4.9128
    endloop
  endfacet
  facet normal -1 0 0
    outer loop
      vertex 0 20.0651 2.98969
      vertex 0 20.1179 4.95804
      vertex 0 20.1179 3.04196
    endloop
  endfacet
  facet normal -1 0 0
    outer loop
      vertex 0 20.0651 2.98969
      vertex 0 20.0651 5.01031
      vertex 0 20.1179 4.95804
    endloop
  endfacet
  facet normal -1 0 0
    outer loop
      vertex 0 20.017 2.93096
      vertex 0 20.0651 5.01031
      vertex 0 20.0651 2.98969
    endloop
  endfacet
  facet normal -1 0 0
    outer loop
      vertex 0 20.017 2.93096
      vertex 0 20.017 5.06904
      vertex 0 20.0651 5.01031
    endloop
  endfacet
  facet normal -1 0 0
    outer loop
      vertex 0 19.9741 2.86641
      vertex 0 20.017 5.06904
      vertex 0 20.017 2.93096
    endloop
  endfacet
  facet normal -1 0 0
    outer loop
      vertex 0 19.9741 2.86641
      vertex 0 19.9741 5.13359
      vertex 0 20.017 5.06904
    endloop
  endfacet
  facet normal -1 0 0
    outer loop
      vertex 0 19.9543 2.8292
      vertex 0 19.9741 5.13359
      vertex 0 19.9741 2.86641
    endloop
  endfacet
  facet normal -1 0 0
    outer loop
      vertex 0 19.9543 2.8292
      vertex 0 19.9543 5.1708
      vertex 0 19.9741 5.13359
    endloop
  endfacet
  facet normal -1 0 0
    outer loop
      vertex 0 19.9371 2.79675
      vertex 0 19.9543 5.1708
      vertex 0 19.9543 2.8292
    endloop
  endfacet
  facet normal -1 0 0
    outer loop
      vertex 0 19.9371 2.79675
      vertex 0 19.9371 5.20325
      vertex 0 19.9543 5.1708
    endloop
  endfacet
  facet normal -1 0 0
    outer loop
      vertex 0 19.9225 2.76188
      vertex 0 19.9371 5.20325
      vertex 0 19.9371 2.79675
    endloop
  endfacet
  facet normal -1 0 0
    outer loop
      vertex 0 19.9225 2.76188
      vertex 0 19.9225 5.23812
      vertex 0 19.9371 5.20325
    endloop
  endfacet
  facet normal -1 0 0
    outer loop
      vertex 0 19.9062 2.72275
      vertex 0 19.9225 5.23812
      vertex 0 19.9225 2.76188
    endloop
  endfacet
  facet normal -1 0 0
    outer loop
      vertex 0 19.9062 2.72275
      vertex 0 19.9062 5.27725
      vertex 0 19.9225 5.23812
    endloop
  endfacet
  facet normal -1 0 0
    outer loop
      vertex 0 19.8935 2.68223
      vertex 0 19.9062 5.27725
      vertex 0 19.9062 2.72275
    endloop
  endfacet
  facet normal -1 0 0
    outer loop
      vertex 0 19.8935 2.68223
      vertex 0 19.8935 5.31777
      vertex 0 19.9062 5.27725
    endloop
  endfacet
  facet normal -1 0 0
    outer loop
      vertex 0 19.8818 2.64521
      vertex 0 19.8935 5.31777
      vertex 0 19.8935 2.68223
    endloop
  endfacet
  facet normal -1 0 0
    outer loop
      vertex 0 19.8818 2.64521
      vertex 0 19.8818 5.35479
      vertex 0 19.8935 5.31777
    endloop
  endfacet
  facet normal -1 0 0
    outer loop
      vertex 0 19.8733 2.60641
      vertex 0 19.8818 5.35479
      vertex 0 19.8818 2.64521
    endloop
  endfacet
  facet normal -1 0 0
    outer loop
      vertex 0 19.8733 2.60641
      vertex 0 19.8733 5.39359
      vertex 0 19.8818 5.35479
    endloop
  endfacet
  facet normal -1 0 0
    outer loop
      vertex 0 19.8642 2.56498
      vertex 0 19.8733 5.39359
      vertex 0 19.8733 2.60641
    endloop
  endfacet
  facet normal -1 0 0
    outer loop
      vertex 0 19.8642 2.56498
      vertex 0 19.8642 5.43502
      vertex 0 19.8733 5.39359
    endloop
  endfacet
  facet normal -1 0 0
    outer loop
      vertex 0 3.5 0
      vertex 0 19.8642 2.56498
      vertex 0 19.8536 2.48294
    endloop
  endfacet
  facet normal -1 -0 0
    outer loop
      vertex 0 19.8642 2.56498
      vertex 0 3.5 0
      vertex 0 19.8642 5.43502
    endloop
  endfacet
  facet normal -1 0 0
    outer loop
      vertex 0 3.5 0
      vertex 0 19.8536 2.48294
      vertex 0 19.85 2.4
    endloop
  endfacet
  facet normal -1 -0 0
    outer loop
      vertex 0 19.8642 5.43502
      vertex 0 3.5 0
      vertex 0 19.8536 5.51706
    endloop
  endfacet
  facet normal -1 0 0
    outer loop
      vertex 0 53.1464 2.48294
      vertex 0 73.5 0
      vertex 0 53.15 2.4
    endloop
  endfacet
  facet normal -1 0 0
    outer loop
      vertex 0 73.5 0
      vertex 0 53.1464 2.31706
      vertex 0 53.15 2.4
    endloop
  endfacet
  facet normal -1 0 0
    outer loop
      vertex 0 73.5 0
      vertex 0 53.1358 2.23502
      vertex 0 53.1464 2.31706
    endloop
  endfacet
  facet normal -1 0 0
    outer loop
      vertex 0 73.5 0
      vertex 0 53.1267 2.19359
      vertex 0 53.1358 2.23502
    endloop
  endfacet
  facet normal -1 0 0
    outer loop
      vertex 0 73.5 0
      vertex 0 53.1182 2.15479
      vertex 0 53.1267 2.19359
    endloop
  endfacet
  facet normal -1 0 0
    outer loop
      vertex 0 73.5 0
      vertex 0 53.1065 2.11777
      vertex 0 53.1182 2.15479
    endloop
  endfacet
  facet normal -1 0 0
    outer loop
      vertex 0 73.5 0
      vertex 0 53.0938 2.07725
      vertex 0 53.1065 2.11777
    endloop
  endfacet
  facet normal -1 0 0
    outer loop
      vertex 0 73.5 0
      vertex 0 53.0775 2.03812
      vertex 0 53.0938 2.07725
    endloop
  endfacet
  facet normal -1 0 0
    outer loop
      vertex 0 73.5 0
      vertex 0 53.0629 2.00325
      vertex 0 53.0775 2.03812
    endloop
  endfacet
  facet normal -1 0 0
    outer loop
      vertex 0 73.5 0
      vertex 0 53.0457 1.9708
      vertex 0 53.0629 2.00325
    endloop
  endfacet
  facet normal -1 0 0
    outer loop
      vertex 0 73.5 0
      vertex 0 53.0259 1.93359
      vertex 0 53.0457 1.9708
    endloop
  endfacet
  facet normal -1 0 0
    outer loop
      vertex 0 73.5 0
      vertex 0 53.0061 1.90387
      vertex 0 53.0259 1.93359
    endloop
  endfacet
  facet normal -1 0 0
    outer loop
      vertex 0 73.5 0
      vertex 0 52.983 1.86904
      vertex 0 53.0061 1.90387
    endloop
  endfacet
  facet normal -1 0 0
    outer loop
      vertex 0 73.5 0
      vertex 0 52.9349 1.81031
      vertex 0 52.983 1.86904
    endloop
  endfacet
  facet normal -1 0 0
    outer loop
      vertex 0 73.5 0
      vertex 0 52.8821 1.75804
      vertex 0 52.9349 1.81031
    endloop
  endfacet
  facet normal -1 0 0
    outer loop
      vertex 0 73.5 0
      vertex 0 52.825 1.71281
      vertex 0 52.8821 1.75804
    endloop
  endfacet
  facet normal -1 0 0
    outer loop
      vertex 0 73.5 0
      vertex 0 52.7644 1.6751
      vertex 0 52.825 1.71281
    endloop
  endfacet
  facet normal -1 0 0
    outer loop
      vertex 0 73.5 0
      vertex 0 52.7009 1.64533
      vertex 0 52.7644 1.6751
    endloop
  endfacet
  facet normal -1 0 0
    outer loop
      vertex 0 73.5 0
      vertex 0 52.6351 1.62384
      vertex 0 52.7009 1.64533
    endloop
  endfacet
  facet normal -1 0 0
    outer loop
      vertex 0 73.5 0
      vertex 0 52.5973 1.61653
      vertex 0 52.6351 1.62384
    endloop
  endfacet
  facet normal -1 0 0
    outer loop
      vertex 0 73.5 0
      vertex 0 52.5679 1.61084
      vertex 0 52.5973 1.61653
    endloop
  endfacet
  facet normal -1 0 0
    outer loop
      vertex 0 73.5 0
      vertex 0 52.5383 1.60894
      vertex 0 52.5679 1.61084
    endloop
  endfacet
  facet normal -1 0 0
    outer loop
      vertex 0 73.5 0
      vertex 0 52.5 1.6065
      vertex 0 52.5383 1.60894
    endloop
  endfacet
  facet normal -1 0 0
    outer loop
      vertex 0 3.5 0
      vertex 0 52.5 1.6065
      vertex 0 73.5 0
    endloop
  endfacet
  facet normal -1 0 0
    outer loop
      vertex 0 19.8818 2.15479
      vertex 0 19.8642 2.23502
      vertex 0 19.8733 2.19359
    endloop
  endfacet
  facet normal -1 -0 0
    outer loop
      vertex 0 19.8536 5.51706
      vertex 0 3.5 0
      vertex 0 19.85 5.6
    endloop
  endfacet
  facet normal -1 -0 0
    outer loop
      vertex 0 19.8536 2.31706
      vertex 0 3.5 0
      vertex 0 19.85 2.4
    endloop
  endfacet
  facet normal -1 -0 0
    outer loop
      vertex 0 19.8642 2.23502
      vertex 0 3.5 0
      vertex 0 19.8536 2.31706
    endloop
  endfacet
  facet normal -1 -0 0
    outer loop
      vertex 0 19.8818 2.15479
      vertex 0 3.5 0
      vertex 0 19.8642 2.23502
    endloop
  endfacet
  facet normal -1 -0 0
    outer loop
      vertex 0 19.8935 2.11777
      vertex 0 3.5 0
      vertex 0 19.8818 2.15479
    endloop
  endfacet
  facet normal -1 -0 0
    outer loop
      vertex 0 19.9062 2.07725
      vertex 0 3.5 0
      vertex 0 19.8935 2.11777
    endloop
  endfacet
  facet normal -1 -0 0
    outer loop
      vertex 0 19.9225 2.03812
      vertex 0 3.5 0
      vertex 0 19.9062 2.07725
    endloop
  endfacet
  facet normal -1 -0 0
    outer loop
      vertex 0 19.9371 2.00325
      vertex 0 3.5 0
      vertex 0 19.9225 2.03812
    endloop
  endfacet
  facet normal -1 -0 0
    outer loop
      vertex 0 19.9543 1.9708
      vertex 0 3.5 0
      vertex 0 19.9371 2.00325
    endloop
  endfacet
  facet normal -1 -0 0
    outer loop
      vertex 0 19.9741 1.93359
      vertex 0 3.5 0
      vertex 0 19.9543 1.9708
    endloop
  endfacet
  facet normal -1 -0 0
    outer loop
      vertex 0 19.9939 1.90387
      vertex 0 3.5 0
      vertex 0 19.9741 1.93359
    endloop
  endfacet
  facet normal -1 -0 0
    outer loop
      vertex 0 20.017 1.86904
      vertex 0 3.5 0
      vertex 0 19.9939 1.90387
    endloop
  endfacet
  facet normal -1 -0 0
    outer loop
      vertex 0 20.0651 1.81031
      vertex 0 3.5 0
      vertex 0 20.017 1.86904
    endloop
  endfacet
  facet normal -1 -0 0
    outer loop
      vertex 0 20.1179 1.75804
      vertex 0 3.5 0
      vertex 0 20.0651 1.81031
    endloop
  endfacet
  facet normal -1 -0 0
    outer loop
      vertex 0 20.175 1.71281
      vertex 0 3.5 0
      vertex 0 20.1179 1.75804
    endloop
  endfacet
  facet normal -1 -0 0
    outer loop
      vertex 0 20.2356 1.6751
      vertex 0 3.5 0
      vertex 0 20.175 1.71281
    endloop
  endfacet
  facet normal -1 -0 0
    outer loop
      vertex 0 20.2991 1.64533
      vertex 0 3.5 0
      vertex 0 20.2356 1.6751
    endloop
  endfacet
  facet normal -1 -0 0
    outer loop
      vertex 0 20.3649 1.62384
      vertex 0 3.5 0
      vertex 0 20.2991 1.64533
    endloop
  endfacet
  facet normal -1 -0 0
    outer loop
      vertex 0 20.4027 1.61653
      vertex 0 3.5 0
      vertex 0 20.3649 1.62384
    endloop
  endfacet
  facet normal -1 -0 0
    outer loop
      vertex 0 20.4321 1.61084
      vertex 0 3.5 0
      vertex 0 20.4027 1.61653
    endloop
  endfacet
  facet normal -1 -0 0
    outer loop
      vertex 0 20.4617 1.60894
      vertex 0 3.5 0
      vertex 0 20.4321 1.61084
    endloop
  endfacet
  facet normal -1 -0 0
    outer loop
      vertex 0 20.5 1.6065
      vertex 0 3.5 0
      vertex 0 20.4617 1.60894
    endloop
  endfacet
  facet normal -1 -0 0
    outer loop
      vertex 0 52.5 1.6065
      vertex 0 3.5 0
      vertex 0 20.5 1.6065
    endloop
  endfacet
  facet normal -1 0 0
    outer loop
      vertex 0 73.5 0
      vertex 0 53.15 5.6
      vertex 0 73.5 8.76786
    endloop
  endfacet
  facet normal -1 0 0
    outer loop
      vertex 0 53.1464 5.68294
      vertex 0 73.5 8.76786
      vertex 0 53.15 5.6
    endloop
  endfacet
  facet normal -1 0 0
    outer loop
      vertex 0 53.1358 5.76498
      vertex 0 73.5 8.76786
      vertex 0 53.1464 5.68294
    endloop
  endfacet
  facet normal -1 0 0
    outer loop
      vertex 0 53.1267 5.80641
      vertex 0 73.5 8.76786
      vertex 0 53.1358 5.76498
    endloop
  endfacet
  facet normal -1 0 0
    outer loop
      vertex 0 53.1182 5.84521
      vertex 0 73.5 8.76786
      vertex 0 53.1267 5.80641
    endloop
  endfacet
  facet normal -1 0 0
    outer loop
      vertex 0 53.1065 5.88223
      vertex 0 73.5 8.76786
      vertex 0 53.1182 5.84521
    endloop
  endfacet
  facet normal -1 0 0
    outer loop
      vertex 0 53.0938 5.92275
      vertex 0 73.5 8.76786
      vertex 0 53.1065 5.88223
    endloop
  endfacet
  facet normal -1 0 0
    outer loop
      vertex 0 53.0775 5.96188
      vertex 0 73.5 8.76786
      vertex 0 53.0938 5.92275
    endloop
  endfacet
  facet normal -1 0 0
    outer loop
      vertex 0 53.0629 5.99675
      vertex 0 73.5 8.76786
      vertex 0 53.0775 5.96188
    endloop
  endfacet
  facet normal -1 0 0
    outer loop
      vertex 0 53.0457 6.0292
      vertex 0 73.5 8.76786
      vertex 0 53.0629 5.99675
    endloop
  endfacet
  facet normal -1 0 0
    outer loop
      vertex 0 53.0259 6.06641
      vertex 0 73.5 8.76786
      vertex 0 53.0457 6.0292
    endloop
  endfacet
  facet normal -1 0 0
    outer loop
      vertex 0 52.983 6.13096
      vertex 0 73.5 8.76786
      vertex 0 53.0259 6.06641
    endloop
  endfacet
  facet normal -1 0 0
    outer loop
      vertex 0 52.9349 6.18969
      vertex 0 73.5 8.76786
      vertex 0 52.983 6.13096
    endloop
  endfacet
  facet normal -1 0 0
    outer loop
      vertex 0 52.8821 6.24196
      vertex 0 73.5 8.76786
      vertex 0 52.9349 6.18969
    endloop
  endfacet
  facet normal -1 0 0
    outer loop
      vertex 0 52.825 6.28719
      vertex 0 73.5 8.76786
      vertex 0 52.8821 6.24196
    endloop
  endfacet
  facet normal -1 0 0
    outer loop
      vertex 0 52.7644 6.3249
      vertex 0 73.5 8.76786
      vertex 0 52.825 6.28719
    endloop
  endfacet
  facet normal -1 0 0
    outer loop
      vertex 0 52.7009 6.35467
      vertex 0 73.5 8.76786
      vertex 0 52.7644 6.3249
    endloop
  endfacet
  facet normal -1 0 0
    outer loop
      vertex 0 52.6351 6.37616
      vertex 0 73.5 8.76786
      vertex 0 52.7009 6.35467
    endloop
  endfacet
  facet normal -1 0 0
    outer loop
      vertex 0 52.5973 6.38347
      vertex 0 73.5 8.76786
      vertex 0 52.6351 6.37616
    endloop
  endfacet
  facet normal -1 0 0
    outer loop
      vertex 0 52.5679 6.38916
      vertex 0 73.5 8.76786
      vertex 0 52.5973 6.38347
    endloop
  endfacet
  facet normal -1 0 0
    outer loop
      vertex 0 52.5383 6.39106
      vertex 0 73.5 8.76786
      vertex 0 52.5679 6.38916
    endloop
  endfacet
  facet normal -1 0 0
    outer loop
      vertex 0 52.5 6.3935
      vertex 0 73.5 8.76786
      vertex 0 52.5383 6.39106
    endloop
  endfacet
  facet normal -1 0 0
    outer loop
      vertex 0 3.5 16.1252
      vertex 0 52.5 6.3935
      vertex 0 20.5 6.3935
    endloop
  endfacet
  facet normal -1 0 0
    outer loop
      vertex 0 19.8642 5.76498
      vertex 0 19.8818 5.84521
      vertex 0 19.8733 5.80641
    endloop
  endfacet
  facet normal -1 0 0
    outer loop
      vertex 0 3.5 0
      vertex 0 19.8536 5.68294
      vertex 0 19.85 5.6
    endloop
  endfacet
  facet normal -1 0 0
    outer loop
      vertex 0 3.5 0
      vertex 0 19.8642 5.76498
      vertex 0 19.8536 5.68294
    endloop
  endfacet
  facet normal -1 0 0
    outer loop
      vertex 0 3.5 0
      vertex 0 19.8818 5.84521
      vertex 0 19.8642 5.76498
    endloop
  endfacet
  facet normal -1 0 0
    outer loop
      vertex 0 3.5 16.1252
      vertex 0 19.8818 5.84521
      vertex 0 3.5 0
    endloop
  endfacet
  facet normal -1 0 0
    outer loop
      vertex 0 19.8818 5.84521
      vertex 0 3.5 16.1252
      vertex 0 19.8935 5.88223
    endloop
  endfacet
  facet normal -1 0 0
    outer loop
      vertex 0 19.8935 5.88223
      vertex 0 3.5 16.1252
      vertex 0 19.9062 5.92275
    endloop
  endfacet
  facet normal -1 0 0
    outer loop
      vertex 0 19.9062 5.92275
      vertex 0 3.5 16.1252
      vertex 0 19.9225 5.96188
    endloop
  endfacet
  facet normal -1 0 0
    outer loop
      vertex 0 19.9225 5.96188
      vertex 0 3.5 16.1252
      vertex 0 19.9371 5.99675
    endloop
  endfacet
  facet normal -1 0 0
    outer loop
      vertex 0 19.9371 5.99675
      vertex 0 3.5 16.1252
      vertex 0 19.9543 6.0292
    endloop
  endfacet
  facet normal -1 0 0
    outer loop
      vertex 0 19.9543 6.0292
      vertex 0 3.5 16.1252
      vertex 0 19.9741 6.06641
    endloop
  endfacet
  facet normal -1 0 0
    outer loop
      vertex 0 19.9741 6.06641
      vertex 0 3.5 16.1252
      vertex 0 20.017 6.13096
    endloop
  endfacet
  facet normal -1 0 0
    outer loop
      vertex 0 20.017 6.13096
      vertex 0 3.5 16.1252
      vertex 0 20.0651 6.18969
    endloop
  endfacet
  facet normal -1 0 0
    outer loop
      vertex 0 20.0651 6.18969
      vertex 0 3.5 16.1252
      vertex 0 20.1179 6.24196
    endloop
  endfacet
  facet normal -1 0 0
    outer loop
      vertex 0 20.1179 6.24196
      vertex 0 3.5 16.1252
      vertex 0 20.175 6.28719
    endloop
  endfacet
  facet normal -1 0 0
    outer loop
      vertex 0 20.175 6.28719
      vertex 0 3.5 16.1252
      vertex 0 20.2356 6.3249
    endloop
  endfacet
  facet normal -1 0 0
    outer loop
      vertex 0 52.5 6.3935
      vertex 0 3.5 16.1252
      vertex 0 73.5 8.76786
    endloop
  endfacet
  facet normal -1 0 0
    outer loop
      vertex 0 20.4617 6.39106
      vertex 0 3.5 16.1252
      vertex 0 20.5 6.3935
    endloop
  endfacet
  facet normal -1 0 0
    outer loop
      vertex 0 20.4321 6.38916
      vertex 0 3.5 16.1252
      vertex 0 20.4617 6.39106
    endloop
  endfacet
  facet normal -1 0 0
    outer loop
      vertex 0 20.4027 6.38347
      vertex 0 3.5 16.1252
      vertex 0 20.4321 6.38916
    endloop
  endfacet
  facet normal -1 0 0
    outer loop
      vertex 0 20.3649 6.37616
      vertex 0 3.5 16.1252
      vertex 0 20.4027 6.38347
    endloop
  endfacet
  facet normal -1 0 0
    outer loop
      vertex 0 20.2991 6.35467
      vertex 0 3.5 16.1252
      vertex 0 20.3649 6.37616
    endloop
  endfacet
  facet normal -1 0 0
    outer loop
      vertex 0 20.2356 6.3249
      vertex 0 3.5 16.1252
      vertex 0 20.2991 6.35467
    endloop
  endfacet
  facet normal 0.965808 0.259259 -0
    outer loop
      vertex 103.924 74.2277 0
      vertex 103.829 74.5816 8.65419
      vertex 103.924 74.2277 8.69138
    endloop
  endfacet
  facet normal 0.965808 0.259259 0
    outer loop
      vertex 103.829 74.5816 8.65419
      vertex 103.924 74.2277 0
      vertex 103.829 74.5816 0
    endloop
  endfacet
  facet normal 0 -1 0
    outer loop
      vertex 3.5 0 0
      vertex 100.5 0 16.493
      vertex 3.5 0 16.493
    endloop
  endfacet
  facet normal 0 -1 -0
    outer loop
      vertex 100.5 0 16.493
      vertex 3.5 0 0
      vertex 100.5 0 0
    endloop
  endfacet
  facet normal 1 -0 0
    outer loop
      vertex 104 53.1358 5.43502
      vertex 104 73.5 0
      vertex 104 53.1464 5.51706
    endloop
  endfacet
  facet normal 1 0 0
    outer loop
      vertex 104 73.5 0
      vertex 104 53.1464 2.48294
      vertex 104 53.15 2.4
    endloop
  endfacet
  facet normal 1 -0 0
    outer loop
      vertex 104 53.1358 2.56498
      vertex 104 73.5 0
      vertex 104 53.1358 5.43502
    endloop
  endfacet
  facet normal 1 0 0
    outer loop
      vertex 104 73.5 0
      vertex 104 53.1358 2.56498
      vertex 104 53.1464 2.48294
    endloop
  endfacet
  facet normal 1 -0 0
    outer loop
      vertex 104 53.1267 5.39359
      vertex 104 53.1358 2.56498
      vertex 104 53.1358 5.43502
    endloop
  endfacet
  facet normal 1 0 0
    outer loop
      vertex 104 53.1267 5.39359
      vertex 104 53.1267 2.60641
      vertex 104 53.1358 2.56498
    endloop
  endfacet
  facet normal 1 -0 0
    outer loop
      vertex 104 53.1182 5.35479
      vertex 104 53.1267 2.60641
      vertex 104 53.1267 5.39359
    endloop
  endfacet
  facet normal 1 0 0
    outer loop
      vertex 104 53.1182 5.35479
      vertex 104 53.1182 2.64521
      vertex 104 53.1267 2.60641
    endloop
  endfacet
  facet normal 1 -0 0
    outer loop
      vertex 104 53.1065 5.31777
      vertex 104 53.1182 2.64521
      vertex 104 53.1182 5.35479
    endloop
  endfacet
  facet normal 1 0 0
    outer loop
      vertex 104 53.1065 5.31777
      vertex 104 53.1065 2.68223
      vertex 104 53.1182 2.64521
    endloop
  endfacet
  facet normal 1 -0 0
    outer loop
      vertex 104 53.0938 5.27725
      vertex 104 53.1065 2.68223
      vertex 104 53.1065 5.31777
    endloop
  endfacet
  facet normal 1 0 0
    outer loop
      vertex 104 53.0938 5.27725
      vertex 104 53.0938 2.72275
      vertex 104 53.1065 2.68223
    endloop
  endfacet
  facet normal 1 -0 0
    outer loop
      vertex 104 53.0775 5.23812
      vertex 104 53.0938 2.72275
      vertex 104 53.0938 5.27725
    endloop
  endfacet
  facet normal 1 0 0
    outer loop
      vertex 104 53.0775 5.23812
      vertex 104 53.0775 2.76188
      vertex 104 53.0938 2.72275
    endloop
  endfacet
  facet normal 1 -0 0
    outer loop
      vertex 104 53.0629 5.20325
      vertex 104 53.0775 2.76188
      vertex 104 53.0775 5.23812
    endloop
  endfacet
  facet normal 1 0 0
    outer loop
      vertex 104 53.0629 5.20325
      vertex 104 53.0629 2.79675
      vertex 104 53.0775 2.76188
    endloop
  endfacet
  facet normal 1 -0 0
    outer loop
      vertex 104 53.0457 5.1708
      vertex 104 53.0629 2.79675
      vertex 104 53.0629 5.20325
    endloop
  endfacet
  facet normal 1 0 0
    outer loop
      vertex 104 53.0457 5.1708
      vertex 104 53.0457 2.8292
      vertex 104 53.0629 2.79675
    endloop
  endfacet
  facet normal 1 -0 0
    outer loop
      vertex 104 53.0259 5.13359
      vertex 104 53.0457 2.8292
      vertex 104 53.0457 5.1708
    endloop
  endfacet
  facet normal 1 0 0
    outer loop
      vertex 104 53.0259 5.13359
      vertex 104 53.0259 2.86641
      vertex 104 53.0457 2.8292
    endloop
  endfacet
  facet normal 1 -0 0
    outer loop
      vertex 104 52.983 5.06904
      vertex 104 53.0259 2.86641
      vertex 104 53.0259 5.13359
    endloop
  endfacet
  facet normal 1 0 0
    outer loop
      vertex 104 52.983 5.06904
      vertex 104 52.983 2.93096
      vertex 104 53.0259 2.86641
    endloop
  endfacet
  facet normal 1 -0 0
    outer loop
      vertex 104 52.9349 5.01031
      vertex 104 52.983 2.93096
      vertex 104 52.983 5.06904
    endloop
  endfacet
  facet normal 1 0 0
    outer loop
      vertex 104 52.9349 5.01031
      vertex 104 52.9349 2.98969
      vertex 104 52.983 2.93096
    endloop
  endfacet
  facet normal 1 -0 0
    outer loop
      vertex 104 52.8821 4.95804
      vertex 104 52.9349 2.98969
      vertex 104 52.9349 5.01031
    endloop
  endfacet
  facet normal 1 0 0
    outer loop
      vertex 104 52.8821 4.95804
      vertex 104 52.8821 3.04196
      vertex 104 52.9349 2.98969
    endloop
  endfacet
  facet normal 1 -0 0
    outer loop
      vertex 104 52.825 4.91281
      vertex 104 52.8821 3.04196
      vertex 104 52.8821 4.95804
    endloop
  endfacet
  facet normal 1 0 0
    outer loop
      vertex 104 52.825 4.91281
      vertex 104 52.825 3.08719
      vertex 104 52.8821 3.04196
    endloop
  endfacet
  facet normal 1 -0 0
    outer loop
      vertex 104 52.7644 4.8751
      vertex 104 52.825 3.08719
      vertex 104 52.825 4.91281
    endloop
  endfacet
  facet normal 1 0 0
    outer loop
      vertex 104 52.7644 4.8751
      vertex 104 52.7644 3.1249
      vertex 104 52.825 3.08719
    endloop
  endfacet
  facet normal 1 -0 0
    outer loop
      vertex 104 52.7009 4.84533
      vertex 104 52.7644 3.1249
      vertex 104 52.7644 4.8751
    endloop
  endfacet
  facet normal 1 0 0
    outer loop
      vertex 104 52.7009 4.84533
      vertex 104 52.7009 3.15467
      vertex 104 52.7644 3.1249
    endloop
  endfacet
  facet normal 1 -0 0
    outer loop
      vertex 104 52.6351 4.82384
      vertex 104 52.7009 3.15467
      vertex 104 52.7009 4.84533
    endloop
  endfacet
  facet normal 1 0 0
    outer loop
      vertex 104 52.6351 4.82384
      vertex 104 52.6351 3.17616
      vertex 104 52.7009 3.15467
    endloop
  endfacet
  facet normal 1 -0 0
    outer loop
      vertex 104 52.5973 4.81653
      vertex 104 52.6351 3.17616
      vertex 104 52.6351 4.82384
    endloop
  endfacet
  facet normal 1 0 0
    outer loop
      vertex 104 52.5973 4.81653
      vertex 104 52.5973 3.18347
      vertex 104 52.6351 3.17616
    endloop
  endfacet
  facet normal 1 -0 0
    outer loop
      vertex 104 52.5679 4.81084
      vertex 104 52.5973 3.18347
      vertex 104 52.5973 4.81653
    endloop
  endfacet
  facet normal 1 0 0
    outer loop
      vertex 104 52.5679 4.81084
      vertex 104 52.5679 3.18916
      vertex 104 52.5973 3.18347
    endloop
  endfacet
  facet normal 1 -0 0
    outer loop
      vertex 104 52.5297 4.8084
      vertex 104 52.5679 3.18916
      vertex 104 52.5679 4.81084
    endloop
  endfacet
  facet normal 1 0 0
    outer loop
      vertex 104 52.5297 4.8084
      vertex 104 52.5297 3.1916
      vertex 104 52.5679 3.18916
    endloop
  endfacet
  facet normal 1 -0 0
    outer loop
      vertex 104 52.5 4.8065
      vertex 104 52.5297 3.1916
      vertex 104 52.5297 4.8084
    endloop
  endfacet
  facet normal 1 0 0
    outer loop
      vertex 104 52.5 4.8065
      vertex 104 52.5 3.1935
      vertex 104 52.5297 3.1916
    endloop
  endfacet
  facet normal 1 -0 0
    outer loop
      vertex 104 20.5 4.8065
      vertex 104 52.5 3.1935
      vertex 104 52.5 4.8065
    endloop
  endfacet
  facet normal 1 0 0
    outer loop
      vertex 104 20.5 4.8065
      vertex 104 20.5 3.1935
      vertex 104 52.5 3.1935
    endloop
  endfacet
  facet normal 1 0 0
    outer loop
      vertex 104 20.4703 4.8084
      vertex 104 20.5 3.1935
      vertex 104 20.5 4.8065
    endloop
  endfacet
  facet normal 1 0 0
    outer loop
      vertex 104 20.4703 4.8084
      vertex 104 20.4703 3.1916
      vertex 104 20.5 3.1935
    endloop
  endfacet
  facet normal 1 0 0
    outer loop
      vertex 104 20.4321 4.81084
      vertex 104 20.4703 3.1916
      vertex 104 20.4703 4.8084
    endloop
  endfacet
  facet normal 1 0 0
    outer loop
      vertex 104 20.4321 4.81084
      vertex 104 20.4321 3.18916
      vertex 104 20.4703 3.1916
    endloop
  endfacet
  facet normal 1 0 0
    outer loop
      vertex 104 20.4027 4.81653
      vertex 104 20.4321 3.18916
      vertex 104 20.4321 4.81084
    endloop
  endfacet
  facet normal 1 0 0
    outer loop
      vertex 104 20.4027 4.81653
      vertex 104 20.4027 3.18347
      vertex 104 20.4321 3.18916
    endloop
  endfacet
  facet normal 1 0 0
    outer loop
      vertex 104 20.3649 4.82384
      vertex 104 20.4027 3.18347
      vertex 104 20.4027 4.81653
    endloop
  endfacet
  facet normal 1 0 0
    outer loop
      vertex 104 20.3649 4.82384
      vertex 104 20.3649 3.17616
      vertex 104 20.4027 3.18347
    endloop
  endfacet
  facet normal 1 0 0
    outer loop
      vertex 104 20.2991 4.84533
      vertex 104 20.3649 3.17616
      vertex 104 20.3649 4.82384
    endloop
  endfacet
  facet normal 1 0 0
    outer loop
      vertex 104 20.2991 4.84533
      vertex 104 20.2991 3.15467
      vertex 104 20.3649 3.17616
    endloop
  endfacet
  facet normal 1 0 0
    outer loop
      vertex 104 20.2356 4.8751
      vertex 104 20.2991 3.15467
      vertex 104 20.2991 4.84533
    endloop
  endfacet
  facet normal 1 0 0
    outer loop
      vertex 104 20.2356 4.8751
      vertex 104 20.2356 3.1249
      vertex 104 20.2991 3.15467
    endloop
  endfacet
  facet normal 1 0 0
    outer loop
      vertex 104 20.175 4.91281
      vertex 104 20.2356 3.1249
      vertex 104 20.2356 4.8751
    endloop
  endfacet
  facet normal 1 0 0
    outer loop
      vertex 104 20.175 4.91281
      vertex 104 20.175 3.08719
      vertex 104 20.2356 3.1249
    endloop
  endfacet
  facet normal 1 0 0
    outer loop
      vertex 104 20.1179 4.95804
      vertex 104 20.175 3.08719
      vertex 104 20.175 4.91281
    endloop
  endfacet
  facet normal 1 0 0
    outer loop
      vertex 104 20.1179 4.95804
      vertex 104 20.1179 3.04196
      vertex 104 20.175 3.08719
    endloop
  endfacet
  facet normal 1 0 0
    outer loop
      vertex 104 20.0651 5.01031
      vertex 104 20.1179 3.04196
      vertex 104 20.1179 4.95804
    endloop
  endfacet
  facet normal 1 0 0
    outer loop
      vertex 104 20.0651 5.01031
      vertex 104 20.0651 2.98969
      vertex 104 20.1179 3.04196
    endloop
  endfacet
  facet normal 1 0 0
    outer loop
      vertex 104 20.017 5.06904
      vertex 104 20.0651 2.98969
      vertex 104 20.0651 5.01031
    endloop
  endfacet
  facet normal 1 0 0
    outer loop
      vertex 104 20.017 5.06904
      vertex 104 20.017 2.93096
      vertex 104 20.0651 2.98969
    endloop
  endfacet
  facet normal 1 0 0
    outer loop
      vertex 104 19.9741 5.13359
      vertex 104 20.017 2.93096
      vertex 104 20.017 5.06904
    endloop
  endfacet
  facet normal 1 0 0
    outer loop
      vertex 104 19.9741 5.13359
      vertex 104 19.9741 2.86641
      vertex 104 20.017 2.93096
    endloop
  endfacet
  facet normal 1 0 0
    outer loop
      vertex 104 19.9543 5.1708
      vertex 104 19.9741 2.86641
      vertex 104 19.9741 5.13359
    endloop
  endfacet
  facet normal 1 0 0
    outer loop
      vertex 104 19.9543 5.1708
      vertex 104 19.9543 2.8292
      vertex 104 19.9741 2.86641
    endloop
  endfacet
  facet normal 1 0 0
    outer loop
      vertex 104 19.9371 5.20325
      vertex 104 19.9543 2.8292
      vertex 104 19.9543 5.1708
    endloop
  endfacet
  facet normal 1 0 0
    outer loop
      vertex 104 19.9371 5.20325
      vertex 104 19.9371 2.79675
      vertex 104 19.9543 2.8292
    endloop
  endfacet
  facet normal 1 0 0
    outer loop
      vertex 104 19.9225 5.23812
      vertex 104 19.9371 2.79675
      vertex 104 19.9371 5.20325
    endloop
  endfacet
  facet normal 1 0 0
    outer loop
      vertex 104 19.9225 5.23812
      vertex 104 19.9225 2.76188
      vertex 104 19.9371 2.79675
    endloop
  endfacet
  facet normal 1 0 0
    outer loop
      vertex 104 19.9062 5.27725
      vertex 104 19.9225 2.76188
      vertex 104 19.9225 5.23812
    endloop
  endfacet
  facet normal 1 0 0
    outer loop
      vertex 104 19.9062 5.27725
      vertex 104 19.9062 2.72275
      vertex 104 19.9225 2.76188
    endloop
  endfacet
  facet normal 1 0 0
    outer loop
      vertex 104 19.8935 5.31777
      vertex 104 19.9062 2.72275
      vertex 104 19.9062 5.27725
    endloop
  endfacet
  facet normal 1 0 0
    outer loop
      vertex 104 19.8935 5.31777
      vertex 104 19.8935 2.68223
      vertex 104 19.9062 2.72275
    endloop
  endfacet
  facet normal 1 0 0
    outer loop
      vertex 104 19.8818 5.35479
      vertex 104 19.8935 2.68223
      vertex 104 19.8935 5.31777
    endloop
  endfacet
  facet normal 1 0 0
    outer loop
      vertex 104 19.8818 5.35479
      vertex 104 19.8818 2.64521
      vertex 104 19.8935 2.68223
    endloop
  endfacet
  facet normal 1 0 0
    outer loop
      vertex 104 19.8733 5.39359
      vertex 104 19.8818 2.64521
      vertex 104 19.8818 5.35479
    endloop
  endfacet
  facet normal 1 0 0
    outer loop
      vertex 104 19.8733 5.39359
      vertex 104 19.8733 2.60641
      vertex 104 19.8818 2.64521
    endloop
  endfacet
  facet normal 1 0 0
    outer loop
      vertex 104 19.8642 5.43502
      vertex 104 19.8733 2.60641
      vertex 104 19.8733 5.39359
    endloop
  endfacet
  facet normal 1 0 0
    outer loop
      vertex 104 19.8642 5.43502
      vertex 104 19.8642 2.56498
      vertex 104 19.8733 2.60641
    endloop
  endfacet
  facet normal 1 0 0
    outer loop
      vertex 104 3.5 0
      vertex 104 19.8642 5.43502
      vertex 104 19.8536 5.51706
    endloop
  endfacet
  facet normal 1 0 0
    outer loop
      vertex 104 19.8642 5.43502
      vertex 104 3.5 0
      vertex 104 19.8642 2.56498
    endloop
  endfacet
  facet normal 1 0 0
    outer loop
      vertex 104 3.5 0
      vertex 104 19.8536 5.51706
      vertex 104 19.85 5.6
    endloop
  endfacet
  facet normal 1 0 0
    outer loop
      vertex 104 19.8642 2.56498
      vertex 104 3.5 0
      vertex 104 19.8536 2.48294
    endloop
  endfacet
  facet normal 1 0 0
    outer loop
      vertex 104 53.1464 5.51706
      vertex 104 73.5 8.76786
      vertex 104 53.15 5.6
    endloop
  endfacet
  facet normal 1 0 0
    outer loop
      vertex 104 73.5 8.76786
      vertex 104 53.1464 5.68294
      vertex 104 53.15 5.6
    endloop
  endfacet
  facet normal 1 0 0
    outer loop
      vertex 104 73.5 8.76786
      vertex 104 53.1358 5.76498
      vertex 104 53.1464 5.68294
    endloop
  endfacet
  facet normal 1 0 0
    outer loop
      vertex 104 73.5 8.76786
      vertex 104 53.1267 5.80641
      vertex 104 53.1358 5.76498
    endloop
  endfacet
  facet normal 1 0 0
    outer loop
      vertex 104 73.5 8.76786
      vertex 104 53.1182 5.84521
      vertex 104 53.1267 5.80641
    endloop
  endfacet
  facet normal 1 0 0
    outer loop
      vertex 104 73.5 8.76786
      vertex 104 53.1065 5.88223
      vertex 104 53.1182 5.84521
    endloop
  endfacet
  facet normal 1 0 0
    outer loop
      vertex 104 73.5 8.76786
      vertex 104 53.0938 5.92275
      vertex 104 53.1065 5.88223
    endloop
  endfacet
  facet normal 1 0 0
    outer loop
      vertex 104 73.5 8.76786
      vertex 104 53.0775 5.96188
      vertex 104 53.0938 5.92275
    endloop
  endfacet
  facet normal 1 0 0
    outer loop
      vertex 104 73.5 8.76786
      vertex 104 53.0629 5.99675
      vertex 104 53.0775 5.96188
    endloop
  endfacet
  facet normal 1 0 0
    outer loop
      vertex 104 73.5 8.76786
      vertex 104 53.0457 6.0292
      vertex 104 53.0629 5.99675
    endloop
  endfacet
  facet normal 1 0 0
    outer loop
      vertex 104 73.5 8.76786
      vertex 104 53.0259 6.06641
      vertex 104 53.0457 6.0292
    endloop
  endfacet
  facet normal 1 0 0
    outer loop
      vertex 104 73.5 8.76786
      vertex 104 52.983 6.13096
      vertex 104 53.0259 6.06641
    endloop
  endfacet
  facet normal 1 0 0
    outer loop
      vertex 104 73.5 8.76786
      vertex 104 52.9349 6.18969
      vertex 104 52.983 6.13096
    endloop
  endfacet
  facet normal 1 0 0
    outer loop
      vertex 104 73.5 8.76786
      vertex 104 52.8821 6.24196
      vertex 104 52.9349 6.18969
    endloop
  endfacet
  facet normal 1 0 0
    outer loop
      vertex 104 73.5 8.76786
      vertex 104 52.825 6.28719
      vertex 104 52.8821 6.24196
    endloop
  endfacet
  facet normal 1 0 0
    outer loop
      vertex 104 73.5 8.76786
      vertex 104 52.7644 6.3249
      vertex 104 52.825 6.28719
    endloop
  endfacet
  facet normal 1 0 0
    outer loop
      vertex 104 73.5 8.76786
      vertex 104 52.7009 6.35467
      vertex 104 52.7644 6.3249
    endloop
  endfacet
  facet normal 1 0 0
    outer loop
      vertex 104 73.5 8.76786
      vertex 104 52.6351 6.37616
      vertex 104 52.7009 6.35467
    endloop
  endfacet
  facet normal 1 0 0
    outer loop
      vertex 104 73.5 8.76786
      vertex 104 52.5973 6.38347
      vertex 104 52.6351 6.37616
    endloop
  endfacet
  facet normal 1 0 0
    outer loop
      vertex 104 73.5 8.76786
      vertex 104 52.5679 6.38916
      vertex 104 52.5973 6.38347
    endloop
  endfacet
  facet normal 1 0 0
    outer loop
      vertex 104 73.5 8.76786
      vertex 104 52.5383 6.39106
      vertex 104 52.5679 6.38916
    endloop
  endfacet
  facet normal 1 0 0
    outer loop
      vertex 104 73.5 8.76786
      vertex 104 52.5 6.3935
      vertex 104 52.5383 6.39106
    endloop
  endfacet
  facet normal 1 0 0
    outer loop
      vertex 104 3.5 16.1252
      vertex 104 52.5 6.3935
      vertex 104 73.5 8.76786
    endloop
  endfacet
  facet normal 1 0 0
    outer loop
      vertex 104 19.8818 5.84521
      vertex 104 19.8642 5.76498
      vertex 104 19.8733 5.80641
    endloop
  endfacet
  facet normal 1 0 0
    outer loop
      vertex 104 19.8536 5.68294
      vertex 104 3.5 0
      vertex 104 19.85 5.6
    endloop
  endfacet
  facet normal 1 0 0
    outer loop
      vertex 104 19.8642 5.76498
      vertex 104 3.5 0
      vertex 104 19.8536 5.68294
    endloop
  endfacet
  facet normal 1 0 0
    outer loop
      vertex 104 3.5 0
      vertex 104 19.8642 5.76498
      vertex 104 3.5 16.1252
    endloop
  endfacet
  facet normal 1 0 0
    outer loop
      vertex 104 19.8818 5.84521
      vertex 104 3.5 16.1252
      vertex 104 19.8642 5.76498
    endloop
  endfacet
  facet normal 1 0 0
    outer loop
      vertex 104 19.8935 5.88223
      vertex 104 3.5 16.1252
      vertex 104 19.8818 5.84521
    endloop
  endfacet
  facet normal 1 0 0
    outer loop
      vertex 104 19.9062 5.92275
      vertex 104 3.5 16.1252
      vertex 104 19.8935 5.88223
    endloop
  endfacet
  facet normal 1 0 0
    outer loop
      vertex 104 19.9225 5.96188
      vertex 104 3.5 16.1252
      vertex 104 19.9062 5.92275
    endloop
  endfacet
  facet normal 1 0 0
    outer loop
      vertex 104 19.9371 5.99675
      vertex 104 3.5 16.1252
      vertex 104 19.9225 5.96188
    endloop
  endfacet
  facet normal 1 0 0
    outer loop
      vertex 104 19.9543 6.0292
      vertex 104 3.5 16.1252
      vertex 104 19.9371 5.99675
    endloop
  endfacet
  facet normal 1 0 0
    outer loop
      vertex 104 19.9741 6.06641
      vertex 104 3.5 16.1252
      vertex 104 19.9543 6.0292
    endloop
  endfacet
  facet normal 1 0 0
    outer loop
      vertex 104 20.017 6.13096
      vertex 104 3.5 16.1252
      vertex 104 19.9741 6.06641
    endloop
  endfacet
  facet normal 1 0 0
    outer loop
      vertex 104 20.0651 6.18969
      vertex 104 3.5 16.1252
      vertex 104 20.017 6.13096
    endloop
  endfacet
  facet normal 1 0 0
    outer loop
      vertex 104 20.1179 6.24196
      vertex 104 3.5 16.1252
      vertex 104 20.0651 6.18969
    endloop
  endfacet
  facet normal 1 0 0
    outer loop
      vertex 104 20.175 6.28719
      vertex 104 3.5 16.1252
      vertex 104 20.1179 6.24196
    endloop
  endfacet
  facet normal 1 0 0
    outer loop
      vertex 104 20.2356 6.3249
      vertex 104 3.5 16.1252
      vertex 104 20.175 6.28719
    endloop
  endfacet
  facet normal 1 0 0
    outer loop
      vertex 104 20.2991 6.35467
      vertex 104 3.5 16.1252
      vertex 104 20.2356 6.3249
    endloop
  endfacet
  facet normal 1 0 0
    outer loop
      vertex 104 20.3649 6.37616
      vertex 104 3.5 16.1252
      vertex 104 20.2991 6.35467
    endloop
  endfacet
  facet normal 1 0 0
    outer loop
      vertex 104 20.4027 6.38347
      vertex 104 3.5 16.1252
      vertex 104 20.3649 6.37616
    endloop
  endfacet
  facet normal 1 0 0
    outer loop
      vertex 104 20.4321 6.38916
      vertex 104 3.5 16.1252
      vertex 104 20.4027 6.38347
    endloop
  endfacet
  facet normal 1 0 0
    outer loop
      vertex 104 20.4617 6.39106
      vertex 104 3.5 16.1252
      vertex 104 20.4321 6.38916
    endloop
  endfacet
  facet normal 1 0 0
    outer loop
      vertex 104 20.5 6.3935
      vertex 104 3.5 16.1252
      vertex 104 20.4617 6.39106
    endloop
  endfacet
  facet normal 1 0 0
    outer loop
      vertex 104 52.5 6.3935
      vertex 104 3.5 16.1252
      vertex 104 20.5 6.3935
    endloop
  endfacet
  facet normal 1 0 0
    outer loop
      vertex 104 73.5 8.76786
      vertex 104 53.1464 5.51706
      vertex 104 73.5 0
    endloop
  endfacet
  facet normal 1 -0 0
    outer loop
      vertex 104 53.1464 2.31706
      vertex 104 73.5 0
      vertex 104 53.15 2.4
    endloop
  endfacet
  facet normal 1 -0 0
    outer loop
      vertex 104 53.1358 2.23502
      vertex 104 73.5 0
      vertex 104 53.1464 2.31706
    endloop
  endfacet
  facet normal 1 -0 0
    outer loop
      vertex 104 53.1267 2.19359
      vertex 104 73.5 0
      vertex 104 53.1358 2.23502
    endloop
  endfacet
  facet normal 1 -0 0
    outer loop
      vertex 104 53.1182 2.15479
      vertex 104 73.5 0
      vertex 104 53.1267 2.19359
    endloop
  endfacet
  facet normal 1 -0 0
    outer loop
      vertex 104 53.1065 2.11777
      vertex 104 73.5 0
      vertex 104 53.1182 2.15479
    endloop
  endfacet
  facet normal 1 -0 0
    outer loop
      vertex 104 53.0938 2.07725
      vertex 104 73.5 0
      vertex 104 53.1065 2.11777
    endloop
  endfacet
  facet normal 1 -0 0
    outer loop
      vertex 104 53.0775 2.03812
      vertex 104 73.5 0
      vertex 104 53.0938 2.07725
    endloop
  endfacet
  facet normal 1 -0 0
    outer loop
      vertex 104 53.0629 2.00325
      vertex 104 73.5 0
      vertex 104 53.0775 2.03812
    endloop
  endfacet
  facet normal 1 -0 0
    outer loop
      vertex 104 53.0457 1.9708
      vertex 104 73.5 0
      vertex 104 53.0629 2.00325
    endloop
  endfacet
  facet normal 1 -0 0
    outer loop
      vertex 104 53.0259 1.93359
      vertex 104 73.5 0
      vertex 104 53.0457 1.9708
    endloop
  endfacet
  facet normal 1 -0 0
    outer loop
      vertex 104 53.0061 1.90387
      vertex 104 73.5 0
      vertex 104 53.0259 1.93359
    endloop
  endfacet
  facet normal 1 -0 0
    outer loop
      vertex 104 52.983 1.86904
      vertex 104 73.5 0
      vertex 104 53.0061 1.90387
    endloop
  endfacet
  facet normal 1 -0 0
    outer loop
      vertex 104 52.9349 1.81031
      vertex 104 73.5 0
      vertex 104 52.983 1.86904
    endloop
  endfacet
  facet normal 1 -0 0
    outer loop
      vertex 104 52.8821 1.75804
      vertex 104 73.5 0
      vertex 104 52.9349 1.81031
    endloop
  endfacet
  facet normal 1 -0 0
    outer loop
      vertex 104 52.825 1.71281
      vertex 104 73.5 0
      vertex 104 52.8821 1.75804
    endloop
  endfacet
  facet normal 1 -0 0
    outer loop
      vertex 104 52.7644 1.6751
      vertex 104 73.5 0
      vertex 104 52.825 1.71281
    endloop
  endfacet
  facet normal 1 -0 0
    outer loop
      vertex 104 52.7009 1.64533
      vertex 104 73.5 0
      vertex 104 52.7644 1.6751
    endloop
  endfacet
  facet normal 1 -0 0
    outer loop
      vertex 104 52.6351 1.62384
      vertex 104 73.5 0
      vertex 104 52.7009 1.64533
    endloop
  endfacet
  facet normal 1 -0 0
    outer loop
      vertex 104 52.5973 1.61653
      vertex 104 73.5 0
      vertex 104 52.6351 1.62384
    endloop
  endfacet
  facet normal 1 -0 0
    outer loop
      vertex 104 52.5679 1.61084
      vertex 104 73.5 0
      vertex 104 52.5973 1.61653
    endloop
  endfacet
  facet normal 1 -0 0
    outer loop
      vertex 104 52.5383 1.60894
      vertex 104 73.5 0
      vertex 104 52.5679 1.61084
    endloop
  endfacet
  facet normal 1 -0 0
    outer loop
      vertex 104 52.5 1.6065
      vertex 104 73.5 0
      vertex 104 52.5383 1.60894
    endloop
  endfacet
  facet normal 1 0 0
    outer loop
      vertex 104 3.5 0
      vertex 104 52.5 1.6065
      vertex 104 20.5 1.6065
    endloop
  endfacet
  facet normal 1 0 0
    outer loop
      vertex 104 19.8642 2.23502
      vertex 104 19.8818 2.15479
      vertex 104 19.8733 2.19359
    endloop
  endfacet
  facet normal 1 0 0
    outer loop
      vertex 104 19.8536 2.48294
      vertex 104 3.5 0
      vertex 104 19.85 2.4
    endloop
  endfacet
  facet normal 1 0 0
    outer loop
      vertex 104 19.85 2.4
      vertex 104 3.5 0
      vertex 104 19.8536 2.31706
    endloop
  endfacet
  facet normal 1 0 0
    outer loop
      vertex 104 19.8536 2.31706
      vertex 104 3.5 0
      vertex 104 19.8642 2.23502
    endloop
  endfacet
  facet normal 1 0 0
    outer loop
      vertex 104 19.8642 2.23502
      vertex 104 3.5 0
      vertex 104 19.8818 2.15479
    endloop
  endfacet
  facet normal 1 0 0
    outer loop
      vertex 104 19.8818 2.15479
      vertex 104 3.5 0
      vertex 104 19.8935 2.11777
    endloop
  endfacet
  facet normal 1 0 0
    outer loop
      vertex 104 19.8935 2.11777
      vertex 104 3.5 0
      vertex 104 19.9062 2.07725
    endloop
  endfacet
  facet normal 1 0 0
    outer loop
      vertex 104 19.9062 2.07725
      vertex 104 3.5 0
      vertex 104 19.9225 2.03812
    endloop
  endfacet
  facet normal 1 0 0
    outer loop
      vertex 104 19.9225 2.03812
      vertex 104 3.5 0
      vertex 104 19.9371 2.00325
    endloop
  endfacet
  facet normal 1 0 0
    outer loop
      vertex 104 19.9371 2.00325
      vertex 104 3.5 0
      vertex 104 19.9543 1.9708
    endloop
  endfacet
  facet normal 1 0 0
    outer loop
      vertex 104 19.9543 1.9708
      vertex 104 3.5 0
      vertex 104 19.9741 1.93359
    endloop
  endfacet
  facet normal 1 0 0
    outer loop
      vertex 104 19.9741 1.93359
      vertex 104 3.5 0
      vertex 104 19.9939 1.90387
    endloop
  endfacet
  facet normal 1 0 0
    outer loop
      vertex 104 19.9939 1.90387
      vertex 104 3.5 0
      vertex 104 20.017 1.86904
    endloop
  endfacet
  facet normal 1 0 0
    outer loop
      vertex 104 20.017 1.86904
      vertex 104 3.5 0
      vertex 104 20.0651 1.81031
    endloop
  endfacet
  facet normal 1 0 0
    outer loop
      vertex 104 52.5 1.6065
      vertex 104 3.5 0
      vertex 104 73.5 0
    endloop
  endfacet
  facet normal 1 0 0
    outer loop
      vertex 104 20.4617 1.60894
      vertex 104 3.5 0
      vertex 104 20.5 1.6065
    endloop
  endfacet
  facet normal 1 0 0
    outer loop
      vertex 104 20.4321 1.61084
      vertex 104 3.5 0
      vertex 104 20.4617 1.60894
    endloop
  endfacet
  facet normal 1 0 0
    outer loop
      vertex 104 20.4027 1.61653
      vertex 104 3.5 0
      vertex 104 20.4321 1.61084
    endloop
  endfacet
  facet normal 1 0 0
    outer loop
      vertex 104 20.3649 1.62384
      vertex 104 3.5 0
      vertex 104 20.4027 1.61653
    endloop
  endfacet
  facet normal 1 0 0
    outer loop
      vertex 104 20.2991 1.64533
      vertex 104 3.5 0
      vertex 104 20.3649 1.62384
    endloop
  endfacet
  facet normal 1 0 0
    outer loop
      vertex 104 20.2356 1.6751
      vertex 104 3.5 0
      vertex 104 20.2991 1.64533
    endloop
  endfacet
  facet normal 1 0 0
    outer loop
      vertex 104 20.175 1.71281
      vertex 104 3.5 0
      vertex 104 20.2356 1.6751
    endloop
  endfacet
  facet normal 1 0 0
    outer loop
      vertex 104 20.1179 1.75804
      vertex 104 3.5 0
      vertex 104 20.175 1.71281
    endloop
  endfacet
  facet normal 1 0 0
    outer loop
      vertex 104 20.0651 1.81031
      vertex 104 3.5 0
      vertex 104 20.1179 1.75804
    endloop
  endfacet
  facet normal -0.0523341 -0.99863 0
    outer loop
      vertex 3.13415 0.0191727 0
      vertex 3.5 0 16.493
      vertex 3.13415 0.0191727 16.491
    endloop
  endfacet
  facet normal -0.0523341 -0.99863 -0
    outer loop
      vertex 3.5 0 16.493
      vertex 3.13415 0.0191727 0
      vertex 3.5 0 0
    endloop
  endfacet
  facet normal -0.890994 0.454014 0
    outer loop
      vertex 0.30259 74.9236 0
      vertex 0.46891 75.25 8.58393
      vertex 0.46891 75.25 0
    endloop
  endfacet
  facet normal -0.890994 0.454014 0
    outer loop
      vertex 0.46891 75.25 8.58393
      vertex 0.30259 74.9236 0
      vertex 0.30259 74.9236 8.61824
    endloop
  endfacet
  facet normal 0 1 0
    outer loop
      vertex 100.5 77 8.4
      vertex 70 77 3.1
      vertex 3.5 77 8.4
    endloop
  endfacet
  facet normal 0 1 0
    outer loop
      vertex 100.5 77 8.4
      vertex 70.0732 77 3.09616
      vertex 70 77 3.1
    endloop
  endfacet
  facet normal 0 1 0
    outer loop
      vertex 100.5 77 8.4
      vertex 70.1455 77 3.0847
      vertex 70.0732 77 3.09616
    endloop
  endfacet
  facet normal 0 1 0
    outer loop
      vertex 100.5 77 8.4
      vertex 70.2163 77 3.06574
      vertex 70.1455 77 3.0847
    endloop
  endfacet
  facet normal 0 1 0
    outer loop
      vertex 100.5 77 8.4
      vertex 70.2847 77 3.03948
      vertex 70.2163 77 3.06574
    endloop
  endfacet
  facet normal 0 1 0
    outer loop
      vertex 100.5 77 8.4
      vertex 70.35 77 3.00622
      vertex 70.2847 77 3.03948
    endloop
  endfacet
  facet normal 0 1 0
    outer loop
      vertex 100.5 77 8.4
      vertex 70.4115 77 2.96631
      vertex 70.35 77 3.00622
    endloop
  endfacet
  facet normal 0 1 0
    outer loop
      vertex 100.5 77 8.4
      vertex 70.4684 77 2.9202
      vertex 70.4115 77 2.96631
    endloop
  endfacet
  facet normal 0 1 0
    outer loop
      vertex 100.5 77 8.4
      vertex 70.5202 77 2.86839
      vertex 70.4684 77 2.9202
    endloop
  endfacet
  facet normal 0 1 0
    outer loop
      vertex 100.5 77 8.4
      vertex 70.5663 77 2.81145
      vertex 70.5202 77 2.86839
    endloop
  endfacet
  facet normal 0 1 0
    outer loop
      vertex 100.5 77 8.4
      vertex 70.6062 77 2.75
      vertex 70.5663 77 2.81145
    endloop
  endfacet
  facet normal 0 1 0
    outer loop
      vertex 100.5 77 8.4
      vertex 70.6395 77 2.68472
      vertex 70.6062 77 2.75
    endloop
  endfacet
  facet normal 0 1 0
    outer loop
      vertex 100.5 77 8.4
      vertex 70.6657 77 2.61631
      vertex 70.6395 77 2.68472
    endloop
  endfacet
  facet normal 0 1 0
    outer loop
      vertex 100.5 77 8.4
      vertex 70.6847 77 2.54554
      vertex 70.6657 77 2.61631
    endloop
  endfacet
  facet normal 0 1 0
    outer loop
      vertex 100.5 77 8.4
      vertex 70.6962 77 2.47317
      vertex 70.6847 77 2.54554
    endloop
  endfacet
  facet normal 0 1 -0
    outer loop
      vertex 100.5 77 0
      vertex 70.6962 77 2.47317
      vertex 100.5 77 8.4
    endloop
  endfacet
  facet normal 0 1 0
    outer loop
      vertex 70.6962 77 2.47317
      vertex 100.5 77 0
      vertex 70.7 77 2.4
    endloop
  endfacet
  facet normal 0 1 0
    outer loop
      vertex 70.7 77 2.4
      vertex 100.5 77 0
      vertex 70.6962 77 2.32683
    endloop
  endfacet
  facet normal 0 1 0
    outer loop
      vertex 70.6962 77 2.32683
      vertex 100.5 77 0
      vertex 70.6847 77 2.25446
    endloop
  endfacet
  facet normal 0 1 0
    outer loop
      vertex 70.6847 77 2.25446
      vertex 100.5 77 0
      vertex 70.6657 77 2.18369
    endloop
  endfacet
  facet normal 0 1 0
    outer loop
      vertex 70.6657 77 2.18369
      vertex 100.5 77 0
      vertex 70.6395 77 2.11528
    endloop
  endfacet
  facet normal 0 1 0
    outer loop
      vertex 70.6395 77 2.11528
      vertex 100.5 77 0
      vertex 70.6062 77 2.05
    endloop
  endfacet
  facet normal 0 1 0
    outer loop
      vertex 70.6062 77 2.05
      vertex 100.5 77 0
      vertex 70.5663 77 1.98855
    endloop
  endfacet
  facet normal 0 1 0
    outer loop
      vertex 70.5663 77 1.98855
      vertex 100.5 77 0
      vertex 70.5202 77 1.93161
    endloop
  endfacet
  facet normal 0 1 0
    outer loop
      vertex 70.5202 77 1.93161
      vertex 100.5 77 0
      vertex 70.4684 77 1.8798
    endloop
  endfacet
  facet normal 0 1 0
    outer loop
      vertex 70.4684 77 1.8798
      vertex 100.5 77 0
      vertex 70.4115 77 1.83369
    endloop
  endfacet
  facet normal 0 1 0
    outer loop
      vertex 70.4115 77 1.83369
      vertex 100.5 77 0
      vertex 70.35 77 1.79378
    endloop
  endfacet
  facet normal 0 1 0
    outer loop
      vertex 70.35 77 1.79378
      vertex 100.5 77 0
      vertex 70.2847 77 1.76052
    endloop
  endfacet
  facet normal 0 1 0
    outer loop
      vertex 70.2847 77 1.76052
      vertex 100.5 77 0
      vertex 70.2163 77 1.73426
    endloop
  endfacet
  facet normal 0 1 0
    outer loop
      vertex 70 77 1.7
      vertex 100.5 77 0
      vertex 34 77 1.7
    endloop
  endfacet
  facet normal 0 1 0
    outer loop
      vertex 70.0732 77 1.70383
      vertex 100.5 77 0
      vertex 70 77 1.7
    endloop
  endfacet
  facet normal 0 1 0
    outer loop
      vertex 70.1455 77 1.7153
      vertex 100.5 77 0
      vertex 70.0732 77 1.70383
    endloop
  endfacet
  facet normal 0 1 0
    outer loop
      vertex 70.2163 77 1.73426
      vertex 100.5 77 0
      vertex 70.1455 77 1.7153
    endloop
  endfacet
  facet normal 0 1 -0
    outer loop
      vertex 34 77 3.1
      vertex 3.5 77 8.4
      vertex 70 77 3.1
    endloop
  endfacet
  facet normal 0 1 -0
    outer loop
      vertex 33.9268 77 3.09616
      vertex 3.5 77 8.4
      vertex 34 77 3.1
    endloop
  endfacet
  facet normal 0 1 -0
    outer loop
      vertex 33.8545 77 3.0847
      vertex 3.5 77 8.4
      vertex 33.9268 77 3.09616
    endloop
  endfacet
  facet normal 0 1 -0
    outer loop
      vertex 33.7837 77 3.06574
      vertex 3.5 77 8.4
      vertex 33.8545 77 3.0847
    endloop
  endfacet
  facet normal 0 1 -0
    outer loop
      vertex 33.7153 77 3.03948
      vertex 3.5 77 8.4
      vertex 33.7837 77 3.06574
    endloop
  endfacet
  facet normal 0 1 -0
    outer loop
      vertex 33.65 77 3.00622
      vertex 3.5 77 8.4
      vertex 33.7153 77 3.03948
    endloop
  endfacet
  facet normal 0 1 -0
    outer loop
      vertex 33.5886 77 2.96631
      vertex 3.5 77 8.4
      vertex 33.65 77 3.00622
    endloop
  endfacet
  facet normal 0 1 -0
    outer loop
      vertex 33.5316 77 2.9202
      vertex 3.5 77 8.4
      vertex 33.5886 77 2.96631
    endloop
  endfacet
  facet normal 0 1 -0
    outer loop
      vertex 33.4798 77 2.86839
      vertex 3.5 77 8.4
      vertex 33.5316 77 2.9202
    endloop
  endfacet
  facet normal 0 1 -0
    outer loop
      vertex 33.4337 77 2.81145
      vertex 3.5 77 8.4
      vertex 33.4798 77 2.86839
    endloop
  endfacet
  facet normal 0 1 -0
    outer loop
      vertex 33.3938 77 2.75
      vertex 3.5 77 8.4
      vertex 33.4337 77 2.81145
    endloop
  endfacet
  facet normal 0 1 -0
    outer loop
      vertex 33.3605 77 2.68472
      vertex 3.5 77 8.4
      vertex 33.3938 77 2.75
    endloop
  endfacet
  facet normal 0 1 -0
    outer loop
      vertex 33.3343 77 2.61631
      vertex 3.5 77 8.4
      vertex 33.3605 77 2.68472
    endloop
  endfacet
  facet normal 0 1 -0
    outer loop
      vertex 33.3153 77 2.54554
      vertex 3.5 77 8.4
      vertex 33.3343 77 2.61631
    endloop
  endfacet
  facet normal 0 1 -0
    outer loop
      vertex 33.3038 77 2.47317
      vertex 3.5 77 8.4
      vertex 33.3153 77 2.54554
    endloop
  endfacet
  facet normal 0 1 0
    outer loop
      vertex 3.5 77 0
      vertex 33.3038 77 2.47317
      vertex 33.3 77 2.4
    endloop
  endfacet
  facet normal 0 1 0
    outer loop
      vertex 3.5 77 0
      vertex 33.3 77 2.4
      vertex 33.3038 77 2.32683
    endloop
  endfacet
  facet normal 0 1 0
    outer loop
      vertex 3.5 77 0
      vertex 33.3038 77 2.32683
      vertex 33.3153 77 2.25446
    endloop
  endfacet
  facet normal 0 1 0
    outer loop
      vertex 3.5 77 0
      vertex 33.3153 77 2.25446
      vertex 33.3343 77 2.18369
    endloop
  endfacet
  facet normal 0 1 0
    outer loop
      vertex 3.5 77 0
      vertex 33.3343 77 2.18369
      vertex 33.3605 77 2.11528
    endloop
  endfacet
  facet normal 0 1 0
    outer loop
      vertex 3.5 77 0
      vertex 33.3605 77 2.11528
      vertex 33.3938 77 2.05
    endloop
  endfacet
  facet normal 0 1 0
    outer loop
      vertex 3.5 77 0
      vertex 33.3938 77 2.05
      vertex 33.4337 77 1.98855
    endloop
  endfacet
  facet normal 0 1 0
    outer loop
      vertex 3.5 77 0
      vertex 33.4337 77 1.98855
      vertex 33.4798 77 1.93161
    endloop
  endfacet
  facet normal 0 1 0
    outer loop
      vertex 3.5 77 0
      vertex 33.4798 77 1.93161
      vertex 33.5316 77 1.8798
    endloop
  endfacet
  facet normal 0 1 0
    outer loop
      vertex 3.5 77 0
      vertex 33.5316 77 1.8798
      vertex 33.5886 77 1.83369
    endloop
  endfacet
  facet normal 0 1 0
    outer loop
      vertex 3.5 77 0
      vertex 33.5886 77 1.83369
      vertex 33.65 77 1.79378
    endloop
  endfacet
  facet normal 0 1 0
    outer loop
      vertex 3.5 77 0
      vertex 33.65 77 1.79378
      vertex 33.7153 77 1.76052
    endloop
  endfacet
  facet normal 0 1 0
    outer loop
      vertex 3.5 77 0
      vertex 33.7153 77 1.76052
      vertex 33.7837 77 1.73426
    endloop
  endfacet
  facet normal 0 1 0
    outer loop
      vertex 3.5 77 0
      vertex 33.7837 77 1.73426
      vertex 33.8545 77 1.7153
    endloop
  endfacet
  facet normal 0 1 0
    outer loop
      vertex 33.3038 77 2.47317
      vertex 3.5 77 0
      vertex 3.5 77 8.4
    endloop
  endfacet
  facet normal 0 1 0
    outer loop
      vertex 33.9268 77 1.70383
      vertex 3.5 77 0
      vertex 33.8545 77 1.7153
    endloop
  endfacet
  facet normal 0 1 0
    outer loop
      vertex 34 77 1.7
      vertex 3.5 77 0
      vertex 33.9268 77 1.70383
    endloop
  endfacet
  facet normal 0 1 0
    outer loop
      vertex 3.5 77 0
      vertex 34 77 1.7
      vertex 100.5 77 0
    endloop
  endfacet
  facet normal -0.965926 -0.258819 0
    outer loop
      vertex 0.171302 2.41844 0
      vertex 0.0764828 2.77231 16.2016
      vertex 0.0764828 2.77231 0
    endloop
  endfacet
  facet normal -0.965926 -0.258819 0
    outer loop
      vertex 0.0764828 2.77231 16.2016
      vertex 0.171302 2.41844 0
      vertex 0.171302 2.41844 16.2388
    endloop
  endfacet
  facet normal 0.052387 0.998627 -0
    outer loop
      vertex 100.866 76.9808 0
      vertex 100.5 77 8.4
      vertex 100.866 76.9808 8.40201
    endloop
  endfacet
  facet normal 0.052387 0.998627 0
    outer loop
      vertex 100.5 77 8.4
      vertex 100.866 76.9808 0
      vertex 100.5 77 0
    endloop
  endfacet
  facet normal -0.707043 0.707171 0
    outer loop
      vertex 0.898993 75.842 0
      vertex 1.15804 76.101 8.49449
      vertex 1.15804 76.101 0
    endloop
  endfacet
  facet normal -0.707043 0.707171 0
    outer loop
      vertex 1.15804 76.101 8.49449
      vertex 0.898993 75.842 0
      vertex 0.898993 75.842 8.52171
    endloop
  endfacet
  facet normal 0.258682 0.965963 -0
    outer loop
      vertex 101.582 76.8287 0
      vertex 101.228 76.9235 8.40804
      vertex 101.582 76.8287 8.418
    endloop
  endfacet
  facet normal 0.258682 0.965963 0
    outer loop
      vertex 101.228 76.9235 8.40804
      vertex 101.582 76.8287 0
      vertex 101.228 76.9235 0
    endloop
  endfacet
  facet normal 0 0 -1
    outer loop
      vertex 0 73.5 0
      vertex 2.4 52.7731 0
      vertex 2.39229 52.7644 0
    endloop
  endfacet
  facet normal 0 0 -1
    outer loop
      vertex 101.123 4.23054 0
      vertex 104 3.5 0
      vertex 103.981 3.13415 0
    endloop
  endfacet
  facet normal 0 0 -1
    outer loop
      vertex 104 3.5 0
      vertex 101.706 52.5 0
      vertex 104 73.5 0
    endloop
  endfacet
  facet normal 0 0 -1
    outer loop
      vertex 101.123 4.23054 0
      vertex 103.981 3.13415 0
      vertex 103.924 2.77231 0
    endloop
  endfacet
  facet normal 0 0 -1
    outer loop
      vertex 101.7 52.5647 0
      vertex 104 73.5 0
      vertex 101.706 52.5 0
    endloop
  endfacet
  facet normal 0 0 -1
    outer loop
      vertex 100.958 4.02717 0
      vertex 103.924 2.77231 0
      vertex 103.829 2.41844 0
    endloop
  endfacet
  facet normal 0 0 -1
    outer loop
      vertex 101.699 52.5679 0
      vertex 104 73.5 0
      vertex 101.7 52.5647 0
    endloop
  endfacet
  facet normal 0 0 -1
    outer loop
      vertex 100.958 4.02717 0
      vertex 103.829 2.41844 0
      vertex 103.697 2.07642 0
    endloop
  endfacet
  facet normal 0 0 -1
    outer loop
      vertex 101.699 52.5711 0
      vertex 104 73.5 0
      vertex 101.699 52.5679 0
    endloop
  endfacet
  facet normal 0 0 -1
    outer loop
      vertex 100.773 3.84214 0
      vertex 103.697 2.07642 0
      vertex 103.531 1.75 0
    endloop
  endfacet
  facet normal 0 0 -1
    outer loop
      vertex 101.681 52.6351 0
      vertex 104 73.5 0
      vertex 101.699 52.5711 0
    endloop
  endfacet
  facet normal 0 0 -1
    outer loop
      vertex 100.773 3.84214 0
      vertex 103.531 1.75 0
      vertex 103.332 1.44275 0
    endloop
  endfacet
  facet normal 0 0 -1
    outer loop
      vertex 101.65 52.7009 0
      vertex 104 73.5 0
      vertex 101.681 52.6351 0
    endloop
  endfacet
  facet normal 0 0 -1
    outer loop
      vertex 100.773 3.84214 0
      vertex 103.332 1.44275 0
      vertex 103.101 1.15804 0
    endloop
  endfacet
  facet normal 0 0 -1
    outer loop
      vertex 101.608 52.7644 0
      vertex 104 73.5 0
      vertex 101.65 52.7009 0
    endloop
  endfacet
  facet normal 0 0 -1
    outer loop
      vertex 100.569 3.67746 0
      vertex 103.101 1.15804 0
      vertex 102.842 0.898993 0
    endloop
  endfacet
  facet normal 0 0 -1
    outer loop
      vertex 104 3.5 0
      vertex 101.706 20.5 0
      vertex 101.706 52.5 0
    endloop
  endfacet
  facet normal 0 0 -1
    outer loop
      vertex 100.569 3.67746 0
      vertex 102.842 0.898993 0
      vertex 102.557 0.66844 0
    endloop
  endfacet
  facet normal 0 0 -1
    outer loop
      vertex 101.6 52.7731 0
      vertex 104 73.5 0
      vertex 101.608 52.7644 0
    endloop
  endfacet
  facet normal 0 0 -1
    outer loop
      vertex 100.35 3.53494 0
      vertex 102.557 0.66844 0
      vertex 102.25 0.46891 0
    endloop
  endfacet
  facet normal 0 0 -1
    outer loop
      vertex 101.6 72.1 0
      vertex 104 73.5 0
      vertex 101.6 52.7731 0
    endloop
  endfacet
  facet normal 0 0 -1
    outer loop
      vertex 100.35 3.53494 0
      vertex 102.25 0.46891 0
      vertex 101.924 0.30259 0
    endloop
  endfacet
  facet normal 0 0 -1
    outer loop
      vertex 101.545 72.6198 0
      vertex 104 73.5 0
      vertex 101.586 72.3613 0
    endloop
  endfacet
  facet normal 0 0 -1
    outer loop
      vertex 101.384 73.1168 0
      vertex 104 73.5 0
      vertex 101.478 72.8725 0
    endloop
  endfacet
  facet normal 0 0 -1
    outer loop
      vertex 104 3.5 0
      vertex 101.6 5.7 0
      vertex 101.608 20.2356 0
    endloop
  endfacet
  facet normal 0 0 -1
    outer loop
      vertex 104 3.5 0
      vertex 101.7 20.4353 0
      vertex 101.706 20.5 0
    endloop
  endfacet
  facet normal 0 0 -1
    outer loop
      vertex 104 3.5 0
      vertex 101.699 20.4321 0
      vertex 101.7 20.4353 0
    endloop
  endfacet
  facet normal 0 0 -1
    outer loop
      vertex 104 3.5 0
      vertex 101.699 20.4289 0
      vertex 101.699 20.4321 0
    endloop
  endfacet
  facet normal 0 0 -1
    outer loop
      vertex 104 3.5 0
      vertex 101.681 20.3649 0
      vertex 101.699 20.4289 0
    endloop
  endfacet
  facet normal 0 0 -1
    outer loop
      vertex 104 3.5 0
      vertex 101.65 20.2991 0
      vertex 101.681 20.3649 0
    endloop
  endfacet
  facet normal 0 0 -1
    outer loop
      vertex 104 3.5 0
      vertex 101.608 20.2356 0
      vertex 101.65 20.2991 0
    endloop
  endfacet
  facet normal 0 0 -1
    outer loop
      vertex 104 3.5 0
      vertex 101.586 5.43868 0
      vertex 101.6 5.7 0
    endloop
  endfacet
  facet normal 0 0 -1
    outer loop
      vertex 100.35 3.53494 0
      vertex 101.924 0.30259 0
      vertex 101.582 0.171302 0
    endloop
  endfacet
  facet normal 0 0 -1
    outer loop
      vertex 104 3.5 0
      vertex 101.545 5.18022 0
      vertex 101.586 5.43868 0
    endloop
  endfacet
  facet normal 0 0 -1
    outer loop
      vertex 104 3.5 0
      vertex 101.478 4.92746 0
      vertex 101.545 5.18022 0
    endloop
  endfacet
  facet normal 0 0 -1
    outer loop
      vertex 104 3.5 0
      vertex 101.384 4.68316 0
      vertex 101.478 4.92746 0
    endloop
  endfacet
  facet normal 0 0 -1
    outer loop
      vertex 104 3.5 0
      vertex 101.265 4.45 0
      vertex 101.384 4.68316 0
    endloop
  endfacet
  facet normal 0 0 -1
    outer loop
      vertex 100.117 3.41614 0
      vertex 101.582 0.171302 0
      vertex 101.228 0.0764828 0
    endloop
  endfacet
  facet normal 0 0 -1
    outer loop
      vertex 104 3.5 0
      vertex 101.123 4.23054 0
      vertex 101.265 4.45 0
    endloop
  endfacet
  facet normal 0 0 -1
    outer loop
      vertex 103.924 2.77231 0
      vertex 100.958 4.02717 0
      vertex 101.123 4.23054 0
    endloop
  endfacet
  facet normal 0 0 -1
    outer loop
      vertex 100.117 3.41614 0
      vertex 101.228 0.0764828 0
      vertex 100.866 0.0191727 0
    endloop
  endfacet
  facet normal 0 0 -1
    outer loop
      vertex 103.697 2.07642 0
      vertex 100.773 3.84214 0
      vertex 100.958 4.02717 0
    endloop
  endfacet
  facet normal 0 0 -1
    outer loop
      vertex 103.101 1.15804 0
      vertex 100.569 3.67746 0
      vertex 100.773 3.84214 0
    endloop
  endfacet
  facet normal 0 0 -1
    outer loop
      vertex 99.8725 3.32236 0
      vertex 100.866 0.0191727 0
      vertex 100.5 0 0
    endloop
  endfacet
  facet normal 0 0 -1
    outer loop
      vertex 102.557 0.66844 0
      vertex 100.35 3.53494 0
      vertex 100.569 3.67746 0
    endloop
  endfacet
  facet normal 0 0 -1
    outer loop
      vertex 101.582 0.171302 0
      vertex 100.117 3.41614 0
      vertex 100.35 3.53494 0
    endloop
  endfacet
  facet normal 0 0 -1
    outer loop
      vertex 100.866 0.0191727 0
      vertex 99.8725 3.32236 0
      vertex 100.117 3.41614 0
    endloop
  endfacet
  facet normal 0 0 -1
    outer loop
      vertex 100.5 0 0
      vertex 99.6198 3.25463 0
      vertex 99.8725 3.32236 0
    endloop
  endfacet
  facet normal 0 0 -1
    outer loop
      vertex 100.5 0 0
      vertex 99.3613 3.21369 0
      vertex 99.6198 3.25463 0
    endloop
  endfacet
  facet normal 0 0 -1
    outer loop
      vertex 100.5 0 0
      vertex 99.1 3.2 0
      vertex 99.3613 3.21369 0
    endloop
  endfacet
  facet normal 0 0 -1
    outer loop
      vertex 100.5 0 0
      vertex 4.9 3.2 0
      vertex 99.1 3.2 0
    endloop
  endfacet
  facet normal 0 0 -1
    outer loop
      vertex 3.5 0 0
      vertex 4.9 3.2 0
      vertex 100.5 0 0
    endloop
  endfacet
  facet normal 0 0 -1
    outer loop
      vertex 3.5 0 0
      vertex 4.63868 3.21369 0
      vertex 4.9 3.2 0
    endloop
  endfacet
  facet normal 0 0 -1
    outer loop
      vertex 3.5 0 0
      vertex 4.38022 3.25463 0
      vertex 4.63868 3.21369 0
    endloop
  endfacet
  facet normal 0 0 -1
    outer loop
      vertex 3.5 0 0
      vertex 4.12746 3.32236 0
      vertex 4.38022 3.25463 0
    endloop
  endfacet
  facet normal 0 0 -1
    outer loop
      vertex 3.13415 0.0191727 0
      vertex 4.12746 3.32236 0
      vertex 3.5 0 0
    endloop
  endfacet
  facet normal -0 0 -1
    outer loop
      vertex 4.12746 3.32236 0
      vertex 3.13415 0.0191727 0
      vertex 3.88316 3.41614 0
    endloop
  endfacet
  facet normal 0 0 -1
    outer loop
      vertex 2.77231 0.0764828 0
      vertex 3.88316 3.41614 0
      vertex 3.13415 0.0191727 0
    endloop
  endfacet
  facet normal 0 0 -1
    outer loop
      vertex 2.41844 0.171302 0
      vertex 3.88316 3.41614 0
      vertex 2.77231 0.0764828 0
    endloop
  endfacet
  facet normal -0 0 -1
    outer loop
      vertex 3.88316 3.41614 0
      vertex 2.41844 0.171302 0
      vertex 3.65 3.53494 0
    endloop
  endfacet
  facet normal 0 0 -1
    outer loop
      vertex 2.07642 0.30259 0
      vertex 3.65 3.53494 0
      vertex 2.41844 0.171302 0
    endloop
  endfacet
  facet normal 0 0 -1
    outer loop
      vertex 1.75 0.46891 0
      vertex 3.65 3.53494 0
      vertex 2.07642 0.30259 0
    endloop
  endfacet
  facet normal 0 0 -1
    outer loop
      vertex 1.44275 0.66844 0
      vertex 3.65 3.53494 0
      vertex 1.75 0.46891 0
    endloop
  endfacet
  facet normal -0 0 -1
    outer loop
      vertex 3.65 3.53494 0
      vertex 1.44275 0.66844 0
      vertex 3.43054 3.67746 0
    endloop
  endfacet
  facet normal 0 0 -1
    outer loop
      vertex 1.15804 0.898993 0
      vertex 3.43054 3.67746 0
      vertex 1.44275 0.66844 0
    endloop
  endfacet
  facet normal 0 0 -1
    outer loop
      vertex 0.898993 1.15804 0
      vertex 3.43054 3.67746 0
      vertex 1.15804 0.898993 0
    endloop
  endfacet
  facet normal -0 0 -1
    outer loop
      vertex 3.43054 3.67746 0
      vertex 0.898993 1.15804 0
      vertex 3.22717 3.84214 0
    endloop
  endfacet
  facet normal 0 0 -1
    outer loop
      vertex 0.66844 1.44275 0
      vertex 3.22717 3.84214 0
      vertex 0.898993 1.15804 0
    endloop
  endfacet
  facet normal 0 0 -1
    outer loop
      vertex 0.46891 1.75 0
      vertex 3.22717 3.84214 0
      vertex 0.66844 1.44275 0
    endloop
  endfacet
  facet normal 0 0 -1
    outer loop
      vertex 0.30259 2.07642 0
      vertex 3.22717 3.84214 0
      vertex 0.46891 1.75 0
    endloop
  endfacet
  facet normal 0 0 -1
    outer loop
      vertex 2.4 5.7 0
      vertex 2.39229 20.2356 0
      vertex 2.4 20.2269 0
    endloop
  endfacet
  facet normal 0 0 -1
    outer loop
      vertex 0 3.5 0
      vertex 2.39229 20.2356 0
      vertex 2.4 5.7 0
    endloop
  endfacet
  facet normal -0 0 -1
    outer loop
      vertex 3.22717 3.84214 0
      vertex 0.30259 2.07642 0
      vertex 3.04214 4.02717 0
    endloop
  endfacet
  facet normal -0 0 -1
    outer loop
      vertex 2.39229 20.2356 0
      vertex 0 3.5 0
      vertex 2.34978 20.2991 0
    endloop
  endfacet
  facet normal -0 0 -1
    outer loop
      vertex 2.34978 20.2991 0
      vertex 0 3.5 0
      vertex 2.31908 20.3649 0
    endloop
  endfacet
  facet normal -0 0 -1
    outer loop
      vertex 2.31908 20.3649 0
      vertex 0 3.5 0
      vertex 2.30139 20.4289 0
    endloop
  endfacet
  facet normal -0 0 -1
    outer loop
      vertex 2.30139 20.4289 0
      vertex 0 3.5 0
      vertex 2.30052 20.4321 0
    endloop
  endfacet
  facet normal -0 0 -1
    outer loop
      vertex 2.30052 20.4321 0
      vertex 0 3.5 0
      vertex 2.30023 20.4353 0
    endloop
  endfacet
  facet normal -0 0 -1
    outer loop
      vertex 2.30023 20.4353 0
      vertex 0 3.5 0
      vertex 2.29431 20.5 0
    endloop
  endfacet
  facet normal 0 0 -1
    outer loop
      vertex 0.171302 2.41844 0
      vertex 3.04214 4.02717 0
      vertex 0.30259 2.07642 0
    endloop
  endfacet
  facet normal -0 0 -1
    outer loop
      vertex 103.924 74.2277 0
      vertex 101.265 73.35 0
      vertex 103.829 74.5816 0
    endloop
  endfacet
  facet normal -0 0 -1
    outer loop
      vertex 103.829 74.5816 0
      vertex 101.265 73.35 0
      vertex 103.697 74.9236 0
    endloop
  endfacet
  facet normal 0 0 -1
    outer loop
      vertex 101.123 73.5695 0
      vertex 103.697 74.9236 0
      vertex 101.265 73.35 0
    endloop
  endfacet
  facet normal -0 0 -1
    outer loop
      vertex 103.981 73.8659 0
      vertex 101.384 73.1168 0
      vertex 103.924 74.2277 0
    endloop
  endfacet
  facet normal 0 0 -1
    outer loop
      vertex 101.265 73.35 0
      vertex 103.924 74.2277 0
      vertex 101.384 73.1168 0
    endloop
  endfacet
  facet normal -0 0 -1
    outer loop
      vertex 104 73.5 0
      vertex 101.384 73.1168 0
      vertex 103.981 73.8659 0
    endloop
  endfacet
  facet normal 0 0 -1
    outer loop
      vertex 101.478 72.8725 0
      vertex 104 73.5 0
      vertex 101.545 72.6198 0
    endloop
  endfacet
  facet normal 0 0 -1
    outer loop
      vertex 101.586 72.3613 0
      vertex 104 73.5 0
      vertex 101.6 72.1 0
    endloop
  endfacet
  facet normal -0 0 -1
    outer loop
      vertex 103.697 74.9236 0
      vertex 101.123 73.5695 0
      vertex 103.531 75.25 0
    endloop
  endfacet
  facet normal -0 0 -1
    outer loop
      vertex 103.531 75.25 0
      vertex 101.123 73.5695 0
      vertex 103.332 75.5573 0
    endloop
  endfacet
  facet normal 0 0 -1
    outer loop
      vertex 100.958 73.7728 0
      vertex 103.332 75.5573 0
      vertex 101.123 73.5695 0
    endloop
  endfacet
  facet normal -0 0 -1
    outer loop
      vertex 103.332 75.5573 0
      vertex 100.958 73.7728 0
      vertex 103.101 75.842 0
    endloop
  endfacet
  facet normal -0 0 -1
    outer loop
      vertex 103.101 75.842 0
      vertex 100.958 73.7728 0
      vertex 102.842 76.101 0
    endloop
  endfacet
  facet normal 0 0 -1
    outer loop
      vertex 100.773 73.9579 0
      vertex 102.842 76.101 0
      vertex 100.958 73.7728 0
    endloop
  endfacet
  facet normal -0 0 -1
    outer loop
      vertex 102.842 76.101 0
      vertex 100.773 73.9579 0
      vertex 102.557 76.3316 0
    endloop
  endfacet
  facet normal -0 0 -1
    outer loop
      vertex 102.557 76.3316 0
      vertex 100.773 73.9579 0
      vertex 102.25 76.5311 0
    endloop
  endfacet
  facet normal 0 0 -1
    outer loop
      vertex 100.569 74.1225 0
      vertex 102.25 76.5311 0
      vertex 100.773 73.9579 0
    endloop
  endfacet
  facet normal -0 0 -1
    outer loop
      vertex 102.25 76.5311 0
      vertex 100.569 74.1225 0
      vertex 101.924 76.6974 0
    endloop
  endfacet
  facet normal 0 0 -1
    outer loop
      vertex 100.35 74.2651 0
      vertex 101.924 76.6974 0
      vertex 100.569 74.1225 0
    endloop
  endfacet
  facet normal -0 0 -1
    outer loop
      vertex 101.924 76.6974 0
      vertex 100.35 74.2651 0
      vertex 101.582 76.8287 0
    endloop
  endfacet
  facet normal -0 0 -1
    outer loop
      vertex 101.582 76.8287 0
      vertex 100.35 74.2651 0
      vertex 101.228 76.9235 0
    endloop
  endfacet
  facet normal 0 0 -1
    outer loop
      vertex 100.117 74.3839 0
      vertex 101.228 76.9235 0
      vertex 100.35 74.2651 0
    endloop
  endfacet
  facet normal -0 0 -1
    outer loop
      vertex 101.228 76.9235 0
      vertex 100.117 74.3839 0
      vertex 100.866 76.9808 0
    endloop
  endfacet
  facet normal -0 0 -1
    outer loop
      vertex 100.866 76.9808 0
      vertex 100.117 74.3839 0
      vertex 100.5 77 0
    endloop
  endfacet
  facet normal 0 0 -1
    outer loop
      vertex 99.8725 74.4776 0
      vertex 100.5 77 0
      vertex 100.117 74.3839 0
    endloop
  endfacet
  facet normal 0 0 -1
    outer loop
      vertex 99.6198 74.5454 0
      vertex 100.5 77 0
      vertex 99.8725 74.4776 0
    endloop
  endfacet
  facet normal 0 0 -1
    outer loop
      vertex 99.3613 74.5863 0
      vertex 100.5 77 0
      vertex 99.6198 74.5454 0
    endloop
  endfacet
  facet normal 0 0 -1
    outer loop
      vertex 99.1 74.6 0
      vertex 100.5 77 0
      vertex 99.3613 74.5863 0
    endloop
  endfacet
  facet normal 0 0 -1
    outer loop
      vertex 4.9 74.6 0
      vertex 100.5 77 0
      vertex 99.1 74.6 0
    endloop
  endfacet
  facet normal 0 0 -1
    outer loop
      vertex 4.9 74.6 0
      vertex 3.5 77 0
      vertex 100.5 77 0
    endloop
  endfacet
  facet normal 0 0 -1
    outer loop
      vertex 4.63868 74.5863 0
      vertex 3.5 77 0
      vertex 4.9 74.6 0
    endloop
  endfacet
  facet normal 0 0 -1
    outer loop
      vertex 4.38022 74.5454 0
      vertex 3.5 77 0
      vertex 4.63868 74.5863 0
    endloop
  endfacet
  facet normal 0 0 -1
    outer loop
      vertex 4.12746 74.4776 0
      vertex 3.5 77 0
      vertex 4.38022 74.5454 0
    endloop
  endfacet
  facet normal 0 0 -1
    outer loop
      vertex 3.88316 74.3839 0
      vertex 3.5 77 0
      vertex 4.12746 74.4776 0
    endloop
  endfacet
  facet normal 0 0 -1
    outer loop
      vertex 2.77231 76.9235 0
      vertex 3.88316 74.3839 0
      vertex 3.65 74.2651 0
    endloop
  endfacet
  facet normal 0 0 -1
    outer loop
      vertex 2.07642 76.6974 0
      vertex 3.65 74.2651 0
      vertex 3.43054 74.1225 0
    endloop
  endfacet
  facet normal 0 0 -1
    outer loop
      vertex 1.75 76.5311 0
      vertex 3.43054 74.1225 0
      vertex 3.22717 73.9579 0
    endloop
  endfacet
  facet normal 0 0 -1
    outer loop
      vertex 3.88316 74.3839 0
      vertex 3.13415 76.9808 0
      vertex 3.5 77 0
    endloop
  endfacet
  facet normal 0 0 -1
    outer loop
      vertex 1.15804 76.101 0
      vertex 3.22717 73.9579 0
      vertex 3.04214 73.7728 0
    endloop
  endfacet
  facet normal 0 0 -1
    outer loop
      vertex 0.66844 75.5573 0
      vertex 3.04214 73.7728 0
      vertex 2.87746 73.5695 0
    endloop
  endfacet
  facet normal 0 0 -1
    outer loop
      vertex 3.88316 74.3839 0
      vertex 2.77231 76.9235 0
      vertex 3.13415 76.9808 0
    endloop
  endfacet
  facet normal 0 0 -1
    outer loop
      vertex 0.30259 74.9236 0
      vertex 2.87746 73.5695 0
      vertex 2.73494 73.35 0
    endloop
  endfacet
  facet normal 0 0 -1
    outer loop
      vertex 0.0764828 74.2277 0
      vertex 2.73494 73.35 0
      vertex 2.61614 73.1168 0
    endloop
  endfacet
  facet normal 0 0 -1
    outer loop
      vertex 0 73.5 0
      vertex 2.61614 73.1168 0
      vertex 2.52236 72.8725 0
    endloop
  endfacet
  facet normal 0 0 -1
    outer loop
      vertex 0 73.5 0
      vertex 2.52236 72.8725 0
      vertex 2.45463 72.6198 0
    endloop
  endfacet
  facet normal 0 0 -1
    outer loop
      vertex 3.65 74.2651 0
      vertex 2.41844 76.8287 0
      vertex 2.77231 76.9235 0
    endloop
  endfacet
  facet normal 0 0 -1
    outer loop
      vertex 0 73.5 0
      vertex 2.45463 72.6198 0
      vertex 2.41369 72.3613 0
    endloop
  endfacet
  facet normal 0 0 -1
    outer loop
      vertex 0 73.5 0
      vertex 2.41369 72.3613 0
      vertex 2.4 72.1 0
    endloop
  endfacet
  facet normal 0 0 -1
    outer loop
      vertex 0 73.5 0
      vertex 2.39229 52.7644 0
      vertex 2.34978 52.7009 0
    endloop
  endfacet
  facet normal 0 0 -1
    outer loop
      vertex 0 73.5 0
      vertex 2.34978 52.7009 0
      vertex 2.31908 52.6351 0
    endloop
  endfacet
  facet normal 0 0 -1
    outer loop
      vertex 2.4 52.7731 0
      vertex 0 73.5 0
      vertex 2.4 72.1 0
    endloop
  endfacet
  facet normal 0 0 -1
    outer loop
      vertex 0 73.5 0
      vertex 2.31908 52.6351 0
      vertex 2.30139 52.5711 0
    endloop
  endfacet
  facet normal 0 0 -1
    outer loop
      vertex 0 73.5 0
      vertex 2.30139 52.5711 0
      vertex 2.30052 52.5679 0
    endloop
  endfacet
  facet normal 0 0 -1
    outer loop
      vertex 0 73.5 0
      vertex 2.30052 52.5679 0
      vertex 2.30023 52.5647 0
    endloop
  endfacet
  facet normal 0 0 -1
    outer loop
      vertex 0 73.5 0
      vertex 2.30023 52.5647 0
      vertex 2.29431 52.5 0
    endloop
  endfacet
  facet normal 0 0 -1
    outer loop
      vertex 2.61614 73.1168 0
      vertex 0 73.5 0
      vertex 0.0191727 73.8659 0
    endloop
  endfacet
  facet normal -0 0 -1
    outer loop
      vertex 2.29431 20.5 0
      vertex 0 3.5 0
      vertex 2.29431 52.5 0
    endloop
  endfacet
  facet normal 0 0 -1
    outer loop
      vertex 0.0764828 2.77231 0
      vertex 3.04214 4.02717 0
      vertex 0.171302 2.41844 0
    endloop
  endfacet
  facet normal 0 0 -1
    outer loop
      vertex 0 73.5 0
      vertex 2.29431 52.5 0
      vertex 0 3.5 0
    endloop
  endfacet
  facet normal -0 0 -1
    outer loop
      vertex 3.04214 4.02717 0
      vertex 0.0764828 2.77231 0
      vertex 2.87746 4.23054 0
    endloop
  endfacet
  facet normal 0 0 -1
    outer loop
      vertex 3.65 74.2651 0
      vertex 2.07642 76.6974 0
      vertex 2.41844 76.8287 0
    endloop
  endfacet
  facet normal 0 0 -1
    outer loop
      vertex 0.0191727 3.13415 0
      vertex 2.87746 4.23054 0
      vertex 0.0764828 2.77231 0
    endloop
  endfacet
  facet normal 0 0 -1
    outer loop
      vertex 3.43054 74.1225 0
      vertex 1.75 76.5311 0
      vertex 2.07642 76.6974 0
    endloop
  endfacet
  facet normal 0 0 -1
    outer loop
      vertex 0 3.5 0
      vertex 2.87746 4.23054 0
      vertex 0.0191727 3.13415 0
    endloop
  endfacet
  facet normal 0 0 -1
    outer loop
      vertex 3.22717 73.9579 0
      vertex 1.44275 76.3316 0
      vertex 1.75 76.5311 0
    endloop
  endfacet
  facet normal -0 0 -1
    outer loop
      vertex 2.87746 4.23054 0
      vertex 0 3.5 0
      vertex 2.73494 4.45 0
    endloop
  endfacet
  facet normal 0 0 -1
    outer loop
      vertex 3.22717 73.9579 0
      vertex 1.15804 76.101 0
      vertex 1.44275 76.3316 0
    endloop
  endfacet
  facet normal -0 0 -1
    outer loop
      vertex 2.73494 4.45 0
      vertex 0 3.5 0
      vertex 2.61614 4.68316 0
    endloop
  endfacet
  facet normal 0 0 -1
    outer loop
      vertex 3.04214 73.7728 0
      vertex 0.898993 75.842 0
      vertex 1.15804 76.101 0
    endloop
  endfacet
  facet normal -0 0 -1
    outer loop
      vertex 2.61614 4.68316 0
      vertex 0 3.5 0
      vertex 2.52236 4.92746 0
    endloop
  endfacet
  facet normal 0 0 -1
    outer loop
      vertex 3.04214 73.7728 0
      vertex 0.66844 75.5573 0
      vertex 0.898993 75.842 0
    endloop
  endfacet
  facet normal -0 0 -1
    outer loop
      vertex 2.52236 4.92746 0
      vertex 0 3.5 0
      vertex 2.45463 5.18022 0
    endloop
  endfacet
  facet normal 0 0 -1
    outer loop
      vertex 2.87746 73.5695 0
      vertex 0.46891 75.25 0
      vertex 0.66844 75.5573 0
    endloop
  endfacet
  facet normal -0 0 -1
    outer loop
      vertex 2.45463 5.18022 0
      vertex 0 3.5 0
      vertex 2.41369 5.43868 0
    endloop
  endfacet
  facet normal 0 0 -1
    outer loop
      vertex 2.87746 73.5695 0
      vertex 0.30259 74.9236 0
      vertex 0.46891 75.25 0
    endloop
  endfacet
  facet normal -0 0 -1
    outer loop
      vertex 2.41369 5.43868 0
      vertex 0 3.5 0
      vertex 2.4 5.7 0
    endloop
  endfacet
  facet normal 0 0 -1
    outer loop
      vertex 2.73494 73.35 0
      vertex 0.171302 74.5816 0
      vertex 0.30259 74.9236 0
    endloop
  endfacet
  facet normal 0 0 -1
    outer loop
      vertex 2.73494 73.35 0
      vertex 0.0764828 74.2277 0
      vertex 0.171302 74.5816 0
    endloop
  endfacet
  facet normal 0 0 -1
    outer loop
      vertex 2.61614 73.1168 0
      vertex 0.0191727 73.8659 0
      vertex 0.0764828 74.2277 0
    endloop
  endfacet
  facet normal 0 0 -1
    outer loop
      vertex 101.608 20.2356 0
      vertex 101.6 5.7 0
      vertex 101.6 20.2269 0
    endloop
  endfacet
  facet normal 0 0 1
    outer loop
      vertex 7.55 7.2 0
      vertex 9.65 7.2 0
      vertex 9.6322 7.53972 0
    endloop
  endfacet
  facet normal 0 0 1
    outer loop
      vertex 7.5437 7.32021 0
      vertex 9.6322 7.53972 0
      vertex 9.57898 7.87571 0
    endloop
  endfacet
  facet normal 0 0 1
    outer loop
      vertex 9.65 7.2 0
      vertex 7.55 7.2 0
      vertex 9.6322 6.86028 0
    endloop
  endfacet
  facet normal 0 0 1
    outer loop
      vertex 7.52487 7.4391 0
      vertex 9.57898 7.87571 0
      vertex 9.49093 8.2043 0
    endloop
  endfacet
  facet normal -0 0 1
    outer loop
      vertex 7.5437 7.07979 0
      vertex 9.6322 6.86028 0
      vertex 7.55 7.2 0
    endloop
  endfacet
  facet normal 0 0 1
    outer loop
      vertex 7.49371 7.55537 0
      vertex 9.49093 8.2043 0
      vertex 9.36902 8.52189 0
    endloop
  endfacet
  facet normal 0 0 1
    outer loop
      vertex 9.6322 6.86028 0
      vertex 7.5437 7.07979 0
      vertex 9.57898 6.52429 0
    endloop
  endfacet
  facet normal 0 0 1
    outer loop
      vertex 7.45058 7.66775 0
      vertex 9.36902 8.52189 0
      vertex 9.21458 8.825 0
    endloop
  endfacet
  facet normal -0 0 1
    outer loop
      vertex 7.52487 6.9609 0
      vertex 9.57898 6.52429 0
      vertex 7.5437 7.07979 0
    endloop
  endfacet
  facet normal 0 0 1
    outer loop
      vertex 7.39593 7.775 0
      vertex 9.21458 8.825 0
      vertex 9.0293 9.1103 0
    endloop
  endfacet
  facet normal 0 0 1
    outer loop
      vertex 9.57898 6.52429 0
      vertex 7.52487 6.9609 0
      vertex 9.49093 6.19569 0
    endloop
  endfacet
  facet normal 0 0 1
    outer loop
      vertex 7.33037 7.87595 0
      vertex 9.0293 9.1103 0
      vertex 8.81522 9.37467 0
    endloop
  endfacet
  facet normal -0 0 1
    outer loop
      vertex 7.49371 6.84463 0
      vertex 9.49093 6.19569 0
      vertex 7.52487 6.9609 0
    endloop
  endfacet
  facet normal 0 0 1
    outer loop
      vertex 7.25462 7.9695 0
      vertex 8.81522 9.37467 0
      vertex 8.57467 9.61522 0
    endloop
  endfacet
  facet normal 0 0 1
    outer loop
      vertex 9.49093 6.19569 0
      vertex 7.49371 6.84463 0
      vertex 9.36902 5.87811 0
    endloop
  endfacet
  facet normal 0 0 1
    outer loop
      vertex 7.1695 8.05462 0
      vertex 8.57467 9.61522 0
      vertex 8.3103 9.8293 0
    endloop
  endfacet
  facet normal -0 0 1
    outer loop
      vertex 7.45058 6.73225 0
      vertex 9.36902 5.87811 0
      vertex 7.49371 6.84463 0
    endloop
  endfacet
  facet normal 0 0 1
    outer loop
      vertex 7.07595 8.13037 0
      vertex 8.3103 9.8293 0
      vertex 8.025 10.0146 0
    endloop
  endfacet
  facet normal 0 0 1
    outer loop
      vertex 9.36902 5.87811 0
      vertex 7.45058 6.73225 0
      vertex 9.21458 5.575 0
    endloop
  endfacet
  facet normal 0 0 1
    outer loop
      vertex 6.975 8.19593 0
      vertex 8.025 10.0146 0
      vertex 7.72189 10.169 0
    endloop
  endfacet
  facet normal -0 0 1
    outer loop
      vertex 7.39593 6.625 0
      vertex 9.21458 5.575 0
      vertex 7.45058 6.73225 0
    endloop
  endfacet
  facet normal 0 0 1
    outer loop
      vertex 9.21458 5.575 0
      vertex 7.39593 6.625 0
      vertex 9.0293 5.2897 0
    endloop
  endfacet
  facet normal 0 0 1
    outer loop
      vertex 9.6322 7.53972 0
      vertex 7.5437 7.32021 0
      vertex 7.55 7.2 0
    endloop
  endfacet
  facet normal 0 0 1
    outer loop
      vertex 9.57898 7.87571 0
      vertex 7.52487 7.4391 0
      vertex 7.5437 7.32021 0
    endloop
  endfacet
  facet normal 0 0 1
    outer loop
      vertex 9.49093 8.2043 0
      vertex 7.49371 7.55537 0
      vertex 7.52487 7.4391 0
    endloop
  endfacet
  facet normal 0 0 1
    outer loop
      vertex 9.36902 8.52189 0
      vertex 7.45058 7.66775 0
      vertex 7.49371 7.55537 0
    endloop
  endfacet
  facet normal 0 0 1
    outer loop
      vertex 6.86775 8.25058 0
      vertex 7.72189 10.169 0
      vertex 7.4043 10.2909 0
    endloop
  endfacet
  facet normal 0 0 1
    outer loop
      vertex 9.21458 8.825 0
      vertex 7.39593 7.775 0
      vertex 7.45058 7.66775 0
    endloop
  endfacet
  facet normal 0 0 1
    outer loop
      vertex 9.0293 9.1103 0
      vertex 7.33037 7.87595 0
      vertex 7.39593 7.775 0
    endloop
  endfacet
  facet normal 0 0 1
    outer loop
      vertex 8.81522 9.37467 0
      vertex 7.25462 7.9695 0
      vertex 7.33037 7.87595 0
    endloop
  endfacet
  facet normal 0 0 1
    outer loop
      vertex 8.57467 9.61522 0
      vertex 7.1695 8.05462 0
      vertex 7.25462 7.9695 0
    endloop
  endfacet
  facet normal 0 0 1
    outer loop
      vertex 8.3103 9.8293 0
      vertex 7.07595 8.13037 0
      vertex 7.1695 8.05462 0
    endloop
  endfacet
  facet normal 0 0 1
    outer loop
      vertex 6.75537 8.29371 0
      vertex 7.4043 10.2909 0
      vertex 7.07571 10.379 0
    endloop
  endfacet
  facet normal 0 0 1
    outer loop
      vertex 8.025 10.0146 0
      vertex 6.975 8.19593 0
      vertex 7.07595 8.13037 0
    endloop
  endfacet
  facet normal 0 0 1
    outer loop
      vertex 7.72189 10.169 0
      vertex 6.86775 8.25058 0
      vertex 6.975 8.19593 0
    endloop
  endfacet
  facet normal 0 0 1
    outer loop
      vertex 7.4043 10.2909 0
      vertex 6.75537 8.29371 0
      vertex 6.86775 8.25058 0
    endloop
  endfacet
  facet normal 0 0 1
    outer loop
      vertex 6.6391 8.32487 0
      vertex 7.07571 10.379 0
      vertex 6.73972 10.4322 0
    endloop
  endfacet
  facet normal 0 0 1
    outer loop
      vertex 7.07571 10.379 0
      vertex 6.6391 8.32487 0
      vertex 6.75537 8.29371 0
    endloop
  endfacet
  facet normal 0 0 1
    outer loop
      vertex 6.73972 10.4322 0
      vertex 6.52021 8.3437 0
      vertex 6.6391 8.32487 0
    endloop
  endfacet
  facet normal 0 0 1
    outer loop
      vertex 6.4 10.45 0
      vertex 6.52021 8.3437 0
      vertex 6.73972 10.4322 0
    endloop
  endfacet
  facet normal 0 0 1
    outer loop
      vertex 6.4 10.45 0
      vertex 6.4 8.35 0
      vertex 6.52021 8.3437 0
    endloop
  endfacet
  facet normal 0 0 1
    outer loop
      vertex 6.4 10.45 0
      vertex 6.27979 8.3437 0
      vertex 6.4 8.35 0
    endloop
  endfacet
  facet normal -0 0 1
    outer loop
      vertex 6.06028 10.4322 0
      vertex 6.27979 8.3437 0
      vertex 6.4 10.45 0
    endloop
  endfacet
  facet normal 0 0 1
    outer loop
      vertex 6.27979 8.3437 0
      vertex 6.06028 10.4322 0
      vertex 6.1609 8.32487 0
    endloop
  endfacet
  facet normal -0 0 1
    outer loop
      vertex 5.72429 10.379 0
      vertex 6.1609 8.32487 0
      vertex 6.06028 10.4322 0
    endloop
  endfacet
  facet normal 0 0 1
    outer loop
      vertex 6.1609 8.32487 0
      vertex 5.72429 10.379 0
      vertex 6.04463 8.29371 0
    endloop
  endfacet
  facet normal -0 0 1
    outer loop
      vertex 5.39569 10.2909 0
      vertex 6.04463 8.29371 0
      vertex 5.72429 10.379 0
    endloop
  endfacet
  facet normal 0 0 1
    outer loop
      vertex 6.04463 8.29371 0
      vertex 5.39569 10.2909 0
      vertex 5.93225 8.25058 0
    endloop
  endfacet
  facet normal -0 0 1
    outer loop
      vertex 5.0781 10.169 0
      vertex 5.93225 8.25058 0
      vertex 5.39569 10.2909 0
    endloop
  endfacet
  facet normal 0 0 1
    outer loop
      vertex 5.93225 8.25058 0
      vertex 5.0781 10.169 0
      vertex 5.825 8.19593 0
    endloop
  endfacet
  facet normal -0 0 1
    outer loop
      vertex 4.775 10.0146 0
      vertex 5.825 8.19593 0
      vertex 5.0781 10.169 0
    endloop
  endfacet
  facet normal 0 0 1
    outer loop
      vertex 5.825 8.19593 0
      vertex 4.775 10.0146 0
      vertex 5.72405 8.13037 0
    endloop
  endfacet
  facet normal -0 0 1
    outer loop
      vertex 4.4897 9.8293 0
      vertex 5.72405 8.13037 0
      vertex 4.775 10.0146 0
    endloop
  endfacet
  facet normal 0 0 1
    outer loop
      vertex 5.72405 8.13037 0
      vertex 4.4897 9.8293 0
      vertex 5.6305 8.05462 0
    endloop
  endfacet
  facet normal -0 0 1
    outer loop
      vertex 4.22532 9.61522 0
      vertex 5.6305 8.05462 0
      vertex 4.4897 9.8293 0
    endloop
  endfacet
  facet normal 0 0 1
    outer loop
      vertex 5.6305 8.05462 0
      vertex 4.22532 9.61522 0
      vertex 5.54538 7.9695 0
    endloop
  endfacet
  facet normal -0 0 1
    outer loop
      vertex 3.98478 9.37467 0
      vertex 5.54538 7.9695 0
      vertex 4.22532 9.61522 0
    endloop
  endfacet
  facet normal 0 0 1
    outer loop
      vertex 5.54538 7.9695 0
      vertex 3.98478 9.37467 0
      vertex 5.46963 7.87595 0
    endloop
  endfacet
  facet normal -0 0 1
    outer loop
      vertex 3.77069 9.1103 0
      vertex 5.46963 7.87595 0
      vertex 3.98478 9.37467 0
    endloop
  endfacet
  facet normal 0 0 1
    outer loop
      vertex 5.46963 7.87595 0
      vertex 3.77069 9.1103 0
      vertex 5.40407 7.775 0
    endloop
  endfacet
  facet normal -0 0 1
    outer loop
      vertex 7.33037 6.52405 0
      vertex 9.0293 5.2897 0
      vertex 7.39593 6.625 0
    endloop
  endfacet
  facet normal 0 0 1
    outer loop
      vertex 9.0293 5.2897 0
      vertex 7.33037 6.52405 0
      vertex 8.81522 5.02532 0
    endloop
  endfacet
  facet normal -0 0 1
    outer loop
      vertex 7.25462 6.4305 0
      vertex 8.81522 5.02532 0
      vertex 7.33037 6.52405 0
    endloop
  endfacet
  facet normal 0 0 1
    outer loop
      vertex 8.81522 5.02532 0
      vertex 7.25462 6.4305 0
      vertex 8.57467 4.78478 0
    endloop
  endfacet
  facet normal -0 0 1
    outer loop
      vertex 7.1695 6.34538 0
      vertex 8.57467 4.78478 0
      vertex 7.25462 6.4305 0
    endloop
  endfacet
  facet normal 0 0 1
    outer loop
      vertex 8.57467 4.78478 0
      vertex 7.1695 6.34538 0
      vertex 8.3103 4.57069 0
    endloop
  endfacet
  facet normal -0 0 1
    outer loop
      vertex 7.07595 6.26963 0
      vertex 8.3103 4.57069 0
      vertex 7.1695 6.34538 0
    endloop
  endfacet
  facet normal 0 0 1
    outer loop
      vertex 8.3103 4.57069 0
      vertex 7.07595 6.26963 0
      vertex 8.025 4.38542 0
    endloop
  endfacet
  facet normal -0 0 1
    outer loop
      vertex 6.975 6.20407 0
      vertex 8.025 4.38542 0
      vertex 7.07595 6.26963 0
    endloop
  endfacet
  facet normal 0 0 1
    outer loop
      vertex 8.025 4.38542 0
      vertex 6.975 6.20407 0
      vertex 7.72189 4.23098 0
    endloop
  endfacet
  facet normal -0 0 1
    outer loop
      vertex 6.86775 6.14942 0
      vertex 7.72189 4.23098 0
      vertex 6.975 6.20407 0
    endloop
  endfacet
  facet normal 0 0 1
    outer loop
      vertex 7.72189 4.23098 0
      vertex 6.86775 6.14942 0
      vertex 7.4043 4.10907 0
    endloop
  endfacet
  facet normal -0 0 1
    outer loop
      vertex 6.75537 6.10628 0
      vertex 7.4043 4.10907 0
      vertex 6.86775 6.14942 0
    endloop
  endfacet
  facet normal 0 0 1
    outer loop
      vertex 7.4043 4.10907 0
      vertex 6.75537 6.10628 0
      vertex 7.07571 4.02102 0
    endloop
  endfacet
  facet normal -0 0 1
    outer loop
      vertex 6.6391 6.07513 0
      vertex 7.07571 4.02102 0
      vertex 6.75537 6.10628 0
    endloop
  endfacet
  facet normal 0 0 1
    outer loop
      vertex 7.07571 4.02102 0
      vertex 6.6391 6.07513 0
      vertex 6.73972 3.9678 0
    endloop
  endfacet
  facet normal -0 0 1
    outer loop
      vertex 6.52021 6.0563 0
      vertex 6.73972 3.9678 0
      vertex 6.6391 6.07513 0
    endloop
  endfacet
  facet normal -0 0 1
    outer loop
      vertex 6.4 6.05 0
      vertex 6.73972 3.9678 0
      vertex 6.52021 6.0563 0
    endloop
  endfacet
  facet normal 0 0 1
    outer loop
      vertex 6.4 6.05 0
      vertex 6.4 3.95 0
      vertex 6.73972 3.9678 0
    endloop
  endfacet
  facet normal 0 0 1
    outer loop
      vertex 6.27979 6.0563 0
      vertex 6.4 3.95 0
      vertex 6.4 6.05 0
    endloop
  endfacet
  facet normal 0 0 1
    outer loop
      vertex 6.06028 3.9678 0
      vertex 6.27979 6.0563 0
      vertex 6.1609 6.07513 0
    endloop
  endfacet
  facet normal 0 0 1
    outer loop
      vertex 6.27979 6.0563 0
      vertex 6.06028 3.9678 0
      vertex 6.4 3.95 0
    endloop
  endfacet
  facet normal 0 0 1
    outer loop
      vertex 5.72429 4.02102 0
      vertex 6.1609 6.07513 0
      vertex 6.04463 6.10628 0
    endloop
  endfacet
  facet normal 0 0 1
    outer loop
      vertex 5.39569 4.10907 0
      vertex 6.04463 6.10628 0
      vertex 5.93225 6.14942 0
    endloop
  endfacet
  facet normal 0 0 1
    outer loop
      vertex 5.0781 4.23098 0
      vertex 5.93225 6.14942 0
      vertex 5.825 6.20407 0
    endloop
  endfacet
  facet normal 0 0 1
    outer loop
      vertex 6.1609 6.07513 0
      vertex 5.72429 4.02102 0
      vertex 6.06028 3.9678 0
    endloop
  endfacet
  facet normal 0 0 1
    outer loop
      vertex 4.775 4.38542 0
      vertex 5.825 6.20407 0
      vertex 5.72405 6.26963 0
    endloop
  endfacet
  facet normal 0 0 1
    outer loop
      vertex 4.4897 4.57069 0
      vertex 5.72405 6.26963 0
      vertex 5.6305 6.34538 0
    endloop
  endfacet
  facet normal 0 0 1
    outer loop
      vertex 4.22532 4.78478 0
      vertex 5.6305 6.34538 0
      vertex 5.54538 6.4305 0
    endloop
  endfacet
  facet normal 0 0 1
    outer loop
      vertex 3.98478 5.02532 0
      vertex 5.54538 6.4305 0
      vertex 5.46963 6.52405 0
    endloop
  endfacet
  facet normal 0 0 1
    outer loop
      vertex 3.77069 5.2897 0
      vertex 5.46963 6.52405 0
      vertex 5.40407 6.625 0
    endloop
  endfacet
  facet normal 0 0 1
    outer loop
      vertex 6.04463 6.10628 0
      vertex 5.39569 4.10907 0
      vertex 5.72429 4.02102 0
    endloop
  endfacet
  facet normal 0 0 1
    outer loop
      vertex 3.58542 5.575 0
      vertex 5.40407 6.625 0
      vertex 5.34942 6.73225 0
    endloop
  endfacet
  facet normal 0 0 1
    outer loop
      vertex 3.43098 5.87811 0
      vertex 5.34942 6.73225 0
      vertex 5.30628 6.84463 0
    endloop
  endfacet
  facet normal 0 0 1
    outer loop
      vertex 3.30907 6.19569 0
      vertex 5.30628 6.84463 0
      vertex 5.27513 6.9609 0
    endloop
  endfacet
  facet normal 0 0 1
    outer loop
      vertex 3.22102 6.52429 0
      vertex 5.27513 6.9609 0
      vertex 5.2563 7.07979 0
    endloop
  endfacet
  facet normal 0 0 1
    outer loop
      vertex 3.1678 6.86028 0
      vertex 5.2563 7.07979 0
      vertex 5.25 7.2 0
    endloop
  endfacet
  facet normal -0 0 1
    outer loop
      vertex 3.58542 8.825 0
      vertex 5.40407 7.775 0
      vertex 3.77069 9.1103 0
    endloop
  endfacet
  facet normal 0 0 1
    outer loop
      vertex 5.93225 6.14942 0
      vertex 5.0781 4.23098 0
      vertex 5.39569 4.10907 0
    endloop
  endfacet
  facet normal 0 0 1
    outer loop
      vertex 5.40407 7.775 0
      vertex 3.58542 8.825 0
      vertex 5.34942 7.66775 0
    endloop
  endfacet
  facet normal 0 0 1
    outer loop
      vertex 5.825 6.20407 0
      vertex 4.775 4.38542 0
      vertex 5.0781 4.23098 0
    endloop
  endfacet
  facet normal -0 0 1
    outer loop
      vertex 3.43098 8.52189 0
      vertex 5.34942 7.66775 0
      vertex 3.58542 8.825 0
    endloop
  endfacet
  facet normal 0 0 1
    outer loop
      vertex 5.72405 6.26963 0
      vertex 4.4897 4.57069 0
      vertex 4.775 4.38542 0
    endloop
  endfacet
  facet normal 0 0 1
    outer loop
      vertex 5.34942 7.66775 0
      vertex 3.43098 8.52189 0
      vertex 5.30628 7.55537 0
    endloop
  endfacet
  facet normal 0 0 1
    outer loop
      vertex 5.6305 6.34538 0
      vertex 4.22532 4.78478 0
      vertex 4.4897 4.57069 0
    endloop
  endfacet
  facet normal -0 0 1
    outer loop
      vertex 3.30907 8.2043 0
      vertex 5.30628 7.55537 0
      vertex 3.43098 8.52189 0
    endloop
  endfacet
  facet normal 0 0 1
    outer loop
      vertex 5.54538 6.4305 0
      vertex 3.98478 5.02532 0
      vertex 4.22532 4.78478 0
    endloop
  endfacet
  facet normal 0 0 1
    outer loop
      vertex 5.30628 7.55537 0
      vertex 3.30907 8.2043 0
      vertex 5.27513 7.4391 0
    endloop
  endfacet
  facet normal 0 0 1
    outer loop
      vertex 5.46963 6.52405 0
      vertex 3.77069 5.2897 0
      vertex 3.98478 5.02532 0
    endloop
  endfacet
  facet normal -0 0 1
    outer loop
      vertex 3.22102 7.87571 0
      vertex 5.27513 7.4391 0
      vertex 3.30907 8.2043 0
    endloop
  endfacet
  facet normal 0 0 1
    outer loop
      vertex 5.40407 6.625 0
      vertex 3.58542 5.575 0
      vertex 3.77069 5.2897 0
    endloop
  endfacet
  facet normal 0 0 1
    outer loop
      vertex 5.27513 7.4391 0
      vertex 3.22102 7.87571 0
      vertex 5.2563 7.32021 0
    endloop
  endfacet
  facet normal 0 0 1
    outer loop
      vertex 5.34942 6.73225 0
      vertex 3.43098 5.87811 0
      vertex 3.58542 5.575 0
    endloop
  endfacet
  facet normal -0 0 1
    outer loop
      vertex 3.1678 7.53972 0
      vertex 5.2563 7.32021 0
      vertex 3.22102 7.87571 0
    endloop
  endfacet
  facet normal 0 0 1
    outer loop
      vertex 5.30628 6.84463 0
      vertex 3.30907 6.19569 0
      vertex 3.43098 5.87811 0
    endloop
  endfacet
  facet normal 0 0 1
    outer loop
      vertex 5.2563 7.32021 0
      vertex 3.1678 7.53972 0
      vertex 5.25 7.2 0
    endloop
  endfacet
  facet normal 0 0 1
    outer loop
      vertex 5.27513 6.9609 0
      vertex 3.22102 6.52429 0
      vertex 3.30907 6.19569 0
    endloop
  endfacet
  facet normal 0 0 1
    outer loop
      vertex 3.15 7.2 0
      vertex 5.25 7.2 0
      vertex 3.1678 7.53972 0
    endloop
  endfacet
  facet normal 0 0 1
    outer loop
      vertex 5.2563 7.07979 0
      vertex 3.1678 6.86028 0
      vertex 3.22102 6.52429 0
    endloop
  endfacet
  facet normal 0 0 1
    outer loop
      vertex 5.25 7.2 0
      vertex 3.15 7.2 0
      vertex 3.1678 6.86028 0
    endloop
  endfacet
  facet normal 0 0 1
    outer loop
      vertex 7.55 70.1 0
      vertex 9.65 70.1 0
      vertex 9.6322 70.4397 0
    endloop
  endfacet
  facet normal 0 0 1
    outer loop
      vertex 7.5437 70.2202 0
      vertex 9.6322 70.4397 0
      vertex 9.57898 70.7757 0
    endloop
  endfacet
  facet normal 0 0 1
    outer loop
      vertex 9.65 70.1 0
      vertex 7.55 70.1 0
      vertex 9.6322 69.7603 0
    endloop
  endfacet
  facet normal 0 0 1
    outer loop
      vertex 7.52487 70.3391 0
      vertex 9.57898 70.7757 0
      vertex 9.49093 71.1043 0
    endloop
  endfacet
  facet normal -0 0 1
    outer loop
      vertex 7.5437 69.9798 0
      vertex 9.6322 69.7603 0
      vertex 7.55 70.1 0
    endloop
  endfacet
  facet normal 0 0 1
    outer loop
      vertex 7.49371 70.4554 0
      vertex 9.49093 71.1043 0
      vertex 9.36902 71.4219 0
    endloop
  endfacet
  facet normal 0 0 1
    outer loop
      vertex 9.6322 69.7603 0
      vertex 7.5437 69.9798 0
      vertex 9.57898 69.4243 0
    endloop
  endfacet
  facet normal 0 0 1
    outer loop
      vertex 7.45058 70.5677 0
      vertex 9.36902 71.4219 0
      vertex 9.21458 71.725 0
    endloop
  endfacet
  facet normal -0 0 1
    outer loop
      vertex 7.52487 69.8609 0
      vertex 9.57898 69.4243 0
      vertex 7.5437 69.9798 0
    endloop
  endfacet
  facet normal 0 0 1
    outer loop
      vertex 7.39593 70.675 0
      vertex 9.21458 71.725 0
      vertex 9.0293 72.0103 0
    endloop
  endfacet
  facet normal 0 0 1
    outer loop
      vertex 9.57898 69.4243 0
      vertex 7.52487 69.8609 0
      vertex 9.49093 69.0957 0
    endloop
  endfacet
  facet normal 0 0 1
    outer loop
      vertex 7.33037 70.776 0
      vertex 9.0293 72.0103 0
      vertex 8.81522 72.2747 0
    endloop
  endfacet
  facet normal -0 0 1
    outer loop
      vertex 7.49371 69.7446 0
      vertex 9.49093 69.0957 0
      vertex 7.52487 69.8609 0
    endloop
  endfacet
  facet normal 0 0 1
    outer loop
      vertex 7.25462 70.8695 0
      vertex 8.81522 72.2747 0
      vertex 8.57467 72.5152 0
    endloop
  endfacet
  facet normal 0 0 1
    outer loop
      vertex 9.49093 69.0957 0
      vertex 7.49371 69.7446 0
      vertex 9.36902 68.7781 0
    endloop
  endfacet
  facet normal 0 0 1
    outer loop
      vertex 7.1695 70.9546 0
      vertex 8.57467 72.5152 0
      vertex 8.3103 72.7293 0
    endloop
  endfacet
  facet normal -0 0 1
    outer loop
      vertex 7.45058 69.6323 0
      vertex 9.36902 68.7781 0
      vertex 7.49371 69.7446 0
    endloop
  endfacet
  facet normal 0 0 1
    outer loop
      vertex 7.07595 71.0304 0
      vertex 8.3103 72.7293 0
      vertex 8.025 72.9146 0
    endloop
  endfacet
  facet normal 0 0 1
    outer loop
      vertex 9.36902 68.7781 0
      vertex 7.45058 69.6323 0
      vertex 9.21458 68.475 0
    endloop
  endfacet
  facet normal 0 0 1
    outer loop
      vertex 6.975 71.0959 0
      vertex 8.025 72.9146 0
      vertex 7.72189 73.069 0
    endloop
  endfacet
  facet normal -0 0 1
    outer loop
      vertex 7.39593 69.525 0
      vertex 9.21458 68.475 0
      vertex 7.45058 69.6323 0
    endloop
  endfacet
  facet normal 0 0 1
    outer loop
      vertex 9.21458 68.475 0
      vertex 7.39593 69.525 0
      vertex 9.0293 68.1897 0
    endloop
  endfacet
  facet normal 0 0 1
    outer loop
      vertex 9.6322 70.4397 0
      vertex 7.5437 70.2202 0
      vertex 7.55 70.1 0
    endloop
  endfacet
  facet normal 0 0 1
    outer loop
      vertex 9.57898 70.7757 0
      vertex 7.52487 70.3391 0
      vertex 7.5437 70.2202 0
    endloop
  endfacet
  facet normal 0 0 1
    outer loop
      vertex 9.49093 71.1043 0
      vertex 7.49371 70.4554 0
      vertex 7.52487 70.3391 0
    endloop
  endfacet
  facet normal 0 0 1
    outer loop
      vertex 9.36902 71.4219 0
      vertex 7.45058 70.5677 0
      vertex 7.49371 70.4554 0
    endloop
  endfacet
  facet normal 0 0 1
    outer loop
      vertex 6.86775 71.1506 0
      vertex 7.72189 73.069 0
      vertex 7.4043 73.1909 0
    endloop
  endfacet
  facet normal 0 0 1
    outer loop
      vertex 9.21458 71.725 0
      vertex 7.39593 70.675 0
      vertex 7.45058 70.5677 0
    endloop
  endfacet
  facet normal 0 0 1
    outer loop
      vertex 9.0293 72.0103 0
      vertex 7.33037 70.776 0
      vertex 7.39593 70.675 0
    endloop
  endfacet
  facet normal 0 0 1
    outer loop
      vertex 8.81522 72.2747 0
      vertex 7.25462 70.8695 0
      vertex 7.33037 70.776 0
    endloop
  endfacet
  facet normal 0 0 1
    outer loop
      vertex 8.57467 72.5152 0
      vertex 7.1695 70.9546 0
      vertex 7.25462 70.8695 0
    endloop
  endfacet
  facet normal 0 0 1
    outer loop
      vertex 8.3103 72.7293 0
      vertex 7.07595 71.0304 0
      vertex 7.1695 70.9546 0
    endloop
  endfacet
  facet normal 0 0 1
    outer loop
      vertex 6.75537 71.1937 0
      vertex 7.4043 73.1909 0
      vertex 7.07571 73.279 0
    endloop
  endfacet
  facet normal 0 0 1
    outer loop
      vertex 8.025 72.9146 0
      vertex 6.975 71.0959 0
      vertex 7.07595 71.0304 0
    endloop
  endfacet
  facet normal 0 0 1
    outer loop
      vertex 7.72189 73.069 0
      vertex 6.86775 71.1506 0
      vertex 6.975 71.0959 0
    endloop
  endfacet
  facet normal 0 0 1
    outer loop
      vertex 7.4043 73.1909 0
      vertex 6.75537 71.1937 0
      vertex 6.86775 71.1506 0
    endloop
  endfacet
  facet normal 0 0 1
    outer loop
      vertex 6.6391 71.2249 0
      vertex 7.07571 73.279 0
      vertex 6.73972 73.3322 0
    endloop
  endfacet
  facet normal 0 0 1
    outer loop
      vertex 7.07571 73.279 0
      vertex 6.6391 71.2249 0
      vertex 6.75537 71.1937 0
    endloop
  endfacet
  facet normal 0 0 1
    outer loop
      vertex 6.73972 73.3322 0
      vertex 6.52021 71.2437 0
      vertex 6.6391 71.2249 0
    endloop
  endfacet
  facet normal 0 0 1
    outer loop
      vertex 6.4 73.35 0
      vertex 6.52021 71.2437 0
      vertex 6.73972 73.3322 0
    endloop
  endfacet
  facet normal 0 0 1
    outer loop
      vertex 6.4 73.35 0
      vertex 6.4 71.25 0
      vertex 6.52021 71.2437 0
    endloop
  endfacet
  facet normal 0 0 1
    outer loop
      vertex 6.4 73.35 0
      vertex 6.27979 71.2437 0
      vertex 6.4 71.25 0
    endloop
  endfacet
  facet normal -0 0 1
    outer loop
      vertex 6.06028 73.3322 0
      vertex 6.27979 71.2437 0
      vertex 6.4 73.35 0
    endloop
  endfacet
  facet normal 0 0 1
    outer loop
      vertex 6.27979 71.2437 0
      vertex 6.06028 73.3322 0
      vertex 6.1609 71.2249 0
    endloop
  endfacet
  facet normal -0 0 1
    outer loop
      vertex 5.72429 73.279 0
      vertex 6.1609 71.2249 0
      vertex 6.06028 73.3322 0
    endloop
  endfacet
  facet normal 0 0 1
    outer loop
      vertex 6.1609 71.2249 0
      vertex 5.72429 73.279 0
      vertex 6.04463 71.1937 0
    endloop
  endfacet
  facet normal -0 0 1
    outer loop
      vertex 5.39569 73.1909 0
      vertex 6.04463 71.1937 0
      vertex 5.72429 73.279 0
    endloop
  endfacet
  facet normal 0 0 1
    outer loop
      vertex 6.04463 71.1937 0
      vertex 5.39569 73.1909 0
      vertex 5.93225 71.1506 0
    endloop
  endfacet
  facet normal -0 0 1
    outer loop
      vertex 5.0781 73.069 0
      vertex 5.93225 71.1506 0
      vertex 5.39569 73.1909 0
    endloop
  endfacet
  facet normal 0 0 1
    outer loop
      vertex 5.93225 71.1506 0
      vertex 5.0781 73.069 0
      vertex 5.825 71.0959 0
    endloop
  endfacet
  facet normal -0 0 1
    outer loop
      vertex 4.775 72.9146 0
      vertex 5.825 71.0959 0
      vertex 5.0781 73.069 0
    endloop
  endfacet
  facet normal 0 0 1
    outer loop
      vertex 5.825 71.0959 0
      vertex 4.775 72.9146 0
      vertex 5.72405 71.0304 0
    endloop
  endfacet
  facet normal -0 0 1
    outer loop
      vertex 4.4897 72.7293 0
      vertex 5.72405 71.0304 0
      vertex 4.775 72.9146 0
    endloop
  endfacet
  facet normal 0 0 1
    outer loop
      vertex 5.72405 71.0304 0
      vertex 4.4897 72.7293 0
      vertex 5.6305 70.9546 0
    endloop
  endfacet
  facet normal -0 0 1
    outer loop
      vertex 4.22532 72.5152 0
      vertex 5.6305 70.9546 0
      vertex 4.4897 72.7293 0
    endloop
  endfacet
  facet normal 0 0 1
    outer loop
      vertex 5.6305 70.9546 0
      vertex 4.22532 72.5152 0
      vertex 5.54538 70.8695 0
    endloop
  endfacet
  facet normal -0 0 1
    outer loop
      vertex 3.98478 72.2747 0
      vertex 5.54538 70.8695 0
      vertex 4.22532 72.5152 0
    endloop
  endfacet
  facet normal 0 0 1
    outer loop
      vertex 5.54538 70.8695 0
      vertex 3.98478 72.2747 0
      vertex 5.46963 70.776 0
    endloop
  endfacet
  facet normal -0 0 1
    outer loop
      vertex 3.77069 72.0103 0
      vertex 5.46963 70.776 0
      vertex 3.98478 72.2747 0
    endloop
  endfacet
  facet normal 0 0 1
    outer loop
      vertex 5.46963 70.776 0
      vertex 3.77069 72.0103 0
      vertex 5.40407 70.675 0
    endloop
  endfacet
  facet normal -0 0 1
    outer loop
      vertex 7.33037 69.424 0
      vertex 9.0293 68.1897 0
      vertex 7.39593 69.525 0
    endloop
  endfacet
  facet normal 0 0 1
    outer loop
      vertex 9.0293 68.1897 0
      vertex 7.33037 69.424 0
      vertex 8.81522 67.9253 0
    endloop
  endfacet
  facet normal -0 0 1
    outer loop
      vertex 7.25462 69.3305 0
      vertex 8.81522 67.9253 0
      vertex 7.33037 69.424 0
    endloop
  endfacet
  facet normal 0 0 1
    outer loop
      vertex 8.81522 67.9253 0
      vertex 7.25462 69.3305 0
      vertex 8.57467 67.6848 0
    endloop
  endfacet
  facet normal -0 0 1
    outer loop
      vertex 7.1695 69.2454 0
      vertex 8.57467 67.6848 0
      vertex 7.25462 69.3305 0
    endloop
  endfacet
  facet normal 0 0 1
    outer loop
      vertex 8.57467 67.6848 0
      vertex 7.1695 69.2454 0
      vertex 8.3103 67.4707 0
    endloop
  endfacet
  facet normal -0 0 1
    outer loop
      vertex 7.07595 69.1696 0
      vertex 8.3103 67.4707 0
      vertex 7.1695 69.2454 0
    endloop
  endfacet
  facet normal 0 0 1
    outer loop
      vertex 8.3103 67.4707 0
      vertex 7.07595 69.1696 0
      vertex 8.025 67.2854 0
    endloop
  endfacet
  facet normal -0 0 1
    outer loop
      vertex 6.975 69.1041 0
      vertex 8.025 67.2854 0
      vertex 7.07595 69.1696 0
    endloop
  endfacet
  facet normal 0 0 1
    outer loop
      vertex 8.025 67.2854 0
      vertex 6.975 69.1041 0
      vertex 7.72189 67.131 0
    endloop
  endfacet
  facet normal -0 0 1
    outer loop
      vertex 6.86775 69.0494 0
      vertex 7.72189 67.131 0
      vertex 6.975 69.1041 0
    endloop
  endfacet
  facet normal 0 0 1
    outer loop
      vertex 7.72189 67.131 0
      vertex 6.86775 69.0494 0
      vertex 7.4043 67.0091 0
    endloop
  endfacet
  facet normal -0 0 1
    outer loop
      vertex 6.75537 69.0063 0
      vertex 7.4043 67.0091 0
      vertex 6.86775 69.0494 0
    endloop
  endfacet
  facet normal 0 0 1
    outer loop
      vertex 7.4043 67.0091 0
      vertex 6.75537 69.0063 0
      vertex 7.07571 66.921 0
    endloop
  endfacet
  facet normal -0 0 1
    outer loop
      vertex 6.6391 68.9751 0
      vertex 7.07571 66.921 0
      vertex 6.75537 69.0063 0
    endloop
  endfacet
  facet normal 0 0 1
    outer loop
      vertex 7.07571 66.921 0
      vertex 6.6391 68.9751 0
      vertex 6.73972 66.8678 0
    endloop
  endfacet
  facet normal -0 0 1
    outer loop
      vertex 6.52021 68.9563 0
      vertex 6.73972 66.8678 0
      vertex 6.6391 68.9751 0
    endloop
  endfacet
  facet normal -0 0 1
    outer loop
      vertex 6.4 68.95 0
      vertex 6.73972 66.8678 0
      vertex 6.52021 68.9563 0
    endloop
  endfacet
  facet normal 0 0 1
    outer loop
      vertex 6.4 68.95 0
      vertex 6.4 66.85 0
      vertex 6.73972 66.8678 0
    endloop
  endfacet
  facet normal 0 0 1
    outer loop
      vertex 6.27979 68.9563 0
      vertex 6.4 66.85 0
      vertex 6.4 68.95 0
    endloop
  endfacet
  facet normal 0 0 1
    outer loop
      vertex 6.06028 66.8678 0
      vertex 6.27979 68.9563 0
      vertex 6.1609 68.9751 0
    endloop
  endfacet
  facet normal 0 0 1
    outer loop
      vertex 6.27979 68.9563 0
      vertex 6.06028 66.8678 0
      vertex 6.4 66.85 0
    endloop
  endfacet
  facet normal 0 0 1
    outer loop
      vertex 5.72429 66.921 0
      vertex 6.1609 68.9751 0
      vertex 6.04463 69.0063 0
    endloop
  endfacet
  facet normal 0 0 1
    outer loop
      vertex 5.39569 67.0091 0
      vertex 6.04463 69.0063 0
      vertex 5.93225 69.0494 0
    endloop
  endfacet
  facet normal 0 0 1
    outer loop
      vertex 5.0781 67.131 0
      vertex 5.93225 69.0494 0
      vertex 5.825 69.1041 0
    endloop
  endfacet
  facet normal 0 0 1
    outer loop
      vertex 6.1609 68.9751 0
      vertex 5.72429 66.921 0
      vertex 6.06028 66.8678 0
    endloop
  endfacet
  facet normal 0 0 1
    outer loop
      vertex 4.775 67.2854 0
      vertex 5.825 69.1041 0
      vertex 5.72405 69.1696 0
    endloop
  endfacet
  facet normal 0 0 1
    outer loop
      vertex 4.4897 67.4707 0
      vertex 5.72405 69.1696 0
      vertex 5.6305 69.2454 0
    endloop
  endfacet
  facet normal 0 0 1
    outer loop
      vertex 4.22532 67.6848 0
      vertex 5.6305 69.2454 0
      vertex 5.54538 69.3305 0
    endloop
  endfacet
  facet normal 0 0 1
    outer loop
      vertex 3.98478 67.9253 0
      vertex 5.54538 69.3305 0
      vertex 5.46963 69.424 0
    endloop
  endfacet
  facet normal 0 0 1
    outer loop
      vertex 3.77069 68.1897 0
      vertex 5.46963 69.424 0
      vertex 5.40407 69.525 0
    endloop
  endfacet
  facet normal 0 0 1
    outer loop
      vertex 6.04463 69.0063 0
      vertex 5.39569 67.0091 0
      vertex 5.72429 66.921 0
    endloop
  endfacet
  facet normal 0 0 1
    outer loop
      vertex 3.58542 68.475 0
      vertex 5.40407 69.525 0
      vertex 5.34942 69.6323 0
    endloop
  endfacet
  facet normal 0 0 1
    outer loop
      vertex 3.43098 68.7781 0
      vertex 5.34942 69.6323 0
      vertex 5.30628 69.7446 0
    endloop
  endfacet
  facet normal 0 0 1
    outer loop
      vertex 3.30907 69.0957 0
      vertex 5.30628 69.7446 0
      vertex 5.27513 69.8609 0
    endloop
  endfacet
  facet normal 0 0 1
    outer loop
      vertex 3.22102 69.4243 0
      vertex 5.27513 69.8609 0
      vertex 5.2563 69.9798 0
    endloop
  endfacet
  facet normal 0 0 1
    outer loop
      vertex 3.1678 69.7603 0
      vertex 5.2563 69.9798 0
      vertex 5.25 70.1 0
    endloop
  endfacet
  facet normal -0 0 1
    outer loop
      vertex 3.58542 71.725 0
      vertex 5.40407 70.675 0
      vertex 3.77069 72.0103 0
    endloop
  endfacet
  facet normal 0 0 1
    outer loop
      vertex 5.93225 69.0494 0
      vertex 5.0781 67.131 0
      vertex 5.39569 67.0091 0
    endloop
  endfacet
  facet normal 0 0 1
    outer loop
      vertex 5.40407 70.675 0
      vertex 3.58542 71.725 0
      vertex 5.34942 70.5677 0
    endloop
  endfacet
  facet normal 0 0 1
    outer loop
      vertex 5.825 69.1041 0
      vertex 4.775 67.2854 0
      vertex 5.0781 67.131 0
    endloop
  endfacet
  facet normal -0 0 1
    outer loop
      vertex 3.43098 71.4219 0
      vertex 5.34942 70.5677 0
      vertex 3.58542 71.725 0
    endloop
  endfacet
  facet normal 0 0 1
    outer loop
      vertex 5.72405 69.1696 0
      vertex 4.4897 67.4707 0
      vertex 4.775 67.2854 0
    endloop
  endfacet
  facet normal 0 0 1
    outer loop
      vertex 5.34942 70.5677 0
      vertex 3.43098 71.4219 0
      vertex 5.30628 70.4554 0
    endloop
  endfacet
  facet normal 0 0 1
    outer loop
      vertex 5.6305 69.2454 0
      vertex 4.22532 67.6848 0
      vertex 4.4897 67.4707 0
    endloop
  endfacet
  facet normal -0 0 1
    outer loop
      vertex 3.30907 71.1043 0
      vertex 5.30628 70.4554 0
      vertex 3.43098 71.4219 0
    endloop
  endfacet
  facet normal 0 0 1
    outer loop
      vertex 5.54538 69.3305 0
      vertex 3.98478 67.9253 0
      vertex 4.22532 67.6848 0
    endloop
  endfacet
  facet normal 0 0 1
    outer loop
      vertex 5.30628 70.4554 0
      vertex 3.30907 71.1043 0
      vertex 5.27513 70.3391 0
    endloop
  endfacet
  facet normal 0 0 1
    outer loop
      vertex 5.46963 69.424 0
      vertex 3.77069 68.1897 0
      vertex 3.98478 67.9253 0
    endloop
  endfacet
  facet normal -0 0 1
    outer loop
      vertex 3.22102 70.7757 0
      vertex 5.27513 70.3391 0
      vertex 3.30907 71.1043 0
    endloop
  endfacet
  facet normal 0 0 1
    outer loop
      vertex 5.40407 69.525 0
      vertex 3.58542 68.475 0
      vertex 3.77069 68.1897 0
    endloop
  endfacet
  facet normal 0 0 1
    outer loop
      vertex 5.27513 70.3391 0
      vertex 3.22102 70.7757 0
      vertex 5.2563 70.2202 0
    endloop
  endfacet
  facet normal 0 0 1
    outer loop
      vertex 5.34942 69.6323 0
      vertex 3.43098 68.7781 0
      vertex 3.58542 68.475 0
    endloop
  endfacet
  facet normal -0 0 1
    outer loop
      vertex 3.1678 70.4397 0
      vertex 5.2563 70.2202 0
      vertex 3.22102 70.7757 0
    endloop
  endfacet
  facet normal 0 0 1
    outer loop
      vertex 5.30628 69.7446 0
      vertex 3.30907 69.0957 0
      vertex 3.43098 68.7781 0
    endloop
  endfacet
  facet normal 0 0 1
    outer loop
      vertex 5.2563 70.2202 0
      vertex 3.1678 70.4397 0
      vertex 5.25 70.1 0
    endloop
  endfacet
  facet normal 0 0 1
    outer loop
      vertex 5.27513 69.8609 0
      vertex 3.22102 69.4243 0
      vertex 3.30907 69.0957 0
    endloop
  endfacet
  facet normal 0 0 1
    outer loop
      vertex 3.15 70.1 0
      vertex 5.25 70.1 0
      vertex 3.1678 70.4397 0
    endloop
  endfacet
  facet normal 0 0 1
    outer loop
      vertex 5.2563 69.9798 0
      vertex 3.1678 69.7603 0
      vertex 3.22102 69.4243 0
    endloop
  endfacet
  facet normal 0 0 1
    outer loop
      vertex 5.25 70.1 0
      vertex 3.15 70.1 0
      vertex 3.1678 69.7603 0
    endloop
  endfacet
  facet normal 0 0 1
    outer loop
      vertex 98.75 70.1 0
      vertex 100.85 70.1 0
      vertex 100.832 70.4397 0
    endloop
  endfacet
  facet normal 0 0 1
    outer loop
      vertex 98.7437 70.2202 0
      vertex 100.832 70.4397 0
      vertex 100.779 70.7757 0
    endloop
  endfacet
  facet normal 0 0 1
    outer loop
      vertex 100.85 70.1 0
      vertex 98.75 70.1 0
      vertex 100.832 69.7603 0
    endloop
  endfacet
  facet normal 0 0 1
    outer loop
      vertex 98.7249 70.3391 0
      vertex 100.779 70.7757 0
      vertex 100.691 71.1043 0
    endloop
  endfacet
  facet normal -0 0 1
    outer loop
      vertex 98.7437 69.9798 0
      vertex 100.832 69.7603 0
      vertex 98.75 70.1 0
    endloop
  endfacet
  facet normal 0 0 1
    outer loop
      vertex 98.6937 70.4554 0
      vertex 100.691 71.1043 0
      vertex 100.569 71.4219 0
    endloop
  endfacet
  facet normal 0 0 1
    outer loop
      vertex 100.832 69.7603 0
      vertex 98.7437 69.9798 0
      vertex 100.779 69.4243 0
    endloop
  endfacet
  facet normal 0 0 1
    outer loop
      vertex 98.6506 70.5677 0
      vertex 100.569 71.4219 0
      vertex 100.415 71.725 0
    endloop
  endfacet
  facet normal -0 0 1
    outer loop
      vertex 98.7249 69.8609 0
      vertex 100.779 69.4243 0
      vertex 98.7437 69.9798 0
    endloop
  endfacet
  facet normal 0 0 1
    outer loop
      vertex 98.5959 70.675 0
      vertex 100.415 71.725 0
      vertex 100.229 72.0103 0
    endloop
  endfacet
  facet normal 0 0 1
    outer loop
      vertex 100.779 69.4243 0
      vertex 98.7249 69.8609 0
      vertex 100.691 69.0957 0
    endloop
  endfacet
  facet normal 0 0 1
    outer loop
      vertex 98.5304 70.776 0
      vertex 100.229 72.0103 0
      vertex 100.015 72.2747 0
    endloop
  endfacet
  facet normal -0 0 1
    outer loop
      vertex 98.6937 69.7446 0
      vertex 100.691 69.0957 0
      vertex 98.7249 69.8609 0
    endloop
  endfacet
  facet normal 0 0 1
    outer loop
      vertex 98.4546 70.8695 0
      vertex 100.015 72.2747 0
      vertex 99.7747 72.5152 0
    endloop
  endfacet
  facet normal 0 0 1
    outer loop
      vertex 100.691 69.0957 0
      vertex 98.6937 69.7446 0
      vertex 100.569 68.7781 0
    endloop
  endfacet
  facet normal 0 0 1
    outer loop
      vertex 98.3695 70.9546 0
      vertex 99.7747 72.5152 0
      vertex 99.5103 72.7293 0
    endloop
  endfacet
  facet normal -0 0 1
    outer loop
      vertex 98.6506 69.6323 0
      vertex 100.569 68.7781 0
      vertex 98.6937 69.7446 0
    endloop
  endfacet
  facet normal 0 0 1
    outer loop
      vertex 98.276 71.0304 0
      vertex 99.5103 72.7293 0
      vertex 99.225 72.9146 0
    endloop
  endfacet
  facet normal 0 0 1
    outer loop
      vertex 100.569 68.7781 0
      vertex 98.6506 69.6323 0
      vertex 100.415 68.475 0
    endloop
  endfacet
  facet normal 0 0 1
    outer loop
      vertex 98.175 71.0959 0
      vertex 99.225 72.9146 0
      vertex 98.9219 73.069 0
    endloop
  endfacet
  facet normal -0 0 1
    outer loop
      vertex 98.5959 69.525 0
      vertex 100.415 68.475 0
      vertex 98.6506 69.6323 0
    endloop
  endfacet
  facet normal 0 0 1
    outer loop
      vertex 100.415 68.475 0
      vertex 98.5959 69.525 0
      vertex 100.229 68.1897 0
    endloop
  endfacet
  facet normal 0 0 1
    outer loop
      vertex 100.832 70.4397 0
      vertex 98.7437 70.2202 0
      vertex 98.75 70.1 0
    endloop
  endfacet
  facet normal 0 0 1
    outer loop
      vertex 100.779 70.7757 0
      vertex 98.7249 70.3391 0
      vertex 98.7437 70.2202 0
    endloop
  endfacet
  facet normal 0 0 1
    outer loop
      vertex 100.691 71.1043 0
      vertex 98.6937 70.4554 0
      vertex 98.7249 70.3391 0
    endloop
  endfacet
  facet normal 0 0 1
    outer loop
      vertex 100.569 71.4219 0
      vertex 98.6506 70.5677 0
      vertex 98.6937 70.4554 0
    endloop
  endfacet
  facet normal 0 0 1
    outer loop
      vertex 98.0677 71.1506 0
      vertex 98.9219 73.069 0
      vertex 98.6043 73.1909 0
    endloop
  endfacet
  facet normal 0 0 1
    outer loop
      vertex 100.415 71.725 0
      vertex 98.5959 70.675 0
      vertex 98.6506 70.5677 0
    endloop
  endfacet
  facet normal 0 0 1
    outer loop
      vertex 100.229 72.0103 0
      vertex 98.5304 70.776 0
      vertex 98.5959 70.675 0
    endloop
  endfacet
  facet normal 0 0 1
    outer loop
      vertex 100.015 72.2747 0
      vertex 98.4546 70.8695 0
      vertex 98.5304 70.776 0
    endloop
  endfacet
  facet normal 0 0 1
    outer loop
      vertex 99.7747 72.5152 0
      vertex 98.3695 70.9546 0
      vertex 98.4546 70.8695 0
    endloop
  endfacet
  facet normal 0 0 1
    outer loop
      vertex 99.5103 72.7293 0
      vertex 98.276 71.0304 0
      vertex 98.3695 70.9546 0
    endloop
  endfacet
  facet normal 0 0 1
    outer loop
      vertex 97.9554 71.1937 0
      vertex 98.6043 73.1909 0
      vertex 98.2757 73.279 0
    endloop
  endfacet
  facet normal 0 0 1
    outer loop
      vertex 99.225 72.9146 0
      vertex 98.175 71.0959 0
      vertex 98.276 71.0304 0
    endloop
  endfacet
  facet normal 0 0 1
    outer loop
      vertex 98.9219 73.069 0
      vertex 98.0677 71.1506 0
      vertex 98.175 71.0959 0
    endloop
  endfacet
  facet normal 0 0 1
    outer loop
      vertex 98.6043 73.1909 0
      vertex 97.9554 71.1937 0
      vertex 98.0677 71.1506 0
    endloop
  endfacet
  facet normal 0 0 1
    outer loop
      vertex 97.8391 71.2249 0
      vertex 98.2757 73.279 0
      vertex 97.9397 73.3322 0
    endloop
  endfacet
  facet normal 0 0 1
    outer loop
      vertex 98.2757 73.279 0
      vertex 97.8391 71.2249 0
      vertex 97.9554 71.1937 0
    endloop
  endfacet
  facet normal 0 0 1
    outer loop
      vertex 97.9397 73.3322 0
      vertex 97.7202 71.2437 0
      vertex 97.8391 71.2249 0
    endloop
  endfacet
  facet normal 0 0 1
    outer loop
      vertex 97.6 73.35 0
      vertex 97.7202 71.2437 0
      vertex 97.9397 73.3322 0
    endloop
  endfacet
  facet normal 0 0 1
    outer loop
      vertex 97.6 73.35 0
      vertex 97.6 71.25 0
      vertex 97.7202 71.2437 0
    endloop
  endfacet
  facet normal 0 0 1
    outer loop
      vertex 97.6 73.35 0
      vertex 97.4798 71.2437 0
      vertex 97.6 71.25 0
    endloop
  endfacet
  facet normal -0 0 1
    outer loop
      vertex 97.2603 73.3322 0
      vertex 97.4798 71.2437 0
      vertex 97.6 73.35 0
    endloop
  endfacet
  facet normal 0 0 1
    outer loop
      vertex 97.4798 71.2437 0
      vertex 97.2603 73.3322 0
      vertex 97.3609 71.2249 0
    endloop
  endfacet
  facet normal -0 0 1
    outer loop
      vertex 96.9243 73.279 0
      vertex 97.3609 71.2249 0
      vertex 97.2603 73.3322 0
    endloop
  endfacet
  facet normal 0 0 1
    outer loop
      vertex 97.3609 71.2249 0
      vertex 96.9243 73.279 0
      vertex 97.2446 71.1937 0
    endloop
  endfacet
  facet normal -0 0 1
    outer loop
      vertex 96.5957 73.1909 0
      vertex 97.2446 71.1937 0
      vertex 96.9243 73.279 0
    endloop
  endfacet
  facet normal 0 0 1
    outer loop
      vertex 97.2446 71.1937 0
      vertex 96.5957 73.1909 0
      vertex 97.1323 71.1506 0
    endloop
  endfacet
  facet normal -0 0 1
    outer loop
      vertex 96.2781 73.069 0
      vertex 97.1323 71.1506 0
      vertex 96.5957 73.1909 0
    endloop
  endfacet
  facet normal 0 0 1
    outer loop
      vertex 97.1323 71.1506 0
      vertex 96.2781 73.069 0
      vertex 97.025 71.0959 0
    endloop
  endfacet
  facet normal -0 0 1
    outer loop
      vertex 95.975 72.9146 0
      vertex 97.025 71.0959 0
      vertex 96.2781 73.069 0
    endloop
  endfacet
  facet normal 0 0 1
    outer loop
      vertex 97.025 71.0959 0
      vertex 95.975 72.9146 0
      vertex 96.924 71.0304 0
    endloop
  endfacet
  facet normal -0 0 1
    outer loop
      vertex 95.6897 72.7293 0
      vertex 96.924 71.0304 0
      vertex 95.975 72.9146 0
    endloop
  endfacet
  facet normal 0 0 1
    outer loop
      vertex 96.924 71.0304 0
      vertex 95.6897 72.7293 0
      vertex 96.8305 70.9546 0
    endloop
  endfacet
  facet normal -0 0 1
    outer loop
      vertex 95.4253 72.5152 0
      vertex 96.8305 70.9546 0
      vertex 95.6897 72.7293 0
    endloop
  endfacet
  facet normal 0 0 1
    outer loop
      vertex 96.8305 70.9546 0
      vertex 95.4253 72.5152 0
      vertex 96.7454 70.8695 0
    endloop
  endfacet
  facet normal -0 0 1
    outer loop
      vertex 95.1848 72.2747 0
      vertex 96.7454 70.8695 0
      vertex 95.4253 72.5152 0
    endloop
  endfacet
  facet normal 0 0 1
    outer loop
      vertex 96.7454 70.8695 0
      vertex 95.1848 72.2747 0
      vertex 96.6696 70.776 0
    endloop
  endfacet
  facet normal -0 0 1
    outer loop
      vertex 94.9707 72.0103 0
      vertex 96.6696 70.776 0
      vertex 95.1848 72.2747 0
    endloop
  endfacet
  facet normal 0 0 1
    outer loop
      vertex 96.6696 70.776 0
      vertex 94.9707 72.0103 0
      vertex 96.6041 70.675 0
    endloop
  endfacet
  facet normal -0 0 1
    outer loop
      vertex 98.5304 69.424 0
      vertex 100.229 68.1897 0
      vertex 98.5959 69.525 0
    endloop
  endfacet
  facet normal 0 0 1
    outer loop
      vertex 100.229 68.1897 0
      vertex 98.5304 69.424 0
      vertex 100.015 67.9253 0
    endloop
  endfacet
  facet normal -0 0 1
    outer loop
      vertex 98.4546 69.3305 0
      vertex 100.015 67.9253 0
      vertex 98.5304 69.424 0
    endloop
  endfacet
  facet normal 0 0 1
    outer loop
      vertex 100.015 67.9253 0
      vertex 98.4546 69.3305 0
      vertex 99.7747 67.6848 0
    endloop
  endfacet
  facet normal -0 0 1
    outer loop
      vertex 98.3695 69.2454 0
      vertex 99.7747 67.6848 0
      vertex 98.4546 69.3305 0
    endloop
  endfacet
  facet normal 0 0 1
    outer loop
      vertex 99.7747 67.6848 0
      vertex 98.3695 69.2454 0
      vertex 99.5103 67.4707 0
    endloop
  endfacet
  facet normal -0 0 1
    outer loop
      vertex 98.276 69.1696 0
      vertex 99.5103 67.4707 0
      vertex 98.3695 69.2454 0
    endloop
  endfacet
  facet normal 0 0 1
    outer loop
      vertex 99.5103 67.4707 0
      vertex 98.276 69.1696 0
      vertex 99.225 67.2854 0
    endloop
  endfacet
  facet normal -0 0 1
    outer loop
      vertex 98.175 69.1041 0
      vertex 99.225 67.2854 0
      vertex 98.276 69.1696 0
    endloop
  endfacet
  facet normal 0 0 1
    outer loop
      vertex 99.225 67.2854 0
      vertex 98.175 69.1041 0
      vertex 98.9219 67.131 0
    endloop
  endfacet
  facet normal -0 0 1
    outer loop
      vertex 98.0677 69.0494 0
      vertex 98.9219 67.131 0
      vertex 98.175 69.1041 0
    endloop
  endfacet
  facet normal 0 0 1
    outer loop
      vertex 98.9219 67.131 0
      vertex 98.0677 69.0494 0
      vertex 98.6043 67.0091 0
    endloop
  endfacet
  facet normal -0 0 1
    outer loop
      vertex 97.9554 69.0063 0
      vertex 98.6043 67.0091 0
      vertex 98.0677 69.0494 0
    endloop
  endfacet
  facet normal 0 0 1
    outer loop
      vertex 98.6043 67.0091 0
      vertex 97.9554 69.0063 0
      vertex 98.2757 66.921 0
    endloop
  endfacet
  facet normal -0 0 1
    outer loop
      vertex 97.8391 68.9751 0
      vertex 98.2757 66.921 0
      vertex 97.9554 69.0063 0
    endloop
  endfacet
  facet normal 0 0 1
    outer loop
      vertex 98.2757 66.921 0
      vertex 97.8391 68.9751 0
      vertex 97.9397 66.8678 0
    endloop
  endfacet
  facet normal -0 0 1
    outer loop
      vertex 97.7202 68.9563 0
      vertex 97.9397 66.8678 0
      vertex 97.8391 68.9751 0
    endloop
  endfacet
  facet normal -0 0 1
    outer loop
      vertex 97.6 68.95 0
      vertex 97.9397 66.8678 0
      vertex 97.7202 68.9563 0
    endloop
  endfacet
  facet normal 0 0 1
    outer loop
      vertex 97.6 68.95 0
      vertex 97.6 66.85 0
      vertex 97.9397 66.8678 0
    endloop
  endfacet
  facet normal 0 0 1
    outer loop
      vertex 97.4798 68.9563 0
      vertex 97.6 66.85 0
      vertex 97.6 68.95 0
    endloop
  endfacet
  facet normal 0 0 1
    outer loop
      vertex 97.2603 66.8678 0
      vertex 97.4798 68.9563 0
      vertex 97.3609 68.9751 0
    endloop
  endfacet
  facet normal 0 0 1
    outer loop
      vertex 97.4798 68.9563 0
      vertex 97.2603 66.8678 0
      vertex 97.6 66.85 0
    endloop
  endfacet
  facet normal 0 0 1
    outer loop
      vertex 96.9243 66.921 0
      vertex 97.3609 68.9751 0
      vertex 97.2446 69.0063 0
    endloop
  endfacet
  facet normal 0 0 1
    outer loop
      vertex 96.5957 67.0091 0
      vertex 97.2446 69.0063 0
      vertex 97.1323 69.0494 0
    endloop
  endfacet
  facet normal 0 0 1
    outer loop
      vertex 96.2781 67.131 0
      vertex 97.1323 69.0494 0
      vertex 97.025 69.1041 0
    endloop
  endfacet
  facet normal 0 0 1
    outer loop
      vertex 97.3609 68.9751 0
      vertex 96.9243 66.921 0
      vertex 97.2603 66.8678 0
    endloop
  endfacet
  facet normal 0 0 1
    outer loop
      vertex 95.975 67.2854 0
      vertex 97.025 69.1041 0
      vertex 96.924 69.1696 0
    endloop
  endfacet
  facet normal 0 0 1
    outer loop
      vertex 95.6897 67.4707 0
      vertex 96.924 69.1696 0
      vertex 96.8305 69.2454 0
    endloop
  endfacet
  facet normal 0 0 1
    outer loop
      vertex 95.4253 67.6848 0
      vertex 96.8305 69.2454 0
      vertex 96.7454 69.3305 0
    endloop
  endfacet
  facet normal 0 0 1
    outer loop
      vertex 95.1848 67.9253 0
      vertex 96.7454 69.3305 0
      vertex 96.6696 69.424 0
    endloop
  endfacet
  facet normal 0 0 1
    outer loop
      vertex 94.9707 68.1897 0
      vertex 96.6696 69.424 0
      vertex 96.6041 69.525 0
    endloop
  endfacet
  facet normal 0 0 1
    outer loop
      vertex 97.2446 69.0063 0
      vertex 96.5957 67.0091 0
      vertex 96.9243 66.921 0
    endloop
  endfacet
  facet normal 0 0 1
    outer loop
      vertex 94.7854 68.475 0
      vertex 96.6041 69.525 0
      vertex 96.5494 69.6323 0
    endloop
  endfacet
  facet normal 0 0 1
    outer loop
      vertex 94.631 68.7781 0
      vertex 96.5494 69.6323 0
      vertex 96.5063 69.7446 0
    endloop
  endfacet
  facet normal 0 0 1
    outer loop
      vertex 94.5091 69.0957 0
      vertex 96.5063 69.7446 0
      vertex 96.4751 69.8609 0
    endloop
  endfacet
  facet normal 0 0 1
    outer loop
      vertex 94.421 69.4243 0
      vertex 96.4751 69.8609 0
      vertex 96.4563 69.9798 0
    endloop
  endfacet
  facet normal 0 0 1
    outer loop
      vertex 94.3678 69.7603 0
      vertex 96.4563 69.9798 0
      vertex 96.45 70.1 0
    endloop
  endfacet
  facet normal -0 0 1
    outer loop
      vertex 94.7854 71.725 0
      vertex 96.6041 70.675 0
      vertex 94.9707 72.0103 0
    endloop
  endfacet
  facet normal 0 0 1
    outer loop
      vertex 97.1323 69.0494 0
      vertex 96.2781 67.131 0
      vertex 96.5957 67.0091 0
    endloop
  endfacet
  facet normal 0 0 1
    outer loop
      vertex 96.6041 70.675 0
      vertex 94.7854 71.725 0
      vertex 96.5494 70.5677 0
    endloop
  endfacet
  facet normal 0 0 1
    outer loop
      vertex 97.025 69.1041 0
      vertex 95.975 67.2854 0
      vertex 96.2781 67.131 0
    endloop
  endfacet
  facet normal -0 0 1
    outer loop
      vertex 94.631 71.4219 0
      vertex 96.5494 70.5677 0
      vertex 94.7854 71.725 0
    endloop
  endfacet
  facet normal 0 0 1
    outer loop
      vertex 96.924 69.1696 0
      vertex 95.6897 67.4707 0
      vertex 95.975 67.2854 0
    endloop
  endfacet
  facet normal 0 0 1
    outer loop
      vertex 96.5494 70.5677 0
      vertex 94.631 71.4219 0
      vertex 96.5063 70.4554 0
    endloop
  endfacet
  facet normal 0 0 1
    outer loop
      vertex 96.8305 69.2454 0
      vertex 95.4253 67.6848 0
      vertex 95.6897 67.4707 0
    endloop
  endfacet
  facet normal -0 0 1
    outer loop
      vertex 94.5091 71.1043 0
      vertex 96.5063 70.4554 0
      vertex 94.631 71.4219 0
    endloop
  endfacet
  facet normal 0 0 1
    outer loop
      vertex 96.7454 69.3305 0
      vertex 95.1848 67.9253 0
      vertex 95.4253 67.6848 0
    endloop
  endfacet
  facet normal 0 0 1
    outer loop
      vertex 96.5063 70.4554 0
      vertex 94.5091 71.1043 0
      vertex 96.4751 70.3391 0
    endloop
  endfacet
  facet normal 0 0 1
    outer loop
      vertex 96.6696 69.424 0
      vertex 94.9707 68.1897 0
      vertex 95.1848 67.9253 0
    endloop
  endfacet
  facet normal -0 0 1
    outer loop
      vertex 94.421 70.7757 0
      vertex 96.4751 70.3391 0
      vertex 94.5091 71.1043 0
    endloop
  endfacet
  facet normal 0 0 1
    outer loop
      vertex 96.6041 69.525 0
      vertex 94.7854 68.475 0
      vertex 94.9707 68.1897 0
    endloop
  endfacet
  facet normal 0 0 1
    outer loop
      vertex 96.4751 70.3391 0
      vertex 94.421 70.7757 0
      vertex 96.4563 70.2202 0
    endloop
  endfacet
  facet normal 0 0 1
    outer loop
      vertex 96.5494 69.6323 0
      vertex 94.631 68.7781 0
      vertex 94.7854 68.475 0
    endloop
  endfacet
  facet normal -0 0 1
    outer loop
      vertex 94.3678 70.4397 0
      vertex 96.4563 70.2202 0
      vertex 94.421 70.7757 0
    endloop
  endfacet
  facet normal 0 0 1
    outer loop
      vertex 96.5063 69.7446 0
      vertex 94.5091 69.0957 0
      vertex 94.631 68.7781 0
    endloop
  endfacet
  facet normal 0 0 1
    outer loop
      vertex 96.4563 70.2202 0
      vertex 94.3678 70.4397 0
      vertex 96.45 70.1 0
    endloop
  endfacet
  facet normal 0 0 1
    outer loop
      vertex 96.4751 69.8609 0
      vertex 94.421 69.4243 0
      vertex 94.5091 69.0957 0
    endloop
  endfacet
  facet normal 0 0 1
    outer loop
      vertex 94.35 70.1 0
      vertex 96.45 70.1 0
      vertex 94.3678 70.4397 0
    endloop
  endfacet
  facet normal 0 0 1
    outer loop
      vertex 96.4563 69.9798 0
      vertex 94.3678 69.7603 0
      vertex 94.421 69.4243 0
    endloop
  endfacet
  facet normal 0 0 1
    outer loop
      vertex 96.45 70.1 0
      vertex 94.35 70.1 0
      vertex 94.3678 69.7603 0
    endloop
  endfacet
  facet normal 0 0 1
    outer loop
      vertex 98.75 7.2 0
      vertex 100.85 7.2 0
      vertex 100.832 7.53972 0
    endloop
  endfacet
  facet normal 0 0 1
    outer loop
      vertex 98.7437 7.32021 0
      vertex 100.832 7.53972 0
      vertex 100.779 7.87571 0
    endloop
  endfacet
  facet normal 0 0 1
    outer loop
      vertex 100.85 7.2 0
      vertex 98.75 7.2 0
      vertex 100.832 6.86028 0
    endloop
  endfacet
  facet normal 0 0 1
    outer loop
      vertex 98.7249 7.4391 0
      vertex 100.779 7.87571 0
      vertex 100.691 8.2043 0
    endloop
  endfacet
  facet normal -0 0 1
    outer loop
      vertex 98.7437 7.07979 0
      vertex 100.832 6.86028 0
      vertex 98.75 7.2 0
    endloop
  endfacet
  facet normal 0 0 1
    outer loop
      vertex 98.6937 7.55537 0
      vertex 100.691 8.2043 0
      vertex 100.569 8.52189 0
    endloop
  endfacet
  facet normal 0 0 1
    outer loop
      vertex 100.832 6.86028 0
      vertex 98.7437 7.07979 0
      vertex 100.779 6.52429 0
    endloop
  endfacet
  facet normal 0 0 1
    outer loop
      vertex 98.6506 7.66775 0
      vertex 100.569 8.52189 0
      vertex 100.415 8.825 0
    endloop
  endfacet
  facet normal -0 0 1
    outer loop
      vertex 98.7249 6.9609 0
      vertex 100.779 6.52429 0
      vertex 98.7437 7.07979 0
    endloop
  endfacet
  facet normal 0 0 1
    outer loop
      vertex 98.5959 7.775 0
      vertex 100.415 8.825 0
      vertex 100.229 9.1103 0
    endloop
  endfacet
  facet normal 0 0 1
    outer loop
      vertex 100.779 6.52429 0
      vertex 98.7249 6.9609 0
      vertex 100.691 6.19569 0
    endloop
  endfacet
  facet normal 0 0 1
    outer loop
      vertex 98.5304 7.87595 0
      vertex 100.229 9.1103 0
      vertex 100.015 9.37467 0
    endloop
  endfacet
  facet normal -0 0 1
    outer loop
      vertex 98.6937 6.84463 0
      vertex 100.691 6.19569 0
      vertex 98.7249 6.9609 0
    endloop
  endfacet
  facet normal 0 0 1
    outer loop
      vertex 98.4546 7.9695 0
      vertex 100.015 9.37467 0
      vertex 99.7747 9.61522 0
    endloop
  endfacet
  facet normal 0 0 1
    outer loop
      vertex 100.691 6.19569 0
      vertex 98.6937 6.84463 0
      vertex 100.569 5.87811 0
    endloop
  endfacet
  facet normal 0 0 1
    outer loop
      vertex 98.3695 8.05462 0
      vertex 99.7747 9.61522 0
      vertex 99.5103 9.8293 0
    endloop
  endfacet
  facet normal -0 0 1
    outer loop
      vertex 98.6506 6.73225 0
      vertex 100.569 5.87811 0
      vertex 98.6937 6.84463 0
    endloop
  endfacet
  facet normal 0 0 1
    outer loop
      vertex 98.276 8.13037 0
      vertex 99.5103 9.8293 0
      vertex 99.225 10.0146 0
    endloop
  endfacet
  facet normal 0 0 1
    outer loop
      vertex 100.569 5.87811 0
      vertex 98.6506 6.73225 0
      vertex 100.415 5.575 0
    endloop
  endfacet
  facet normal 0 0 1
    outer loop
      vertex 98.175 8.19593 0
      vertex 99.225 10.0146 0
      vertex 98.9219 10.169 0
    endloop
  endfacet
  facet normal -0 0 1
    outer loop
      vertex 98.5959 6.625 0
      vertex 100.415 5.575 0
      vertex 98.6506 6.73225 0
    endloop
  endfacet
  facet normal 0 0 1
    outer loop
      vertex 100.415 5.575 0
      vertex 98.5959 6.625 0
      vertex 100.229 5.2897 0
    endloop
  endfacet
  facet normal 0 0 1
    outer loop
      vertex 100.832 7.53972 0
      vertex 98.7437 7.32021 0
      vertex 98.75 7.2 0
    endloop
  endfacet
  facet normal 0 0 1
    outer loop
      vertex 100.779 7.87571 0
      vertex 98.7249 7.4391 0
      vertex 98.7437 7.32021 0
    endloop
  endfacet
  facet normal 0 0 1
    outer loop
      vertex 100.691 8.2043 0
      vertex 98.6937 7.55537 0
      vertex 98.7249 7.4391 0
    endloop
  endfacet
  facet normal 0 0 1
    outer loop
      vertex 100.569 8.52189 0
      vertex 98.6506 7.66775 0
      vertex 98.6937 7.55537 0
    endloop
  endfacet
  facet normal 0 0 1
    outer loop
      vertex 98.0677 8.25058 0
      vertex 98.9219 10.169 0
      vertex 98.6043 10.2909 0
    endloop
  endfacet
  facet normal 0 0 1
    outer loop
      vertex 100.415 8.825 0
      vertex 98.5959 7.775 0
      vertex 98.6506 7.66775 0
    endloop
  endfacet
  facet normal 0 0 1
    outer loop
      vertex 100.229 9.1103 0
      vertex 98.5304 7.87595 0
      vertex 98.5959 7.775 0
    endloop
  endfacet
  facet normal 0 0 1
    outer loop
      vertex 100.015 9.37467 0
      vertex 98.4546 7.9695 0
      vertex 98.5304 7.87595 0
    endloop
  endfacet
  facet normal 0 0 1
    outer loop
      vertex 99.7747 9.61522 0
      vertex 98.3695 8.05462 0
      vertex 98.4546 7.9695 0
    endloop
  endfacet
  facet normal 0 0 1
    outer loop
      vertex 99.5103 9.8293 0
      vertex 98.276 8.13037 0
      vertex 98.3695 8.05462 0
    endloop
  endfacet
  facet normal 0 0 1
    outer loop
      vertex 97.9554 8.29371 0
      vertex 98.6043 10.2909 0
      vertex 98.2757 10.379 0
    endloop
  endfacet
  facet normal 0 0 1
    outer loop
      vertex 99.225 10.0146 0
      vertex 98.175 8.19593 0
      vertex 98.276 8.13037 0
    endloop
  endfacet
  facet normal 0 0 1
    outer loop
      vertex 98.9219 10.169 0
      vertex 98.0677 8.25058 0
      vertex 98.175 8.19593 0
    endloop
  endfacet
  facet normal 0 0 1
    outer loop
      vertex 98.6043 10.2909 0
      vertex 97.9554 8.29371 0
      vertex 98.0677 8.25058 0
    endloop
  endfacet
  facet normal 0 0 1
    outer loop
      vertex 97.8391 8.32487 0
      vertex 98.2757 10.379 0
      vertex 97.9397 10.4322 0
    endloop
  endfacet
  facet normal 0 0 1
    outer loop
      vertex 98.2757 10.379 0
      vertex 97.8391 8.32487 0
      vertex 97.9554 8.29371 0
    endloop
  endfacet
  facet normal 0 0 1
    outer loop
      vertex 97.9397 10.4322 0
      vertex 97.7202 8.3437 0
      vertex 97.8391 8.32487 0
    endloop
  endfacet
  facet normal 0 0 1
    outer loop
      vertex 97.6 10.45 0
      vertex 97.7202 8.3437 0
      vertex 97.9397 10.4322 0
    endloop
  endfacet
  facet normal 0 0 1
    outer loop
      vertex 97.6 10.45 0
      vertex 97.6 8.35 0
      vertex 97.7202 8.3437 0
    endloop
  endfacet
  facet normal 0 0 1
    outer loop
      vertex 97.6 10.45 0
      vertex 97.4798 8.3437 0
      vertex 97.6 8.35 0
    endloop
  endfacet
  facet normal -0 0 1
    outer loop
      vertex 97.2603 10.4322 0
      vertex 97.4798 8.3437 0
      vertex 97.6 10.45 0
    endloop
  endfacet
  facet normal 0 0 1
    outer loop
      vertex 97.4798 8.3437 0
      vertex 97.2603 10.4322 0
      vertex 97.3609 8.32487 0
    endloop
  endfacet
  facet normal -0 0 1
    outer loop
      vertex 96.9243 10.379 0
      vertex 97.3609 8.32487 0
      vertex 97.2603 10.4322 0
    endloop
  endfacet
  facet normal 0 0 1
    outer loop
      vertex 97.3609 8.32487 0
      vertex 96.9243 10.379 0
      vertex 97.2446 8.29371 0
    endloop
  endfacet
  facet normal -0 0 1
    outer loop
      vertex 96.5957 10.2909 0
      vertex 97.2446 8.29371 0
      vertex 96.9243 10.379 0
    endloop
  endfacet
  facet normal 0 0 1
    outer loop
      vertex 97.2446 8.29371 0
      vertex 96.5957 10.2909 0
      vertex 97.1323 8.25058 0
    endloop
  endfacet
  facet normal -0 0 1
    outer loop
      vertex 96.2781 10.169 0
      vertex 97.1323 8.25058 0
      vertex 96.5957 10.2909 0
    endloop
  endfacet
  facet normal 0 0 1
    outer loop
      vertex 97.1323 8.25058 0
      vertex 96.2781 10.169 0
      vertex 97.025 8.19593 0
    endloop
  endfacet
  facet normal -0 0 1
    outer loop
      vertex 95.975 10.0146 0
      vertex 97.025 8.19593 0
      vertex 96.2781 10.169 0
    endloop
  endfacet
  facet normal 0 0 1
    outer loop
      vertex 97.025 8.19593 0
      vertex 95.975 10.0146 0
      vertex 96.924 8.13037 0
    endloop
  endfacet
  facet normal -0 0 1
    outer loop
      vertex 95.6897 9.8293 0
      vertex 96.924 8.13037 0
      vertex 95.975 10.0146 0
    endloop
  endfacet
  facet normal 0 0 1
    outer loop
      vertex 96.924 8.13037 0
      vertex 95.6897 9.8293 0
      vertex 96.8305 8.05462 0
    endloop
  endfacet
  facet normal -0 0 1
    outer loop
      vertex 95.4253 9.61522 0
      vertex 96.8305 8.05462 0
      vertex 95.6897 9.8293 0
    endloop
  endfacet
  facet normal 0 0 1
    outer loop
      vertex 96.8305 8.05462 0
      vertex 95.4253 9.61522 0
      vertex 96.7454 7.9695 0
    endloop
  endfacet
  facet normal -0 0 1
    outer loop
      vertex 95.1848 9.37467 0
      vertex 96.7454 7.9695 0
      vertex 95.4253 9.61522 0
    endloop
  endfacet
  facet normal 0 0 1
    outer loop
      vertex 96.7454 7.9695 0
      vertex 95.1848 9.37467 0
      vertex 96.6696 7.87595 0
    endloop
  endfacet
  facet normal -0 0 1
    outer loop
      vertex 94.9707 9.1103 0
      vertex 96.6696 7.87595 0
      vertex 95.1848 9.37467 0
    endloop
  endfacet
  facet normal 0 0 1
    outer loop
      vertex 96.6696 7.87595 0
      vertex 94.9707 9.1103 0
      vertex 96.6041 7.775 0
    endloop
  endfacet
  facet normal -0 0 1
    outer loop
      vertex 98.5304 6.52405 0
      vertex 100.229 5.2897 0
      vertex 98.5959 6.625 0
    endloop
  endfacet
  facet normal 0 0 1
    outer loop
      vertex 100.229 5.2897 0
      vertex 98.5304 6.52405 0
      vertex 100.015 5.02532 0
    endloop
  endfacet
  facet normal -0 0 1
    outer loop
      vertex 98.4546 6.4305 0
      vertex 100.015 5.02532 0
      vertex 98.5304 6.52405 0
    endloop
  endfacet
  facet normal 0 0 1
    outer loop
      vertex 100.015 5.02532 0
      vertex 98.4546 6.4305 0
      vertex 99.7747 4.78478 0
    endloop
  endfacet
  facet normal -0 0 1
    outer loop
      vertex 98.3695 6.34538 0
      vertex 99.7747 4.78478 0
      vertex 98.4546 6.4305 0
    endloop
  endfacet
  facet normal 0 0 1
    outer loop
      vertex 99.7747 4.78478 0
      vertex 98.3695 6.34538 0
      vertex 99.5103 4.57069 0
    endloop
  endfacet
  facet normal -0 0 1
    outer loop
      vertex 98.276 6.26963 0
      vertex 99.5103 4.57069 0
      vertex 98.3695 6.34538 0
    endloop
  endfacet
  facet normal 0 0 1
    outer loop
      vertex 99.5103 4.57069 0
      vertex 98.276 6.26963 0
      vertex 99.225 4.38542 0
    endloop
  endfacet
  facet normal -0 0 1
    outer loop
      vertex 98.175 6.20407 0
      vertex 99.225 4.38542 0
      vertex 98.276 6.26963 0
    endloop
  endfacet
  facet normal 0 0 1
    outer loop
      vertex 99.225 4.38542 0
      vertex 98.175 6.20407 0
      vertex 98.9219 4.23098 0
    endloop
  endfacet
  facet normal -0 0 1
    outer loop
      vertex 98.0677 6.14942 0
      vertex 98.9219 4.23098 0
      vertex 98.175 6.20407 0
    endloop
  endfacet
  facet normal 0 0 1
    outer loop
      vertex 98.9219 4.23098 0
      vertex 98.0677 6.14942 0
      vertex 98.6043 4.10907 0
    endloop
  endfacet
  facet normal -0 0 1
    outer loop
      vertex 97.9554 6.10628 0
      vertex 98.6043 4.10907 0
      vertex 98.0677 6.14942 0
    endloop
  endfacet
  facet normal 0 0 1
    outer loop
      vertex 98.6043 4.10907 0
      vertex 97.9554 6.10628 0
      vertex 98.2757 4.02102 0
    endloop
  endfacet
  facet normal -0 0 1
    outer loop
      vertex 97.8391 6.07513 0
      vertex 98.2757 4.02102 0
      vertex 97.9554 6.10628 0
    endloop
  endfacet
  facet normal 0 0 1
    outer loop
      vertex 98.2757 4.02102 0
      vertex 97.8391 6.07513 0
      vertex 97.9397 3.9678 0
    endloop
  endfacet
  facet normal -0 0 1
    outer loop
      vertex 97.7202 6.0563 0
      vertex 97.9397 3.9678 0
      vertex 97.8391 6.07513 0
    endloop
  endfacet
  facet normal -0 0 1
    outer loop
      vertex 97.6 6.05 0
      vertex 97.9397 3.9678 0
      vertex 97.7202 6.0563 0
    endloop
  endfacet
  facet normal 0 0 1
    outer loop
      vertex 97.6 6.05 0
      vertex 97.6 3.95 0
      vertex 97.9397 3.9678 0
    endloop
  endfacet
  facet normal 0 0 1
    outer loop
      vertex 97.4798 6.0563 0
      vertex 97.6 3.95 0
      vertex 97.6 6.05 0
    endloop
  endfacet
  facet normal 0 0 1
    outer loop
      vertex 97.2603 3.9678 0
      vertex 97.4798 6.0563 0
      vertex 97.3609 6.07513 0
    endloop
  endfacet
  facet normal 0 0 1
    outer loop
      vertex 97.4798 6.0563 0
      vertex 97.2603 3.9678 0
      vertex 97.6 3.95 0
    endloop
  endfacet
  facet normal 0 0 1
    outer loop
      vertex 96.9243 4.02102 0
      vertex 97.3609 6.07513 0
      vertex 97.2446 6.10628 0
    endloop
  endfacet
  facet normal 0 0 1
    outer loop
      vertex 96.5957 4.10907 0
      vertex 97.2446 6.10628 0
      vertex 97.1323 6.14942 0
    endloop
  endfacet
  facet normal 0 0 1
    outer loop
      vertex 96.2781 4.23098 0
      vertex 97.1323 6.14942 0
      vertex 97.025 6.20407 0
    endloop
  endfacet
  facet normal 0 0 1
    outer loop
      vertex 97.3609 6.07513 0
      vertex 96.9243 4.02102 0
      vertex 97.2603 3.9678 0
    endloop
  endfacet
  facet normal 0 0 1
    outer loop
      vertex 95.975 4.38542 0
      vertex 97.025 6.20407 0
      vertex 96.924 6.26963 0
    endloop
  endfacet
  facet normal 0 0 1
    outer loop
      vertex 95.6897 4.57069 0
      vertex 96.924 6.26963 0
      vertex 96.8305 6.34538 0
    endloop
  endfacet
  facet normal 0 0 1
    outer loop
      vertex 95.4253 4.78478 0
      vertex 96.8305 6.34538 0
      vertex 96.7454 6.4305 0
    endloop
  endfacet
  facet normal 0 0 1
    outer loop
      vertex 95.1848 5.02532 0
      vertex 96.7454 6.4305 0
      vertex 96.6696 6.52405 0
    endloop
  endfacet
  facet normal 0 0 1
    outer loop
      vertex 94.9707 5.2897 0
      vertex 96.6696 6.52405 0
      vertex 96.6041 6.625 0
    endloop
  endfacet
  facet normal 0 0 1
    outer loop
      vertex 97.2446 6.10628 0
      vertex 96.5957 4.10907 0
      vertex 96.9243 4.02102 0
    endloop
  endfacet
  facet normal 0 0 1
    outer loop
      vertex 94.7854 5.575 0
      vertex 96.6041 6.625 0
      vertex 96.5494 6.73225 0
    endloop
  endfacet
  facet normal 0 0 1
    outer loop
      vertex 94.631 5.87811 0
      vertex 96.5494 6.73225 0
      vertex 96.5063 6.84463 0
    endloop
  endfacet
  facet normal 0 0 1
    outer loop
      vertex 94.5091 6.19569 0
      vertex 96.5063 6.84463 0
      vertex 96.4751 6.9609 0
    endloop
  endfacet
  facet normal 0 0 1
    outer loop
      vertex 94.421 6.52429 0
      vertex 96.4751 6.9609 0
      vertex 96.4563 7.07979 0
    endloop
  endfacet
  facet normal 0 0 1
    outer loop
      vertex 94.3678 6.86028 0
      vertex 96.4563 7.07979 0
      vertex 96.45 7.2 0
    endloop
  endfacet
  facet normal -0 0 1
    outer loop
      vertex 94.7854 8.825 0
      vertex 96.6041 7.775 0
      vertex 94.9707 9.1103 0
    endloop
  endfacet
  facet normal 0 0 1
    outer loop
      vertex 97.1323 6.14942 0
      vertex 96.2781 4.23098 0
      vertex 96.5957 4.10907 0
    endloop
  endfacet
  facet normal 0 0 1
    outer loop
      vertex 96.6041 7.775 0
      vertex 94.7854 8.825 0
      vertex 96.5494 7.66775 0
    endloop
  endfacet
  facet normal 0 0 1
    outer loop
      vertex 97.025 6.20407 0
      vertex 95.975 4.38542 0
      vertex 96.2781 4.23098 0
    endloop
  endfacet
  facet normal -0 0 1
    outer loop
      vertex 94.631 8.52189 0
      vertex 96.5494 7.66775 0
      vertex 94.7854 8.825 0
    endloop
  endfacet
  facet normal 0 0 1
    outer loop
      vertex 96.924 6.26963 0
      vertex 95.6897 4.57069 0
      vertex 95.975 4.38542 0
    endloop
  endfacet
  facet normal 0 0 1
    outer loop
      vertex 96.5494 7.66775 0
      vertex 94.631 8.52189 0
      vertex 96.5063 7.55537 0
    endloop
  endfacet
  facet normal 0 0 1
    outer loop
      vertex 96.8305 6.34538 0
      vertex 95.4253 4.78478 0
      vertex 95.6897 4.57069 0
    endloop
  endfacet
  facet normal -0 0 1
    outer loop
      vertex 94.5091 8.2043 0
      vertex 96.5063 7.55537 0
      vertex 94.631 8.52189 0
    endloop
  endfacet
  facet normal 0 0 1
    outer loop
      vertex 96.7454 6.4305 0
      vertex 95.1848 5.02532 0
      vertex 95.4253 4.78478 0
    endloop
  endfacet
  facet normal 0 0 1
    outer loop
      vertex 96.5063 7.55537 0
      vertex 94.5091 8.2043 0
      vertex 96.4751 7.4391 0
    endloop
  endfacet
  facet normal 0 0 1
    outer loop
      vertex 96.6696 6.52405 0
      vertex 94.9707 5.2897 0
      vertex 95.1848 5.02532 0
    endloop
  endfacet
  facet normal -0 0 1
    outer loop
      vertex 94.421 7.87571 0
      vertex 96.4751 7.4391 0
      vertex 94.5091 8.2043 0
    endloop
  endfacet
  facet normal 0 0 1
    outer loop
      vertex 96.6041 6.625 0
      vertex 94.7854 5.575 0
      vertex 94.9707 5.2897 0
    endloop
  endfacet
  facet normal 0 0 1
    outer loop
      vertex 96.4751 7.4391 0
      vertex 94.421 7.87571 0
      vertex 96.4563 7.32021 0
    endloop
  endfacet
  facet normal 0 0 1
    outer loop
      vertex 96.5494 6.73225 0
      vertex 94.631 5.87811 0
      vertex 94.7854 5.575 0
    endloop
  endfacet
  facet normal -0 0 1
    outer loop
      vertex 94.3678 7.53972 0
      vertex 96.4563 7.32021 0
      vertex 94.421 7.87571 0
    endloop
  endfacet
  facet normal 0 0 1
    outer loop
      vertex 96.5063 6.84463 0
      vertex 94.5091 6.19569 0
      vertex 94.631 5.87811 0
    endloop
  endfacet
  facet normal 0 0 1
    outer loop
      vertex 96.4563 7.32021 0
      vertex 94.3678 7.53972 0
      vertex 96.45 7.2 0
    endloop
  endfacet
  facet normal 0 0 1
    outer loop
      vertex 96.4751 6.9609 0
      vertex 94.421 6.52429 0
      vertex 94.5091 6.19569 0
    endloop
  endfacet
  facet normal 0 0 1
    outer loop
      vertex 94.35 7.2 0
      vertex 96.45 7.2 0
      vertex 94.3678 7.53972 0
    endloop
  endfacet
  facet normal 0 0 1
    outer loop
      vertex 96.4563 7.07979 0
      vertex 94.3678 6.86028 0
      vertex 94.421 6.52429 0
    endloop
  endfacet
  facet normal 0 0 1
    outer loop
      vertex 96.45 7.2 0
      vertex 94.35 7.2 0
      vertex 94.3678 6.86028 0
    endloop
  endfacet
  facet normal -0.987686 0.156452 0
    outer loop
      vertex 0.0191727 73.8659 0
      vertex 0.0764828 74.2277 8.69138
      vertex 0.0764828 74.2277 0
    endloop
  endfacet
  facet normal -0.987686 0.156452 0
    outer loop
      vertex 0.0764828 74.2277 8.69138
      vertex 0.0191727 73.8659 0
      vertex 0.0191727 73.8659 8.72941
    endloop
  endfacet
  facet normal 0.544892 0.838506 -0
    outer loop
      vertex 102.557 76.3316 0
      vertex 102.25 76.5311 8.44928
      vertex 102.557 76.3316 8.47025
    endloop
  endfacet
  facet normal 0.544892 0.838506 0
    outer loop
      vertex 102.25 76.5311 8.44928
      vertex 102.557 76.3316 0
      vertex 102.25 76.5311 0
    endloop
  endfacet
  facet normal -0.838671 -0.544638 0
    outer loop
      vertex 0.66844 1.44275 0
      vertex 0.46891 1.75 16.3091
      vertex 0.46891 1.75 0
    endloop
  endfacet
  facet normal -0.838671 -0.544638 0
    outer loop
      vertex 0.46891 1.75 16.3091
      vertex 0.66844 1.44275 0
      vertex 0.66844 1.44275 16.3414
    endloop
  endfacet
  facet normal 0.358412 0.933564 -0
    outer loop
      vertex 101.924 76.6974 0
      vertex 101.582 76.8287 8.418
      vertex 101.924 76.6974 8.4318
    endloop
  endfacet
  facet normal 0.358412 0.933564 0
    outer loop
      vertex 101.582 76.8287 8.418
      vertex 101.924 76.6974 0
      vertex 101.582 76.8287 0
    endloop
  endfacet
  facet normal -0.99863 0.052327 0
    outer loop
      vertex 0 73.5 0
      vertex 0.0191727 73.8659 8.72941
      vertex 0.0191727 73.8659 0
    endloop
  endfacet
  facet normal -0.99863 0.052327 0
    outer loop
      vertex 0.0191727 73.8659 8.72941
      vertex 0 73.5 0
      vertex 0 73.5 8.76786
    endloop
  endfacet
  facet normal -0.258819 -0.965926 0
    outer loop
      vertex 2.77231 0.0764828 0
      vertex 2.41844 0.171302 16.475
      vertex 2.41844 0.171302 0
    endloop
  endfacet
  facet normal -0.258819 -0.965926 0
    outer loop
      vertex 2.41844 0.171302 16.475
      vertex 2.77231 0.0764828 0
      vertex 2.77231 0.0764828 16.485
    endloop
  endfacet
  facet normal -0.965931 0.258799 0
    outer loop
      vertex 0.0764828 74.2277 0
      vertex 0.171302 74.5816 8.65419
      vertex 0.171302 74.5816 0
    endloop
  endfacet
  facet normal -0.965931 0.258799 0
    outer loop
      vertex 0.171302 74.5816 8.65419
      vertex 0.0764828 74.2277 0
      vertex 0.0764828 74.2277 8.69138
    endloop
  endfacet
  facet normal 0.998654 -0.051864 0
    outer loop
      vertex 103.981 3.13415 0
      vertex 104 3.5 16.1252
      vertex 103.981 3.13415 16.1636
    endloop
  endfacet
  facet normal 0.998654 -0.051864 0
    outer loop
      vertex 104 3.5 16.1252
      vertex 103.981 3.13415 0
      vertex 104 3.5 0
    endloop
  endfacet
  facet normal -0.156408 0.987692 0
    outer loop
      vertex 2.77231 76.9235 0
      vertex 3.13415 76.9808 8.40201
      vertex 3.13415 76.9808 0
    endloop
  endfacet
  facet normal -0.156408 0.987692 0
    outer loop
      vertex 3.13415 76.9808 8.40201
      vertex 2.77231 76.9235 0
      vertex 2.77231 76.9235 8.40804
    endloop
  endfacet
  facet normal 0.0523127 -0.998631 0
    outer loop
      vertex 100.5 0 0
      vertex 100.866 0.0191727 16.491
      vertex 100.5 0 16.493
    endloop
  endfacet
  facet normal 0.0523127 -0.998631 0
    outer loop
      vertex 100.866 0.0191727 16.491
      vertex 100.5 0 0
      vertex 100.866 0.0191727 0
    endloop
  endfacet
  facet normal 0.25873 -0.96595 0
    outer loop
      vertex 101.228 0.0764828 0
      vertex 101.582 0.171302 16.475
      vertex 101.228 0.0764828 16.485
    endloop
  endfacet
  facet normal 0.25873 -0.96595 0
    outer loop
      vertex 101.582 0.171302 16.475
      vertex 101.228 0.0764828 0
      vertex 101.582 0.171302 0
    endloop
  endfacet
  facet normal -0.838712 0.544576 0
    outer loop
      vertex 0.46891 75.25 0
      vertex 0.66844 75.5573 8.55164
      vertex 0.66844 75.5573 0
    endloop
  endfacet
  facet normal -0.838712 0.544576 0
    outer loop
      vertex 0.66844 75.5573 8.55164
      vertex 0.46891 75.25 0
      vertex 0.46891 75.25 8.58393
    endloop
  endfacet
  facet normal -0.0524084 0.998626 0
    outer loop
      vertex 3.5 77 0
      vertex 3.13415 76.9808 8.40201
      vertex 3.5 77 8.4
    endloop
  endfacet
  facet normal -0.0524084 0.998626 0
    outer loop
      vertex 3.13415 76.9808 8.40201
      vertex 3.5 77 0
      vertex 3.13415 76.9808 0
    endloop
  endfacet
  facet normal 0.965802 -0.259279 0
    outer loop
      vertex 103.829 2.41844 0
      vertex 103.924 2.77231 16.2016
      vertex 103.829 2.41844 16.2388
    endloop
  endfacet
  facet normal 0.965802 -0.259279 0
    outer loop
      vertex 103.924 2.77231 16.2016
      vertex 103.829 2.41844 0
      vertex 103.924 2.77231 0
    endloop
  endfacet
  facet normal 0.54495 -0.838469 0
    outer loop
      vertex 102.25 0.46891 0
      vertex 102.557 0.66844 16.4228
      vertex 102.25 0.46891 16.4437
    endloop
  endfacet
  facet normal 0.54495 -0.838469 0
    outer loop
      vertex 102.557 0.66844 16.4228
      vertex 102.25 0.46891 0
      vertex 102.557 0.66844 0
    endloop
  endfacet
  facet normal 0.839332 -0.543619 0
    outer loop
      vertex 103.332 1.44275 0
      vertex 103.531 1.75 16.3091
      vertex 103.332 1.44275 16.3414
    endloop
  endfacet
  facet normal 0.839332 -0.543619 0
    outer loop
      vertex 103.531 1.75 16.3091
      vertex 103.332 1.44275 0
      vertex 103.531 1.75 0
    endloop
  endfacet
  facet normal 0.77655 -0.630055 0
    outer loop
      vertex 103.101 1.15804 0
      vertex 103.332 1.44275 16.3414
      vertex 103.101 1.15804 16.3713
    endloop
  endfacet
  facet normal 0.77655 -0.630055 0
    outer loop
      vertex 103.332 1.44275 16.3414
      vertex 103.101 1.15804 0
      vertex 103.332 1.44275 0
    endloop
  endfacet
  facet normal -0.453949 0.891028 0
    outer loop
      vertex 1.75 76.5311 0
      vertex 2.07642 76.6974 8.4318
      vertex 2.07642 76.6974 0
    endloop
  endfacet
  facet normal -0.453949 0.891028 0
    outer loop
      vertex 2.07642 76.6974 8.4318
      vertex 1.75 76.5311 0
      vertex 1.75 76.5311 8.44928
    endloop
  endfacet
  facet normal -0.25877 0.965939 0
    outer loop
      vertex 2.41844 76.8287 0
      vertex 2.77231 76.9235 8.40804
      vertex 2.77231 76.9235 0
    endloop
  endfacet
  facet normal -0.25877 0.965939 0
    outer loop
      vertex 2.77231 76.9235 8.40804
      vertex 2.41844 76.8287 0
      vertex 2.41844 76.8287 8.418
    endloop
  endfacet
  facet normal 0.628932 -0.77746 0
    outer loop
      vertex 102.557 0.66844 0
      vertex 102.842 0.898993 16.3985
      vertex 102.557 0.66844 16.4228
    endloop
  endfacet
  facet normal 0.628932 -0.77746 0
    outer loop
      vertex 102.842 0.898993 16.3985
      vertex 102.557 0.66844 0
      vertex 102.842 0.898993 0
    endloop
  endfacet
  facet normal 0.987819 -0.155609 0
    outer loop
      vertex 103.924 2.77231 0
      vertex 103.981 3.13415 16.1636
      vertex 103.924 2.77231 16.2016
    endloop
  endfacet
  facet normal 0.987819 -0.155609 0
    outer loop
      vertex 103.981 3.13415 16.1636
      vertex 103.924 2.77231 0
      vertex 103.981 3.13415 0
    endloop
  endfacet
  facet normal -0.544638 -0.838671 0
    outer loop
      vertex 1.75 0.46891 0
      vertex 1.44275 0.66844 16.4228
      vertex 1.44275 0.66844 0
    endloop
  endfacet
  facet normal -0.544638 -0.838671 0
    outer loop
      vertex 1.44275 0.66844 16.4228
      vertex 1.75 0.46891 0
      vertex 1.75 0.46891 16.4437
    endloop
  endfacet
  facet normal 0.891359 -0.453298 0
    outer loop
      vertex 103.531 1.75 0
      vertex 103.697 2.07642 16.2748
      vertex 103.531 1.75 16.3091
    endloop
  endfacet
  facet normal 0.891359 -0.453298 0
    outer loop
      vertex 103.697 2.07642 16.2748
      vertex 103.531 1.75 0
      vertex 103.697 2.07642 0
    endloop
  endfacet
  facet normal 0.454456 -0.890769 0
    outer loop
      vertex 101.924 0.30259 0
      vertex 102.25 0.46891 16.4437
      vertex 101.924 0.30259 16.4612
    endloop
  endfacet
  facet normal 0.454456 -0.890769 0
    outer loop
      vertex 102.25 0.46891 16.4437
      vertex 101.924 0.30259 0
      vertex 102.25 0.46891 0
    endloop
  endfacet
  facet normal -0.707107 -0.707107 0
    outer loop
      vertex 1.15804 0.898993 0
      vertex 0.898993 1.15804 16.3713
      vertex 0.898993 1.15804 0
    endloop
  endfacet
  facet normal -0.707107 -0.707107 0
    outer loop
      vertex 0.898993 1.15804 16.3713
      vertex 1.15804 0.898993 0
      vertex 1.15804 0.898993 16.3985
    endloop
  endfacet
  facet normal 0.156368 -0.987699 0
    outer loop
      vertex 100.866 0.0191727 0
      vertex 101.228 0.0764828 16.485
      vertex 100.866 0.0191727 16.491
    endloop
  endfacet
  facet normal 0.156368 -0.987699 0
    outer loop
      vertex 101.228 0.0764828 16.485
      vertex 100.866 0.0191727 0
      vertex 101.228 0.0764828 0
    endloop
  endfacet
  facet normal -0.933574 0.358383 0
    outer loop
      vertex 0.171302 74.5816 0
      vertex 0.30259 74.9236 8.61824
      vertex 0.30259 74.9236 0
    endloop
  endfacet
  facet normal -0.933574 0.358383 0
    outer loop
      vertex 0.30259 74.9236 8.61824
      vertex 0.171302 74.5816 0
      vertex 0.171302 74.5816 8.65419
    endloop
  endfacet
  facet normal -0.156435 -0.987688 0
    outer loop
      vertex 3.13415 0.0191727 0
      vertex 2.77231 0.0764828 16.485
      vertex 2.77231 0.0764828 0
    endloop
  endfacet
  facet normal -0.156435 -0.987688 0
    outer loop
      vertex 2.77231 0.0764828 16.485
      vertex 3.13415 0.0191727 0
      vertex 3.13415 0.0191727 16.491
    endloop
  endfacet
  facet normal -0.358394 0.933571 0
    outer loop
      vertex 2.07642 76.6974 0
      vertex 2.41844 76.8287 8.418
      vertex 2.41844 76.8287 0
    endloop
  endfacet
  facet normal -0.358394 0.933571 0
    outer loop
      vertex 2.41844 76.8287 8.418
      vertex 2.07642 76.6974 0
      vertex 2.07642 76.6974 8.4318
    endloop
  endfacet
  facet normal -0.629397 0.777084 0
    outer loop
      vertex 1.15804 76.101 0
      vertex 1.44275 76.3316 8.47025
      vertex 1.44275 76.3316 0
    endloop
  endfacet
  facet normal -0.629397 0.777084 0
    outer loop
      vertex 1.44275 76.3316 8.47025
      vertex 1.15804 76.101 0
      vertex 1.15804 76.101 8.49449
    endloop
  endfacet
  facet normal -0.453992 -0.891006 0
    outer loop
      vertex 2.07642 0.30259 0
      vertex 1.75 0.46891 16.4437
      vertex 1.75 0.46891 0
    endloop
  endfacet
  facet normal -0.453992 -0.891006 0
    outer loop
      vertex 1.75 0.46891 16.4437
      vertex 2.07642 0.30259 0
      vertex 2.07642 0.30259 16.4612
    endloop
  endfacet
  facet normal -0.629319 -0.777147 0
    outer loop
      vertex 1.44275 0.66844 0
      vertex 1.15804 0.898993 16.3985
      vertex 1.15804 0.898993 0
    endloop
  endfacet
  facet normal -0.629319 -0.777147 0
    outer loop
      vertex 1.15804 0.898993 16.3985
      vertex 1.44275 0.66844 0
      vertex 1.44275 0.66844 16.4228
    endloop
  endfacet
  facet normal 0.891348 0.45332 -0
    outer loop
      vertex 103.697 74.9236 0
      vertex 103.531 75.25 8.58393
      vertex 103.697 74.9236 8.61824
    endloop
  endfacet
  facet normal 0.891348 0.45332 0
    outer loop
      vertex 103.531 75.25 8.58393
      vertex 103.697 74.9236 0
      vertex 103.531 75.25 0
    endloop
  endfacet
  facet normal 0.839372 0.543557 -0
    outer loop
      vertex 103.531 75.25 0
      vertex 103.332 75.5573 8.55164
      vertex 103.531 75.25 8.58393
    endloop
  endfacet
  facet normal 0.839372 0.543557 0
    outer loop
      vertex 103.332 75.5573 8.55164
      vertex 103.531 75.25 0
      vertex 103.332 75.5573 0
    endloop
  endfacet
  facet normal -0.777136 0.629333 0
    outer loop
      vertex 0.66844 75.5573 0
      vertex 0.898993 75.842 8.52171
      vertex 0.898993 75.842 0
    endloop
  endfacet
  facet normal -0.777136 0.629333 0
    outer loop
      vertex 0.898993 75.842 8.52171
      vertex 0.66844 75.5573 0
      vertex 0.66844 75.5573 8.55164
    endloop
  endfacet
  facet normal 0.156341 0.987703 -0
    outer loop
      vertex 101.228 76.9235 0
      vertex 100.866 76.9808 8.40201
      vertex 101.228 76.9235 8.40804
    endloop
  endfacet
  facet normal 0.156341 0.987703 0
    outer loop
      vertex 100.866 76.9808 8.40201
      vertex 101.228 76.9235 0
      vertex 100.866 76.9808 0
    endloop
  endfacet
  facet normal 0.776539 0.630069 -0
    outer loop
      vertex 103.332 75.5573 0
      vertex 103.101 75.842 8.52171
      vertex 103.332 75.5573 8.55164
    endloop
  endfacet
  facet normal 0.776539 0.630069 0
    outer loop
      vertex 103.101 75.842 8.52171
      vertex 103.332 75.5573 0
      vertex 103.101 75.842 0
    endloop
  endfacet
  facet normal 0.358383 -0.933574 0
    outer loop
      vertex 101.582 0.171302 0
      vertex 101.924 0.30259 16.4612
      vertex 101.582 0.171302 16.475
    endloop
  endfacet
  facet normal 0.358383 -0.933574 0
    outer loop
      vertex 101.924 0.30259 16.4612
      vertex 101.582 0.171302 0
      vertex 101.924 0.30259 0
    endloop
  endfacet
  facet normal 0.454413 0.890791 -0
    outer loop
      vertex 102.25 76.5311 0
      vertex 101.924 76.6974 8.4318
      vertex 102.25 76.5311 8.44928
    endloop
  endfacet
  facet normal 0.454413 0.890791 0
    outer loop
      vertex 101.924 76.6974 8.4318
      vertex 102.25 76.5311 0
      vertex 101.924 76.6974 0
    endloop
  endfacet
  facet normal -0.777147 -0.629319 0
    outer loop
      vertex 0.898993 1.15804 0
      vertex 0.66844 1.44275 16.3414
      vertex 0.66844 1.44275 0
    endloop
  endfacet
  facet normal -0.777147 -0.629319 0
    outer loop
      vertex 0.66844 1.44275 16.3414
      vertex 0.898993 1.15804 0
      vertex 0.898993 1.15804 16.3713
    endloop
  endfacet
  facet normal -0.933582 -0.358365 0
    outer loop
      vertex 0.30259 2.07642 0
      vertex 0.171302 2.41844 16.2388
      vertex 0.171302 2.41844 0
    endloop
  endfacet
  facet normal -0.933582 -0.358365 0
    outer loop
      vertex 0.171302 2.41844 16.2388
      vertex 0.30259 2.07642 0
      vertex 0.30259 2.07642 16.2748
    endloop
  endfacet
  facet normal 0.62901 0.777397 -0
    outer loop
      vertex 102.842 76.101 0
      vertex 102.557 76.3316 8.47025
      vertex 102.842 76.101 8.49449
    endloop
  endfacet
  facet normal 0.62901 0.777397 0
    outer loop
      vertex 102.557 76.3316 8.47025
      vertex 102.842 76.101 0
      vertex 102.557 76.3316 0
    endloop
  endfacet
  facet normal 8.33879e-06 0.104508 0.994524
    outer loop
      vertex 101.541 73.03 8.81727
      vertex 104 73.5 8.76786
      vertex 103.981 73.8659 8.72941
    endloop
  endfacet
  facet normal -2.05119e-06 0.104529 0.994522
    outer loop
      vertex 104 73.5 8.76786
      vertex 101.8 71.8164 8.94481
      vertex 104 3.5 16.1252
    endloop
  endfacet
  facet normal -4.35654e-06 0.104537 0.994521
    outer loop
      vertex 101.398 73.3082 8.78802
      vertex 103.981 73.8659 8.72941
      vertex 103.924 74.2277 8.69138
    endloop
  endfacet
  facet normal -2.24804e-05 0.104528 0.994522
    outer loop
      vertex 101.8 5.18357 15.9482
      vertex 104 3.5 16.1252
      vertex 101.8 71.8164 8.94481
    endloop
  endfacet
  facet normal 4.7542e-06 0.104512 0.994524
    outer loop
      vertex 101.398 73.3082 8.78802
      vertex 103.924 74.2277 8.69138
      vertex 103.829 74.5816 8.65419
    endloop
  endfacet
  facet normal 7.06777e-05 0.104649 0.994509
    outer loop
      vertex 101.787 4.92794 15.9751
      vertex 104 3.5 16.1252
      vertex 101.8 5.18357 15.9482
    endloop
  endfacet
  facet normal -5.78249e-06 0.104539 0.994521
    outer loop
      vertex 101.258 73.5229 8.76546
      vertex 103.829 74.5816 8.65419
      vertex 103.697 74.9236 8.61824
    endloop
  endfacet
  facet normal -0.00012961 0.104342 0.994541
    outer loop
      vertex 101.784 4.8717 15.981
      vertex 104 3.5 16.1252
      vertex 101.787 4.92794 15.9751
    endloop
  endfacet
  facet normal -7.89625e-06 0.104536 0.994521
    outer loop
      vertex 101.227 73.5701 8.76049
      vertex 103.697 74.9236 8.61824
      vertex 103.531 75.25 8.58393
    endloop
  endfacet
  facet normal -4.68232e-05 0.104474 0.994528
    outer loop
      vertex 101.734 4.56325 16.0134
      vertex 104 3.5 16.1252
      vertex 101.784 4.8717 15.981
    endloop
  endfacet
  facet normal 1.22688e-05 0.104509 0.994524
    outer loop
      vertex 101.065 73.7691 8.73958
      vertex 103.531 75.25 8.58393
      vertex 103.332 75.5573 8.55164
    endloop
  endfacet
  facet normal -0.000154017 0.104248 0.994551
    outer loop
      vertex 101.72 4.50885 16.0191
      vertex 104 3.5 16.1252
      vertex 101.734 4.56325 16.0134
    endloop
  endfacet
  facet normal -1.50187e-05 0.10454 0.994521
    outer loop
      vertex 101.029 73.8128 8.73498
      vertex 103.332 75.5573 8.55164
      vertex 103.101 75.842 8.52171
    endloop
  endfacet
  facet normal -6.59393e-06 0.104578 0.994517
    outer loop
      vertex 101.653 4.26159 16.0451
      vertex 104 3.5 16.1252
      vertex 101.72 4.50885 16.0191
    endloop
  endfacet
  facet normal 1.9718e-06 0.104523 0.994522
    outer loop
      vertex 101.029 73.8128 8.73498
      vertex 103.101 75.842 8.52171
      vertex 102.842 76.101 8.49449
    endloop
  endfacet
  facet normal -4.15952e-05 0.104471 0.994528
    outer loop
      vertex 101.561 4.02261 16.0702
      vertex 104 3.5 16.1252
      vertex 101.653 4.26159 16.0451
    endloop
  endfacet
  facet normal -6.18633e-06 0.104534 0.994521
    outer loop
      vertex 100.807 74.0337 8.71177
      vertex 102.842 76.101 8.49449
      vertex 102.557 76.3316 8.47025
    endloop
  endfacet
  facet normal 0.000252887 0.10583 0.994384
    outer loop
      vertex 101.541 3.97004 16.0758
      vertex 104 3.5 16.1252
      vertex 101.561 4.02261 16.0702
    endloop
  endfacet
  facet normal -3.51097e-06 0.104532 0.994522
    outer loop
      vertex 100.807 74.0337 8.71177
      vertex 102.557 76.3316 8.47025
      vertex 102.25 76.5311 8.44928
    endloop
  endfacet
  facet normal -2.56736e-05 0.104389 0.994537
    outer loop
      vertex 104 3.5 16.1252
      vertex 101.541 3.97004 16.0758
      vertex 103.981 3.13415 16.1636
    endloop
  endfacet
  facet normal -1.67902e-06 0.104532 0.994522
    outer loop
      vertex 100.563 74.2302 8.69112
      vertex 102.25 76.5311 8.44928
      vertex 101.924 76.6974 8.4318
    endloop
  endfacet
  facet normal -2.89461e-05 0.104379 0.994538
    outer loop
      vertex 101.398 3.69178 16.105
      vertex 103.981 3.13415 16.1636
      vertex 101.541 3.97004 16.0758
    endloop
  endfacet
  facet normal -1.42879e-05 0.104447 0.99453
    outer loop
      vertex 103.981 3.13415 16.1636
      vertex 101.398 3.69178 16.105
      vertex 103.924 2.77231 16.2016
    endloop
  endfacet
  facet normal 9.41913e-05 0.104405 0.994535
    outer loop
      vertex 104 73.5 8.76786
      vertex 101.797 71.8727 8.9389
      vertex 101.8 71.8164 8.94481
    endloop
  endfacet
  facet normal -1.31532e-05 0.104548 0.99452
    outer loop
      vertex 104 73.5 8.76786
      vertex 101.784 72.1283 8.91203
      vertex 101.797 71.8727 8.9389
    endloop
  endfacet
  facet normal 2.5977e-05 0.104486 0.994526
    outer loop
      vertex 104 73.5 8.76786
      vertex 101.734 72.4368 8.87962
      vertex 101.784 72.1283 8.91203
    endloop
  endfacet
  facet normal -9.37727e-06 0.10456 0.994519
    outer loop
      vertex 104 73.5 8.76786
      vertex 101.653 72.7384 8.84791
      vertex 101.734 72.4368 8.87962
    endloop
  endfacet
  facet normal 8.95716e-07 0.104529 0.994522
    outer loop
      vertex 100.516 74.2609 8.68789
      vertex 101.924 76.6974 8.4318
      vertex 101.582 76.8287 8.418
    endloop
  endfacet
  facet normal 9.24641e-06 0.104504 0.994525
    outer loop
      vertex 104 73.5 8.76786
      vertex 101.541 73.03 8.81727
      vertex 101.653 72.7384 8.84791
    endloop
  endfacet
  facet normal -8.12714e-05 0.104767 0.994497
    outer loop
      vertex 103.981 73.8659 8.72941
      vertex 101.515 73.0801 8.81199
      vertex 101.541 73.03 8.81727
    endloop
  endfacet
  facet normal 1.32515e-06 0.104511 0.994524
    outer loop
      vertex 103.981 73.8659 8.72941
      vertex 101.398 73.3082 8.78802
      vertex 101.515 73.0801 8.81199
    endloop
  endfacet
  facet normal 7.66546e-06 0.104506 0.994524
    outer loop
      vertex 103.829 74.5816 8.65419
      vertex 101.258 73.5229 8.76546
      vertex 101.398 73.3082 8.78802
    endloop
  endfacet
  facet normal 1.00224e-05 0.104525 0.994522
    outer loop
      vertex 100.3 74.4003 8.67324
      vertex 101.582 76.8287 8.418
      vertex 101.228 76.9235 8.40804
    endloop
  endfacet
  facet normal -7.96334e-05 0.104666 0.994507
    outer loop
      vertex 103.697 74.9236 8.61824
      vertex 101.227 73.5701 8.76049
      vertex 101.258 73.5229 8.76546
    endloop
  endfacet
  facet normal 1.18844e-05 0.10451 0.994524
    outer loop
      vertex 103.531 75.25 8.58393
      vertex 101.065 73.7691 8.73958
      vertex 101.227 73.5701 8.76049
    endloop
  endfacet
  facet normal -7.7532e-05 0.104622 0.994512
    outer loop
      vertex 103.332 75.5573 8.55164
      vertex 101.029 73.8128 8.73498
      vertex 101.065 73.7691 8.73958
    endloop
  endfacet
  facet normal -1.94835e-05 0.104536 0.994521
    outer loop
      vertex 100.3 74.4003 8.67324
      vertex 101.228 76.9235 8.40804
      vertex 100.866 76.9808 8.40201
    endloop
  endfacet
  facet normal 1.65511e-05 0.104511 0.994524
    outer loop
      vertex 102.842 76.101 8.49449
      vertex 100.807 74.0337 8.71177
      vertex 101.029 73.8128 8.73498
    endloop
  endfacet
  facet normal 8.8825e-06 0.104524 0.994522
    outer loop
      vertex 102.25 76.5311 8.44928
      vertex 100.563 74.2302 8.69112
      vertex 100.807 74.0337 8.71177
    endloop
  endfacet
  facet normal -5.00093e-05 0.104558 0.994519
    outer loop
      vertex 101.924 76.6974 8.4318
      vertex 100.516 74.2609 8.68789
      vertex 100.563 74.2302 8.69112
    endloop
  endfacet
  facet normal 2.16116e-05 0.104526 0.994522
    outer loop
      vertex 100.02 74.5421 8.65834
      vertex 100.866 76.9808 8.40201
      vertex 100.5 77 8.4
    endloop
  endfacet
  facet normal 6.21678e-06 0.104527 0.994522
    outer loop
      vertex 101.582 76.8287 8.418
      vertex 100.3 74.4003 8.67324
      vertex 100.516 74.2609 8.68789
    endloop
  endfacet
  facet normal 1.35824e-05 0.104529 0.994522
    outer loop
      vertex 100.866 76.9808 8.40201
      vertex 100.02 74.5421 8.65834
      vertex 100.3 74.4003 8.67324
    endloop
  endfacet
  facet normal -6.86582e-06 0.104532 0.994522
    outer loop
      vertex 100.5 77 8.4
      vertex 99.7799 74.6338 8.6487
      vertex 100.02 74.5421 8.65834
    endloop
  endfacet
  facet normal 5.27346e-05 0.104514 0.994523
    outer loop
      vertex 100.5 77 8.4
      vertex 99.7271 74.654 8.64658
      vertex 99.7799 74.6338 8.6487
    endloop
  endfacet
  facet normal -0.000266779 0.104618 0.994512
    outer loop
      vertex 100.5 77 8.4
      vertex 99.6724 74.6685 8.64504
      vertex 99.7271 74.654 8.64658
    endloop
  endfacet
  facet normal 2.96329e-05 0.104514 0.994523
    outer loop
      vertex 100.5 77 8.4
      vertex 99.4237 74.7348 8.63808
      vertex 99.6724 74.6685 8.64504
    endloop
  endfacet
  facet normal -2.13603e-05 0.104538 0.994521
    outer loop
      vertex 100.5 77 8.4
      vertex 99.1695 74.7748 8.63387
      vertex 99.4237 74.7348 8.63808
    endloop
  endfacet
  facet normal 0.000250105 0.104377 0.994538
    outer loop
      vertex 100.5 77 8.4
      vertex 99.1136 74.7837 8.63295
      vertex 99.1695 74.7748 8.63387
    endloop
  endfacet
  facet normal -8.83259e-05 0.104586 0.994516
    outer loop
      vertex 100.5 77 8.4
      vertex 99.057 74.7866 8.63264
      vertex 99.1136 74.7837 8.63295
    endloop
  endfacet
  facet normal -5.94839e-06 0.104533 0.994521
    outer loop
      vertex 100.5 77 8.4
      vertex 98.8 74.8 8.63123
      vertex 99.057 74.7866 8.63264
    endloop
  endfacet
  facet normal 0 0.104529 0.994522
    outer loop
      vertex 100.5 77 8.4
      vertex 5.2 74.8 8.63123
      vertex 98.8 74.8 8.63123
    endloop
  endfacet
  facet normal -2.96415e-05 0.104514 0.994523
    outer loop
      vertex 3.5 77 8.4
      vertex 4.32764 74.6685 8.64504
      vertex 4.57626 74.7348 8.63808
    endloop
  endfacet
  facet normal -5.26722e-05 0.104514 0.994523
    outer loop
      vertex 3.5 77 8.4
      vertex 4.22008 74.6338 8.6487
      vertex 4.27295 74.654 8.64658
    endloop
  endfacet
  facet normal -0 0.104529 0.994522
    outer loop
      vertex 3.5 77 8.4
      vertex 5.2 74.8 8.63123
      vertex 100.5 77 8.4
    endloop
  endfacet
  facet normal 5.9475e-06 0.104533 0.994521
    outer loop
      vertex 3.5 77 8.4
      vertex 4.94296 74.7866 8.63264
      vertex 5.2 74.8 8.63123
    endloop
  endfacet
  facet normal 8.84015e-05 0.104586 0.994516
    outer loop
      vertex 3.5 77 8.4
      vertex 4.88641 74.7837 8.63295
      vertex 4.94296 74.7866 8.63264
    endloop
  endfacet
  facet normal -0.000250024 0.104377 0.994538
    outer loop
      vertex 3.5 77 8.4
      vertex 4.83049 74.7748 8.63387
      vertex 4.88641 74.7837 8.63295
    endloop
  endfacet
  facet normal 2.1358e-05 0.104538 0.994521
    outer loop
      vertex 3.5 77 8.4
      vertex 4.57626 74.7348 8.63808
      vertex 4.83049 74.7748 8.63387
    endloop
  endfacet
  facet normal 0.000266823 0.104618 0.994512
    outer loop
      vertex 4.32764 74.6685 8.64504
      vertex 3.5 77 8.4
      vertex 4.27295 74.654 8.64658
    endloop
  endfacet
  facet normal 6.86098e-06 0.104532 0.994522
    outer loop
      vertex 4.22008 74.6338 8.6487
      vertex 3.5 77 8.4
      vertex 3.97979 74.5421 8.65834
    endloop
  endfacet
  facet normal -2.16205e-05 0.104526 0.994522
    outer loop
      vertex 3.13415 76.9808 8.40201
      vertex 3.97979 74.5421 8.65834
      vertex 3.5 77 8.4
    endloop
  endfacet
  facet normal -1.35919e-05 0.104529 0.994522
    outer loop
      vertex 3.97979 74.5421 8.65834
      vertex 3.13415 76.9808 8.40201
      vertex 3.7 74.4003 8.67324
    endloop
  endfacet
  facet normal 1.9492e-05 0.104536 0.994521
    outer loop
      vertex 2.77231 76.9235 8.40804
      vertex 3.7 74.4003 8.67324
      vertex 3.13415 76.9808 8.40201
    endloop
  endfacet
  facet normal -1.0026e-05 0.104525 0.994522
    outer loop
      vertex 2.41844 76.8287 8.418
      vertex 3.7 74.4003 8.67324
      vertex 2.77231 76.9235 8.40804
    endloop
  endfacet
  facet normal -6.22011e-06 0.104527 0.994522
    outer loop
      vertex 3.7 74.4003 8.67324
      vertex 2.41844 76.8287 8.418
      vertex 3.48413 74.2609 8.68789
    endloop
  endfacet
  facet normal -8.95707e-07 0.104529 0.994522
    outer loop
      vertex 2.07642 76.6974 8.4318
      vertex 3.48413 74.2609 8.68789
      vertex 2.41844 76.8287 8.418
    endloop
  endfacet
  facet normal 4.96364e-05 0.104558 0.994519
    outer loop
      vertex 3.48413 74.2609 8.68789
      vertex 2.07642 76.6974 8.4318
      vertex 3.43664 74.2302 8.69112
    endloop
  endfacet
  facet normal 1.67754e-06 0.104532 0.994522
    outer loop
      vertex 1.75 76.5311 8.44928
      vertex 3.43664 74.2302 8.69112
      vertex 2.07642 76.6974 8.4318
    endloop
  endfacet
  facet normal -8.88251e-06 0.104524 0.994522
    outer loop
      vertex 3.43664 74.2302 8.69112
      vertex 1.75 76.5311 8.44928
      vertex 3.19261 74.0337 8.71177
    endloop
  endfacet
  facet normal 3.50916e-06 0.104532 0.994522
    outer loop
      vertex 1.44275 76.3316 8.47025
      vertex 3.19261 74.0337 8.71177
      vertex 1.75 76.5311 8.44928
    endloop
  endfacet
  facet normal 6.19041e-06 0.104534 0.994521
    outer loop
      vertex 1.15804 76.101 8.49449
      vertex 3.19261 74.0337 8.71177
      vertex 1.44275 76.3316 8.47025
    endloop
  endfacet
  facet normal -1.65509e-05 0.104511 0.994524
    outer loop
      vertex 3.19261 74.0337 8.71177
      vertex 1.15804 76.101 8.49449
      vertex 2.97056 73.8128 8.73498
    endloop
  endfacet
  facet normal -1.97183e-06 0.104523 0.994522
    outer loop
      vertex 0.898993 75.842 8.52171
      vertex 2.97056 73.8128 8.73498
      vertex 1.15804 76.101 8.49449
    endloop
  endfacet
  facet normal 1.50333e-05 0.10454 0.994521
    outer loop
      vertex 0.66844 75.5573 8.55164
      vertex 2.97056 73.8128 8.73498
      vertex 0.898993 75.842 8.52171
    endloop
  endfacet
  facet normal 7.78578e-05 0.104622 0.994512
    outer loop
      vertex 2.97056 73.8128 8.73498
      vertex 0.66844 75.5573 8.55164
      vertex 2.93493 73.7691 8.73958
    endloop
  endfacet
  facet normal -1.22596e-05 0.104509 0.994524
    outer loop
      vertex 0.46891 75.25 8.58393
      vertex 2.93493 73.7691 8.73958
      vertex 0.66844 75.5573 8.55164
    endloop
  endfacet
  facet normal -1.18848e-05 0.10451 0.994524
    outer loop
      vertex 2.93493 73.7691 8.73958
      vertex 0.46891 75.25 8.58393
      vertex 2.77295 73.5701 8.76049
    endloop
  endfacet
  facet normal 7.89203e-06 0.104536 0.994521
    outer loop
      vertex 0.30259 74.9236 8.61824
      vertex 2.77295 73.5701 8.76049
      vertex 0.46891 75.25 8.58393
    endloop
  endfacet
  facet normal 7.97337e-05 0.104666 0.994507
    outer loop
      vertex 2.77295 73.5701 8.76049
      vertex 0.30259 74.9236 8.61824
      vertex 2.74211 73.5229 8.76546
    endloop
  endfacet
  facet normal -7.66371e-06 0.104506 0.994524
    outer loop
      vertex 2.74211 73.5229 8.76546
      vertex 0.171302 74.5816 8.65419
      vertex 2.60192 73.3082 8.78802
    endloop
  endfacet
  facet normal 5.78715e-06 0.104539 0.994521
    outer loop
      vertex 0.171302 74.5816 8.65419
      vertex 2.74211 73.5229 8.76546
      vertex 0.30259 74.9236 8.61824
    endloop
  endfacet
  facet normal 2.0719e-05 0.104542 0.99452
    outer loop
      vertex 103.924 2.77231 16.2016
      vertex 101.398 3.69178 16.105
      vertex 103.829 2.41844 16.2388
    endloop
  endfacet
  facet normal -3.10868e-05 0.104444 0.994531
    outer loop
      vertex 101.227 3.42987 16.1325
      vertex 103.829 2.41844 16.2388
      vertex 101.398 3.69178 16.105
    endloop
  endfacet
  facet normal 5.32059e-05 0.104658 0.994508
    outer loop
      vertex 103.829 2.41844 16.2388
      vertex 101.227 3.42987 16.1325
      vertex 103.697 2.07642 16.2748
    endloop
  endfacet
  facet normal -2.53047e-05 0.104517 0.994523
    outer loop
      vertex 103.697 2.07642 16.2748
      vertex 101.227 3.42987 16.1325
      vertex 103.531 1.75 16.3091
    endloop
  endfacet
  facet normal -1.46723e-05 0.104531 0.994522
    outer loop
      vertex 101.191 3.3861 16.1371
      vertex 103.531 1.75 16.3091
      vertex 101.227 3.42987 16.1325
    endloop
  endfacet
  facet normal -9.23541e-07 0.104551 0.99452
    outer loop
      vertex 103.531 1.75 16.3091
      vertex 101.191 3.3861 16.1371
      vertex 103.332 1.44275 16.3414
    endloop
  endfacet
  facet normal -3.40811e-05 0.104514 0.994523
    outer loop
      vertex 101.029 3.18717 16.158
      vertex 103.332 1.44275 16.3414
      vertex 101.191 3.3861 16.1371
    endloop
  endfacet
  facet normal -5.41638e-05 0.104488 0.994526
    outer loop
      vertex 103.332 1.44275 16.3414
      vertex 101.029 3.18717 16.158
      vertex 103.101 1.15804 16.3713
    endloop
  endfacet
  facet normal 0.000174629 0.104719 0.994502
    outer loop
      vertex 100.989 3.14735 16.1622
      vertex 103.101 1.15804 16.3713
      vertex 101.029 3.18717 16.158
    endloop
  endfacet
  facet normal -5.38256e-05 0.104479 0.994527
    outer loop
      vertex 103.101 1.15804 16.3713
      vertex 100.989 3.14735 16.1622
      vertex 102.842 0.898993 16.3985
    endloop
  endfacet
  facet normal -7.19639e-05 0.104465 0.994529
    outer loop
      vertex 100.807 2.96634 16.1812
      vertex 102.842 0.898993 16.3985
      vertex 100.989 3.14735 16.1622
    endloop
  endfacet
  facet normal 0.000129077 0.10466 0.994508
    outer loop
      vertex 102.842 0.898993 16.3985
      vertex 100.807 2.96634 16.1812
      vertex 102.557 0.66844 16.4228
    endloop
  endfacet
  facet normal -0.000170061 0.104435 0.994532
    outer loop
      vertex 102.557 0.66844 16.4228
      vertex 100.807 2.96634 16.1812
      vertex 102.25 0.46891 16.4437
    endloop
  endfacet
  facet normal 0.000231236 0.104664 0.994508
    outer loop
      vertex 100.607 2.80525 16.1982
      vertex 102.25 0.46891 16.4437
      vertex 100.807 2.96634 16.1812
    endloop
  endfacet
  facet normal -0.000346256 0.104263 0.99455
    outer loop
      vertex 100.563 2.76981 16.2019
      vertex 102.25 0.46891 16.4437
      vertex 100.607 2.80525 16.1982
    endloop
  endfacet
  facet normal 4.7835e-05 0.104548 0.99452
    outer loop
      vertex 102.25 0.46891 16.4437
      vertex 100.563 2.76981 16.2019
      vertex 101.924 0.30259 16.4612
    endloop
  endfacet
  facet normal 4.53028e-06 0.104525 0.994522
    outer loop
      vertex 101.924 0.30259 16.4612
      vertex 100.563 2.76981 16.2019
      vertex 101.582 0.171302 16.475
    endloop
  endfacet
  facet normal 7.16399e-05 0.104551 0.99452
    outer loop
      vertex 100.3 2.59972 16.2198
      vertex 101.582 0.171302 16.475
      vertex 100.563 2.76981 16.2019
    endloop
  endfacet
  facet normal 8.74902e-05 0.104559 0.994519
    outer loop
      vertex 101.582 0.171302 16.475
      vertex 100.3 2.59972 16.2198
      vertex 101.228 0.0764828 16.485
    endloop
  endfacet
  facet normal -6.09263e-05 0.104505 0.994524
    outer loop
      vertex 101.228 0.0764828 16.485
      vertex 100.3 2.59972 16.2198
      vertex 100.866 0.0191727 16.491
    endloop
  endfacet
  facet normal -5.06938e-05 0.104507 0.994524
    outer loop
      vertex 100.071 2.48351 16.232
      vertex 100.866 0.0191727 16.491
      vertex 100.3 2.59972 16.2198
    endloop
  endfacet
  facet normal 0.0002117 0.104591 0.994515
    outer loop
      vertex 100.02 2.45794 16.2347
      vertex 100.866 0.0191727 16.491
      vertex 100.071 2.48351 16.232
    endloop
  endfacet
  facet normal -3.98642e-05 0.104505 0.994524
    outer loop
      vertex 100.866 0.0191727 16.491
      vertex 100.02 2.45794 16.2347
      vertex 100.5 0 16.493
    endloop
  endfacet
  facet normal -0.000363038 0.104442 0.994531
    outer loop
      vertex 99.9673 2.43776 16.2368
      vertex 100.5 0 16.493
      vertex 100.02 2.45794 16.2347
    endloop
  endfacet
  facet normal -0.000154772 0.104487 0.994526
    outer loop
      vertex 99.7271 2.34603 16.2464
      vertex 100.5 0 16.493
      vertex 99.9673 2.43776 16.2368
    endloop
  endfacet
  facet normal 0.00112715 0.104905 0.994482
    outer loop
      vertex 99.6724 2.33145 16.248
      vertex 100.5 0 16.493
      vertex 99.7271 2.34603 16.2464
    endloop
  endfacet
  facet normal -0.000226036 0.10443 0.994532
    outer loop
      vertex 99.4237 2.2652 16.2549
      vertex 100.5 0 16.493
      vertex 99.6724 2.33145 16.248
    endloop
  endfacet
  facet normal 0.000191617 0.104626 0.994512
    outer loop
      vertex 99.1136 2.21634 16.2601
      vertex 100.5 0 16.493
      vertex 99.4237 2.2652 16.2549
    endloop
  endfacet
  facet normal -2.64611e-05 0.104491 0.994526
    outer loop
      vertex 98.8565 2.20295 16.2615
      vertex 100.5 0 16.493
      vertex 99.1136 2.21634 16.2601
    endloop
  endfacet
  facet normal -0.000169505 0.104386 0.994537
    outer loop
      vertex 98.8 2.2 16.2618
      vertex 100.5 0 16.493
      vertex 98.8565 2.20295 16.2615
    endloop
  endfacet
  facet normal -0 0.104515 0.994523
    outer loop
      vertex 5.2 2.2 16.2618
      vertex 100.5 0 16.493
      vertex 98.8 2.2 16.2618
    endloop
  endfacet
  facet normal -0.00112734 0.104905 0.994482
    outer loop
      vertex 3.5 0 16.493
      vertex 4.32764 2.33145 16.248
      vertex 4.27295 2.34603 16.2464
    endloop
  endfacet
  facet normal 5.06275e-05 0.104507 0.994524
    outer loop
      vertex 3.13415 0.0191727 16.491
      vertex 3.92934 2.48351 16.232
      vertex 3.7 2.59972 16.2198
    endloop
  endfacet
  facet normal 0 0.104515 0.994523
    outer loop
      vertex 5.2 2.2 16.2618
      vertex 3.5 0 16.493
      vertex 100.5 0 16.493
    endloop
  endfacet
  facet normal 0.000169361 0.104386 0.994537
    outer loop
      vertex 5.14345 2.20295 16.2615
      vertex 3.5 0 16.493
      vertex 5.2 2.2 16.2618
    endloop
  endfacet
  facet normal 2.64671e-05 0.104491 0.994526
    outer loop
      vertex 4.88641 2.21634 16.2601
      vertex 3.5 0 16.493
      vertex 5.14345 2.20295 16.2615
    endloop
  endfacet
  facet normal -0.000191588 0.104626 0.994512
    outer loop
      vertex 4.57626 2.2652 16.2549
      vertex 3.5 0 16.493
      vertex 4.88641 2.21634 16.2601
    endloop
  endfacet
  facet normal 0.000226102 0.10443 0.994532
    outer loop
      vertex 4.32764 2.33145 16.248
      vertex 3.5 0 16.493
      vertex 4.57626 2.2652 16.2549
    endloop
  endfacet
  facet normal 0.000154714 0.104487 0.994526
    outer loop
      vertex 4.03265 2.43776 16.2368
      vertex 3.5 0 16.493
      vertex 4.27295 2.34603 16.2464
    endloop
  endfacet
  facet normal 0.000362026 0.104443 0.994531
    outer loop
      vertex 3.97979 2.45794 16.2347
      vertex 3.5 0 16.493
      vertex 4.03265 2.43776 16.2368
    endloop
  endfacet
  facet normal -0.000213677 0.104592 0.994515
    outer loop
      vertex 3.92934 2.48351 16.232
      vertex 3.13415 0.0191727 16.491
      vertex 3.97979 2.45794 16.2347
    endloop
  endfacet
  facet normal -7.15731e-05 0.104551 0.99452
    outer loop
      vertex 2.41844 0.171302 16.475
      vertex 3.7 2.59972 16.2198
      vertex 3.43664 2.76981 16.2019
    endloop
  endfacet
  facet normal 0.000346283 0.104263 0.99455
    outer loop
      vertex 1.75 0.46891 16.4437
      vertex 3.43664 2.76981 16.2019
      vertex 3.39264 2.80525 16.1982
    endloop
  endfacet
  facet normal -0.000231232 0.104664 0.994508
    outer loop
      vertex 1.75 0.46891 16.4437
      vertex 3.39264 2.80525 16.1982
      vertex 3.19261 2.96634 16.1812
    endloop
  endfacet
  facet normal 3.98806e-05 0.104505 0.994524
    outer loop
      vertex 3.97979 2.45794 16.2347
      vertex 3.13415 0.0191727 16.491
      vertex 3.5 0 16.493
    endloop
  endfacet
  facet normal 7.19714e-05 0.104465 0.994529
    outer loop
      vertex 1.15804 0.898993 16.3985
      vertex 3.19261 2.96634 16.1812
      vertex 3.01061 3.14735 16.1622
    endloop
  endfacet
  facet normal -0.00017454 0.104719 0.994502
    outer loop
      vertex 0.898993 1.15804 16.3713
      vertex 3.01061 3.14735 16.1622
      vertex 2.97056 3.18717 16.158
    endloop
  endfacet
  facet normal 3.40908e-05 0.104514 0.994523
    outer loop
      vertex 0.66844 1.44275 16.3414
      vertex 2.97056 3.18717 16.158
      vertex 2.80858 3.3861 16.1371
    endloop
  endfacet
  facet normal 1.47289e-05 0.104531 0.994522
    outer loop
      vertex 0.46891 1.75 16.3091
      vertex 2.80858 3.3861 16.1371
      vertex 2.77295 3.42987 16.1325
    endloop
  endfacet
  facet normal 6.09529e-05 0.104505 0.994524
    outer loop
      vertex 3.7 2.59972 16.2198
      vertex 2.77231 0.0764828 16.485
      vertex 3.13415 0.0191727 16.491
    endloop
  endfacet
  facet normal 3.1089e-05 0.104444 0.994531
    outer loop
      vertex 0.171302 2.41844 16.2388
      vertex 2.77295 3.42987 16.1325
      vertex 2.60192 3.69178 16.105
    endloop
  endfacet
  facet normal 2.89575e-05 0.104379 0.994538
    outer loop
      vertex 0.0191727 3.13415 16.1636
      vertex 2.60192 3.69178 16.105
      vertex 2.45936 3.97004 16.0758
    endloop
  endfacet
  facet normal -0.000252604 0.105829 0.994384
    outer loop
      vertex 0 3.5 16.1252
      vertex 2.45936 3.97004 16.0758
      vertex 2.43907 4.02261 16.0702
    endloop
  endfacet
  facet normal -8.75221e-05 0.104559 0.994519
    outer loop
      vertex 3.7 2.59972 16.2198
      vertex 2.41844 0.171302 16.475
      vertex 2.77231 0.0764828 16.485
    endloop
  endfacet
  facet normal 4.15858e-05 0.104471 0.994528
    outer loop
      vertex 0 3.5 16.1252
      vertex 2.43907 4.02261 16.0702
      vertex 2.34683 4.26159 16.0451
    endloop
  endfacet
  facet normal 6.59739e-06 0.104578 0.994517
    outer loop
      vertex 0 3.5 16.1252
      vertex 2.34683 4.26159 16.0451
      vertex 2.28021 4.50885 16.0191
    endloop
  endfacet
  facet normal 0.000153277 0.10425 0.994551
    outer loop
      vertex 0 3.5 16.1252
      vertex 2.28021 4.50885 16.0191
      vertex 2.26556 4.56325 16.0134
    endloop
  endfacet
  facet normal 4.68894e-05 0.104474 0.994528
    outer loop
      vertex 0 3.5 16.1252
      vertex 2.26556 4.56325 16.0134
      vertex 2.21643 4.8717 15.981
    endloop
  endfacet
  facet normal 0.000129641 0.104342 0.994541
    outer loop
      vertex 0 3.5 16.1252
      vertex 2.21643 4.8717 15.981
      vertex 2.21347 4.92794 15.9751
    endloop
  endfacet
  facet normal -7.05821e-05 0.104649 0.994509
    outer loop
      vertex 0 3.5 16.1252
      vertex 2.21347 4.92794 15.9751
      vertex 2.2 5.18357 15.9482
    endloop
  endfacet
  facet normal -4.53052e-06 0.104525 0.994522
    outer loop
      vertex 3.43664 2.76981 16.2019
      vertex 2.07642 0.30259 16.4612
      vertex 2.41844 0.171302 16.475
    endloop
  endfacet
  facet normal 1.54773e-06 0.104528 0.994522
    outer loop
      vertex 2.2 71.8164 8.94481
      vertex 0 73.5 8.76786
      vertex 2.2 5.18357 15.9482
    endloop
  endfacet
  facet normal -4.75597e-06 0.104512 0.994524
    outer loop
      vertex 0.0764828 74.2277 8.69138
      vertex 2.60192 73.3082 8.78802
      vertex 0.171302 74.5816 8.65419
    endloop
  endfacet
  facet normal 2.1977e-05 0.104529 0.994522
    outer loop
      vertex 0 3.5 16.1252
      vertex 2.2 5.18357 15.9482
      vertex 0 73.5 8.76786
    endloop
  endfacet
  facet normal 4.35618e-06 0.104537 0.994521
    outer loop
      vertex 0.0191727 73.8659 8.72941
      vertex 2.60192 73.3082 8.78802
      vertex 0.0764828 74.2277 8.69138
    endloop
  endfacet
  facet normal 2.56675e-05 0.104389 0.994537
    outer loop
      vertex 2.45936 3.97004 16.0758
      vertex 0 3.5 16.1252
      vertex 0.0191727 3.13415 16.1636
    endloop
  endfacet
  facet normal -1.32544e-06 0.104511 0.994524
    outer loop
      vertex 2.60192 73.3082 8.78802
      vertex 0.0191727 73.8659 8.72941
      vertex 2.48507 73.0801 8.81199
    endloop
  endfacet
  facet normal -4.77929e-05 0.104548 0.99452
    outer loop
      vertex 3.43664 2.76981 16.2019
      vertex 1.75 0.46891 16.4437
      vertex 2.07642 0.30259 16.4612
    endloop
  endfacet
  facet normal 8.14032e-05 0.104767 0.994497
    outer loop
      vertex 2.48507 73.0801 8.81199
      vertex 0.0191727 73.8659 8.72941
      vertex 2.45936 73.03 8.81727
    endloop
  endfacet
  facet normal 0.000169973 0.104435 0.994532
    outer loop
      vertex 3.19261 2.96634 16.1812
      vertex 1.44275 0.66844 16.4228
      vertex 1.75 0.46891 16.4437
    endloop
  endfacet
  facet normal -8.33684e-06 0.104508 0.994524
    outer loop
      vertex 0 73.5 8.76786
      vertex 2.45936 73.03 8.81727
      vertex 0.0191727 73.8659 8.72941
    endloop
  endfacet
  facet normal -0.000129162 0.10466 0.994508
    outer loop
      vertex 3.19261 2.96634 16.1812
      vertex 1.15804 0.898993 16.3985
      vertex 1.44275 0.66844 16.4228
    endloop
  endfacet
  facet normal -9.24216e-06 0.104504 0.994525
    outer loop
      vertex 2.45936 73.03 8.81727
      vertex 0 73.5 8.76786
      vertex 2.34683 72.7384 8.84791
    endloop
  endfacet
  facet normal 5.38259e-05 0.104479 0.994527
    outer loop
      vertex 3.01061 3.14735 16.1622
      vertex 0.898993 1.15804 16.3713
      vertex 1.15804 0.898993 16.3985
    endloop
  endfacet
  facet normal 9.37539e-06 0.10456 0.994519
    outer loop
      vertex 2.34683 72.7384 8.84791
      vertex 0 73.5 8.76786
      vertex 2.26556 72.4368 8.87962
    endloop
  endfacet
  facet normal 5.42166e-05 0.104488 0.994526
    outer loop
      vertex 2.97056 3.18717 16.158
      vertex 0.66844 1.44275 16.3414
      vertex 0.898993 1.15804 16.3713
    endloop
  endfacet
  facet normal -2.60137e-05 0.104486 0.994526
    outer loop
      vertex 2.26556 72.4368 8.87962
      vertex 0 73.5 8.76786
      vertex 2.21643 72.1283 8.91203
    endloop
  endfacet
  facet normal 9.22865e-07 0.104551 0.99452
    outer loop
      vertex 2.80858 3.3861 16.1371
      vertex 0.46891 1.75 16.3091
      vertex 0.66844 1.44275 16.3414
    endloop
  endfacet
  facet normal 1.31362e-05 0.104548 0.99452
    outer loop
      vertex 2.21643 72.1283 8.91203
      vertex 0 73.5 8.76786
      vertex 2.20296 71.8727 8.9389
    endloop
  endfacet
  facet normal 2.52912e-05 0.104517 0.994523
    outer loop
      vertex 2.77295 3.42987 16.1325
      vertex 0.30259 2.07642 16.2748
      vertex 0.46891 1.75 16.3091
    endloop
  endfacet
  facet normal -9.42405e-05 0.104405 0.994535
    outer loop
      vertex 2.20296 71.8727 8.9389
      vertex 0 73.5 8.76786
      vertex 2.2 71.8164 8.94481
    endloop
  endfacet
  facet normal -5.32496e-05 0.104659 0.994508
    outer loop
      vertex 2.77295 3.42987 16.1325
      vertex 0.171302 2.41844 16.2388
      vertex 0.30259 2.07642 16.2748
    endloop
  endfacet
  facet normal -2.07267e-05 0.104542 0.99452
    outer loop
      vertex 2.60192 3.69178 16.105
      vertex 0.0764828 2.77231 16.2016
      vertex 0.171302 2.41844 16.2388
    endloop
  endfacet
  facet normal 1.42867e-05 0.104447 0.99453
    outer loop
      vertex 2.60192 3.69178 16.105
      vertex 0.0191727 3.13415 16.1636
      vertex 0.0764828 2.77231 16.2016
    endloop
  endfacet
  facet normal -0.987688 -0.156435 0
    outer loop
      vertex 1.859 4.73864 -2.2
      vertex 1.81479 5.01777 -1.90735e-07
      vertex 1.81479 5.01777 -2.2
    endloop
  endfacet
  facet normal -0.987688 -0.156435 0
    outer loop
      vertex 1.81479 5.01777 -1.90735e-07
      vertex 1.859 4.73864 -2.2
      vertex 1.859 4.73864 -1.90735e-07
    endloop
  endfacet
  facet normal 0.258819 -0.965926 0
    outer loop
      vertex 100.061 2.659 -2.2
      vertex 100.334 2.73215 -1.90735e-07
      vertex 100.061 2.659 -1.90735e-07
    endloop
  endfacet
  facet normal 0.258819 -0.965926 0
    outer loop
      vertex 100.334 2.73215 -1.90735e-07
      vertex 100.061 2.659 -2.2
      vertex 100.334 2.73215 -2.2
    endloop
  endfacet
  facet normal -0.99863 -0.0523323 0
    outer loop
      vertex 1.81479 5.01777 -2.2
      vertex 1.8 5.3 -1.90735e-07
      vertex 1.8 5.3 -2.2
    endloop
  endfacet
  facet normal -0.99863 -0.0523323 0
    outer loop
      vertex 1.8 5.3 -1.90735e-07
      vertex 1.81479 5.01777 -2.2
      vertex 1.81479 5.01777 -1.90735e-07
    endloop
  endfacet
  facet normal -0.544832 0.838545 0
    outer loop
      vertex 3.15 74.8383 -2.2
      vertex 2.91298 74.6843 -1.90735e-07
      vertex 3.15 74.8383 -1.90735e-07
    endloop
  endfacet
  facet normal -0.544832 0.838545 0
    outer loop
      vertex 2.91298 74.6843 -1.90735e-07
      vertex 3.15 74.8383 -2.2
      vertex 2.91298 74.6843 -2.2
    endloop
  endfacet
  facet normal 0.544665 -0.838654 0
    outer loop
      vertex 100.85 2.96173 -2.2
      vertex 101.087 3.11565 -1.90735e-07
      vertex 100.85 2.96173 -1.90735e-07
    endloop
  endfacet
  facet normal 0.544665 -0.838654 0
    outer loop
      vertex 101.087 3.11565 -1.90735e-07
      vertex 100.85 2.96173 -2.2
      vertex 101.087 3.11565 -2.2
    endloop
  endfacet
  facet normal -0.707107 -0.707107 0
    outer loop
      vertex 2.69335 3.29351 -2.2
      vertex 2.49351 3.49335 -1.90735e-07
      vertex 2.49351 3.49335 -2.2
    endloop
  endfacet
  facet normal -0.707107 -0.707107 0
    outer loop
      vertex 2.49351 3.49335 -1.90735e-07
      vertex 2.69335 3.29351 -2.2
      vertex 2.69335 3.29351 -1.90735e-07
    endloop
  endfacet
  facet normal -0.707213 0.707001 0
    outer loop
      vertex 2.49351 74.3066 -2.2
      vertex 2.69335 74.5065 -1.90735e-07
      vertex 2.69335 74.5065 -2.2
    endloop
  endfacet
  facet normal -0.707213 0.707001 0
    outer loop
      vertex 2.69335 74.5065 -1.90735e-07
      vertex 2.49351 74.3066 -2.2
      vertex 2.49351 74.3066 -1.90735e-07
    endloop
  endfacet
  facet normal 0 0 -1
    outer loop
      vertex 100.502 5.58196 -2.2
      vertex 102.2 5.3 -2.2
      vertex 102.185 5.01777 -2.2
    endloop
  endfacet
  facet normal 0 0 -1
    outer loop
      vertex 102.2 5.3 -2.2
      vertex 100.6 6.2 -2.2
      vertex 102.2 72.5 -2.2
    endloop
  endfacet
  facet normal 0 0 -1
    outer loop
      vertex 100.427 5.38653 -2.2
      vertex 102.185 5.01777 -2.2
      vertex 102.141 4.73864 -2.2
    endloop
  endfacet
  facet normal 0 0 -1
    outer loop
      vertex 100.6 71.6 -2.2
      vertex 102.2 72.5 -2.2
      vertex 100.6 6.2 -2.2
    endloop
  endfacet
  facet normal 0 0 -1
    outer loop
      vertex 100.332 5.2 -2.2
      vertex 102.141 4.73864 -2.2
      vertex 102.068 4.46565 -2.2
    endloop
  endfacet
  facet normal 0 0 -1
    outer loop
      vertex 100.589 71.8091 -2.2
      vertex 102.2 72.5 -2.2
      vertex 100.6 71.6 -2.2
    endloop
  endfacet
  facet normal 0 0 -1
    outer loop
      vertex 100.332 5.2 -2.2
      vertex 102.068 4.46565 -2.2
      vertex 101.967 4.20181 -2.2
    endloop
  endfacet
  facet normal 0 0 -1
    outer loop
      vertex 100.556 72.0158 -2.2
      vertex 102.2 72.5 -2.2
      vertex 100.589 71.8091 -2.2
    endloop
  endfacet
  facet normal 0 0 -1
    outer loop
      vertex 100.218 5.02443 -2.2
      vertex 101.967 4.20181 -2.2
      vertex 101.838 3.95 -2.2
    endloop
  endfacet
  facet normal 0 0 -1
    outer loop
      vertex 100.502 72.218 -2.2
      vertex 102.2 72.5 -2.2
      vertex 100.556 72.0158 -2.2
    endloop
  endfacet
  facet normal 0 0 -1
    outer loop
      vertex 100.218 5.02443 -2.2
      vertex 101.838 3.95 -2.2
      vertex 101.684 3.71298 -2.2
    endloop
  endfacet
  facet normal -0 0 -1
    outer loop
      vertex 102.2 72.5 -2.2
      vertex 100.502 72.218 -2.2
      vertex 102.185 72.7822 -2.2
    endloop
  endfacet
  facet normal 0 0 -1
    outer loop
      vertex 100.086 4.86174 -2.2
      vertex 101.684 3.71298 -2.2
      vertex 101.506 3.49335 -2.2
    endloop
  endfacet
  facet normal 0 0 -1
    outer loop
      vertex 100.427 72.4135 -2.2
      vertex 102.185 72.7822 -2.2
      vertex 100.502 72.218 -2.2
    endloop
  endfacet
  facet normal 0 0 -1
    outer loop
      vertex 100.086 4.86174 -2.2
      vertex 101.506 3.49335 -2.2
      vertex 101.307 3.29351 -2.2
    endloop
  endfacet
  facet normal -0 0 -1
    outer loop
      vertex 102.185 72.7822 -2.2
      vertex 100.427 72.4135 -2.2
      vertex 102.141 73.0614 -2.2
    endloop
  endfacet
  facet normal 0 0 -1
    outer loop
      vertex 99.9383 4.71371 -2.2
      vertex 101.307 3.29351 -2.2
      vertex 101.087 3.11565 -2.2
    endloop
  endfacet
  facet normal 0 0 -1
    outer loop
      vertex 100.332 72.6 -2.2
      vertex 102.141 73.0614 -2.2
      vertex 100.427 72.4135 -2.2
    endloop
  endfacet
  facet normal 0 0 -1
    outer loop
      vertex 99.7756 4.58196 -2.2
      vertex 101.087 3.11565 -2.2
      vertex 100.85 2.96173 -2.2
    endloop
  endfacet
  facet normal -0 0 -1
    outer loop
      vertex 102.141 73.0614 -2.2
      vertex 100.332 72.6 -2.2
      vertex 102.068 73.3343 -2.2
    endloop
  endfacet
  facet normal -0 0 -1
    outer loop
      vertex 102.068 73.3343 -2.2
      vertex 100.332 72.6 -2.2
      vertex 101.967 73.5982 -2.2
    endloop
  endfacet
  facet normal 0 0 -1
    outer loop
      vertex 99.7756 4.58196 -2.2
      vertex 100.85 2.96173 -2.2
      vertex 100.598 2.83343 -2.2
    endloop
  endfacet
  facet normal 0 0 -1
    outer loop
      vertex 102.2 5.3 -2.2
      vertex 100.589 5.99094 -2.2
      vertex 100.6 6.2 -2.2
    endloop
  endfacet
  facet normal 0 0 -1
    outer loop
      vertex 102.2 5.3 -2.2
      vertex 100.556 5.78418 -2.2
      vertex 100.589 5.99094 -2.2
    endloop
  endfacet
  facet normal 0 0 -1
    outer loop
      vertex 102.2 5.3 -2.2
      vertex 100.502 5.58196 -2.2
      vertex 100.556 5.78418 -2.2
    endloop
  endfacet
  facet normal 0 0 -1
    outer loop
      vertex 102.185 5.01777 -2.2
      vertex 100.427 5.38653 -2.2
      vertex 100.502 5.58196 -2.2
    endloop
  endfacet
  facet normal 0 0 -1
    outer loop
      vertex 99.6 4.46795 -2.2
      vertex 100.598 2.83343 -2.2
      vertex 100.334 2.73215 -2.2
    endloop
  endfacet
  facet normal 0 0 -1
    outer loop
      vertex 102.141 4.73864 -2.2
      vertex 100.332 5.2 -2.2
      vertex 100.427 5.38653 -2.2
    endloop
  endfacet
  facet normal 0 0 -1
    outer loop
      vertex 101.967 4.20181 -2.2
      vertex 100.218 5.02443 -2.2
      vertex 100.332 5.2 -2.2
    endloop
  endfacet
  facet normal 0 0 -1
    outer loop
      vertex 101.684 3.71298 -2.2
      vertex 100.086 4.86174 -2.2
      vertex 100.218 5.02443 -2.2
    endloop
  endfacet
  facet normal 0 0 -1
    outer loop
      vertex 99.6 4.46795 -2.2
      vertex 100.334 2.73215 -2.2
      vertex 100.061 2.659 -2.2
    endloop
  endfacet
  facet normal 0 0 -1
    outer loop
      vertex 101.307 3.29351 -2.2
      vertex 99.9383 4.71371 -2.2
      vertex 100.086 4.86174 -2.2
    endloop
  endfacet
  facet normal 0 0 -1
    outer loop
      vertex 99.4135 4.37291 -2.2
      vertex 100.061 2.659 -2.2
      vertex 99.7822 2.61479 -2.2
    endloop
  endfacet
  facet normal 0 0 -1
    outer loop
      vertex 101.087 3.11565 -2.2
      vertex 99.7756 4.58196 -2.2
      vertex 99.9383 4.71371 -2.2
    endloop
  endfacet
  facet normal 0 0 -1
    outer loop
      vertex 100.598 2.83343 -2.2
      vertex 99.6 4.46795 -2.2
      vertex 99.7756 4.58196 -2.2
    endloop
  endfacet
  facet normal 0 0 -1
    outer loop
      vertex 99.218 4.29789 -2.2
      vertex 99.7822 2.61479 -2.2
      vertex 99.5 2.6 -2.2
    endloop
  endfacet
  facet normal 0 0 -1
    outer loop
      vertex 100.061 2.659 -2.2
      vertex 99.4135 4.37291 -2.2
      vertex 99.6 4.46795 -2.2
    endloop
  endfacet
  facet normal 0 0 -1
    outer loop
      vertex 99.7822 2.61479 -2.2
      vertex 99.218 4.29789 -2.2
      vertex 99.4135 4.37291 -2.2
    endloop
  endfacet
  facet normal 0 0 -1
    outer loop
      vertex 99.5 2.6 -2.2
      vertex 99.0158 4.2437 -2.2
      vertex 99.218 4.29789 -2.2
    endloop
  endfacet
  facet normal 0 0 -1
    outer loop
      vertex 99.5 2.6 -2.2
      vertex 98.8091 4.21096 -2.2
      vertex 99.0158 4.2437 -2.2
    endloop
  endfacet
  facet normal 0 0 -1
    outer loop
      vertex 99.5 2.6 -2.2
      vertex 98.6 4.2 -2.2
      vertex 98.8091 4.21096 -2.2
    endloop
  endfacet
  facet normal 0 0 -1
    outer loop
      vertex 99.5 2.6 -2.2
      vertex 5.4 4.2 -2.2
      vertex 98.6 4.2 -2.2
    endloop
  endfacet
  facet normal 0 0 -1
    outer loop
      vertex 4.5 2.6 -2.2
      vertex 5.4 4.2 -2.2
      vertex 99.5 2.6 -2.2
    endloop
  endfacet
  facet normal 0 0 -1
    outer loop
      vertex 4.5 2.6 -2.2
      vertex 5.19094 4.21096 -2.2
      vertex 5.4 4.2 -2.2
    endloop
  endfacet
  facet normal 0 0 -1
    outer loop
      vertex 4.5 2.6 -2.2
      vertex 4.98418 4.2437 -2.2
      vertex 5.19094 4.21096 -2.2
    endloop
  endfacet
  facet normal 0 0 -1
    outer loop
      vertex 4.5 2.6 -2.2
      vertex 4.78197 4.29789 -2.2
      vertex 4.98418 4.2437 -2.2
    endloop
  endfacet
  facet normal 0 0 -1
    outer loop
      vertex 4.21777 2.61479 -2.2
      vertex 4.78197 4.29789 -2.2
      vertex 4.5 2.6 -2.2
    endloop
  endfacet
  facet normal -0 0 -1
    outer loop
      vertex 4.78197 4.29789 -2.2
      vertex 4.21777 2.61479 -2.2
      vertex 4.58653 4.37291 -2.2
    endloop
  endfacet
  facet normal 0 0 -1
    outer loop
      vertex 3.93864 2.659 -2.2
      vertex 4.58653 4.37291 -2.2
      vertex 4.21777 2.61479 -2.2
    endloop
  endfacet
  facet normal -0 0 -1
    outer loop
      vertex 4.58653 4.37291 -2.2
      vertex 3.93864 2.659 -2.2
      vertex 4.4 4.46795 -2.2
    endloop
  endfacet
  facet normal 0 0 -1
    outer loop
      vertex 3.66565 2.73215 -2.2
      vertex 4.4 4.46795 -2.2
      vertex 3.93864 2.659 -2.2
    endloop
  endfacet
  facet normal 0 0 -1
    outer loop
      vertex 3.40181 2.83343 -2.2
      vertex 4.4 4.46795 -2.2
      vertex 3.66565 2.73215 -2.2
    endloop
  endfacet
  facet normal -0 0 -1
    outer loop
      vertex 4.4 4.46795 -2.2
      vertex 3.40181 2.83343 -2.2
      vertex 4.22443 4.58196 -2.2
    endloop
  endfacet
  facet normal 0 0 -1
    outer loop
      vertex 3.15 2.96173 -2.2
      vertex 4.22443 4.58196 -2.2
      vertex 3.40181 2.83343 -2.2
    endloop
  endfacet
  facet normal 0 0 -1
    outer loop
      vertex 2.91298 3.11565 -2.2
      vertex 4.22443 4.58196 -2.2
      vertex 3.15 2.96173 -2.2
    endloop
  endfacet
  facet normal -0 0 -1
    outer loop
      vertex 4.22443 4.58196 -2.2
      vertex 2.91298 3.11565 -2.2
      vertex 4.06174 4.71371 -2.2
    endloop
  endfacet
  facet normal 0 0 -1
    outer loop
      vertex 2.69335 3.29351 -2.2
      vertex 4.06174 4.71371 -2.2
      vertex 2.91298 3.11565 -2.2
    endloop
  endfacet
  facet normal -0 0 -1
    outer loop
      vertex 4.06174 4.71371 -2.2
      vertex 2.69335 3.29351 -2.2
      vertex 3.91371 4.86174 -2.2
    endloop
  endfacet
  facet normal 0 0 -1
    outer loop
      vertex 2.49351 3.49335 -2.2
      vertex 3.91371 4.86174 -2.2
      vertex 2.69335 3.29351 -2.2
    endloop
  endfacet
  facet normal 0 0 -1
    outer loop
      vertex 2.31565 3.71298 -2.2
      vertex 3.91371 4.86174 -2.2
      vertex 2.49351 3.49335 -2.2
    endloop
  endfacet
  facet normal -0 0 -1
    outer loop
      vertex 3.91371 4.86174 -2.2
      vertex 2.31565 3.71298 -2.2
      vertex 3.78197 5.02443 -2.2
    endloop
  endfacet
  facet normal 0 0 -1
    outer loop
      vertex 2.16173 3.95 -2.2
      vertex 3.78197 5.02443 -2.2
      vertex 2.31565 3.71298 -2.2
    endloop
  endfacet
  facet normal -0 0 -1
    outer loop
      vertex 3.78197 5.02443 -2.2
      vertex 2.03343 4.20181 -2.2
      vertex 3.66795 5.2 -2.2
    endloop
  endfacet
  facet normal 0 0 -1
    outer loop
      vertex 2.03343 4.20181 -2.2
      vertex 3.78197 5.02443 -2.2
      vertex 2.16173 3.95 -2.2
    endloop
  endfacet
  facet normal 0 0 -1
    outer loop
      vertex 100.218 72.7756 -2.2
      vertex 101.967 73.5982 -2.2
      vertex 100.332 72.6 -2.2
    endloop
  endfacet
  facet normal -0 0 -1
    outer loop
      vertex 101.967 73.5982 -2.2
      vertex 100.218 72.7756 -2.2
      vertex 101.838 73.85 -2.2
    endloop
  endfacet
  facet normal -0 0 -1
    outer loop
      vertex 101.838 73.85 -2.2
      vertex 100.218 72.7756 -2.2
      vertex 101.684 74.087 -2.2
    endloop
  endfacet
  facet normal 0 0 -1
    outer loop
      vertex 100.086 72.9383 -2.2
      vertex 101.684 74.087 -2.2
      vertex 100.218 72.7756 -2.2
    endloop
  endfacet
  facet normal -0 0 -1
    outer loop
      vertex 101.684 74.087 -2.2
      vertex 100.086 72.9383 -2.2
      vertex 101.506 74.3066 -2.2
    endloop
  endfacet
  facet normal -0 0 -1
    outer loop
      vertex 101.506 74.3066 -2.2
      vertex 100.086 72.9383 -2.2
      vertex 101.307 74.5065 -2.2
    endloop
  endfacet
  facet normal 0 0 -1
    outer loop
      vertex 99.9383 73.0863 -2.2
      vertex 101.307 74.5065 -2.2
      vertex 100.086 72.9383 -2.2
    endloop
  endfacet
  facet normal -0 0 -1
    outer loop
      vertex 101.307 74.5065 -2.2
      vertex 99.9383 73.0863 -2.2
      vertex 101.087 74.6843 -2.2
    endloop
  endfacet
  facet normal 0 0 -1
    outer loop
      vertex 99.7756 73.218 -2.2
      vertex 101.087 74.6843 -2.2
      vertex 99.9383 73.0863 -2.2
    endloop
  endfacet
  facet normal -0 0 -1
    outer loop
      vertex 101.087 74.6843 -2.2
      vertex 99.7756 73.218 -2.2
      vertex 100.85 74.8383 -2.2
    endloop
  endfacet
  facet normal -0 0 -1
    outer loop
      vertex 100.85 74.8383 -2.2
      vertex 99.7756 73.218 -2.2
      vertex 100.598 74.9666 -2.2
    endloop
  endfacet
  facet normal 0 0 -1
    outer loop
      vertex 99.6 73.332 -2.2
      vertex 100.598 74.9666 -2.2
      vertex 99.7756 73.218 -2.2
    endloop
  endfacet
  facet normal -0 0 -1
    outer loop
      vertex 100.598 74.9666 -2.2
      vertex 99.6 73.332 -2.2
      vertex 100.334 75.0679 -2.2
    endloop
  endfacet
  facet normal -0 0 -1
    outer loop
      vertex 100.334 75.0679 -2.2
      vertex 99.6 73.332 -2.2
      vertex 100.061 75.141 -2.2
    endloop
  endfacet
  facet normal 0 0 -1
    outer loop
      vertex 99.4135 73.4271 -2.2
      vertex 100.061 75.141 -2.2
      vertex 99.6 73.332 -2.2
    endloop
  endfacet
  facet normal -0 0 -1
    outer loop
      vertex 100.061 75.141 -2.2
      vertex 99.4135 73.4271 -2.2
      vertex 99.7822 75.1852 -2.2
    endloop
  endfacet
  facet normal 0 0 -1
    outer loop
      vertex 99.218 73.5021 -2.2
      vertex 99.7822 75.1852 -2.2
      vertex 99.4135 73.4271 -2.2
    endloop
  endfacet
  facet normal -0 0 -1
    outer loop
      vertex 99.7822 75.1852 -2.2
      vertex 99.218 73.5021 -2.2
      vertex 99.5 75.2 -2.2
    endloop
  endfacet
  facet normal 0 0 -1
    outer loop
      vertex 99.0158 73.5563 -2.2
      vertex 99.5 75.2 -2.2
      vertex 99.218 73.5021 -2.2
    endloop
  endfacet
  facet normal 0 0 -1
    outer loop
      vertex 98.8091 73.589 -2.2
      vertex 99.5 75.2 -2.2
      vertex 99.0158 73.5563 -2.2
    endloop
  endfacet
  facet normal 0 0 -1
    outer loop
      vertex 98.6 73.6 -2.2
      vertex 99.5 75.2 -2.2
      vertex 98.8091 73.589 -2.2
    endloop
  endfacet
  facet normal 0 0 -1
    outer loop
      vertex 5.4 73.6 -2.2
      vertex 99.5 75.2 -2.2
      vertex 98.6 73.6 -2.2
    endloop
  endfacet
  facet normal 0 0 -1
    outer loop
      vertex 5.4 73.6 -2.2
      vertex 4.5 75.2 -2.2
      vertex 99.5 75.2 -2.2
    endloop
  endfacet
  facet normal 0 0 -1
    outer loop
      vertex 5.19094 73.589 -2.2
      vertex 4.5 75.2 -2.2
      vertex 5.4 73.6 -2.2
    endloop
  endfacet
  facet normal 0 0 -1
    outer loop
      vertex 4.98418 73.5563 -2.2
      vertex 4.5 75.2 -2.2
      vertex 5.19094 73.589 -2.2
    endloop
  endfacet
  facet normal 0 0 -1
    outer loop
      vertex 4.78197 73.5021 -2.2
      vertex 4.5 75.2 -2.2
      vertex 4.98418 73.5563 -2.2
    endloop
  endfacet
  facet normal 0 0 -1
    outer loop
      vertex 4.21777 75.1852 -2.2
      vertex 4.78197 73.5021 -2.2
      vertex 4.58653 73.4271 -2.2
    endloop
  endfacet
  facet normal 0 0 -1
    outer loop
      vertex 3.93864 75.141 -2.2
      vertex 4.58653 73.4271 -2.2
      vertex 4.4 73.332 -2.2
    endloop
  endfacet
  facet normal 0 0 -1
    outer loop
      vertex 3.40181 74.9666 -2.2
      vertex 4.4 73.332 -2.2
      vertex 4.22443 73.218 -2.2
    endloop
  endfacet
  facet normal 0 0 -1
    outer loop
      vertex 4.78197 73.5021 -2.2
      vertex 4.21777 75.1852 -2.2
      vertex 4.5 75.2 -2.2
    endloop
  endfacet
  facet normal 0 0 -1
    outer loop
      vertex 2.91298 74.6843 -2.2
      vertex 4.22443 73.218 -2.2
      vertex 4.06174 73.0863 -2.2
    endloop
  endfacet
  facet normal 0 0 -1
    outer loop
      vertex 4.58653 73.4271 -2.2
      vertex 3.93864 75.141 -2.2
      vertex 4.21777 75.1852 -2.2
    endloop
  endfacet
  facet normal 0 0 -1
    outer loop
      vertex 2.69335 74.5065 -2.2
      vertex 4.06174 73.0863 -2.2
      vertex 3.91371 72.9383 -2.2
    endloop
  endfacet
  facet normal 0 0 -1
    outer loop
      vertex 2.31565 74.087 -2.2
      vertex 3.91371 72.9383 -2.2
      vertex 3.78197 72.7756 -2.2
    endloop
  endfacet
  facet normal 0 0 -1
    outer loop
      vertex 2.03343 73.5982 -2.2
      vertex 3.78197 72.7756 -2.2
      vertex 3.66795 72.6 -2.2
    endloop
  endfacet
  facet normal 0 0 -1
    outer loop
      vertex 4.4 73.332 -2.2
      vertex 3.66565 75.0679 -2.2
      vertex 3.93864 75.141 -2.2
    endloop
  endfacet
  facet normal 0 0 -1
    outer loop
      vertex 1.859 73.0614 -2.2
      vertex 3.66795 72.6 -2.2
      vertex 3.57291 72.4135 -2.2
    endloop
  endfacet
  facet normal 0 0 -1
    outer loop
      vertex 1.81479 72.7822 -2.2
      vertex 3.57291 72.4135 -2.2
      vertex 3.49789 72.218 -2.2
    endloop
  endfacet
  facet normal 0 0 -1
    outer loop
      vertex 1.8 72.5 -2.2
      vertex 3.49789 72.218 -2.2
      vertex 3.4437 72.0158 -2.2
    endloop
  endfacet
  facet normal 0 0 -1
    outer loop
      vertex 1.8 72.5 -2.2
      vertex 3.4437 72.0158 -2.2
      vertex 3.41096 71.8091 -2.2
    endloop
  endfacet
  facet normal 0 0 -1
    outer loop
      vertex 4.4 73.332 -2.2
      vertex 3.40181 74.9666 -2.2
      vertex 3.66565 75.0679 -2.2
    endloop
  endfacet
  facet normal 0 0 -1
    outer loop
      vertex 1.8 72.5 -2.2
      vertex 3.41096 71.8091 -2.2
      vertex 3.4 71.6 -2.2
    endloop
  endfacet
  facet normal -0 0 -1
    outer loop
      vertex 3.4 6.2 -2.2
      vertex 1.8 5.3 -2.2
      vertex 3.4 71.6 -2.2
    endloop
  endfacet
  facet normal 0 0 -1
    outer loop
      vertex 1.8 72.5 -2.2
      vertex 3.4 71.6 -2.2
      vertex 1.8 5.3 -2.2
    endloop
  endfacet
  facet normal 0 0 -1
    outer loop
      vertex 1.93215 4.46565 -2.2
      vertex 3.66795 5.2 -2.2
      vertex 2.03343 4.20181 -2.2
    endloop
  endfacet
  facet normal 0 0 -1
    outer loop
      vertex 3.49789 72.218 -2.2
      vertex 1.8 72.5 -2.2
      vertex 1.81479 72.7822 -2.2
    endloop
  endfacet
  facet normal 0 0 -1
    outer loop
      vertex 1.859 4.73864 -2.2
      vertex 3.66795 5.2 -2.2
      vertex 1.93215 4.46565 -2.2
    endloop
  endfacet
  facet normal 0 0 -1
    outer loop
      vertex 4.22443 73.218 -2.2
      vertex 3.15 74.8383 -2.2
      vertex 3.40181 74.9666 -2.2
    endloop
  endfacet
  facet normal -0 0 -1
    outer loop
      vertex 3.66795 5.2 -2.2
      vertex 1.859 4.73864 -2.2
      vertex 3.57291 5.38653 -2.2
    endloop
  endfacet
  facet normal 0 0 -1
    outer loop
      vertex 4.22443 73.218 -2.2
      vertex 2.91298 74.6843 -2.2
      vertex 3.15 74.8383 -2.2
    endloop
  endfacet
  facet normal 0 0 -1
    outer loop
      vertex 1.81479 5.01777 -2.2
      vertex 3.57291 5.38653 -2.2
      vertex 1.859 4.73864 -2.2
    endloop
  endfacet
  facet normal 0 0 -1
    outer loop
      vertex 4.06174 73.0863 -2.2
      vertex 2.69335 74.5065 -2.2
      vertex 2.91298 74.6843 -2.2
    endloop
  endfacet
  facet normal -0 0 -1
    outer loop
      vertex 3.57291 5.38653 -2.2
      vertex 1.81479 5.01777 -2.2
      vertex 3.49789 5.58196 -2.2
    endloop
  endfacet
  facet normal 0 0 -1
    outer loop
      vertex 3.91371 72.9383 -2.2
      vertex 2.49351 74.3066 -2.2
      vertex 2.69335 74.5065 -2.2
    endloop
  endfacet
  facet normal 0 0 -1
    outer loop
      vertex 1.8 5.3 -2.2
      vertex 3.49789 5.58196 -2.2
      vertex 1.81479 5.01777 -2.2
    endloop
  endfacet
  facet normal 0 0 -1
    outer loop
      vertex 3.91371 72.9383 -2.2
      vertex 2.31565 74.087 -2.2
      vertex 2.49351 74.3066 -2.2
    endloop
  endfacet
  facet normal -0 0 -1
    outer loop
      vertex 3.49789 5.58196 -2.2
      vertex 1.8 5.3 -2.2
      vertex 3.4437 5.78418 -2.2
    endloop
  endfacet
  facet normal 0 0 -1
    outer loop
      vertex 3.78197 72.7756 -2.2
      vertex 2.16173 73.85 -2.2
      vertex 2.31565 74.087 -2.2
    endloop
  endfacet
  facet normal -0 0 -1
    outer loop
      vertex 3.4437 5.78418 -2.2
      vertex 1.8 5.3 -2.2
      vertex 3.41096 5.99094 -2.2
    endloop
  endfacet
  facet normal 0 0 -1
    outer loop
      vertex 3.78197 72.7756 -2.2
      vertex 2.03343 73.5982 -2.2
      vertex 2.16173 73.85 -2.2
    endloop
  endfacet
  facet normal -0 0 -1
    outer loop
      vertex 3.41096 5.99094 -2.2
      vertex 1.8 5.3 -2.2
      vertex 3.4 6.2 -2.2
    endloop
  endfacet
  facet normal 0 0 -1
    outer loop
      vertex 3.66795 72.6 -2.2
      vertex 1.93215 73.3343 -2.2
      vertex 2.03343 73.5982 -2.2
    endloop
  endfacet
  facet normal 0 0 -1
    outer loop
      vertex 3.66795 72.6 -2.2
      vertex 1.859 73.0614 -2.2
      vertex 1.93215 73.3343 -2.2
    endloop
  endfacet
  facet normal 0 0 -1
    outer loop
      vertex 3.57291 72.4135 -2.2
      vertex 1.81479 72.7822 -2.2
      vertex 1.859 73.0614 -2.2
    endloop
  endfacet
  facet normal 0.987809 0.155672 0
    outer loop
      vertex 102.185 72.7822 -1.90735e-07
      vertex 102.141 73.0614 -2.2
      vertex 102.141 73.0614 -1.90735e-07
    endloop
  endfacet
  facet normal 0.987809 0.155672 0
    outer loop
      vertex 102.141 73.0614 -2.2
      vertex 102.185 72.7822 -1.90735e-07
      vertex 102.185 72.7822 -2.2
    endloop
  endfacet
  facet normal 0.99859 0.0530789 0
    outer loop
      vertex 102.2 72.5 -1.90735e-07
      vertex 102.185 72.7822 -2.2
      vertex 102.185 72.7822 -1.90735e-07
    endloop
  endfacet
  facet normal 0.99859 0.0530789 0
    outer loop
      vertex 102.185 72.7822 -2.2
      vertex 102.2 72.5 -1.90735e-07
      vertex 102.2 72.5 -2.2
    endloop
  endfacet
  facet normal -0.987694 0.156397 0
    outer loop
      vertex 1.81479 72.7822 -2.2
      vertex 1.859 73.0614 -1.90735e-07
      vertex 1.859 73.0614 -2.2
    endloop
  endfacet
  facet normal -0.987694 0.156397 0
    outer loop
      vertex 1.859 73.0614 -1.90735e-07
      vertex 1.81479 72.7822 -2.2
      vertex 1.81479 72.7822 -1.90735e-07
    endloop
  endfacet
  facet normal -0.998629 0.0523378 0
    outer loop
      vertex 1.8 72.5 -2.2
      vertex 1.81479 72.7822 -1.90735e-07
      vertex 1.81479 72.7822 -2.2
    endloop
  endfacet
  facet normal -0.998629 0.0523378 0
    outer loop
      vertex 1.81479 72.7822 -1.90735e-07
      vertex 1.8 72.5 -2.2
      vertex 1.8 72.5 -1.90735e-07
    endloop
  endfacet
  facet normal -0.891012 -0.45398 0
    outer loop
      vertex 2.16173 3.95 -2.2
      vertex 2.03343 4.20181 -1.90735e-07
      vertex 2.03343 4.20181 -2.2
    endloop
  endfacet
  facet normal -0.891012 -0.45398 0
    outer loop
      vertex 2.03343 4.20181 -1.90735e-07
      vertex 2.16173 3.95 -2.2
      vertex 2.16173 3.95 -1.90735e-07
    endloop
  endfacet
  facet normal 0.628696 -0.777651 0
    outer loop
      vertex 101.087 3.11565 -2.2
      vertex 101.307 3.29351 -1.90735e-07
      vertex 101.087 3.11565 -1.90735e-07
    endloop
  endfacet
  facet normal 0.628696 -0.777651 0
    outer loop
      vertex 101.307 3.29351 -1.90735e-07
      vertex 101.087 3.11565 -2.2
      vertex 101.307 3.29351 -2.2
    endloop
  endfacet
  facet normal -1 0 0
    outer loop
      vertex 1.8 5.3 -2.2
      vertex 1.8 72.5 -1.90735e-07
      vertex 1.8 72.5 -2.2
    endloop
  endfacet
  facet normal -1 -0 0
    outer loop
      vertex 1.8 72.5 -1.90735e-07
      vertex 1.8 5.3 -2.2
      vertex 1.8 5.3 -1.90735e-07
    endloop
  endfacet
  facet normal 0.838524 0.544864 0
    outer loop
      vertex 101.838 73.85 -1.90735e-07
      vertex 101.684 74.087 -2.2
      vertex 101.684 74.087 -1.90735e-07
    endloop
  endfacet
  facet normal 0.838524 0.544864 0
    outer loop
      vertex 101.684 74.087 -2.2
      vertex 101.838 73.85 -1.90735e-07
      vertex 101.838 73.85 -2.2
    endloop
  endfacet
  facet normal -0.891004 0.453995 0
    outer loop
      vertex 2.03343 73.5982 -2.2
      vertex 2.16173 73.85 -1.90735e-07
      vertex 2.16173 73.85 -2.2
    endloop
  endfacet
  facet normal -0.891004 0.453995 0
    outer loop
      vertex 2.16173 73.85 -1.90735e-07
      vertex 2.03343 73.5982 -2.2
      vertex 2.03343 73.5982 -1.90735e-07
    endloop
  endfacet
  facet normal 0.0523378 -0.998629 0
    outer loop
      vertex 99.5 2.6 -2.2
      vertex 99.7822 2.61479 -1.90735e-07
      vertex 99.5 2.6 -1.90735e-07
    endloop
  endfacet
  facet normal 0.0523378 -0.998629 0
    outer loop
      vertex 99.7822 2.61479 -1.90735e-07
      vertex 99.5 2.6 -2.2
      vertex 99.7822 2.61479 -2.2
    endloop
  endfacet
  facet normal 0.998591 -0.0530732 0
    outer loop
      vertex 102.185 5.01777 -1.90735e-07
      vertex 102.2 5.3 -2.2
      vertex 102.2 5.3 -1.90735e-07
    endloop
  endfacet
  facet normal 0.998591 -0.0530732 0
    outer loop
      vertex 102.2 5.3 -2.2
      vertex 102.185 5.01777 -1.90735e-07
      vertex 102.185 5.01777 -2.2
    endloop
  endfacet
  facet normal 0 -1 0
    outer loop
      vertex 4.5 2.6 -2.2
      vertex 99.5 2.6 -1.90735e-07
      vertex 4.5 2.6 -1.90735e-07
    endloop
  endfacet
  facet normal 0 -1 -0
    outer loop
      vertex 99.5 2.6 -1.90735e-07
      vertex 4.5 2.6 -2.2
      vertex 99.5 2.6 -2.2
    endloop
  endfacet
  facet normal 1 -0 0
    outer loop
      vertex 102.2 5.3 -1.90735e-07
      vertex 102.2 72.5 -2.2
      vertex 102.2 72.5 -1.90735e-07
    endloop
  endfacet
  facet normal 1 0 0
    outer loop
      vertex 102.2 72.5 -2.2
      vertex 102.2 5.3 -1.90735e-07
      vertex 102.2 5.3 -2.2
    endloop
  endfacet
  facet normal 0 1 -0
    outer loop
      vertex 99.5 75.2 -2.2
      vertex 4.5 75.2 -1.90735e-07
      vertex 99.5 75.2 -1.90735e-07
    endloop
  endfacet
  facet normal 0 1 0
    outer loop
      vertex 4.5 75.2 -1.90735e-07
      vertex 99.5 75.2 -2.2
      vertex 4.5 75.2 -2.2
    endloop
  endfacet
  facet normal 0.776849 0.629687 0
    outer loop
      vertex 101.684 74.087 -1.90735e-07
      vertex 101.506 74.3066 -2.2
      vertex 101.506 74.3066 -1.90735e-07
    endloop
  endfacet
  facet normal 0.776849 0.629687 0
    outer loop
      vertex 101.506 74.3066 -2.2
      vertex 101.684 74.087 -1.90735e-07
      vertex 101.684 74.087 -2.2
    endloop
  endfacet
  facet normal -0.965924 -0.258827 0
    outer loop
      vertex 1.93215 4.46565 -2.2
      vertex 1.859 4.73864 -1.90735e-07
      vertex 1.859 4.73864 -2.2
    endloop
  endfacet
  facet normal -0.965924 -0.258827 0
    outer loop
      vertex 1.859 4.73864 -1.90735e-07
      vertex 1.93215 4.46565 -2.2
      vertex 1.93215 4.46565 -1.90735e-07
    endloop
  endfacet
  facet normal -0.777092 0.629388 0
    outer loop
      vertex 2.31565 74.087 -2.2
      vertex 2.49351 74.3066 -1.90735e-07
      vertex 2.49351 74.3066 -2.2
    endloop
  endfacet
  facet normal -0.777092 0.629388 0
    outer loop
      vertex 2.49351 74.3066 -1.90735e-07
      vertex 2.31565 74.087 -2.2
      vertex 2.31565 74.087 -1.90735e-07
    endloop
  endfacet
  facet normal -0.933606 0.358301 0
    outer loop
      vertex 1.93215 73.3343 -2.2
      vertex 2.03343 73.5982 -1.90735e-07
      vertex 2.03343 73.5982 -2.2
    endloop
  endfacet
  facet normal -0.933606 0.358301 0
    outer loop
      vertex 2.03343 73.5982 -1.90735e-07
      vertex 1.93215 73.3343 -2.2
      vertex 1.93215 73.3343 -1.90735e-07
    endloop
  endfacet
  facet normal 0.966035 0.258412 0
    outer loop
      vertex 102.141 73.0614 -1.90735e-07
      vertex 102.068 73.3343 -2.2
      vertex 102.068 73.3343 -1.90735e-07
    endloop
  endfacet
  facet normal 0.966035 0.258412 0
    outer loop
      vertex 102.068 73.3343 -2.2
      vertex 102.141 73.0614 -1.90735e-07
      vertex 102.141 73.0614 -2.2
    endloop
  endfacet
  facet normal 0.628567 0.777755 -0
    outer loop
      vertex 101.307 74.5065 -2.2
      vertex 101.087 74.6843 -1.90735e-07
      vertex 101.307 74.5065 -1.90735e-07
    endloop
  endfacet
  facet normal 0.628567 0.777755 0
    outer loop
      vertex 101.087 74.6843 -1.90735e-07
      vertex 101.307 74.5065 -2.2
      vertex 101.087 74.6843 -2.2
    endloop
  endfacet
  facet normal 0.890001 0.455958 0
    outer loop
      vertex 101.967 73.5982 -1.90735e-07
      vertex 101.838 73.85 -2.2
      vertex 101.838 73.85 -1.90735e-07
    endloop
  endfacet
  facet normal 0.890001 0.455958 0
    outer loop
      vertex 101.838 73.85 -2.2
      vertex 101.967 73.5982 -1.90735e-07
      vertex 101.967 73.5982 -2.2
    endloop
  endfacet
  facet normal -0.358434 0.933555 0
    outer loop
      vertex 3.66565 75.0679 -2.2
      vertex 3.40181 74.9666 -1.90735e-07
      vertex 3.66565 75.0679 -1.90735e-07
    endloop
  endfacet
  facet normal -0.358434 0.933555 0
    outer loop
      vertex 3.40181 74.9666 -1.90735e-07
      vertex 3.66565 75.0679 -2.2
      vertex 3.40181 74.9666 -2.2
    endloop
  endfacet
  facet normal -0.838675 -0.544633 0
    outer loop
      vertex 2.31565 3.71298 -2.2
      vertex 2.16173 3.95 -1.90735e-07
      vertex 2.16173 3.95 -2.2
    endloop
  endfacet
  facet normal -0.838675 -0.544633 0
    outer loop
      vertex 2.16173 3.95 -1.90735e-07
      vertex 2.31565 3.71298 -2.2
      vertex 2.31565 3.71298 -1.90735e-07
    endloop
  endfacet
  facet normal -0.629336 -0.777134 0
    outer loop
      vertex 2.69335 3.29351 -2.2
      vertex 2.91298 3.11565 -1.90735e-07
      vertex 2.69335 3.29351 -1.90735e-07
    endloop
  endfacet
  facet normal -0.629336 -0.777134 -0
    outer loop
      vertex 2.91298 3.11565 -1.90735e-07
      vertex 2.69335 3.29351 -2.2
      vertex 2.91298 3.11565 -2.2
    endloop
  endfacet
  facet normal -0.258662 0.965968 0
    outer loop
      vertex 3.93864 75.141 -2.2
      vertex 3.66565 75.0679 -1.90735e-07
      vertex 3.93864 75.141 -1.90735e-07
    endloop
  endfacet
  facet normal -0.258662 0.965968 0
    outer loop
      vertex 3.66565 75.0679 -1.90735e-07
      vertex 3.93864 75.141 -2.2
      vertex 3.66565 75.0679 -2.2
    endloop
  endfacet
  facet normal -0.258827 -0.965924 0
    outer loop
      vertex 3.66565 2.73215 -2.2
      vertex 3.93864 2.659 -1.90735e-07
      vertex 3.66565 2.73215 -1.90735e-07
    endloop
  endfacet
  facet normal -0.258827 -0.965924 -0
    outer loop
      vertex 3.93864 2.659 -1.90735e-07
      vertex 3.66565 2.73215 -2.2
      vertex 3.93864 2.659 -2.2
    endloop
  endfacet
  facet normal -0.838654 0.544665 0
    outer loop
      vertex 2.16173 73.85 -2.2
      vertex 2.31565 74.087 -1.90735e-07
      vertex 2.31565 74.087 -2.2
    endloop
  endfacet
  facet normal -0.838654 0.544665 0
    outer loop
      vertex 2.31565 74.087 -1.90735e-07
      vertex 2.16173 73.85 -2.2
      vertex 2.16173 73.85 -1.90735e-07
    endloop
  endfacet
  facet normal 0.966056 -0.258332 0
    outer loop
      vertex 102.068 4.46565 -1.90735e-07
      vertex 102.141 4.73864 -2.2
      vertex 102.141 4.73864 -1.90735e-07
    endloop
  endfacet
  facet normal 0.966056 -0.258332 0
    outer loop
      vertex 102.141 4.73864 -2.2
      vertex 102.068 4.46565 -1.90735e-07
      vertex 102.068 4.46565 -2.2
    endloop
  endfacet
  facet normal 0.776891 -0.629635 0
    outer loop
      vertex 101.506 3.49335 -1.90735e-07
      vertex 101.684 3.71298 -2.2
      vertex 101.684 3.71298 -1.90735e-07
    endloop
  endfacet
  facet normal 0.776891 -0.629635 0
    outer loop
      vertex 101.684 3.71298 -2.2
      vertex 101.506 3.49335 -1.90735e-07
      vertex 101.506 3.49335 -2.2
    endloop
  endfacet
  facet normal 0.358244 0.933628 -0
    outer loop
      vertex 100.598 74.9666 -2.2
      vertex 100.334 75.0679 -1.90735e-07
      vertex 100.598 74.9666 -1.90735e-07
    endloop
  endfacet
  facet normal 0.358244 0.933628 0
    outer loop
      vertex 100.334 75.0679 -1.90735e-07
      vertex 100.598 74.9666 -2.2
      vertex 100.334 75.0679 -2.2
    endloop
  endfacet
  facet normal -0.45398 -0.891012 0
    outer loop
      vertex 3.15 2.96173 -2.2
      vertex 3.40181 2.83343 -1.90735e-07
      vertex 3.15 2.96173 -1.90735e-07
    endloop
  endfacet
  facet normal -0.45398 -0.891012 -0
    outer loop
      vertex 3.40181 2.83343 -1.90735e-07
      vertex 3.15 2.96173 -2.2
      vertex 3.40181 2.83343 -2.2
    endloop
  endfacet
  facet normal -0.0523323 -0.99863 0
    outer loop
      vertex 4.21777 2.61479 -2.2
      vertex 4.5 2.6 -1.90735e-07
      vertex 4.21777 2.61479 -1.90735e-07
    endloop
  endfacet
  facet normal -0.0523323 -0.99863 -0
    outer loop
      vertex 4.5 2.6 -1.90735e-07
      vertex 4.21777 2.61479 -2.2
      vertex 4.5 2.6 -2.2
    endloop
  endfacet
  facet normal -0.965902 0.258907 0
    outer loop
      vertex 1.859 73.0614 -2.2
      vertex 1.93215 73.3343 -1.90735e-07
      vertex 1.93215 73.3343 -2.2
    endloop
  endfacet
  facet normal -0.965902 0.258907 0
    outer loop
      vertex 1.93215 73.3343 -1.90735e-07
      vertex 1.859 73.0614 -2.2
      vertex 1.859 73.0614 -1.90735e-07
    endloop
  endfacet
  facet normal -0.629207 0.777237 0
    outer loop
      vertex 2.91298 74.6843 -2.2
      vertex 2.69335 74.5065 -1.90735e-07
      vertex 2.91298 74.6843 -1.90735e-07
    endloop
  endfacet
  facet normal -0.629207 0.777237 0
    outer loop
      vertex 2.69335 74.5065 -1.90735e-07
      vertex 2.91298 74.6843 -2.2
      vertex 2.69335 74.5065 -2.2
    endloop
  endfacet
  facet normal 0.987803 -0.15571 0
    outer loop
      vertex 102.141 4.73864 -1.90735e-07
      vertex 102.185 5.01777 -2.2
      vertex 102.185 5.01777 -1.90735e-07
    endloop
  endfacet
  facet normal 0.987803 -0.15571 0
    outer loop
      vertex 102.185 5.01777 -2.2
      vertex 102.141 4.73864 -1.90735e-07
      vertex 102.141 4.73864 -2.2
    endloop
  endfacet
  facet normal 0.258654 0.96597 -0
    outer loop
      vertex 100.334 75.0679 -2.2
      vertex 100.061 75.141 -1.90735e-07
      vertex 100.334 75.0679 -1.90735e-07
    endloop
  endfacet
  facet normal 0.258654 0.96597 0
    outer loop
      vertex 100.061 75.141 -1.90735e-07
      vertex 100.334 75.0679 -2.2
      vertex 100.061 75.141 -2.2
    endloop
  endfacet
  facet normal 0.453709 -0.89115 0
    outer loop
      vertex 100.598 2.83343 -2.2
      vertex 100.85 2.96173 -1.90735e-07
      vertex 100.598 2.83343 -1.90735e-07
    endloop
  endfacet
  facet normal 0.453709 -0.89115 0
    outer loop
      vertex 100.85 2.96173 -1.90735e-07
      vertex 100.598 2.83343 -2.2
      vertex 100.85 2.96173 -2.2
    endloop
  endfacet
  facet normal -0.358372 -0.933579 0
    outer loop
      vertex 3.40181 2.83343 -2.2
      vertex 3.66565 2.73215 -1.90735e-07
      vertex 3.40181 2.83343 -1.90735e-07
    endloop
  endfacet
  facet normal -0.358372 -0.933579 -0
    outer loop
      vertex 3.66565 2.73215 -1.90735e-07
      vertex 3.40181 2.83343 -2.2
      vertex 3.66565 2.73215 -2.2
    endloop
  endfacet
  facet normal 0.708594 -0.705616 0
    outer loop
      vertex 101.307 3.29351 -2.2
      vertex 101.506 3.49335 -1.90735e-07
      vertex 101.307 3.29351 -1.90735e-07
    endloop
  endfacet
  facet normal 0.708594 -0.705616 0
    outer loop
      vertex 101.506 3.49335 -1.90735e-07
      vertex 101.307 3.29351 -2.2
      vertex 101.506 3.49335 -2.2
    endloop
  endfacet
  facet normal 0.933937 0.357437 0
    outer loop
      vertex 102.068 73.3343 -1.90735e-07
      vertex 101.967 73.5982 -2.2
      vertex 101.967 73.5982 -1.90735e-07
    endloop
  endfacet
  facet normal 0.933937 0.357437 0
    outer loop
      vertex 101.967 73.5982 -2.2
      vertex 102.068 73.3343 -1.90735e-07
      vertex 102.068 73.3343 -2.2
    endloop
  endfacet
  facet normal 0.358183 -0.933652 0
    outer loop
      vertex 100.334 2.73215 -2.2
      vertex 100.598 2.83343 -1.90735e-07
      vertex 100.334 2.73215 -1.90735e-07
    endloop
  endfacet
  facet normal 0.358183 -0.933652 0
    outer loop
      vertex 100.598 2.83343 -1.90735e-07
      vertex 100.334 2.73215 -2.2
      vertex 100.598 2.83343 -2.2
    endloop
  endfacet
  facet normal -0.0523675 0.998628 0
    outer loop
      vertex 4.5 75.2 -2.2
      vertex 4.21777 75.1852 -1.90735e-07
      vertex 4.5 75.2 -1.90735e-07
    endloop
  endfacet
  facet normal -0.0523675 0.998628 0
    outer loop
      vertex 4.21777 75.1852 -1.90735e-07
      vertex 4.5 75.2 -2.2
      vertex 4.21777 75.1852 -2.2
    endloop
  endfacet
  facet normal -0.933579 -0.358372 0
    outer loop
      vertex 2.03343 4.20181 -2.2
      vertex 1.93215 4.46565 -1.90735e-07
      vertex 1.93215 4.46565 -2.2
    endloop
  endfacet
  facet normal -0.933579 -0.358372 0
    outer loop
      vertex 1.93215 4.46565 -1.90735e-07
      vertex 2.03343 4.20181 -2.2
      vertex 2.03343 4.20181 -1.90735e-07
    endloop
  endfacet
  facet normal 0.890009 -0.455943 0
    outer loop
      vertex 101.838 3.95 -1.90735e-07
      vertex 101.967 4.20181 -2.2
      vertex 101.967 4.20181 -1.90735e-07
    endloop
  endfacet
  facet normal 0.890009 -0.455943 0
    outer loop
      vertex 101.967 4.20181 -2.2
      vertex 101.838 3.95 -1.90735e-07
      vertex 101.838 3.95 -2.2
    endloop
  endfacet
  facet normal 0.156616 -0.98766 0
    outer loop
      vertex 99.7822 2.61479 -2.2
      vertex 100.061 2.659 -1.90735e-07
      vertex 99.7822 2.61479 -1.90735e-07
    endloop
  endfacet
  facet normal 0.156616 -0.98766 0
    outer loop
      vertex 100.061 2.659 -1.90735e-07
      vertex 99.7822 2.61479 -2.2
      vertex 100.061 2.659 -2.2
    endloop
  endfacet
  facet normal -0.45398 0.891012 0
    outer loop
      vertex 3.40181 74.9666 -2.2
      vertex 3.15 74.8383 -1.90735e-07
      vertex 3.40181 74.9666 -1.90735e-07
    endloop
  endfacet
  facet normal -0.45398 0.891012 0
    outer loop
      vertex 3.15 74.8383 -1.90735e-07
      vertex 3.40181 74.9666 -2.2
      vertex 3.15 74.8383 -2.2
    endloop
  endfacet
  facet normal 0.93391 -0.357508 0
    outer loop
      vertex 101.967 4.20181 -1.90735e-07
      vertex 102.068 4.46565 -2.2
      vertex 102.068 4.46565 -1.90735e-07
    endloop
  endfacet
  facet normal 0.93391 -0.357508 0
    outer loop
      vertex 102.068 4.46565 -2.2
      vertex 101.967 4.20181 -1.90735e-07
      vertex 101.967 4.20181 -2.2
    endloop
  endfacet
  facet normal 0.838545 -0.544832 0
    outer loop
      vertex 101.684 3.71298 -1.90735e-07
      vertex 101.838 3.95 -2.2
      vertex 101.838 3.95 -1.90735e-07
    endloop
  endfacet
  facet normal 0.838545 -0.544832 0
    outer loop
      vertex 101.838 3.95 -2.2
      vertex 101.684 3.71298 -1.90735e-07
      vertex 101.684 3.71298 -2.2
    endloop
  endfacet
  facet normal -0.544633 -0.838675 0
    outer loop
      vertex 2.91298 3.11565 -2.2
      vertex 3.15 2.96173 -1.90735e-07
      vertex 2.91298 3.11565 -1.90735e-07
    endloop
  endfacet
  facet normal -0.544633 -0.838675 -0
    outer loop
      vertex 3.15 2.96173 -1.90735e-07
      vertex 2.91298 3.11565 -2.2
      vertex 3.15 2.96173 -2.2
    endloop
  endfacet
  facet normal 0.453709 0.89115 -0
    outer loop
      vertex 100.85 74.8383 -2.2
      vertex 100.598 74.9666 -1.90735e-07
      vertex 100.85 74.8383 -1.90735e-07
    endloop
  endfacet
  facet normal 0.453709 0.89115 0
    outer loop
      vertex 100.598 74.9666 -1.90735e-07
      vertex 100.85 74.8383 -2.2
      vertex 100.598 74.9666 -2.2
    endloop
  endfacet
  facet normal -0.156435 -0.987688 0
    outer loop
      vertex 3.93864 2.659 -2.2
      vertex 4.21777 2.61479 -1.90735e-07
      vertex 3.93864 2.659 -1.90735e-07
    endloop
  endfacet
  facet normal -0.156435 -0.987688 -0
    outer loop
      vertex 4.21777 2.61479 -1.90735e-07
      vertex 3.93864 2.659 -2.2
      vertex 4.21777 2.61479 -2.2
    endloop
  endfacet
  facet normal 0.0523731 0.998628 -0
    outer loop
      vertex 99.7822 75.1852 -2.2
      vertex 99.5 75.2 -1.90735e-07
      vertex 99.7822 75.1852 -1.90735e-07
    endloop
  endfacet
  facet normal 0.0523731 0.998628 0
    outer loop
      vertex 99.5 75.2 -1.90735e-07
      vertex 99.7822 75.1852 -2.2
      vertex 99.5 75.2 -2.2
    endloop
  endfacet
  facet normal -0.1564 0.987694 0
    outer loop
      vertex 4.21777 75.1852 -2.2
      vertex 3.93864 75.141 -1.90735e-07
      vertex 4.21777 75.1852 -1.90735e-07
    endloop
  endfacet
  facet normal -0.1564 0.987694 0
    outer loop
      vertex 3.93864 75.141 -1.90735e-07
      vertex 4.21777 75.1852 -2.2
      vertex 3.93864 75.141 -2.2
    endloop
  endfacet
  facet normal 0.7087 0.70551 0
    outer loop
      vertex 101.506 74.3066 -1.90735e-07
      vertex 101.307 74.5065 -2.2
      vertex 101.307 74.5065 -1.90735e-07
    endloop
  endfacet
  facet normal 0.7087 0.70551 0
    outer loop
      vertex 101.307 74.5065 -2.2
      vertex 101.506 74.3066 -1.90735e-07
      vertex 101.506 74.3066 -2.2
    endloop
  endfacet
  facet normal 0.156581 0.987665 -0
    outer loop
      vertex 100.061 75.141 -2.2
      vertex 99.7822 75.1852 -1.90735e-07
      vertex 100.061 75.141 -1.90735e-07
    endloop
  endfacet
  facet normal 0.156581 0.987665 0
    outer loop
      vertex 99.7822 75.1852 -1.90735e-07
      vertex 100.061 75.141 -2.2
      vertex 99.7822 75.1852 -2.2
    endloop
  endfacet
  facet normal 0.544864 0.838524 -0
    outer loop
      vertex 101.087 74.6843 -2.2
      vertex 100.85 74.8383 -1.90735e-07
      vertex 101.087 74.6843 -1.90735e-07
    endloop
  endfacet
  facet normal 0.544864 0.838524 0
    outer loop
      vertex 100.85 74.8383 -1.90735e-07
      vertex 101.087 74.6843 -2.2
      vertex 100.85 74.8383 -2.2
    endloop
  endfacet
  facet normal -0.777134 -0.629336 0
    outer loop
      vertex 2.49351 3.49335 -2.2
      vertex 2.31565 3.71298 -1.90735e-07
      vertex 2.31565 3.71298 -2.2
    endloop
  endfacet
  facet normal -0.777134 -0.629336 0
    outer loop
      vertex 2.31565 3.71298 -1.90735e-07
      vertex 2.49351 3.49335 -2.2
      vertex 2.49351 3.49335 -1.90735e-07
    endloop
  endfacet
  facet normal 0 0 1
    outer loop
      vertex 2.58539 20.0651 -1.90735e-07
      vertex 3.4 8.44119 -1.90735e-07
      vertex 2.66927 20.017 -1.90735e-07
    endloop
  endfacet
  facet normal 0 0 1
    outer loop
      vertex 2.51075 20.1179 -1.90735e-07
      vertex 3.4 8.44119 -1.90735e-07
      vertex 2.58539 20.0651 -1.90735e-07
    endloop
  endfacet
  facet normal 0 0 1
    outer loop
      vertex 2.44614 20.175 -1.90735e-07
      vertex 3.4 8.44119 -1.90735e-07
      vertex 2.51075 20.1179 -1.90735e-07
    endloop
  endfacet
  facet normal 0 0 1
    outer loop
      vertex 2.39229 20.2356 -1.90735e-07
      vertex 3.4 8.44119 -1.90735e-07
      vertex 2.44614 20.175 -1.90735e-07
    endloop
  endfacet
  facet normal 0 -0 1
    outer loop
      vertex 1.81479 5.01777 -1.90735e-07
      vertex 3.15 7.2 -1.90735e-07
      vertex 1.8 5.3 -1.90735e-07
    endloop
  endfacet
  facet normal 0 0 1
    outer loop
      vertex 2.34978 20.2991 -1.90735e-07
      vertex 3.4 8.44119 -1.90735e-07
      vertex 2.39229 20.2356 -1.90735e-07
    endloop
  endfacet
  facet normal 0 0 1
    outer loop
      vertex 3.4 8.44119 -1.90735e-07
      vertex 2.34978 20.2991 -1.90735e-07
      vertex 3.30907 8.2043 -1.90735e-07
    endloop
  endfacet
  facet normal 0 0 1
    outer loop
      vertex 1.8 5.3 -1.90735e-07
      vertex 3.30907 8.2043 -1.90735e-07
      vertex 2.34978 20.2991 -1.90735e-07
    endloop
  endfacet
  facet normal 0 0 1
    outer loop
      vertex 3.15 7.2 -1.90735e-07
      vertex 2.69335 3.29351 -1.90735e-07
      vertex 2.91298 3.11565 -1.90735e-07
    endloop
  endfacet
  facet normal 0 0 1
    outer loop
      vertex 3.30907 8.2043 -1.90735e-07
      vertex 1.8 5.3 -1.90735e-07
      vertex 3.22102 7.87571 -1.90735e-07
    endloop
  endfacet
  facet normal 0 0 1
    outer loop
      vertex 3.1678 7.53972 -1.90735e-07
      vertex 1.8 5.3 -1.90735e-07
      vertex 3.15 7.2 -1.90735e-07
    endloop
  endfacet
  facet normal 0 0 1
    outer loop
      vertex 3.22102 7.87571 -1.90735e-07
      vertex 1.8 5.3 -1.90735e-07
      vertex 3.1678 7.53972 -1.90735e-07
    endloop
  endfacet
  facet normal 0 0 1
    outer loop
      vertex 1.8 5.3 -1.90735e-07
      vertex 2.34978 20.2991 -1.90735e-07
      vertex 2.31908 20.3649 -1.90735e-07
    endloop
  endfacet
  facet normal 0 0 1
    outer loop
      vertex 3.15 7.2 -1.90735e-07
      vertex 2.49351 3.49335 -1.90735e-07
      vertex 2.69335 3.29351 -1.90735e-07
    endloop
  endfacet
  facet normal 0 0 1
    outer loop
      vertex 1.8 5.3 -1.90735e-07
      vertex 2.31908 20.3649 -1.90735e-07
      vertex 2.30139 20.4289 -1.90735e-07
    endloop
  endfacet
  facet normal 0 0 1
    outer loop
      vertex 1.8 5.3 -1.90735e-07
      vertex 2.30139 20.4289 -1.90735e-07
      vertex 2.30052 20.4321 -1.90735e-07
    endloop
  endfacet
  facet normal 0 0 1
    outer loop
      vertex 1.8 5.3 -1.90735e-07
      vertex 2.30052 20.4321 -1.90735e-07
      vertex 2.30023 20.4353 -1.90735e-07
    endloop
  endfacet
  facet normal 0 0 1
    outer loop
      vertex 1.8 5.3 -1.90735e-07
      vertex 2.30023 20.4353 -1.90735e-07
      vertex 2.29431 20.5 -1.90735e-07
    endloop
  endfacet
  facet normal 0 0 1
    outer loop
      vertex 2.29431 52.5 -1.90735e-07
      vertex 1.8 72.5 -1.90735e-07
      vertex 2.29431 20.5 -1.90735e-07
    endloop
  endfacet
  facet normal 0 0 1
    outer loop
      vertex 1.8 5.3 -1.90735e-07
      vertex 2.29431 20.5 -1.90735e-07
      vertex 1.8 72.5 -1.90735e-07
    endloop
  endfacet
  facet normal 0 0 1
    outer loop
      vertex 1.8 72.5 -1.90735e-07
      vertex 2.16173 73.85 -1.90735e-07
      vertex 2.03343 73.5982 -1.90735e-07
    endloop
  endfacet
  facet normal 0 0 1
    outer loop
      vertex 3.15 7.2 -1.90735e-07
      vertex 2.31565 3.71298 -1.90735e-07
      vertex 2.49351 3.49335 -1.90735e-07
    endloop
  endfacet
  facet normal 0 0 1
    outer loop
      vertex 1.8 72.5 -1.90735e-07
      vertex 2.03343 73.5982 -1.90735e-07
      vertex 1.93215 73.3343 -1.90735e-07
    endloop
  endfacet
  facet normal 0 0 1
    outer loop
      vertex 3.15 7.2 -1.90735e-07
      vertex 2.16173 3.95 -1.90735e-07
      vertex 2.31565 3.71298 -1.90735e-07
    endloop
  endfacet
  facet normal 0 0 1
    outer loop
      vertex 1.8 72.5 -1.90735e-07
      vertex 1.93215 73.3343 -1.90735e-07
      vertex 1.859 73.0614 -1.90735e-07
    endloop
  endfacet
  facet normal 0 0 1
    outer loop
      vertex 3.15 7.2 -1.90735e-07
      vertex 2.03343 4.20181 -1.90735e-07
      vertex 2.16173 3.95 -1.90735e-07
    endloop
  endfacet
  facet normal 0 0 1
    outer loop
      vertex 1.8 72.5 -1.90735e-07
      vertex 1.859 73.0614 -1.90735e-07
      vertex 1.81479 72.7822 -1.90735e-07
    endloop
  endfacet
  facet normal 0 0 1
    outer loop
      vertex 3.15 7.2 -1.90735e-07
      vertex 1.93215 4.46565 -1.90735e-07
      vertex 2.03343 4.20181 -1.90735e-07
    endloop
  endfacet
  facet normal 0 0 1
    outer loop
      vertex 3.15 7.2 -1.90735e-07
      vertex 1.859 4.73864 -1.90735e-07
      vertex 1.93215 4.46565 -1.90735e-07
    endloop
  endfacet
  facet normal 0 0 1
    outer loop
      vertex 3.15 7.2 -1.90735e-07
      vertex 1.81479 5.01777 -1.90735e-07
      vertex 1.859 4.73864 -1.90735e-07
    endloop
  endfacet
  facet normal 0 0 1
    outer loop
      vertex 101.286 53.004 -1.90735e-07
      vertex 100.6 68.8588 -1.90735e-07
      vertex 101.286 53.0015 -1.90735e-07
    endloop
  endfacet
  facet normal 0 0 1
    outer loop
      vertex 101.286 20.0114 -1.90735e-07
      vertex 100.832 7.53972 -1.90735e-07
      vertex 100.85 7.2 -1.90735e-07
    endloop
  endfacet
  facet normal 0 0 1
    outer loop
      vertex 101.286 53.0015 -1.90735e-07
      vertex 100.6 68.8588 -1.90735e-07
      vertex 101.286 52.9886 -1.90735e-07
    endloop
  endfacet
  facet normal 0 0 1
    outer loop
      vertex 101.286 20.0114 -1.90735e-07
      vertex 100.779 7.87571 -1.90735e-07
      vertex 100.832 7.53972 -1.90735e-07
    endloop
  endfacet
  facet normal 0 0 1
    outer loop
      vertex 100.6 8.4412 -1.90735e-07
      vertex 101.286 52.9886 -1.90735e-07
      vertex 100.6 68.8588 -1.90735e-07
    endloop
  endfacet
  facet normal 0 0 1
    outer loop
      vertex 101.286 20.0114 -1.90735e-07
      vertex 100.691 8.2043 -1.90735e-07
      vertex 100.779 7.87571 -1.90735e-07
    endloop
  endfacet
  facet normal 0 0 1
    outer loop
      vertex 101.286 52.9886 -1.90735e-07
      vertex 100.6 8.4412 -1.90735e-07
      vertex 101.286 20.0114 -1.90735e-07
    endloop
  endfacet
  facet normal 0 0 1
    outer loop
      vertex 101.286 20.0114 -1.90735e-07
      vertex 100.6 8.4412 -1.90735e-07
      vertex 100.691 8.2043 -1.90735e-07
    endloop
  endfacet
  facet normal 0 0 1
    outer loop
      vertex 102.2 72.5 -1.90735e-07
      vertex 100.832 70.4397 -1.90735e-07
      vertex 100.85 70.1 -1.90735e-07
    endloop
  endfacet
  facet normal 0 0 1
    outer loop
      vertex 101.087 74.6843 -1.90735e-07
      vertex 100.779 70.7757 -1.90735e-07
      vertex 100.832 70.4397 -1.90735e-07
    endloop
  endfacet
  facet normal 0 0 1
    outer loop
      vertex 101.087 74.6843 -1.90735e-07
      vertex 100.589 71.8091 -1.90735e-07
      vertex 100.779 70.7757 -1.90735e-07
    endloop
  endfacet
  facet normal 0 0 1
    outer loop
      vertex 100.779 70.7757 -1.90735e-07
      vertex 100.589 71.8091 -1.90735e-07
      vertex 100.691 71.1043 -1.90735e-07
    endloop
  endfacet
  facet normal 0 0 1
    outer loop
      vertex 99.7756 73.218 -1.90735e-07
      vertex 100.85 74.8383 -1.90735e-07
      vertex 100.598 74.9666 -1.90735e-07
    endloop
  endfacet
  facet normal 0 0 1
    outer loop
      vertex 100.691 71.1043 -1.90735e-07
      vertex 100.589 71.8091 -1.90735e-07
      vertex 100.6 71.6 -1.90735e-07
    endloop
  endfacet
  facet normal 0 0 1
    outer loop
      vertex 101.087 74.6843 -1.90735e-07
      vertex 100.556 72.0158 -1.90735e-07
      vertex 100.589 71.8091 -1.90735e-07
    endloop
  endfacet
  facet normal 0 0 1
    outer loop
      vertex 101.087 74.6843 -1.90735e-07
      vertex 100.502 72.218 -1.90735e-07
      vertex 100.556 72.0158 -1.90735e-07
    endloop
  endfacet
  facet normal 0 0 1
    outer loop
      vertex 101.087 74.6843 -1.90735e-07
      vertex 100.427 72.4135 -1.90735e-07
      vertex 100.502 72.218 -1.90735e-07
    endloop
  endfacet
  facet normal 0 0 1
    outer loop
      vertex 99.6 73.332 -1.90735e-07
      vertex 100.598 74.9666 -1.90735e-07
      vertex 100.334 75.0679 -1.90735e-07
    endloop
  endfacet
  facet normal 0 0 1
    outer loop
      vertex 101.087 74.6843 -1.90735e-07
      vertex 100.332 72.6 -1.90735e-07
      vertex 100.427 72.4135 -1.90735e-07
    endloop
  endfacet
  facet normal 0 0 1
    outer loop
      vertex 101.087 74.6843 -1.90735e-07
      vertex 100.218 72.7756 -1.90735e-07
      vertex 100.332 72.6 -1.90735e-07
    endloop
  endfacet
  facet normal 0 0 1
    outer loop
      vertex 101.087 74.6843 -1.90735e-07
      vertex 100.086 72.9383 -1.90735e-07
      vertex 100.218 72.7756 -1.90735e-07
    endloop
  endfacet
  facet normal 0 0 1
    outer loop
      vertex 99.6 73.332 -1.90735e-07
      vertex 100.334 75.0679 -1.90735e-07
      vertex 100.061 75.141 -1.90735e-07
    endloop
  endfacet
  facet normal 0 0 1
    outer loop
      vertex 101.087 74.6843 -1.90735e-07
      vertex 99.9383 73.0863 -1.90735e-07
      vertex 100.086 72.9383 -1.90735e-07
    endloop
  endfacet
  facet normal 0 0 1
    outer loop
      vertex 99.4135 73.4271 -1.90735e-07
      vertex 100.061 75.141 -1.90735e-07
      vertex 99.7822 75.1852 -1.90735e-07
    endloop
  endfacet
  facet normal 0 0 1
    outer loop
      vertex 101.087 74.6843 -1.90735e-07
      vertex 99.7756 73.218 -1.90735e-07
      vertex 99.9383 73.0863 -1.90735e-07
    endloop
  endfacet
  facet normal 0 0 1
    outer loop
      vertex 100.598 74.9666 -1.90735e-07
      vertex 99.6 73.332 -1.90735e-07
      vertex 99.7756 73.218 -1.90735e-07
    endloop
  endfacet
  facet normal 0 0 1
    outer loop
      vertex 99.218 73.5021 -1.90735e-07
      vertex 99.7822 75.1852 -1.90735e-07
      vertex 99.5 75.2 -1.90735e-07
    endloop
  endfacet
  facet normal 0 0 1
    outer loop
      vertex 100.061 75.141 -1.90735e-07
      vertex 99.4135 73.4271 -1.90735e-07
      vertex 99.6 73.332 -1.90735e-07
    endloop
  endfacet
  facet normal 0 0 1
    outer loop
      vertex 99.7822 75.1852 -1.90735e-07
      vertex 99.218 73.5021 -1.90735e-07
      vertex 99.4135 73.4271 -1.90735e-07
    endloop
  endfacet
  facet normal 0 0 1
    outer loop
      vertex 99.5 75.2 -1.90735e-07
      vertex 99.0158 73.5563 -1.90735e-07
      vertex 99.218 73.5021 -1.90735e-07
    endloop
  endfacet
  facet normal 0 0 1
    outer loop
      vertex 99.5 75.2 -1.90735e-07
      vertex 98.8091 73.589 -1.90735e-07
      vertex 99.0158 73.5563 -1.90735e-07
    endloop
  endfacet
  facet normal 0 0 1
    outer loop
      vertex 99.5 75.2 -1.90735e-07
      vertex 98.6 73.6 -1.90735e-07
      vertex 98.8091 73.589 -1.90735e-07
    endloop
  endfacet
  facet normal 0 0 1
    outer loop
      vertex 99.5 75.2 -1.90735e-07
      vertex 5.4 73.6 -1.90735e-07
      vertex 98.6 73.6 -1.90735e-07
    endloop
  endfacet
  facet normal -0 0 1
    outer loop
      vertex 4.5 75.2 -1.90735e-07
      vertex 5.4 73.6 -1.90735e-07
      vertex 99.5 75.2 -1.90735e-07
    endloop
  endfacet
  facet normal 0 0 1
    outer loop
      vertex 4.5 75.2 -1.90735e-07
      vertex 5.19094 73.589 -1.90735e-07
      vertex 5.4 73.6 -1.90735e-07
    endloop
  endfacet
  facet normal 0 0 1
    outer loop
      vertex 4.5 75.2 -1.90735e-07
      vertex 4.98418 73.5563 -1.90735e-07
      vertex 5.19094 73.589 -1.90735e-07
    endloop
  endfacet
  facet normal 0 0 1
    outer loop
      vertex 4.5 75.2 -1.90735e-07
      vertex 4.78197 73.5021 -1.90735e-07
      vertex 4.98418 73.5563 -1.90735e-07
    endloop
  endfacet
  facet normal -0 0 1
    outer loop
      vertex 4.21777 75.1852 -1.90735e-07
      vertex 4.78197 73.5021 -1.90735e-07
      vertex 4.5 75.2 -1.90735e-07
    endloop
  endfacet
  facet normal 0 0 1
    outer loop
      vertex 4.78197 73.5021 -1.90735e-07
      vertex 4.21777 75.1852 -1.90735e-07
      vertex 4.58653 73.4271 -1.90735e-07
    endloop
  endfacet
  facet normal -0 0 1
    outer loop
      vertex 3.93864 75.141 -1.90735e-07
      vertex 4.58653 73.4271 -1.90735e-07
      vertex 4.21777 75.1852 -1.90735e-07
    endloop
  endfacet
  facet normal 0 0 1
    outer loop
      vertex 4.58653 73.4271 -1.90735e-07
      vertex 3.93864 75.141 -1.90735e-07
      vertex 4.4 73.332 -1.90735e-07
    endloop
  endfacet
  facet normal -0 0 1
    outer loop
      vertex 3.66565 75.0679 -1.90735e-07
      vertex 4.4 73.332 -1.90735e-07
      vertex 3.93864 75.141 -1.90735e-07
    endloop
  endfacet
  facet normal -0 0 1
    outer loop
      vertex 3.40181 74.9666 -1.90735e-07
      vertex 4.4 73.332 -1.90735e-07
      vertex 3.66565 75.0679 -1.90735e-07
    endloop
  endfacet
  facet normal 0 0 1
    outer loop
      vertex 4.4 73.332 -1.90735e-07
      vertex 3.40181 74.9666 -1.90735e-07
      vertex 4.22443 73.218 -1.90735e-07
    endloop
  endfacet
  facet normal -0 0 1
    outer loop
      vertex 3.15 74.8383 -1.90735e-07
      vertex 4.22443 73.218 -1.90735e-07
      vertex 3.40181 74.9666 -1.90735e-07
    endloop
  endfacet
  facet normal -0 0 1
    outer loop
      vertex 2.91298 74.6843 -1.90735e-07
      vertex 4.22443 73.218 -1.90735e-07
      vertex 3.15 74.8383 -1.90735e-07
    endloop
  endfacet
  facet normal 0 0 1
    outer loop
      vertex 4.22443 73.218 -1.90735e-07
      vertex 2.91298 74.6843 -1.90735e-07
      vertex 4.06174 73.0863 -1.90735e-07
    endloop
  endfacet
  facet normal -0 0 1
    outer loop
      vertex 2.69335 74.5065 -1.90735e-07
      vertex 4.06174 73.0863 -1.90735e-07
      vertex 2.91298 74.6843 -1.90735e-07
    endloop
  endfacet
  facet normal 0 0 1
    outer loop
      vertex 4.06174 73.0863 -1.90735e-07
      vertex 2.69335 74.5065 -1.90735e-07
      vertex 3.91371 72.9383 -1.90735e-07
    endloop
  endfacet
  facet normal -0 0 1
    outer loop
      vertex 2.49351 74.3066 -1.90735e-07
      vertex 3.91371 72.9383 -1.90735e-07
      vertex 2.69335 74.5065 -1.90735e-07
    endloop
  endfacet
  facet normal -0 0 1
    outer loop
      vertex 2.31565 74.087 -1.90735e-07
      vertex 3.91371 72.9383 -1.90735e-07
      vertex 2.49351 74.3066 -1.90735e-07
    endloop
  endfacet
  facet normal 0 0 1
    outer loop
      vertex 3.91371 72.9383 -1.90735e-07
      vertex 2.31565 74.087 -1.90735e-07
      vertex 3.78197 72.7756 -1.90735e-07
    endloop
  endfacet
  facet normal -0 0 1
    outer loop
      vertex 2.16173 73.85 -1.90735e-07
      vertex 3.78197 72.7756 -1.90735e-07
      vertex 2.31565 74.087 -1.90735e-07
    endloop
  endfacet
  facet normal 0 0 1
    outer loop
      vertex 3.4 71.6 -1.90735e-07
      vertex 3.30907 71.1043 -1.90735e-07
      vertex 3.4 71.3412 -1.90735e-07
    endloop
  endfacet
  facet normal 0 0 1
    outer loop
      vertex 3.78197 72.7756 -1.90735e-07
      vertex 2.16173 73.85 -1.90735e-07
      vertex 3.66795 72.6 -1.90735e-07
    endloop
  endfacet
  facet normal 0 0 1
    outer loop
      vertex 3.66795 72.6 -1.90735e-07
      vertex 2.16173 73.85 -1.90735e-07
      vertex 3.57291 72.4135 -1.90735e-07
    endloop
  endfacet
  facet normal -0 0 1
    outer loop
      vertex 1.8 72.5 -1.90735e-07
      vertex 3.57291 72.4135 -1.90735e-07
      vertex 2.16173 73.85 -1.90735e-07
    endloop
  endfacet
  facet normal 0 0 1
    outer loop
      vertex 3.57291 72.4135 -1.90735e-07
      vertex 1.8 72.5 -1.90735e-07
      vertex 3.49789 72.218 -1.90735e-07
    endloop
  endfacet
  facet normal 0 0 1
    outer loop
      vertex 3.22102 70.7757 -1.90735e-07
      vertex 1.8 72.5 -1.90735e-07
      vertex 3.1678 70.4397 -1.90735e-07
    endloop
  endfacet
  facet normal 0 0 1
    outer loop
      vertex 3.49789 72.218 -1.90735e-07
      vertex 1.8 72.5 -1.90735e-07
      vertex 3.4437 72.0158 -1.90735e-07
    endloop
  endfacet
  facet normal 0 0 1
    outer loop
      vertex 100.691 71.1043 -1.90735e-07
      vertex 100.6 71.6 -1.90735e-07
      vertex 100.6 71.3412 -1.90735e-07
    endloop
  endfacet
  facet normal 0 0 1
    outer loop
      vertex 2.71429 52.9886 -1.90735e-07
      vertex 3.4 68.8588 -1.90735e-07
      vertex 3.30907 69.0957 -1.90735e-07
    endloop
  endfacet
  facet normal 0 0 1
    outer loop
      vertex 3.4 68.8588 -1.90735e-07
      vertex 2.71429 52.9886 -1.90735e-07
      vertex 3.4 8.44119 -1.90735e-07
    endloop
  endfacet
  facet normal 0 0 1
    outer loop
      vertex 2.71429 52.9886 -1.90735e-07
      vertex 3.30907 69.0957 -1.90735e-07
      vertex 3.22102 69.4243 -1.90735e-07
    endloop
  endfacet
  facet normal -0 0 1
    outer loop
      vertex 2.71429 20.0114 -1.90735e-07
      vertex 3.4 8.44119 -1.90735e-07
      vertex 2.71429 52.9886 -1.90735e-07
    endloop
  endfacet
  facet normal 0 0 1
    outer loop
      vertex 2.71429 52.9886 -1.90735e-07
      vertex 3.22102 69.4243 -1.90735e-07
      vertex 3.1678 69.7603 -1.90735e-07
    endloop
  endfacet
  facet normal -0 0 1
    outer loop
      vertex 2.71429 19.9985 -1.90735e-07
      vertex 3.4 8.44119 -1.90735e-07
      vertex 2.71429 20.0114 -1.90735e-07
    endloop
  endfacet
  facet normal 0 0 1
    outer loop
      vertex 2.71429 52.9886 -1.90735e-07
      vertex 3.1678 69.7603 -1.90735e-07
      vertex 3.15 70.1 -1.90735e-07
    endloop
  endfacet
  facet normal -0 0 1
    outer loop
      vertex 2.71429 19.996 -1.90735e-07
      vertex 3.4 8.44119 -1.90735e-07
      vertex 2.71429 19.9985 -1.90735e-07
    endloop
  endfacet
  facet normal 0 0 1
    outer loop
      vertex 100.832 70.4397 -1.90735e-07
      vertex 102.2 72.5 -1.90735e-07
      vertex 102.185 72.7822 -1.90735e-07
    endloop
  endfacet
  facet normal 0 0 1
    outer loop
      vertex 102.2 72.5 -1.90735e-07
      vertex 101.706 52.5 -1.90735e-07
      vertex 102.2 5.3 -1.90735e-07
    endloop
  endfacet
  facet normal 0 0 1
    outer loop
      vertex 100.832 70.4397 -1.90735e-07
      vertex 102.185 72.7822 -1.90735e-07
      vertex 102.141 73.0614 -1.90735e-07
    endloop
  endfacet
  facet normal -0 0 1
    outer loop
      vertex 101.706 20.5 -1.90735e-07
      vertex 102.2 5.3 -1.90735e-07
      vertex 101.706 52.5 -1.90735e-07
    endloop
  endfacet
  facet normal 0 0 1
    outer loop
      vertex 100.832 70.4397 -1.90735e-07
      vertex 102.141 73.0614 -1.90735e-07
      vertex 102.068 73.3343 -1.90735e-07
    endloop
  endfacet
  facet normal -0 0 1
    outer loop
      vertex 101.7 20.4353 -1.90735e-07
      vertex 102.2 5.3 -1.90735e-07
      vertex 101.706 20.5 -1.90735e-07
    endloop
  endfacet
  facet normal 0 0 1
    outer loop
      vertex 100.832 70.4397 -1.90735e-07
      vertex 102.068 73.3343 -1.90735e-07
      vertex 101.967 73.5982 -1.90735e-07
    endloop
  endfacet
  facet normal -0 0 1
    outer loop
      vertex 101.699 20.4321 -1.90735e-07
      vertex 102.2 5.3 -1.90735e-07
      vertex 101.7 20.4353 -1.90735e-07
    endloop
  endfacet
  facet normal 0 0 1
    outer loop
      vertex 100.832 70.4397 -1.90735e-07
      vertex 101.967 73.5982 -1.90735e-07
      vertex 101.838 73.85 -1.90735e-07
    endloop
  endfacet
  facet normal -0 0 1
    outer loop
      vertex 101.699 20.4289 -1.90735e-07
      vertex 102.2 5.3 -1.90735e-07
      vertex 101.699 20.4321 -1.90735e-07
    endloop
  endfacet
  facet normal -0 0 1
    outer loop
      vertex 101.681 20.3649 -1.90735e-07
      vertex 102.2 5.3 -1.90735e-07
      vertex 101.699 20.4289 -1.90735e-07
    endloop
  endfacet
  facet normal 0 0 1
    outer loop
      vertex 102.2 72.5 -1.90735e-07
      vertex 101.7 52.5647 -1.90735e-07
      vertex 101.706 52.5 -1.90735e-07
    endloop
  endfacet
  facet normal 0 0 1
    outer loop
      vertex 102.2 72.5 -1.90735e-07
      vertex 101.699 52.5679 -1.90735e-07
      vertex 101.7 52.5647 -1.90735e-07
    endloop
  endfacet
  facet normal 0 0 1
    outer loop
      vertex 102.2 72.5 -1.90735e-07
      vertex 101.699 52.5711 -1.90735e-07
      vertex 101.699 52.5679 -1.90735e-07
    endloop
  endfacet
  facet normal 0 0 1
    outer loop
      vertex 100.832 70.4397 -1.90735e-07
      vertex 101.838 73.85 -1.90735e-07
      vertex 101.684 74.087 -1.90735e-07
    endloop
  endfacet
  facet normal 0 0 1
    outer loop
      vertex 100.832 69.7603 -1.90735e-07
      vertex 102.2 72.5 -1.90735e-07
      vertex 100.85 70.1 -1.90735e-07
    endloop
  endfacet
  facet normal 0 0 1
    outer loop
      vertex 102.2 72.5 -1.90735e-07
      vertex 101.681 52.6351 -1.90735e-07
      vertex 101.699 52.5711 -1.90735e-07
    endloop
  endfacet
  facet normal 0 0 1
    outer loop
      vertex 102.2 72.5 -1.90735e-07
      vertex 101.65 52.7009 -1.90735e-07
      vertex 101.681 52.6351 -1.90735e-07
    endloop
  endfacet
  facet normal 0 0 1
    outer loop
      vertex 100.779 69.4243 -1.90735e-07
      vertex 102.2 72.5 -1.90735e-07
      vertex 100.832 69.7603 -1.90735e-07
    endloop
  endfacet
  facet normal 0 0 1
    outer loop
      vertex 100.832 70.4397 -1.90735e-07
      vertex 101.684 74.087 -1.90735e-07
      vertex 101.506 74.3066 -1.90735e-07
    endloop
  endfacet
  facet normal 0 0 1
    outer loop
      vertex 100.691 69.0957 -1.90735e-07
      vertex 102.2 72.5 -1.90735e-07
      vertex 100.779 69.4243 -1.90735e-07
    endloop
  endfacet
  facet normal 0 0 1
    outer loop
      vertex 102.2 72.5 -1.90735e-07
      vertex 100.691 69.0957 -1.90735e-07
      vertex 101.65 52.7009 -1.90735e-07
    endloop
  endfacet
  facet normal -0 0 1
    outer loop
      vertex 100.6 68.8588 -1.90735e-07
      vertex 101.65 52.7009 -1.90735e-07
      vertex 100.691 69.0957 -1.90735e-07
    endloop
  endfacet
  facet normal 0 0 1
    outer loop
      vertex 100.832 70.4397 -1.90735e-07
      vertex 101.506 74.3066 -1.90735e-07
      vertex 101.307 74.5065 -1.90735e-07
    endloop
  endfacet
  facet normal 0 0 1
    outer loop
      vertex 101.65 52.7009 -1.90735e-07
      vertex 100.6 68.8588 -1.90735e-07
      vertex 101.608 52.7644 -1.90735e-07
    endloop
  endfacet
  facet normal 0 0 1
    outer loop
      vertex 101.608 52.7644 -1.90735e-07
      vertex 100.6 68.8588 -1.90735e-07
      vertex 101.554 52.825 -1.90735e-07
    endloop
  endfacet
  facet normal 0 0 1
    outer loop
      vertex 101.489 52.8821 -1.90735e-07
      vertex 100.6 68.8588 -1.90735e-07
      vertex 101.415 52.9349 -1.90735e-07
    endloop
  endfacet
  facet normal 0 0 1
    outer loop
      vertex 101.415 52.9349 -1.90735e-07
      vertex 100.6 68.8588 -1.90735e-07
      vertex 101.331 52.983 -1.90735e-07
    endloop
  endfacet
  facet normal 0 0 1
    outer loop
      vertex 101.554 52.825 -1.90735e-07
      vertex 100.6 68.8588 -1.90735e-07
      vertex 101.489 52.8821 -1.90735e-07
    endloop
  endfacet
  facet normal 0 0 1
    outer loop
      vertex 100.832 70.4397 -1.90735e-07
      vertex 101.307 74.5065 -1.90735e-07
      vertex 101.087 74.6843 -1.90735e-07
    endloop
  endfacet
  facet normal -0 0 1
    outer loop
      vertex 101.65 20.2991 -1.90735e-07
      vertex 102.2 5.3 -1.90735e-07
      vertex 101.681 20.3649 -1.90735e-07
    endloop
  endfacet
  facet normal -0 0 1
    outer loop
      vertex 101.608 20.2356 -1.90735e-07
      vertex 102.2 5.3 -1.90735e-07
      vertex 101.65 20.2991 -1.90735e-07
    endloop
  endfacet
  facet normal -0 0 1
    outer loop
      vertex 100.832 6.86028 -1.90735e-07
      vertex 102.2 5.3 -1.90735e-07
      vertex 100.85 7.2 -1.90735e-07
    endloop
  endfacet
  facet normal -0 0 1
    outer loop
      vertex 100.779 6.52429 -1.90735e-07
      vertex 102.2 5.3 -1.90735e-07
      vertex 100.832 6.86028 -1.90735e-07
    endloop
  endfacet
  facet normal -0 0 1
    outer loop
      vertex 100.573 5.88764 -1.90735e-07
      vertex 102.2 5.3 -1.90735e-07
      vertex 100.691 6.19569 -1.90735e-07
    endloop
  endfacet
  facet normal -0 0 1
    outer loop
      vertex 100.556 5.78418 -1.90735e-07
      vertex 102.2 5.3 -1.90735e-07
      vertex 100.573 5.88764 -1.90735e-07
    endloop
  endfacet
  facet normal -0 0 1
    outer loop
      vertex 100.691 6.19569 -1.90735e-07
      vertex 102.2 5.3 -1.90735e-07
      vertex 100.779 6.52429 -1.90735e-07
    endloop
  endfacet
  facet normal 0 0 1
    outer loop
      vertex 102.2 5.3 -1.90735e-07
      vertex 101.608 20.2356 -1.90735e-07
      vertex 100.85 7.2 -1.90735e-07
    endloop
  endfacet
  facet normal 0 0 1
    outer loop
      vertex 100.85 7.2 -1.90735e-07
      vertex 101.608 20.2356 -1.90735e-07
      vertex 101.554 20.175 -1.90735e-07
    endloop
  endfacet
  facet normal 0 0 1
    outer loop
      vertex 102.2 5.3 -1.90735e-07
      vertex 100.502 5.58196 -1.90735e-07
      vertex 102.185 5.01777 -1.90735e-07
    endloop
  endfacet
  facet normal 0 0 1
    outer loop
      vertex 100.85 7.2 -1.90735e-07
      vertex 101.554 20.175 -1.90735e-07
      vertex 101.489 20.1179 -1.90735e-07
    endloop
  endfacet
  facet normal 0 0 1
    outer loop
      vertex 100.85 7.2 -1.90735e-07
      vertex 101.489 20.1179 -1.90735e-07
      vertex 101.415 20.0651 -1.90735e-07
    endloop
  endfacet
  facet normal 0 0 1
    outer loop
      vertex 100.85 7.2 -1.90735e-07
      vertex 101.415 20.0651 -1.90735e-07
      vertex 101.331 20.017 -1.90735e-07
    endloop
  endfacet
  facet normal -0 0 1
    outer loop
      vertex 100.427 5.38653 -1.90735e-07
      vertex 102.185 5.01777 -1.90735e-07
      vertex 100.502 5.58196 -1.90735e-07
    endloop
  endfacet
  facet normal 0 0 1
    outer loop
      vertex 100.85 7.2 -1.90735e-07
      vertex 101.331 20.017 -1.90735e-07
      vertex 101.286 19.996 -1.90735e-07
    endloop
  endfacet
  facet normal 0 0 1
    outer loop
      vertex 100.85 7.2 -1.90735e-07
      vertex 101.286 19.996 -1.90735e-07
      vertex 101.286 19.9985 -1.90735e-07
    endloop
  endfacet
  facet normal 0 0 1
    outer loop
      vertex 101.331 52.983 -1.90735e-07
      vertex 100.6 68.8588 -1.90735e-07
      vertex 101.286 53.004 -1.90735e-07
    endloop
  endfacet
  facet normal 0 0 1
    outer loop
      vertex 101.286 20.0114 -1.90735e-07
      vertex 100.85 7.2 -1.90735e-07
      vertex 101.286 19.9985 -1.90735e-07
    endloop
  endfacet
  facet normal 0 0 1
    outer loop
      vertex 99.7756 73.218 -1.90735e-07
      vertex 101.087 74.6843 -1.90735e-07
      vertex 100.85 74.8383 -1.90735e-07
    endloop
  endfacet
  facet normal 0 0 1
    outer loop
      vertex 102.185 5.01777 -1.90735e-07
      vertex 100.427 5.38653 -1.90735e-07
      vertex 102.141 4.73864 -1.90735e-07
    endloop
  endfacet
  facet normal -0 0 1
    outer loop
      vertex 100.332 5.2 -1.90735e-07
      vertex 102.141 4.73864 -1.90735e-07
      vertex 100.427 5.38653 -1.90735e-07
    endloop
  endfacet
  facet normal 0 0 1
    outer loop
      vertex 102.141 4.73864 -1.90735e-07
      vertex 100.332 5.2 -1.90735e-07
      vertex 102.068 4.46565 -1.90735e-07
    endloop
  endfacet
  facet normal 0 0 1
    outer loop
      vertex 102.068 4.46565 -1.90735e-07
      vertex 100.332 5.2 -1.90735e-07
      vertex 101.967 4.20181 -1.90735e-07
    endloop
  endfacet
  facet normal -0 0 1
    outer loop
      vertex 100.218 5.02443 -1.90735e-07
      vertex 101.967 4.20181 -1.90735e-07
      vertex 100.332 5.2 -1.90735e-07
    endloop
  endfacet
  facet normal 0 0 1
    outer loop
      vertex 101.967 4.20181 -1.90735e-07
      vertex 100.218 5.02443 -1.90735e-07
      vertex 101.838 3.95 -1.90735e-07
    endloop
  endfacet
  facet normal 0 0 1
    outer loop
      vertex 101.838 3.95 -1.90735e-07
      vertex 100.218 5.02443 -1.90735e-07
      vertex 101.684 3.71298 -1.90735e-07
    endloop
  endfacet
  facet normal -0 0 1
    outer loop
      vertex 100.502 5.58196 -1.90735e-07
      vertex 102.2 5.3 -1.90735e-07
      vertex 100.556 5.78418 -1.90735e-07
    endloop
  endfacet
  facet normal -0 0 1
    outer loop
      vertex 100.086 4.86174 -1.90735e-07
      vertex 101.684 3.71298 -1.90735e-07
      vertex 100.218 5.02443 -1.90735e-07
    endloop
  endfacet
  facet normal 0 0 1
    outer loop
      vertex 101.684 3.71298 -1.90735e-07
      vertex 100.086 4.86174 -1.90735e-07
      vertex 101.506 3.49335 -1.90735e-07
    endloop
  endfacet
  facet normal 0 0 1
    outer loop
      vertex 101.506 3.49335 -1.90735e-07
      vertex 100.086 4.86174 -1.90735e-07
      vertex 101.307 3.29351 -1.90735e-07
    endloop
  endfacet
  facet normal -0 0 1
    outer loop
      vertex 99.9383 4.71371 -1.90735e-07
      vertex 101.307 3.29351 -1.90735e-07
      vertex 100.086 4.86174 -1.90735e-07
    endloop
  endfacet
  facet normal 0 0 1
    outer loop
      vertex 101.307 3.29351 -1.90735e-07
      vertex 99.9383 4.71371 -1.90735e-07
      vertex 101.087 3.11565 -1.90735e-07
    endloop
  endfacet
  facet normal -0 0 1
    outer loop
      vertex 99.7756 4.58196 -1.90735e-07
      vertex 101.087 3.11565 -1.90735e-07
      vertex 99.9383 4.71371 -1.90735e-07
    endloop
  endfacet
  facet normal 0 0 1
    outer loop
      vertex 101.087 3.11565 -1.90735e-07
      vertex 99.7756 4.58196 -1.90735e-07
      vertex 100.85 2.96173 -1.90735e-07
    endloop
  endfacet
  facet normal 0 0 1
    outer loop
      vertex 100.85 2.96173 -1.90735e-07
      vertex 99.7756 4.58196 -1.90735e-07
      vertex 100.598 2.83343 -1.90735e-07
    endloop
  endfacet
  facet normal -0 0 1
    outer loop
      vertex 99.6 4.46795 -1.90735e-07
      vertex 100.598 2.83343 -1.90735e-07
      vertex 99.7756 4.58196 -1.90735e-07
    endloop
  endfacet
  facet normal 0 0 1
    outer loop
      vertex 100.598 2.83343 -1.90735e-07
      vertex 99.6 4.46795 -1.90735e-07
      vertex 100.334 2.73215 -1.90735e-07
    endloop
  endfacet
  facet normal 0 0 1
    outer loop
      vertex 100.334 2.73215 -1.90735e-07
      vertex 99.6 4.46795 -1.90735e-07
      vertex 100.061 2.659 -1.90735e-07
    endloop
  endfacet
  facet normal -0 0 1
    outer loop
      vertex 99.4135 4.37291 -1.90735e-07
      vertex 100.061 2.659 -1.90735e-07
      vertex 99.6 4.46795 -1.90735e-07
    endloop
  endfacet
  facet normal 0 0 1
    outer loop
      vertex 100.061 2.659 -1.90735e-07
      vertex 99.4135 4.37291 -1.90735e-07
      vertex 99.7822 2.61479 -1.90735e-07
    endloop
  endfacet
  facet normal -0 0 1
    outer loop
      vertex 99.218 4.29789 -1.90735e-07
      vertex 99.7822 2.61479 -1.90735e-07
      vertex 99.4135 4.37291 -1.90735e-07
    endloop
  endfacet
  facet normal 0 0 1
    outer loop
      vertex 99.7822 2.61479 -1.90735e-07
      vertex 99.218 4.29789 -1.90735e-07
      vertex 99.5 2.6 -1.90735e-07
    endloop
  endfacet
  facet normal -0 0 1
    outer loop
      vertex 99.0158 4.2437 -1.90735e-07
      vertex 99.5 2.6 -1.90735e-07
      vertex 99.218 4.29789 -1.90735e-07
    endloop
  endfacet
  facet normal -0 0 1
    outer loop
      vertex 98.9124 4.22732 -1.90735e-07
      vertex 99.5 2.6 -1.90735e-07
      vertex 99.0158 4.2437 -1.90735e-07
    endloop
  endfacet
  facet normal -0 0 1
    outer loop
      vertex 98.6043 4.10907 -1.90735e-07
      vertex 99.5 2.6 -1.90735e-07
      vertex 98.9124 4.22732 -1.90735e-07
    endloop
  endfacet
  facet normal -0 0 1
    outer loop
      vertex 98.2757 4.02102 -1.90735e-07
      vertex 99.5 2.6 -1.90735e-07
      vertex 98.6043 4.10907 -1.90735e-07
    endloop
  endfacet
  facet normal -0 0 1
    outer loop
      vertex 97.9397 3.9678 -1.90735e-07
      vertex 99.5 2.6 -1.90735e-07
      vertex 98.2757 4.02102 -1.90735e-07
    endloop
  endfacet
  facet normal -0 0 1
    outer loop
      vertex 97.6 3.95 -1.90735e-07
      vertex 99.5 2.6 -1.90735e-07
      vertex 97.9397 3.9678 -1.90735e-07
    endloop
  endfacet
  facet normal 0 0 1
    outer loop
      vertex 97.2603 3.9678 -1.90735e-07
      vertex 99.5 2.6 -1.90735e-07
      vertex 97.6 3.95 -1.90735e-07
    endloop
  endfacet
  facet normal 0 0 1
    outer loop
      vertex 96.9243 4.02102 -1.90735e-07
      vertex 99.5 2.6 -1.90735e-07
      vertex 97.2603 3.9678 -1.90735e-07
    endloop
  endfacet
  facet normal 0 0 1
    outer loop
      vertex 96.5957 4.10907 -1.90735e-07
      vertex 99.5 2.6 -1.90735e-07
      vertex 96.9243 4.02102 -1.90735e-07
    endloop
  endfacet
  facet normal 0 0 1
    outer loop
      vertex 96.3588 4.2 -1.90735e-07
      vertex 99.5 2.6 -1.90735e-07
      vertex 96.5957 4.10907 -1.90735e-07
    endloop
  endfacet
  facet normal -0 0 1
    outer loop
      vertex 7.64119 4.2 -1.90735e-07
      vertex 99.5 2.6 -1.90735e-07
      vertex 96.3588 4.2 -1.90735e-07
    endloop
  endfacet
  facet normal 0 0 1
    outer loop
      vertex 4.5 2.6 -1.90735e-07
      vertex 7.64119 4.2 -1.90735e-07
      vertex 7.4043 4.10907 -1.90735e-07
    endloop
  endfacet
  facet normal 0 0 1
    outer loop
      vertex 4.5 2.6 -1.90735e-07
      vertex 7.4043 4.10907 -1.90735e-07
      vertex 7.07571 4.02102 -1.90735e-07
    endloop
  endfacet
  facet normal 0 0 1
    outer loop
      vertex 4.5 2.6 -1.90735e-07
      vertex 7.07571 4.02102 -1.90735e-07
      vertex 6.73972 3.9678 -1.90735e-07
    endloop
  endfacet
  facet normal 0 0 1
    outer loop
      vertex 4.5 2.6 -1.90735e-07
      vertex 6.73972 3.9678 -1.90735e-07
      vertex 6.4 3.95 -1.90735e-07
    endloop
  endfacet
  facet normal 0 0 1
    outer loop
      vertex 4.5 2.6 -1.90735e-07
      vertex 5.08764 4.22732 -1.90735e-07
      vertex 4.98418 4.2437 -1.90735e-07
    endloop
  endfacet
  facet normal 0 0 1
    outer loop
      vertex 4.5 2.6 -1.90735e-07
      vertex 4.98418 4.2437 -1.90735e-07
      vertex 4.78197 4.29789 -1.90735e-07
    endloop
  endfacet
  facet normal 0 0 1
    outer loop
      vertex 7.64119 4.2 -1.90735e-07
      vertex 4.5 2.6 -1.90735e-07
      vertex 99.5 2.6 -1.90735e-07
    endloop
  endfacet
  facet normal 0 0 1
    outer loop
      vertex 6.06028 3.9678 -1.90735e-07
      vertex 4.5 2.6 -1.90735e-07
      vertex 6.4 3.95 -1.90735e-07
    endloop
  endfacet
  facet normal 0 0 1
    outer loop
      vertex 5.72429 4.02102 -1.90735e-07
      vertex 4.5 2.6 -1.90735e-07
      vertex 6.06028 3.9678 -1.90735e-07
    endloop
  endfacet
  facet normal 0 0 1
    outer loop
      vertex 5.39569 4.10907 -1.90735e-07
      vertex 4.5 2.6 -1.90735e-07
      vertex 5.72429 4.02102 -1.90735e-07
    endloop
  endfacet
  facet normal 0 0 1
    outer loop
      vertex 5.08764 4.22732 -1.90735e-07
      vertex 4.5 2.6 -1.90735e-07
      vertex 5.39569 4.10907 -1.90735e-07
    endloop
  endfacet
  facet normal 0 0 1
    outer loop
      vertex 4.21777 2.61479 -1.90735e-07
      vertex 4.78197 4.29789 -1.90735e-07
      vertex 4.58653 4.37291 -1.90735e-07
    endloop
  endfacet
  facet normal 0 0 1
    outer loop
      vertex 3.93864 2.659 -1.90735e-07
      vertex 4.58653 4.37291 -1.90735e-07
      vertex 4.4 4.46795 -1.90735e-07
    endloop
  endfacet
  facet normal 0 0 1
    outer loop
      vertex 3.40181 2.83343 -1.90735e-07
      vertex 4.4 4.46795 -1.90735e-07
      vertex 4.22443 4.58196 -1.90735e-07
    endloop
  endfacet
  facet normal 0 0 1
    outer loop
      vertex 4.78197 4.29789 -1.90735e-07
      vertex 4.21777 2.61479 -1.90735e-07
      vertex 4.5 2.6 -1.90735e-07
    endloop
  endfacet
  facet normal 0 0 1
    outer loop
      vertex 2.91298 3.11565 -1.90735e-07
      vertex 4.22443 4.58196 -1.90735e-07
      vertex 4.06174 4.71371 -1.90735e-07
    endloop
  endfacet
  facet normal 0 0 1
    outer loop
      vertex 4.58653 4.37291 -1.90735e-07
      vertex 3.93864 2.659 -1.90735e-07
      vertex 4.21777 2.61479 -1.90735e-07
    endloop
  endfacet
  facet normal 0 0 1
    outer loop
      vertex 2.91298 3.11565 -1.90735e-07
      vertex 4.06174 4.71371 -1.90735e-07
      vertex 3.91371 4.86174 -1.90735e-07
    endloop
  endfacet
  facet normal 0 0 1
    outer loop
      vertex 2.91298 3.11565 -1.90735e-07
      vertex 3.91371 4.86174 -1.90735e-07
      vertex 3.78197 5.02443 -1.90735e-07
    endloop
  endfacet
  facet normal 0 0 1
    outer loop
      vertex 2.91298 3.11565 -1.90735e-07
      vertex 3.78197 5.02443 -1.90735e-07
      vertex 3.66795 5.2 -1.90735e-07
    endloop
  endfacet
  facet normal 0 0 1
    outer loop
      vertex 4.4 4.46795 -1.90735e-07
      vertex 3.66565 2.73215 -1.90735e-07
      vertex 3.93864 2.659 -1.90735e-07
    endloop
  endfacet
  facet normal 0 0 1
    outer loop
      vertex 2.91298 3.11565 -1.90735e-07
      vertex 3.66795 5.2 -1.90735e-07
      vertex 3.57291 5.38653 -1.90735e-07
    endloop
  endfacet
  facet normal 0 0 1
    outer loop
      vertex 2.91298 3.11565 -1.90735e-07
      vertex 3.57291 5.38653 -1.90735e-07
      vertex 3.49789 5.58196 -1.90735e-07
    endloop
  endfacet
  facet normal 0 0 1
    outer loop
      vertex 2.91298 3.11565 -1.90735e-07
      vertex 3.49789 5.58196 -1.90735e-07
      vertex 3.4437 5.78418 -1.90735e-07
    endloop
  endfacet
  facet normal 0 0 1
    outer loop
      vertex 3.30907 6.19569 -1.90735e-07
      vertex 3.4437 5.78418 -1.90735e-07
      vertex 3.42732 5.88764 -1.90735e-07
    endloop
  endfacet
  facet normal 0 0 1
    outer loop
      vertex 4.4 4.46795 -1.90735e-07
      vertex 3.40181 2.83343 -1.90735e-07
      vertex 3.66565 2.73215 -1.90735e-07
    endloop
  endfacet
  facet normal 0 0 1
    outer loop
      vertex 3.4437 5.78418 -1.90735e-07
      vertex 3.30907 6.19569 -1.90735e-07
      vertex 2.91298 3.11565 -1.90735e-07
    endloop
  endfacet
  facet normal 0 0 1
    outer loop
      vertex 2.91298 3.11565 -1.90735e-07
      vertex 3.30907 6.19569 -1.90735e-07
      vertex 3.22102 6.52429 -1.90735e-07
    endloop
  endfacet
  facet normal 0 0 1
    outer loop
      vertex 2.91298 3.11565 -1.90735e-07
      vertex 3.22102 6.52429 -1.90735e-07
      vertex 3.1678 6.86028 -1.90735e-07
    endloop
  endfacet
  facet normal 0 0 1
    outer loop
      vertex 4.22443 4.58196 -1.90735e-07
      vertex 3.15 2.96173 -1.90735e-07
      vertex 3.40181 2.83343 -1.90735e-07
    endloop
  endfacet
  facet normal 0 0 1
    outer loop
      vertex 2.91298 3.11565 -1.90735e-07
      vertex 3.1678 6.86028 -1.90735e-07
      vertex 3.15 7.2 -1.90735e-07
    endloop
  endfacet
  facet normal 0 0 1
    outer loop
      vertex 2.71429 52.9886 -1.90735e-07
      vertex 3.15 70.1 -1.90735e-07
      vertex 2.71429 53.0015 -1.90735e-07
    endloop
  endfacet
  facet normal 0 0 1
    outer loop
      vertex 3.4437 72.0158 -1.90735e-07
      vertex 1.8 72.5 -1.90735e-07
      vertex 3.41096 71.8091 -1.90735e-07
    endloop
  endfacet
  facet normal 0 0 1
    outer loop
      vertex 2.66927 20.017 -1.90735e-07
      vertex 3.4 8.44119 -1.90735e-07
      vertex 2.71429 19.996 -1.90735e-07
    endloop
  endfacet
  facet normal 0 0 1
    outer loop
      vertex 4.22443 4.58196 -1.90735e-07
      vertex 2.91298 3.11565 -1.90735e-07
      vertex 3.15 2.96173 -1.90735e-07
    endloop
  endfacet
  facet normal 0 0 1
    outer loop
      vertex 3.15 70.1 -1.90735e-07
      vertex 2.71429 53.004 -1.90735e-07
      vertex 2.71429 53.0015 -1.90735e-07
    endloop
  endfacet
  facet normal 0 0 1
    outer loop
      vertex 3.41096 71.8091 -1.90735e-07
      vertex 1.8 72.5 -1.90735e-07
      vertex 3.4 71.6 -1.90735e-07
    endloop
  endfacet
  facet normal 0 0 1
    outer loop
      vertex 3.1678 70.4397 -1.90735e-07
      vertex 1.8 72.5 -1.90735e-07
      vertex 3.15 70.1 -1.90735e-07
    endloop
  endfacet
  facet normal 0 0 1
    outer loop
      vertex 3.15 70.1 -1.90735e-07
      vertex 2.66927 52.983 -1.90735e-07
      vertex 2.71429 53.004 -1.90735e-07
    endloop
  endfacet
  facet normal 0 0 1
    outer loop
      vertex 3.15 70.1 -1.90735e-07
      vertex 2.58539 52.9349 -1.90735e-07
      vertex 2.66927 52.983 -1.90735e-07
    endloop
  endfacet
  facet normal 0 0 1
    outer loop
      vertex 3.30907 71.1043 -1.90735e-07
      vertex 1.8 72.5 -1.90735e-07
      vertex 3.22102 70.7757 -1.90735e-07
    endloop
  endfacet
  facet normal 0 0 1
    outer loop
      vertex 3.15 70.1 -1.90735e-07
      vertex 2.51075 52.8821 -1.90735e-07
      vertex 2.58539 52.9349 -1.90735e-07
    endloop
  endfacet
  facet normal 0 0 1
    outer loop
      vertex 3.15 70.1 -1.90735e-07
      vertex 2.44614 52.825 -1.90735e-07
      vertex 2.51075 52.8821 -1.90735e-07
    endloop
  endfacet
  facet normal 0 0 1
    outer loop
      vertex 3.15 70.1 -1.90735e-07
      vertex 2.39229 52.7644 -1.90735e-07
      vertex 2.44614 52.825 -1.90735e-07
    endloop
  endfacet
  facet normal 0 0 1
    outer loop
      vertex 3.15 70.1 -1.90735e-07
      vertex 2.34978 52.7009 -1.90735e-07
      vertex 2.39229 52.7644 -1.90735e-07
    endloop
  endfacet
  facet normal 0 0 1
    outer loop
      vertex 3.4 71.6 -1.90735e-07
      vertex 1.8 72.5 -1.90735e-07
      vertex 3.30907 71.1043 -1.90735e-07
    endloop
  endfacet
  facet normal 0 0 1
    outer loop
      vertex 1.8 72.5 -1.90735e-07
      vertex 2.34978 52.7009 -1.90735e-07
      vertex 3.15 70.1 -1.90735e-07
    endloop
  endfacet
  facet normal 0 0 1
    outer loop
      vertex 2.34978 52.7009 -1.90735e-07
      vertex 1.8 72.5 -1.90735e-07
      vertex 2.31908 52.6351 -1.90735e-07
    endloop
  endfacet
  facet normal 0 0 1
    outer loop
      vertex 2.31908 52.6351 -1.90735e-07
      vertex 1.8 72.5 -1.90735e-07
      vertex 2.30139 52.5711 -1.90735e-07
    endloop
  endfacet
  facet normal 0 0 1
    outer loop
      vertex 2.30139 52.5711 -1.90735e-07
      vertex 1.8 72.5 -1.90735e-07
      vertex 2.30052 52.5679 -1.90735e-07
    endloop
  endfacet
  facet normal 0 0 1
    outer loop
      vertex 2.30023 52.5647 -1.90735e-07
      vertex 1.8 72.5 -1.90735e-07
      vertex 2.29431 52.5 -1.90735e-07
    endloop
  endfacet
  facet normal 0 0 1
    outer loop
      vertex 2.30052 52.5679 -1.90735e-07
      vertex 1.8 72.5 -1.90735e-07
      vertex 2.30023 52.5647 -1.90735e-07
    endloop
  endfacet
  facet normal 0.987698 0.156374 0
    outer loop
      vertex 3.42732 5.88764 -1.90735e-07
      vertex 3.4437 5.78418 -1.90735e-07
      vertex 3.42732 5.88764 -2
    endloop
  endfacet
  facet normal 0.98769 0.156424 0
    outer loop
      vertex 3.42732 5.88764 -2
      vertex 3.41096 5.99094 -2.2
      vertex 3.41096 5.99094 -2
    endloop
  endfacet
  facet normal 0.987694 0.156399 -1.3175e-05
    outer loop
      vertex 3.42732 5.88764 -2
      vertex 3.4437 5.78418 -2.2
      vertex 3.41096 5.99094 -2.2
    endloop
  endfacet
  facet normal 0.987698 0.156374 -0
    outer loop
      vertex 3.4437 5.78418 -2.2
      vertex 3.42732 5.88764 -2
      vertex 3.4437 5.78418 -1.90735e-07
    endloop
  endfacet
  facet normal -0.358262 0.933621 0
    outer loop
      vertex 99.4135 4.37291 -2.2
      vertex 99.218 4.29789 -1.90735e-07
      vertex 99.4135 4.37291 -1.90735e-07
    endloop
  endfacet
  facet normal -0.358262 0.933621 0
    outer loop
      vertex 99.218 4.29789 -1.90735e-07
      vertex 99.4135 4.37291 -2.2
      vertex 99.218 4.29789 -2.2
    endloop
  endfacet
  facet normal 0.998629 0.0523532 0
    outer loop
      vertex 3.41096 5.99094 -2
      vertex 3.4 6.2 -2.2
      vertex 3.4 6.2 -2
    endloop
  endfacet
  facet normal 0.998629 0.0523532 0
    outer loop
      vertex 3.4 6.2 -2.2
      vertex 3.41096 5.99094 -2
      vertex 3.41096 5.99094 -2.2
    endloop
  endfacet
  facet normal -0.987494 -0.157655 0
    outer loop
      vertex 100.589 71.8091 -2.2
      vertex 100.556 72.0158 -1.90735e-07
      vertex 100.556 72.0158 -2.2
    endloop
  endfacet
  facet normal -0.987494 -0.157655 0
    outer loop
      vertex 100.556 72.0158 -1.90735e-07
      vertex 100.589 71.8091 -2.2
      vertex 100.589 71.8091 -1.90735e-07
    endloop
  endfacet
  facet normal -0.998619 -0.0525338 0
    outer loop
      vertex 100.6 71.6 -2.2
      vertex 100.589 71.8091 -1.90735e-07
      vertex 100.589 71.8091 -2.2
    endloop
  endfacet
  facet normal -0.998619 -0.0525338 0
    outer loop
      vertex 100.589 71.8091 -1.90735e-07
      vertex 100.6 71.6 -2.2
      vertex 100.6 71.6 -1.90735e-07
    endloop
  endfacet
  facet normal 0.358358 0.933584 -0
    outer loop
      vertex 4.78197 4.29789 -2.2
      vertex 4.58653 4.37291 -1.90735e-07
      vertex 4.78197 4.29789 -1.90735e-07
    endloop
  endfacet
  facet normal 0.358358 0.933584 0
    outer loop
      vertex 4.58653 4.37291 -1.90735e-07
      vertex 4.78197 4.29789 -2.2
      vertex 4.58653 4.37291 -2.2
    endloop
  endfacet
  facet normal 0.0525438 -0.998619 0
    outer loop
      vertex 5.19094 73.589 -2.2
      vertex 5.4 73.6 -1.90735e-07
      vertex 5.19094 73.589 -1.90735e-07
    endloop
  endfacet
  facet normal 0.0525438 -0.998619 0
    outer loop
      vertex 5.4 73.6 -1.90735e-07
      vertex 5.19094 73.589 -2.2
      vertex 5.4 73.6 -2.2
    endloop
  endfacet
  facet normal 0.838705 -0.544585 0
    outer loop
      vertex 3.66795 72.6 -1.90735e-07
      vertex 3.78197 72.7756 -2.2
      vertex 3.78197 72.7756 -1.90735e-07
    endloop
  endfacet
  facet normal 0.838705 -0.544585 0
    outer loop
      vertex 3.78197 72.7756 -2.2
      vertex 3.66795 72.6 -1.90735e-07
      vertex 3.66795 72.6 -2.2
    endloop
  endfacet
  facet normal 0.838663 0.544651 0
    outer loop
      vertex 3.78197 5.02443 -1.90735e-07
      vertex 3.66795 5.2 -2.2
      vertex 3.66795 5.2 -1.90735e-07
    endloop
  endfacet
  facet normal 0.838663 0.544651 0
    outer loop
      vertex 3.66795 5.2 -2.2
      vertex 3.78197 5.02443 -1.90735e-07
      vertex 3.78197 5.02443 -2.2
    endloop
  endfacet
  facet normal 1 0 0
    outer loop
      vertex 3.4 68.8588 -1.90735e-07
      vertex 3.4 8.44119 -1.90735e-07
      vertex 3.4 68.8588 -2
    endloop
  endfacet
  facet normal 1 0 0
    outer loop
      vertex 3.4 71.3412 -2
      vertex 3.4 71.6 -1.90735e-07
      vertex 3.4 71.3412 -1.90735e-07
    endloop
  endfacet
  facet normal 1 0 0
    outer loop
      vertex 3.4 71.6 -1.90735e-07
      vertex 3.4 71.3412 -2
      vertex 3.4 71.6 -2.2
    endloop
  endfacet
  facet normal 1 -0 0
    outer loop
      vertex 3.4 68.8588 -2
      vertex 3.4 71.6 -2.2
      vertex 3.4 71.3412 -2
    endloop
  endfacet
  facet normal 1 0 0
    outer loop
      vertex 3.4 8.44119 -2
      vertex 3.4 68.8588 -2
      vertex 3.4 8.44119 -1.90735e-07
    endloop
  endfacet
  facet normal 1 0 0
    outer loop
      vertex 3.4 6.2 -2.2
      vertex 3.4 68.8588 -2
      vertex 3.4 8.44119 -2
    endloop
  endfacet
  facet normal 1 0 0
    outer loop
      vertex 3.4 6.2 -2.2
      vertex 3.4 8.44119 -2
      vertex 3.4 6.2 -2
    endloop
  endfacet
  facet normal 1 0 0
    outer loop
      vertex 3.4 68.8588 -2
      vertex 3.4 6.2 -2.2
      vertex 3.4 71.6 -2.2
    endloop
  endfacet
  facet normal 0.933621 -0.358262 0
    outer loop
      vertex 3.49789 72.218 -1.90735e-07
      vertex 3.57291 72.4135 -2.2
      vertex 3.57291 72.4135 -1.90735e-07
    endloop
  endfacet
  facet normal 0.933621 -0.358262 0
    outer loop
      vertex 3.57291 72.4135 -2.2
      vertex 3.49789 72.218 -1.90735e-07
      vertex 3.49789 72.218 -2.2
    endloop
  endfacet
  facet normal -0.0523433 0.998629 0
    outer loop
      vertex 98.8091 4.21096 -2.2
      vertex 98.6 4.2 -2
      vertex 98.8091 4.21096 -2
    endloop
  endfacet
  facet normal -0.0523433 0.998629 0
    outer loop
      vertex 98.6 4.2 -2
      vertex 98.8091 4.21096 -2.2
      vertex 98.6 4.2 -2.2
    endloop
  endfacet
  facet normal 0.707107 0.707107 -0
    outer loop
      vertex 4.06174 4.71371 -2.2
      vertex 3.91371 4.86174 -1.90735e-07
      vertex 4.06174 4.71371 -1.90735e-07
    endloop
  endfacet
  facet normal 0.707107 0.707107 0
    outer loop
      vertex 3.91371 4.86174 -1.90735e-07
      vertex 4.06174 4.71371 -2.2
      vertex 3.91371 4.86174 -2.2
    endloop
  endfacet
  facet normal 0 -1 0
    outer loop
      vertex 5.4 73.6 -2.2
      vertex 98.6 73.6 -1.90735e-07
      vertex 5.4 73.6 -1.90735e-07
    endloop
  endfacet
  facet normal 0 -1 -0
    outer loop
      vertex 98.6 73.6 -1.90735e-07
      vertex 5.4 73.6 -2.2
      vertex 98.6 73.6 -2.2
    endloop
  endfacet
  facet normal 0 1 -0
    outer loop
      vertex 98.6 4.2 -2.2
      vertex 96.3588 4.2 -2
      vertex 98.6 4.2 -2
    endloop
  endfacet
  facet normal 0 1 0
    outer loop
      vertex 96.3588 4.2 -2
      vertex 98.6 4.2 -2.2
      vertex 7.64119 4.2 -2
    endloop
  endfacet
  facet normal 0 1 0
    outer loop
      vertex 5.4 4.2 -2.2
      vertex 7.64119 4.2 -2
      vertex 98.6 4.2 -2.2
    endloop
  endfacet
  facet normal 0 1 0
    outer loop
      vertex 7.64119 4.2 -2
      vertex 5.4 4.2 -2.2
      vertex 5.4 4.2 -2
    endloop
  endfacet
  facet normal 0 1 -0
    outer loop
      vertex 96.3588 4.2 -2
      vertex 7.64119 4.2 -1.90735e-07
      vertex 96.3588 4.2 -1.90735e-07
    endloop
  endfacet
  facet normal 0 1 0
    outer loop
      vertex 7.64119 4.2 -1.90735e-07
      vertex 96.3588 4.2 -2
      vertex 7.64119 4.2 -2
    endloop
  endfacet
  facet normal -1 0 0
    outer loop
      vertex 100.6 71.6 -2.2
      vertex 100.6 71.3412 -2
      vertex 100.6 71.6 -1.90735e-07
    endloop
  endfacet
  facet normal -1 0 0
    outer loop
      vertex 100.6 71.6 -2.2
      vertex 100.6 68.8588 -2
      vertex 100.6 71.3412 -2
    endloop
  endfacet
  facet normal -1 0 0
    outer loop
      vertex 100.6 68.8588 -2
      vertex 100.6 8.4412 -2
      vertex 100.6 68.8588 -1.90735e-07
    endloop
  endfacet
  facet normal -1 0 0
    outer loop
      vertex 100.6 6.2 -2.2
      vertex 100.6 68.8588 -2
      vertex 100.6 71.6 -2.2
    endloop
  endfacet
  facet normal -1 -0 0
    outer loop
      vertex 100.6 68.8588 -2
      vertex 100.6 6.2 -2.2
      vertex 100.6 8.4412 -2
    endloop
  endfacet
  facet normal -1 -0 0
    outer loop
      vertex 100.6 8.4412 -2
      vertex 100.6 6.2 -2.2
      vertex 100.6 6.2 -2
    endloop
  endfacet
  facet normal -1 -0 0
    outer loop
      vertex 100.6 71.6 -1.90735e-07
      vertex 100.6 71.3412 -2
      vertex 100.6 71.3412 -1.90735e-07
    endloop
  endfacet
  facet normal -1 -0 0
    outer loop
      vertex 100.6 68.8588 -1.90735e-07
      vertex 100.6 8.4412 -2
      vertex 100.6 8.4412 -1.90735e-07
    endloop
  endfacet
  facet normal 0.89098 -0.454042 0
    outer loop
      vertex 3.57291 72.4135 -1.90735e-07
      vertex 3.66795 72.6 -2.2
      vertex 3.66795 72.6 -1.90735e-07
    endloop
  endfacet
  facet normal 0.89098 -0.454042 0
    outer loop
      vertex 3.66795 72.6 -2.2
      vertex 3.57291 72.4135 -1.90735e-07
      vertex 3.57291 72.4135 -2.2
    endloop
  endfacet
  facet normal -0.156463 0.987684 0
    outer loop
      vertex 99.0158 4.2437 -1.90735e-07
      vertex 98.9124 4.22732 -2
      vertex 98.9124 4.22732 -1.90735e-07
    endloop
  endfacet
  facet normal -0.156463 0.987684 0
    outer loop
      vertex 99.0158 4.2437 -2.2
      vertex 98.9124 4.22732 -2
      vertex 99.0158 4.2437 -1.90735e-07
    endloop
  endfacet
  facet normal -0.156443 0.987687 1.02735e-05
    outer loop
      vertex 98.8091 4.21096 -2.2
      vertex 98.9124 4.22732 -2
      vertex 99.0158 4.2437 -2.2
    endloop
  endfacet
  facet normal -0.156424 0.98769 0
    outer loop
      vertex 98.9124 4.22732 -2
      vertex 98.8091 4.21096 -2.2
      vertex 98.8091 4.21096 -2
    endloop
  endfacet
  facet normal -0.838707 0.544584 0
    outer loop
      vertex 100.218 5.02443 -2.2
      vertex 100.332 5.2 -1.90735e-07
      vertex 100.332 5.2 -2.2
    endloop
  endfacet
  facet normal -0.838707 0.544584 0
    outer loop
      vertex 100.332 5.2 -1.90735e-07
      vertex 100.218 5.02443 -2.2
      vertex 100.218 5.02443 -1.90735e-07
    endloop
  endfacet
  facet normal -0.258867 0.965913 0
    outer loop
      vertex 99.218 4.29789 -2.2
      vertex 99.0158 4.2437 -1.90735e-07
      vertex 99.218 4.29789 -1.90735e-07
    endloop
  endfacet
  facet normal -0.258867 0.965913 0
    outer loop
      vertex 99.0158 4.2437 -1.90735e-07
      vertex 99.218 4.29789 -2.2
      vertex 99.0158 4.2437 -2.2
    endloop
  endfacet
  facet normal 0.629338 0.777131 -0
    outer loop
      vertex 4.22443 4.58196 -2.2
      vertex 4.06174 4.71371 -1.90735e-07
      vertex 4.22443 4.58196 -1.90735e-07
    endloop
  endfacet
  facet normal 0.629338 0.777131 0
    outer loop
      vertex 4.06174 4.71371 -1.90735e-07
      vertex 4.22443 4.58196 -2.2
      vertex 4.06174 4.71371 -2.2
    endloop
  endfacet
  facet normal 0.89101 0.453984 0
    outer loop
      vertex 3.66795 5.2 -1.90735e-07
      vertex 3.57291 5.38653 -2.2
      vertex 3.57291 5.38653 -1.90735e-07
    endloop
  endfacet
  facet normal 0.89101 0.453984 0
    outer loop
      vertex 3.57291 5.38653 -2.2
      vertex 3.66795 5.2 -1.90735e-07
      vertex 3.66795 5.2 -2.2
    endloop
  endfacet
  facet normal 0.156424 0.98769 0
    outer loop
      vertex 5.19094 4.21096 -2
      vertex 5.19094 4.21096 -2.2
      vertex 5.08764 4.22732 -2
    endloop
  endfacet
  facet normal 0.156374 0.987698 -0
    outer loop
      vertex 5.08764 4.22732 -2
      vertex 4.98418 4.2437 -1.90735e-07
      vertex 5.08764 4.22732 -1.90735e-07
    endloop
  endfacet
  facet normal 0.156374 0.987698 0
    outer loop
      vertex 5.08764 4.22732 -2
      vertex 4.98418 4.2437 -2.2
      vertex 4.98418 4.2437 -1.90735e-07
    endloop
  endfacet
  facet normal 0.156399 0.987694 -1.3175e-05
    outer loop
      vertex 4.98418 4.2437 -2.2
      vertex 5.08764 4.22732 -2
      vertex 5.19094 4.21096 -2.2
    endloop
  endfacet
  facet normal -0.544552 0.838727 0
    outer loop
      vertex 99.7756 4.58196 -2.2
      vertex 99.6 4.46795 -1.90735e-07
      vertex 99.7756 4.58196 -1.90735e-07
    endloop
  endfacet
  facet normal -0.544552 0.838727 0
    outer loop
      vertex 99.6 4.46795 -1.90735e-07
      vertex 99.7756 4.58196 -2.2
      vertex 99.6 4.46795 -2.2
    endloop
  endfacet
  facet normal -0.358179 -0.933653 0
    outer loop
      vertex 99.218 73.5021 -2.2
      vertex 99.4135 73.4271 -1.90735e-07
      vertex 99.218 73.5021 -1.90735e-07
    endloop
  endfacet
  facet normal -0.358179 -0.933653 -0
    outer loop
      vertex 99.4135 73.4271 -1.90735e-07
      vertex 99.218 73.5021 -2.2
      vertex 99.4135 73.4271 -2.2
    endloop
  endfacet
  facet normal -0.776566 -0.630035 0
    outer loop
      vertex 100.218 72.7756 -2.2
      vertex 100.086 72.9383 -1.90735e-07
      vertex 100.086 72.9383 -2.2
    endloop
  endfacet
  facet normal -0.776566 -0.630035 0
    outer loop
      vertex 100.086 72.9383 -1.90735e-07
      vertex 100.218 72.7756 -2.2
      vertex 100.218 72.7756 -1.90735e-07
    endloop
  endfacet
  facet normal 0.965919 0.258843 0
    outer loop
      vertex 3.49789 5.58196 -1.90735e-07
      vertex 3.4437 5.78418 -2.2
      vertex 3.4437 5.78418 -1.90735e-07
    endloop
  endfacet
  facet normal 0.965919 0.258843 0
    outer loop
      vertex 3.4437 5.78418 -2.2
      vertex 3.49789 5.58196 -1.90735e-07
      vertex 3.49789 5.58196 -2.2
    endloop
  endfacet
  facet normal 0.707035 -0.707178 0
    outer loop
      vertex 3.91371 72.9383 -2.2
      vertex 4.06174 73.0863 -1.90735e-07
      vertex 3.91371 72.9383 -1.90735e-07
    endloop
  endfacet
  facet normal 0.707035 -0.707178 0
    outer loop
      vertex 4.06174 73.0863 -1.90735e-07
      vertex 3.91371 72.9383 -2.2
      vertex 4.06174 73.0863 -2.2
    endloop
  endfacet
  facet normal -0.891087 0.453832 0
    outer loop
      vertex 100.332 5.2 -2.2
      vertex 100.427 5.38653 -1.90735e-07
      vertex 100.427 5.38653 -2.2
    endloop
  endfacet
  facet normal -0.891087 0.453832 0
    outer loop
      vertex 100.427 5.38653 -1.90735e-07
      vertex 100.332 5.2 -2.2
      vertex 100.332 5.2 -1.90735e-07
    endloop
  endfacet
  facet normal -0.629315 0.77715 0
    outer loop
      vertex 99.9383 4.71371 -2.2
      vertex 99.7756 4.58196 -1.90735e-07
      vertex 99.9383 4.71371 -1.90735e-07
    endloop
  endfacet
  facet normal -0.629315 0.77715 0
    outer loop
      vertex 99.7756 4.58196 -1.90735e-07
      vertex 99.9383 4.71371 -2.2
      vertex 99.7756 4.58196 -2.2
    endloop
  endfacet
  facet normal 0.156213 -0.987723 0
    outer loop
      vertex 4.98418 73.5563 -2.2
      vertex 5.19094 73.589 -1.90735e-07
      vertex 4.98418 73.5563 -1.90735e-07
    endloop
  endfacet
  facet normal 0.156213 -0.987723 0
    outer loop
      vertex 5.19094 73.589 -1.90735e-07
      vertex 4.98418 73.5563 -2.2
      vertex 5.19094 73.589 -2.2
    endloop
  endfacet
  facet normal 0.987687 -0.156443 0
    outer loop
      vertex 3.41096 71.8091 -1.90735e-07
      vertex 3.4437 72.0158 -2.2
      vertex 3.4437 72.0158 -1.90735e-07
    endloop
  endfacet
  facet normal 0.987687 -0.156443 0
    outer loop
      vertex 3.4437 72.0158 -2.2
      vertex 3.41096 71.8091 -1.90735e-07
      vertex 3.41096 71.8091 -2.2
    endloop
  endfacet
  facet normal 0.965913 -0.258867 0
    outer loop
      vertex 3.4437 72.0158 -1.90735e-07
      vertex 3.49789 72.218 -2.2
      vertex 3.49789 72.218 -1.90735e-07
    endloop
  endfacet
  facet normal 0.965913 -0.258867 0
    outer loop
      vertex 3.49789 72.218 -2.2
      vertex 3.4437 72.0158 -1.90735e-07
      vertex 3.4437 72.0158 -2.2
    endloop
  endfacet
  facet normal -0.454269 -0.890864 0
    outer loop
      vertex 99.4135 73.4271 -2.2
      vertex 99.6 73.332 -1.90735e-07
      vertex 99.4135 73.4271 -1.90735e-07
    endloop
  endfacet
  facet normal -0.454269 -0.890864 -0
    outer loop
      vertex 99.6 73.332 -1.90735e-07
      vertex 99.4135 73.4271 -2.2
      vertex 99.6 73.332 -2.2
    endloop
  endfacet
  facet normal -0.544518 -0.838749 0
    outer loop
      vertex 99.6 73.332 -2.2
      vertex 99.7756 73.218 -1.90735e-07
      vertex 99.6 73.332 -1.90735e-07
    endloop
  endfacet
  facet normal -0.544518 -0.838749 -0
    outer loop
      vertex 99.7756 73.218 -1.90735e-07
      vertex 99.6 73.332 -2.2
      vertex 99.7756 73.218 -2.2
    endloop
  endfacet
  facet normal -0.454042 0.89098 0
    outer loop
      vertex 99.6 4.46795 -2.2
      vertex 99.4135 4.37291 -1.90735e-07
      vertex 99.6 4.46795 -1.90735e-07
    endloop
  endfacet
  facet normal -0.454042 0.89098 0
    outer loop
      vertex 99.4135 4.37291 -1.90735e-07
      vertex 99.6 4.46795 -2.2
      vertex 99.4135 4.37291 -2.2
    endloop
  endfacet
  facet normal 0.258899 -0.965904 0
    outer loop
      vertex 4.78197 73.5021 -2.2
      vertex 4.98418 73.5563 -1.90735e-07
      vertex 4.78197 73.5021 -1.90735e-07
    endloop
  endfacet
  facet normal 0.258899 -0.965904 0
    outer loop
      vertex 4.98418 73.5563 -1.90735e-07
      vertex 4.78197 73.5021 -2.2
      vertex 4.98418 73.5563 -2.2
    endloop
  endfacet
  facet normal 0.358275 -0.933616 0
    outer loop
      vertex 4.58653 73.4271 -2.2
      vertex 4.78197 73.5021 -1.90735e-07
      vertex 4.58653 73.4271 -1.90735e-07
    endloop
  endfacet
  facet normal 0.358275 -0.933616 0
    outer loop
      vertex 4.78197 73.5021 -1.90735e-07
      vertex 4.58653 73.4271 -2.2
      vertex 4.78197 73.5021 -2.2
    endloop
  endfacet
  facet normal 0.544584 -0.838707 0
    outer loop
      vertex 4.22443 73.218 -2.2
      vertex 4.4 73.332 -1.90735e-07
      vertex 4.22443 73.218 -1.90735e-07
    endloop
  endfacet
  facet normal 0.544584 -0.838707 0
    outer loop
      vertex 4.4 73.332 -1.90735e-07
      vertex 4.22443 73.218 -2.2
      vertex 4.4 73.332 -2.2
    endloop
  endfacet
  facet normal 0.453984 0.89101 -0
    outer loop
      vertex 4.58653 4.37291 -2.2
      vertex 4.4 4.46795 -1.90735e-07
      vertex 4.58653 4.37291 -1.90735e-07
    endloop
  endfacet
  facet normal 0.453984 0.89101 0
    outer loop
      vertex 4.4 4.46795 -1.90735e-07
      vertex 4.58653 4.37291 -2.2
      vertex 4.4 4.46795 -2.2
    endloop
  endfacet
  facet normal -0.96614 -0.25802 0
    outer loop
      vertex 100.556 72.0158 -2.2
      vertex 100.502 72.218 -1.90735e-07
      vertex 100.502 72.218 -2.2
    endloop
  endfacet
  facet normal -0.96614 -0.25802 0
    outer loop
      vertex 100.502 72.218 -1.90735e-07
      vertex 100.556 72.0158 -2.2
      vertex 100.556 72.0158 -1.90735e-07
    endloop
  endfacet
  facet normal -0.998619 0.0525438 0
    outer loop
      vertex 100.589 5.99094 -2.2
      vertex 100.6 6.2 -2
      vertex 100.6 6.2 -2.2
    endloop
  endfacet
  facet normal -0.998619 0.0525438 0
    outer loop
      vertex 100.6 6.2 -2
      vertex 100.589 5.99094 -2.2
      vertex 100.589 5.99094 -2
    endloop
  endfacet
  facet normal 0.0523532 0.998629 -0
    outer loop
      vertex 5.4 4.2 -2.2
      vertex 5.19094 4.21096 -2
      vertex 5.4 4.2 -2
    endloop
  endfacet
  facet normal 0.0523532 0.998629 0
    outer loop
      vertex 5.19094 4.21096 -2
      vertex 5.4 4.2 -2.2
      vertex 5.19094 4.21096 -2.2
    endloop
  endfacet
  facet normal -0.707895 0.706317 0
    outer loop
      vertex 99.9383 4.71371 -2.2
      vertex 100.086 4.86174 -1.90735e-07
      vertex 100.086 4.86174 -2.2
    endloop
  endfacet
  facet normal -0.707895 0.706317 0
    outer loop
      vertex 100.086 4.86174 -1.90735e-07
      vertex 99.9383 4.71371 -2.2
      vertex 99.9383 4.71371 -1.90735e-07
    endloop
  endfacet
  facet normal 0.454211 -0.890894 0
    outer loop
      vertex 4.4 73.332 -2.2
      vertex 4.58653 73.4271 -1.90735e-07
      vertex 4.4 73.332 -1.90735e-07
    endloop
  endfacet
  facet normal 0.454211 -0.890894 0
    outer loop
      vertex 4.58653 73.4271 -1.90735e-07
      vertex 4.4 73.332 -2.2
      vertex 4.58653 73.4271 -2.2
    endloop
  endfacet
  facet normal -0.258911 -0.965901 0
    outer loop
      vertex 99.0158 73.5563 -2.2
      vertex 99.218 73.5021 -1.90735e-07
      vertex 99.0158 73.5563 -1.90735e-07
    endloop
  endfacet
  facet normal -0.258911 -0.965901 -0
    outer loop
      vertex 99.218 73.5021 -1.90735e-07
      vertex 99.0158 73.5563 -2.2
      vertex 99.218 73.5021 -2.2
    endloop
  endfacet
  facet normal 0.258855 0.965916 -0
    outer loop
      vertex 4.98418 4.2437 -2.2
      vertex 4.78197 4.29789 -1.90735e-07
      vertex 4.98418 4.2437 -1.90735e-07
    endloop
  endfacet
  facet normal 0.258855 0.965916 0
    outer loop
      vertex 4.78197 4.29789 -1.90735e-07
      vertex 4.98418 4.2437 -2.2
      vertex 4.78197 4.29789 -2.2
    endloop
  endfacet
  facet normal -0.838749 -0.544518 0
    outer loop
      vertex 100.332 72.6 -2.2
      vertex 100.218 72.7756 -1.90735e-07
      vertex 100.218 72.7756 -2.2
    endloop
  endfacet
  facet normal -0.838749 -0.544518 0
    outer loop
      vertex 100.218 72.7756 -1.90735e-07
      vertex 100.332 72.6 -2.2
      vertex 100.332 72.6 -1.90735e-07
    endloop
  endfacet
  facet normal -0.988216 0.153064 0
    outer loop
      vertex 100.589 5.99094 -2.2
      vertex 100.573 5.88764 -2
      vertex 100.589 5.99094 -2
    endloop
  endfacet
  facet normal -0.987499 0.15761 0.0024057
    outer loop
      vertex 100.556 5.78418 -2.2
      vertex 100.573 5.88764 -2
      vertex 100.589 5.99094 -2.2
    endloop
  endfacet
  facet normal -0.986768 0.16214 0
    outer loop
      vertex 100.556 5.78418 -1.90735e-07
      vertex 100.573 5.88764 -2
      vertex 100.556 5.78418 -2.2
    endloop
  endfacet
  facet normal -0.986768 0.16214 0
    outer loop
      vertex 100.573 5.88764 -2
      vertex 100.556 5.78418 -1.90735e-07
      vertex 100.573 5.88764 -1.90735e-07
    endloop
  endfacet
  facet normal 0.998629 -0.0523433 0
    outer loop
      vertex 3.4 71.6 -1.90735e-07
      vertex 3.41096 71.8091 -2.2
      vertex 3.41096 71.8091 -1.90735e-07
    endloop
  endfacet
  facet normal 0.998629 -0.0523433 0
    outer loop
      vertex 3.41096 71.8091 -2.2
      vertex 3.4 71.6 -1.90735e-07
      vertex 3.4 71.6 -2.2
    endloop
  endfacet
  facet normal -0.93361 0.358291 0
    outer loop
      vertex 100.427 5.38653 -2.2
      vertex 100.502 5.58196 -1.90735e-07
      vertex 100.502 5.58196 -2.2
    endloop
  endfacet
  facet normal -0.93361 0.358291 0
    outer loop
      vertex 100.502 5.58196 -1.90735e-07
      vertex 100.427 5.38653 -2.2
      vertex 100.427 5.38653 -1.90735e-07
    endloop
  endfacet
  facet normal -0.966146 0.257996 0
    outer loop
      vertex 100.502 5.58196 -2.2
      vertex 100.556 5.78418 -1.90735e-07
      vertex 100.556 5.78418 -2.2
    endloop
  endfacet
  facet normal -0.966146 0.257996 0
    outer loop
      vertex 100.556 5.78418 -1.90735e-07
      vertex 100.502 5.58196 -2.2
      vertex 100.502 5.58196 -1.90735e-07
    endloop
  endfacet
  facet normal 0.629194 -0.777248 0
    outer loop
      vertex 4.06174 73.0863 -2.2
      vertex 4.22443 73.218 -1.90735e-07
      vertex 4.06174 73.0863 -1.90735e-07
    endloop
  endfacet
  facet normal 0.629194 -0.777248 0
    outer loop
      vertex 4.22443 73.218 -1.90735e-07
      vertex 4.06174 73.0863 -2.2
      vertex 4.22443 73.218 -2.2
    endloop
  endfacet
  facet normal 0.777155 0.62931 0
    outer loop
      vertex 3.91371 4.86174 -1.90735e-07
      vertex 3.78197 5.02443 -2.2
      vertex 3.78197 5.02443 -1.90735e-07
    endloop
  endfacet
  facet normal 0.777155 0.62931 0
    outer loop
      vertex 3.78197 5.02443 -2.2
      vertex 3.91371 4.86174 -1.90735e-07
      vertex 3.91371 4.86174 -2.2
    endloop
  endfacet
  facet normal -0.891058 -0.45389 0
    outer loop
      vertex 100.427 72.4135 -2.2
      vertex 100.332 72.6 -1.90735e-07
      vertex 100.332 72.6 -2.2
    endloop
  endfacet
  facet normal -0.891058 -0.45389 0
    outer loop
      vertex 100.332 72.6 -1.90735e-07
      vertex 100.427 72.4135 -2.2
      vertex 100.427 72.4135 -1.90735e-07
    endloop
  endfacet
  facet normal 0.777174 -0.629286 0
    outer loop
      vertex 3.78197 72.7756 -1.90735e-07
      vertex 3.91371 72.9383 -2.2
      vertex 3.91371 72.9383 -1.90735e-07
    endloop
  endfacet
  facet normal 0.777174 -0.629286 0
    outer loop
      vertex 3.91371 72.9383 -2.2
      vertex 3.78197 72.7756 -1.90735e-07
      vertex 3.78197 72.7756 -2.2
    endloop
  endfacet
  facet normal -0.776547 0.630059 0
    outer loop
      vertex 100.086 4.86174 -2.2
      vertex 100.218 5.02443 -1.90735e-07
      vertex 100.218 5.02443 -2.2
    endloop
  endfacet
  facet normal -0.776547 0.630059 0
    outer loop
      vertex 100.218 5.02443 -1.90735e-07
      vertex 100.086 4.86174 -2.2
      vertex 100.086 4.86174 -1.90735e-07
    endloop
  endfacet
  facet normal -0.933653 -0.358179 0
    outer loop
      vertex 100.502 72.218 -2.2
      vertex 100.427 72.4135 -1.90735e-07
      vertex 100.427 72.4135 -2.2
    endloop
  endfacet
  facet normal -0.933653 -0.358179 0
    outer loop
      vertex 100.427 72.4135 -1.90735e-07
      vertex 100.502 72.218 -2.2
      vertex 100.502 72.218 -1.90735e-07
    endloop
  endfacet
  facet normal 0.544617 0.838685 -0
    outer loop
      vertex 4.4 4.46795 -2.2
      vertex 4.22443 4.58196 -1.90735e-07
      vertex 4.4 4.46795 -1.90735e-07
    endloop
  endfacet
  facet normal 0.544617 0.838685 0
    outer loop
      vertex 4.22443 4.58196 -1.90735e-07
      vertex 4.4 4.46795 -2.2
      vertex 4.22443 4.58196 -2.2
    endloop
  endfacet
  facet normal -0.707824 -0.706389 0
    outer loop
      vertex 100.086 72.9383 -2.2
      vertex 99.9383 73.0863 -1.90735e-07
      vertex 99.9383 73.0863 -2.2
    endloop
  endfacet
  facet normal -0.707824 -0.706389 0
    outer loop
      vertex 99.9383 73.0863 -1.90735e-07
      vertex 100.086 72.9383 -2.2
      vertex 100.086 72.9383 -1.90735e-07
    endloop
  endfacet
  facet normal -0.0525338 -0.998619 0
    outer loop
      vertex 98.6 73.6 -2.2
      vertex 98.8091 73.589 -1.90735e-07
      vertex 98.6 73.6 -1.90735e-07
    endloop
  endfacet
  facet normal -0.0525338 -0.998619 -0
    outer loop
      vertex 98.8091 73.589 -1.90735e-07
      vertex 98.6 73.6 -2.2
      vertex 98.8091 73.589 -2.2
    endloop
  endfacet
  facet normal -0.156257 -0.987716 0
    outer loop
      vertex 98.8091 73.589 -2.2
      vertex 99.0158 73.5563 -1.90735e-07
      vertex 98.8091 73.589 -1.90735e-07
    endloop
  endfacet
  facet normal -0.156257 -0.987716 -0
    outer loop
      vertex 99.0158 73.5563 -1.90735e-07
      vertex 98.8091 73.589 -2.2
      vertex 99.0158 73.5563 -2.2
    endloop
  endfacet
  facet normal 0.933578 0.358374 0
    outer loop
      vertex 3.57291 5.38653 -1.90735e-07
      vertex 3.49789 5.58196 -2.2
      vertex 3.49789 5.58196 -1.90735e-07
    endloop
  endfacet
  facet normal 0.933578 0.358374 0
    outer loop
      vertex 3.49789 5.58196 -2.2
      vertex 3.57291 5.38653 -1.90735e-07
      vertex 3.57291 5.38653 -2.2
    endloop
  endfacet
  facet normal -0.629171 -0.777267 0
    outer loop
      vertex 99.7756 73.218 -2.2
      vertex 99.9383 73.0863 -1.90735e-07
      vertex 99.7756 73.218 -1.90735e-07
    endloop
  endfacet
  facet normal -0.629171 -0.777267 -0
    outer loop
      vertex 99.9383 73.0863 -1.90735e-07
      vertex 99.7756 73.218 -2.2
      vertex 99.9383 73.0863 -2.2
    endloop
  endfacet
  facet normal -0.891009 -0.453985 0
    outer loop
      vertex 3.58542 5.575 -2
      vertex 3.43098 5.87811 0
      vertex 3.43098 5.87811 -2
    endloop
  endfacet
  facet normal -0.891009 -0.453985 0
    outer loop
      vertex 3.43098 5.87811 0
      vertex 3.58542 5.575 -2
      vertex 3.58542 5.575 0
    endloop
  endfacet
  facet normal 0.987686 0.156447 0
    outer loop
      vertex 9.6322 7.53972 0
      vertex 9.57898 7.87571 -2
      vertex 9.57898 7.87571 0
    endloop
  endfacet
  facet normal 0.987686 0.156447 0
    outer loop
      vertex 9.57898 7.87571 -2
      vertex 9.6322 7.53972 0
      vertex 9.6322 7.53972 -2
    endloop
  endfacet
  facet normal 0.99863 0.0523243 0
    outer loop
      vertex 9.65 7.2 0
      vertex 9.6322 7.53972 -2
      vertex 9.6322 7.53972 0
    endloop
  endfacet
  facet normal 0.99863 0.0523243 0
    outer loop
      vertex 9.6322 7.53972 -2
      vertex 9.65 7.2 0
      vertex 9.65 7.2 -2
    endloop
  endfacet
  facet normal 0.965922 0.258832 0
    outer loop
      vertex 9.57898 7.87571 0
      vertex 9.49093 8.2043 -2
      vertex 9.49093 8.2043 0
    endloop
  endfacet
  facet normal 0.965922 0.258832 0
    outer loop
      vertex 9.49093 8.2043 -2
      vertex 9.57898 7.87571 0
      vertex 9.57898 7.87571 -2
    endloop
  endfacet
  facet normal -0.777135 0.629334 0
    outer loop
      vertex 3.77069 9.1103 -2
      vertex 3.98478 9.37467 0
      vertex 3.98478 9.37467 -2
    endloop
  endfacet
  facet normal -0.777135 0.629334 0
    outer loop
      vertex 3.98478 9.37467 0
      vertex 3.77069 9.1103 -2
      vertex 3.77069 9.1103 0
    endloop
  endfacet
  facet normal 0.544627 -0.838679 0
    outer loop
      vertex 8.025 4.38542 -2
      vertex 8.3103 4.57069 0
      vertex 8.025 4.38542 0
    endloop
  endfacet
  facet normal 0.544627 -0.838679 0
    outer loop
      vertex 8.3103 4.57069 0
      vertex 8.025 4.38542 -2
      vertex 8.3103 4.57069 -2
    endloop
  endfacet
  facet normal -0.0523243 0.99863 0
    outer loop
      vertex 6.4 10.45 -2
      vertex 6.06028 10.4322 0
      vertex 6.4 10.45 0
    endloop
  endfacet
  facet normal -0.0523243 0.99863 0
    outer loop
      vertex 6.06028 10.4322 0
      vertex 6.4 10.45 -2
      vertex 6.06028 10.4322 -2
    endloop
  endfacet
  facet normal 0.544689 0.838638 -0
    outer loop
      vertex 8.3103 9.8293 -2
      vertex 8.025 10.0146 0
      vertex 8.3103 9.8293 0
    endloop
  endfacet
  facet normal 0.544689 0.838638 0
    outer loop
      vertex 8.025 10.0146 0
      vertex 8.3103 9.8293 -2
      vertex 8.025 10.0146 -2
    endloop
  endfacet
  facet normal -0.777147 -0.629319 0
    outer loop
      vertex 3.98478 5.02532 -2
      vertex 3.77069 5.2897 0
      vertex 3.77069 5.2897 -2
    endloop
  endfacet
  facet normal -0.777147 -0.629319 0
    outer loop
      vertex 3.77069 5.2897 0
      vertex 3.98478 5.02532 -2
      vertex 3.98478 5.02532 0
    endloop
  endfacet
  facet normal -0.933522 -0.35852 0
    outer loop
      vertex 3.42732 5.88764 -2
      vertex 3.43098 5.87811 -2
      vertex 3.42732 5.88764 -1.90735e-07
    endloop
  endfacet
  facet normal -0.93358 -0.35837 0
    outer loop
      vertex 3.42732 5.88764 -1.90735e-07
      vertex 3.30907 6.19569 0
      vertex 3.30907 6.19569 -1.90735e-07
    endloop
  endfacet
  facet normal -0.111271 -0.0427137 0.992872
    outer loop
      vertex 3.42732 5.88764 -1.90735e-07
      vertex 3.43098 5.87811 0
      vertex 3.30907 6.19569 0
    endloop
  endfacet
  facet normal -0.933522 -0.35852 -0
    outer loop
      vertex 3.43098 5.87811 0
      vertex 3.42732 5.88764 -1.90735e-07
      vertex 3.43098 5.87811 -2
    endloop
  endfacet
  facet normal -0.0360353 -0.0938762 -0.994932
    outer loop
      vertex 5.0781 4.23098 0
      vertex 5.08764 4.22732 -1.90735e-07
      vertex 5.39569 4.10907 0
    endloop
  endfacet
  facet normal -0.358192 -0.933648 0
    outer loop
      vertex 5.0781 4.23098 -2
      vertex 5.08764 4.22732 -1.90735e-07
      vertex 5.0781 4.23098 0
    endloop
  endfacet
  facet normal -0.358192 -0.933648 -0
    outer loop
      vertex 5.08764 4.22732 -1.90735e-07
      vertex 5.0781 4.23098 -2
      vertex 5.08764 4.22732 -2
    endloop
  endfacet
  facet normal -0.35837 -0.93358 -0
    outer loop
      vertex 5.39569 4.10907 0
      vertex 5.08764 4.22732 -1.90735e-07
      vertex 5.39569 4.10907 -1.90735e-07
    endloop
  endfacet
  facet normal -0.0523243 -0.99863 0
    outer loop
      vertex 6.06028 3.9678 -1.90735e-07
      vertex 6.4 3.95 0
      vertex 6.06028 3.9678 0
    endloop
  endfacet
  facet normal -0.0523243 -0.99863 -0
    outer loop
      vertex 6.4 3.95 0
      vertex 6.06028 3.9678 -1.90735e-07
      vertex 6.4 3.95 -1.90735e-07
    endloop
  endfacet
  facet normal 0.933582 0.358364 0
    outer loop
      vertex 9.49093 8.2043 0
      vertex 9.36902 8.52189 -2
      vertex 9.36902 8.52189 0
    endloop
  endfacet
  facet normal 0.933582 0.358364 0
    outer loop
      vertex 9.36902 8.52189 -2
      vertex 9.49093 8.2043 0
      vertex 9.49093 8.2043 -2
    endloop
  endfacet
  facet normal 0.707092 -0.707121 0
    outer loop
      vertex 8.57467 4.78478 0
      vertex 8.81522 5.02532 -2
      vertex 8.81522 5.02532 0
    endloop
  endfacet
  facet normal 0.707092 -0.707121 0
    outer loop
      vertex 8.81522 5.02532 -2
      vertex 8.57467 4.78478 0
      vertex 8.57467 4.78478 -2
    endloop
  endfacet
  facet normal 0.891009 0.453985 0
    outer loop
      vertex 9.36902 8.52189 0
      vertex 9.21458 8.825 -2
      vertex 9.21458 8.825 0
    endloop
  endfacet
  facet normal 0.891009 0.453985 0
    outer loop
      vertex 9.21458 8.825 -2
      vertex 9.36902 8.52189 0
      vertex 9.36902 8.52189 -2
    endloop
  endfacet
  facet normal -0.258961 0.965888 0
    outer loop
      vertex 5.72429 10.379 -2
      vertex 5.39569 10.2909 0
      vertex 5.72429 10.379 0
    endloop
  endfacet
  facet normal -0.258961 0.965888 0
    outer loop
      vertex 5.39569 10.2909 0
      vertex 5.72429 10.379 -2
      vertex 5.39569 10.2909 -2
    endloop
  endfacet
  facet normal 0.453985 -0.891009 0
    outer loop
      vertex 7.72189 4.23098 -2
      vertex 8.025 4.38542 0
      vertex 7.72189 4.23098 0
    endloop
  endfacet
  facet normal 0.453985 -0.891009 0
    outer loop
      vertex 8.025 4.38542 0
      vertex 7.72189 4.23098 -2
      vertex 8.025 4.38542 -2
    endloop
  endfacet
  facet normal 0.453892 0.891057 -0
    outer loop
      vertex 8.025 10.0146 -2
      vertex 7.72189 10.169 0
      vertex 8.025 10.0146 0
    endloop
  endfacet
  facet normal 0.453892 0.891057 0
    outer loop
      vertex 7.72189 10.169 0
      vertex 8.025 10.0146 -2
      vertex 7.72189 10.169 -2
    endloop
  endfacet
  facet normal -0.838679 0.544627 0
    outer loop
      vertex 3.58542 8.825 -2
      vertex 3.77069 9.1103 0
      vertex 3.77069 9.1103 -2
    endloop
  endfacet
  facet normal -0.838679 0.544627 0
    outer loop
      vertex 3.77069 9.1103 0
      vertex 3.58542 8.825 -2
      vertex 3.58542 8.825 0
    endloop
  endfacet
  facet normal -0.258824 -0.965924 0
    outer loop
      vertex 5.39569 4.10907 -1.90735e-07
      vertex 5.72429 4.02102 0
      vertex 5.39569 4.10907 0
    endloop
  endfacet
  facet normal -0.258824 -0.965924 -0
    outer loop
      vertex 5.72429 4.02102 0
      vertex 5.39569 4.10907 -1.90735e-07
      vertex 5.72429 4.02102 -1.90735e-07
    endloop
  endfacet
  facet normal 0.933578 -0.358374 0
    outer loop
      vertex 9.36902 5.87811 0
      vertex 9.49093 6.19569 -2
      vertex 9.49093 6.19569 0
    endloop
  endfacet
  facet normal 0.933578 -0.358374 0
    outer loop
      vertex 9.49093 6.19569 -2
      vertex 9.36902 5.87811 0
      vertex 9.36902 5.87811 -2
    endloop
  endfacet
  facet normal 0.77715 0.629316 0
    outer loop
      vertex 9.0293 9.1103 0
      vertex 8.81522 9.37467 -2
      vertex 8.81522 9.37467 0
    endloop
  endfacet
  facet normal 0.77715 0.629316 0
    outer loop
      vertex 8.81522 9.37467 -2
      vertex 9.0293 9.1103 0
      vertex 9.0293 9.1103 -2
    endloop
  endfacet
  facet normal -0.544689 0.838638 0
    outer loop
      vertex 4.775 10.0146 -2
      vertex 4.4897 9.8293 0
      vertex 4.775 10.0146 0
    endloop
  endfacet
  facet normal -0.544689 0.838638 0
    outer loop
      vertex 4.4897 9.8293 0
      vertex 4.775 10.0146 -2
      vertex 4.4897 9.8293 -2
    endloop
  endfacet
  facet normal -0.15639 0.987695 0
    outer loop
      vertex 6.06028 10.4322 -2
      vertex 5.72429 10.379 0
      vertex 6.06028 10.4322 0
    endloop
  endfacet
  facet normal -0.15639 0.987695 0
    outer loop
      vertex 5.72429 10.379 0
      vertex 6.06028 10.4322 -2
      vertex 5.72429 10.379 -2
    endloop
  endfacet
  facet normal -0.453904 0.891051 0
    outer loop
      vertex 5.0781 10.169 -2
      vertex 4.775 10.0146 0
      vertex 5.0781 10.169 0
    endloop
  endfacet
  facet normal -0.453904 0.891051 0
    outer loop
      vertex 4.775 10.0146 0
      vertex 5.0781 10.169 -2
      vertex 4.775 10.0146 -2
    endloop
  endfacet
  facet normal 0.777161 -0.629301 0
    outer loop
      vertex 8.81522 5.02532 0
      vertex 9.0293 5.2897 -2
      vertex 9.0293 5.2897 0
    endloop
  endfacet
  facet normal 0.777161 -0.629301 0
    outer loop
      vertex 9.0293 5.2897 -2
      vertex 8.81522 5.02532 0
      vertex 8.81522 5.02532 -2
    endloop
  endfacet
  facet normal 0.0523243 0.99863 -0
    outer loop
      vertex 6.73972 10.4322 -2
      vertex 6.4 10.45 0
      vertex 6.73972 10.4322 0
    endloop
  endfacet
  facet normal 0.0523243 0.99863 0
    outer loop
      vertex 6.4 10.45 0
      vertex 6.73972 10.4322 -2
      vertex 6.4 10.45 -2
    endloop
  endfacet
  facet normal 0.358339 0.933592 -0
    outer loop
      vertex 7.72189 10.169 -2
      vertex 7.4043 10.2909 0
      vertex 7.72189 10.169 0
    endloop
  endfacet
  facet normal 0.358339 0.933592 0
    outer loop
      vertex 7.4043 10.2909 0
      vertex 7.72189 10.169 -2
      vertex 7.4043 10.2909 -2
    endloop
  endfacet
  facet normal 0.891009 -0.453985 0
    outer loop
      vertex 9.21458 5.575 0
      vertex 9.36902 5.87811 -2
      vertex 9.36902 5.87811 0
    endloop
  endfacet
  facet normal 0.891009 -0.453985 0
    outer loop
      vertex 9.36902 5.87811 -2
      vertex 9.21458 5.575 0
      vertex 9.21458 5.575 -2
    endloop
  endfacet
  facet normal -0.629301 0.777161 0
    outer loop
      vertex 4.4897 9.8293 -2
      vertex 4.22532 9.61522 0
      vertex 4.4897 9.8293 0
    endloop
  endfacet
  facet normal -0.629301 0.777161 0
    outer loop
      vertex 4.22532 9.61522 0
      vertex 4.4897 9.8293 -2
      vertex 4.22532 9.61522 -2
    endloop
  endfacet
  facet normal 0.629334 -0.777135 0
    outer loop
      vertex 8.3103 4.57069 -2
      vertex 8.57467 4.78478 0
      vertex 8.3103 4.57069 0
    endloop
  endfacet
  facet normal 0.629334 -0.777135 0
    outer loop
      vertex 8.57467 4.78478 0
      vertex 8.3103 4.57069 -2
      vertex 8.57467 4.78478 -2
    endloop
  endfacet
  facet normal 0.838665 -0.544647 0
    outer loop
      vertex 9.0293 5.2897 0
      vertex 9.21458 5.575 -2
      vertex 9.21458 5.575 0
    endloop
  endfacet
  facet normal 0.838665 -0.544647 0
    outer loop
      vertex 9.21458 5.575 -2
      vertex 9.0293 5.2897 0
      vertex 9.0293 5.2897 -2
    endloop
  endfacet
  facet normal 0.258832 -0.965922 0
    outer loop
      vertex 7.07571 4.02102 -1.90735e-07
      vertex 7.4043 4.10907 0
      vertex 7.07571 4.02102 0
    endloop
  endfacet
  facet normal 0.258832 -0.965922 0
    outer loop
      vertex 7.4043 4.10907 0
      vertex 7.07571 4.02102 -1.90735e-07
      vertex 7.4043 4.10907 -1.90735e-07
    endloop
  endfacet
  facet normal 0.156447 -0.987686 0
    outer loop
      vertex 6.73972 3.9678 -1.90735e-07
      vertex 7.07571 4.02102 0
      vertex 6.73972 3.9678 0
    endloop
  endfacet
  facet normal 0.156447 -0.987686 0
    outer loop
      vertex 7.07571 4.02102 0
      vertex 6.73972 3.9678 -1.90735e-07
      vertex 7.07571 4.02102 -1.90735e-07
    endloop
  endfacet
  facet normal 0.15639 0.987695 -0
    outer loop
      vertex 7.07571 10.379 -2
      vertex 6.73972 10.4322 0
      vertex 7.07571 10.379 0
    endloop
  endfacet
  facet normal 0.15639 0.987695 0
    outer loop
      vertex 6.73972 10.4322 0
      vertex 7.07571 10.379 -2
      vertex 6.73972 10.4322 -2
    endloop
  endfacet
  facet normal 0.987686 -0.156447 0
    outer loop
      vertex 9.57898 6.52429 0
      vertex 9.6322 6.86028 -2
      vertex 9.6322 6.86028 0
    endloop
  endfacet
  facet normal 0.987686 -0.156447 0
    outer loop
      vertex 9.6322 6.86028 -2
      vertex 9.57898 6.52429 0
      vertex 9.57898 6.52429 -2
    endloop
  endfacet
  facet normal 0.629316 0.77715 -0
    outer loop
      vertex 8.57467 9.61522 -2
      vertex 8.3103 9.8293 0
      vertex 8.57467 9.61522 0
    endloop
  endfacet
  facet normal 0.629316 0.77715 0
    outer loop
      vertex 8.3103 9.8293 0
      vertex 8.57467 9.61522 -2
      vertex 8.3103 9.8293 -2
    endloop
  endfacet
  facet normal -0.544627 -0.838679 0
    outer loop
      vertex 4.4897 4.57069 -2
      vertex 4.775 4.38542 0
      vertex 4.4897 4.57069 0
    endloop
  endfacet
  facet normal -0.544627 -0.838679 -0
    outer loop
      vertex 4.775 4.38542 0
      vertex 4.4897 4.57069 -2
      vertex 4.775 4.38542 -2
    endloop
  endfacet
  facet normal 0.965924 -0.258824 0
    outer loop
      vertex 9.49093 6.19569 0
      vertex 9.57898 6.52429 -2
      vertex 9.57898 6.52429 0
    endloop
  endfacet
  facet normal 0.965924 -0.258824 0
    outer loop
      vertex 9.57898 6.52429 -2
      vertex 9.49093 6.19569 0
      vertex 9.49093 6.19569 -2
    endloop
  endfacet
  facet normal -0.987686 -0.156447 0
    outer loop
      vertex 3.22102 6.52429 -1.90735e-07
      vertex 3.1678 6.86028 0
      vertex 3.1678 6.86028 -1.90735e-07
    endloop
  endfacet
  facet normal -0.987686 -0.156447 0
    outer loop
      vertex 3.1678 6.86028 0
      vertex 3.22102 6.52429 -1.90735e-07
      vertex 3.22102 6.52429 0
    endloop
  endfacet
  facet normal 0.99863 -0.0523243 0
    outer loop
      vertex 9.6322 6.86028 0
      vertex 9.65 7.2 -2
      vertex 9.65 7.2 0
    endloop
  endfacet
  facet normal 0.99863 -0.0523243 0
    outer loop
      vertex 9.65 7.2 -2
      vertex 9.6322 6.86028 0
      vertex 9.6322 6.86028 -2
    endloop
  endfacet
  facet normal -0.707121 0.707092 0
    outer loop
      vertex 3.98478 9.37467 -2
      vertex 4.22532 9.61522 0
      vertex 4.22532 9.61522 -2
    endloop
  endfacet
  facet normal -0.707121 0.707092 0
    outer loop
      vertex 4.22532 9.61522 0
      vertex 3.98478 9.37467 -2
      vertex 3.98478 9.37467 0
    endloop
  endfacet
  facet normal 0.838665 0.544647 0
    outer loop
      vertex 9.21458 8.825 0
      vertex 9.0293 9.1103 -2
      vertex 9.0293 9.1103 0
    endloop
  endfacet
  facet normal 0.838665 0.544647 0
    outer loop
      vertex 9.0293 9.1103 -2
      vertex 9.21458 8.825 0
      vertex 9.21458 8.825 -2
    endloop
  endfacet
  facet normal -0.99863 -0.0523243 0
    outer loop
      vertex 3.1678 6.86028 -1.90735e-07
      vertex 3.15 7.2 0
      vertex 3.15 7.2 -1.90735e-07
    endloop
  endfacet
  facet normal -0.99863 -0.0523243 0
    outer loop
      vertex 3.15 7.2 0
      vertex 3.1678 6.86028 -1.90735e-07
      vertex 3.1678 6.86028 0
    endloop
  endfacet
  facet normal 0.258969 0.965886 -0
    outer loop
      vertex 7.4043 10.2909 -2
      vertex 7.07571 10.379 0
      vertex 7.4043 10.2909 0
    endloop
  endfacet
  facet normal 0.258969 0.965886 0
    outer loop
      vertex 7.07571 10.379 0
      vertex 7.4043 10.2909 -2
      vertex 7.07571 10.379 -2
    endloop
  endfacet
  facet normal -0.358339 0.933592 0
    outer loop
      vertex 5.39569 10.2909 -2
      vertex 5.0781 10.169 0
      vertex 5.39569 10.2909 0
    endloop
  endfacet
  facet normal -0.358339 0.933592 0
    outer loop
      vertex 5.0781 10.169 0
      vertex 5.39569 10.2909 -2
      vertex 5.0781 10.169 -2
    endloop
  endfacet
  facet normal -0.965922 0.258832 0
    outer loop
      vertex 3.22102 7.87571 -1.90735e-07
      vertex 3.30907 8.2043 0
      vertex 3.30907 8.2043 -1.90735e-07
    endloop
  endfacet
  facet normal -0.965922 0.258832 0
    outer loop
      vertex 3.30907 8.2043 0
      vertex 3.22102 7.87571 -1.90735e-07
      vertex 3.22102 7.87571 0
    endloop
  endfacet
  facet normal 0.358356 -0.933585 0
    outer loop
      vertex 7.64119 4.2 -1.90735e-07
      vertex 7.4043 4.10907 0
      vertex 7.4043 4.10907 -1.90735e-07
    endloop
  endfacet
  facet normal 0.0289274 -0.0753593 0.996737
    outer loop
      vertex 7.4043 4.10907 0
      vertex 7.64119 4.2 -1.90735e-07
      vertex 7.72189 4.23098 0
    endloop
  endfacet
  facet normal 0.35839 -0.933572 0
    outer loop
      vertex 7.64119 4.2 -2
      vertex 7.72189 4.23098 0
      vertex 7.64119 4.2 -1.90735e-07
    endloop
  endfacet
  facet normal 0.35839 -0.933572 0
    outer loop
      vertex 7.72189 4.23098 0
      vertex 7.64119 4.2 -2
      vertex 7.72189 4.23098 -2
    endloop
  endfacet
  facet normal -0.965924 -0.258824 0
    outer loop
      vertex 3.30907 6.19569 -1.90735e-07
      vertex 3.22102 6.52429 0
      vertex 3.22102 6.52429 -1.90735e-07
    endloop
  endfacet
  facet normal -0.965924 -0.258824 0
    outer loop
      vertex 3.22102 6.52429 0
      vertex 3.30907 6.19569 -1.90735e-07
      vertex 3.30907 6.19569 0
    endloop
  endfacet
  facet normal -0.453997 -0.891003 0
    outer loop
      vertex 4.775 4.38542 -2
      vertex 5.0781 4.23098 0
      vertex 4.775 4.38542 0
    endloop
  endfacet
  facet normal -0.453997 -0.891003 -0
    outer loop
      vertex 5.0781 4.23098 0
      vertex 4.775 4.38542 -2
      vertex 5.0781 4.23098 -2
    endloop
  endfacet
  facet normal -0.987686 0.156447 0
    outer loop
      vertex 3.1678 7.53972 -1.90735e-07
      vertex 3.22102 7.87571 0
      vertex 3.22102 7.87571 -1.90735e-07
    endloop
  endfacet
  facet normal -0.987686 0.156447 0
    outer loop
      vertex 3.22102 7.87571 0
      vertex 3.1678 7.53972 -1.90735e-07
      vertex 3.1678 7.53972 0
    endloop
  endfacet
  facet normal -0.707107 -0.707107 0
    outer loop
      vertex 4.22532 4.78478 -2
      vertex 3.98478 5.02532 0
      vertex 3.98478 5.02532 -2
    endloop
  endfacet
  facet normal -0.707107 -0.707107 0
    outer loop
      vertex 3.98478 5.02532 0
      vertex 4.22532 4.78478 -2
      vertex 4.22532 4.78478 0
    endloop
  endfacet
  facet normal 0.707107 0.707107 0
    outer loop
      vertex 8.81522 9.37467 0
      vertex 8.57467 9.61522 -2
      vertex 8.57467 9.61522 0
    endloop
  endfacet
  facet normal 0.707107 0.707107 0
    outer loop
      vertex 8.57467 9.61522 -2
      vertex 8.81522 9.37467 0
      vertex 8.81522 9.37467 -2
    endloop
  endfacet
  facet normal -0.629319 -0.777147 0
    outer loop
      vertex 4.22532 4.78478 -2
      vertex 4.4897 4.57069 0
      vertex 4.22532 4.78478 0
    endloop
  endfacet
  facet normal -0.629319 -0.777147 -0
    outer loop
      vertex 4.4897 4.57069 0
      vertex 4.22532 4.78478 -2
      vertex 4.4897 4.57069 -2
    endloop
  endfacet
  facet normal -0.156447 -0.987686 0
    outer loop
      vertex 5.72429 4.02102 -1.90735e-07
      vertex 6.06028 3.9678 0
      vertex 5.72429 4.02102 0
    endloop
  endfacet
  facet normal -0.156447 -0.987686 -0
    outer loop
      vertex 6.06028 3.9678 0
      vertex 5.72429 4.02102 -1.90735e-07
      vertex 6.06028 3.9678 -1.90735e-07
    endloop
  endfacet
  facet normal 0.0523243 -0.99863 0
    outer loop
      vertex 6.4 3.95 -1.90735e-07
      vertex 6.73972 3.9678 0
      vertex 6.4 3.95 0
    endloop
  endfacet
  facet normal 0.0523243 -0.99863 0
    outer loop
      vertex 6.73972 3.9678 0
      vertex 6.4 3.95 -1.90735e-07
      vertex 6.73972 3.9678 -1.90735e-07
    endloop
  endfacet
  facet normal -0.838679 -0.544627 0
    outer loop
      vertex 3.77069 5.2897 -2
      vertex 3.58542 5.575 0
      vertex 3.58542 5.575 -2
    endloop
  endfacet
  facet normal -0.838679 -0.544627 0
    outer loop
      vertex 3.58542 5.575 0
      vertex 3.77069 5.2897 -2
      vertex 3.77069 5.2897 0
    endloop
  endfacet
  facet normal -0.99863 0.0523243 0
    outer loop
      vertex 3.15 7.2 -1.90735e-07
      vertex 3.1678 7.53972 0
      vertex 3.1678 7.53972 -1.90735e-07
    endloop
  endfacet
  facet normal -0.99863 0.0523243 0
    outer loop
      vertex 3.1678 7.53972 0
      vertex 3.15 7.2 -1.90735e-07
      vertex 3.15 7.2 0
    endloop
  endfacet
  facet normal -0.891009 0.453985 0
    outer loop
      vertex 3.43098 8.52189 -2
      vertex 3.58542 8.825 0
      vertex 3.58542 8.825 -2
    endloop
  endfacet
  facet normal -0.891009 0.453985 0
    outer loop
      vertex 3.58542 8.825 0
      vertex 3.43098 8.52189 -2
      vertex 3.43098 8.52189 0
    endloop
  endfacet
  facet normal -0.933572 0.35839 0
    outer loop
      vertex 3.4 8.44119 -2
      vertex 3.43098 8.52189 0
      vertex 3.43098 8.52189 -2
    endloop
  endfacet
  facet normal -0.933572 0.35839 0
    outer loop
      vertex 3.4 8.44119 -1.90735e-07
      vertex 3.43098 8.52189 0
      vertex 3.4 8.44119 -2
    endloop
  endfacet
  facet normal -0.933585 0.358356 0
    outer loop
      vertex 3.30907 8.2043 0
      vertex 3.4 8.44119 -1.90735e-07
      vertex 3.30907 8.2043 -1.90735e-07
    endloop
  endfacet
  facet normal -0.0753593 0.0289274 0.996737
    outer loop
      vertex 3.4 8.44119 -1.90735e-07
      vertex 3.30907 8.2043 0
      vertex 3.43098 8.52189 0
    endloop
  endfacet
  facet normal 0 0 -1
    outer loop
      vertex 9.6322 6.86028 -2
      vertex 7.5437 7.07979 -2
      vertex 7.55 7.2 -2
    endloop
  endfacet
  facet normal 0 0 -1
    outer loop
      vertex 7.72189 4.23098 -2
      vertex 7.52487 6.9609 -2
      vertex 7.5437 7.07979 -2
    endloop
  endfacet
  facet normal 0 0 -1
    outer loop
      vertex 7.72189 4.23098 -2
      vertex 7.49371 6.84463 -2
      vertex 7.52487 6.9609 -2
    endloop
  endfacet
  facet normal 0 0 -1
    outer loop
      vertex 7.72189 4.23098 -2
      vertex 7.45058 6.73225 -2
      vertex 7.49371 6.84463 -2
    endloop
  endfacet
  facet normal 0 0 -1
    outer loop
      vertex 7.72189 4.23098 -2
      vertex 7.39593 6.625 -2
      vertex 7.45058 6.73225 -2
    endloop
  endfacet
  facet normal 0 0 -1
    outer loop
      vertex 7.72189 4.23098 -2
      vertex 7.33037 6.52405 -2
      vertex 7.39593 6.625 -2
    endloop
  endfacet
  facet normal 0 0 -1
    outer loop
      vertex 7.72189 4.23098 -2
      vertex 7.25462 6.4305 -2
      vertex 7.33037 6.52405 -2
    endloop
  endfacet
  facet normal 0 0 -1
    outer loop
      vertex 7.72189 4.23098 -2
      vertex 7.1695 6.34538 -2
      vertex 7.25462 6.4305 -2
    endloop
  endfacet
  facet normal 0 0 -1
    outer loop
      vertex 7.72189 4.23098 -2
      vertex 7.07595 6.26963 -2
      vertex 7.1695 6.34538 -2
    endloop
  endfacet
  facet normal 0 0 -1
    outer loop
      vertex 7.72189 4.23098 -2
      vertex 6.975 6.20407 -2
      vertex 7.07595 6.26963 -2
    endloop
  endfacet
  facet normal 0 0 -1
    outer loop
      vertex 7.72189 4.23098 -2
      vertex 6.86775 6.14942 -2
      vertex 6.975 6.20407 -2
    endloop
  endfacet
  facet normal 0 0 -1
    outer loop
      vertex 7.64119 4.2 -2
      vertex 6.75537 6.10628 -2
      vertex 6.86775 6.14942 -2
    endloop
  endfacet
  facet normal 0 0 -1
    outer loop
      vertex 7.64119 4.2 -2
      vertex 6.6391 6.07513 -2
      vertex 6.75537 6.10628 -2
    endloop
  endfacet
  facet normal 0 0 -1
    outer loop
      vertex 7.64119 4.2 -2
      vertex 6.52021 6.0563 -2
      vertex 6.6391 6.07513 -2
    endloop
  endfacet
  facet normal 0 0 -1
    outer loop
      vertex 7.64119 4.2 -2
      vertex 6.4 6.05 -2
      vertex 6.52021 6.0563 -2
    endloop
  endfacet
  facet normal 0 0 -1
    outer loop
      vertex 5.4 4.2 -2
      vertex 6.4 6.05 -2
      vertex 7.64119 4.2 -2
    endloop
  endfacet
  facet normal -0 0 -1
    outer loop
      vertex 6.4 6.05 -2
      vertex 5.4 4.2 -2
      vertex 6.27979 6.0563 -2
    endloop
  endfacet
  facet normal -0 0 -1
    outer loop
      vertex 6.27979 6.0563 -2
      vertex 5.4 4.2 -2
      vertex 6.1609 6.07513 -2
    endloop
  endfacet
  facet normal -0 0 -1
    outer loop
      vertex 6.1609 6.07513 -2
      vertex 5.4 4.2 -2
      vertex 6.04463 6.10628 -2
    endloop
  endfacet
  facet normal -0 0 -1
    outer loop
      vertex 6.04463 6.10628 -2
      vertex 5.4 4.2 -2
      vertex 5.93225 6.14942 -2
    endloop
  endfacet
  facet normal -0 0 -1
    outer loop
      vertex 5.93225 6.14942 -2
      vertex 5.4 4.2 -2
      vertex 5.825 6.20407 -2
    endloop
  endfacet
  facet normal 0 0 -1
    outer loop
      vertex 4.775 4.38542 -2
      vertex 5.825 6.20407 -2
      vertex 5.4 4.2 -2
    endloop
  endfacet
  facet normal -0 0 -1
    outer loop
      vertex 5.825 6.20407 -2
      vertex 4.775 4.38542 -2
      vertex 5.72405 6.26963 -2
    endloop
  endfacet
  facet normal 0 0 -1
    outer loop
      vertex 4.4897 4.57069 -2
      vertex 5.72405 6.26963 -2
      vertex 4.775 4.38542 -2
    endloop
  endfacet
  facet normal -0 0 -1
    outer loop
      vertex 5.72405 6.26963 -2
      vertex 4.4897 4.57069 -2
      vertex 5.6305 6.34538 -2
    endloop
  endfacet
  facet normal 0 0 -1
    outer loop
      vertex 4.22532 4.78478 -2
      vertex 5.6305 6.34538 -2
      vertex 4.4897 4.57069 -2
    endloop
  endfacet
  facet normal -0 0 -1
    outer loop
      vertex 5.6305 6.34538 -2
      vertex 4.22532 4.78478 -2
      vertex 5.54538 6.4305 -2
    endloop
  endfacet
  facet normal 0 0 -1
    outer loop
      vertex 3.98478 5.02532 -2
      vertex 5.54538 6.4305 -2
      vertex 4.22532 4.78478 -2
    endloop
  endfacet
  facet normal -0 0 -1
    outer loop
      vertex 5.54538 6.4305 -2
      vertex 3.98478 5.02532 -2
      vertex 5.46963 6.52405 -2
    endloop
  endfacet
  facet normal 0 0 -1
    outer loop
      vertex 3.77069 5.2897 -2
      vertex 5.46963 6.52405 -2
      vertex 3.98478 5.02532 -2
    endloop
  endfacet
  facet normal -0 0 -1
    outer loop
      vertex 5.46963 6.52405 -2
      vertex 3.77069 5.2897 -2
      vertex 5.40407 6.625 -2
    endloop
  endfacet
  facet normal 0 0 -1
    outer loop
      vertex 4.775 4.38542 -2
      vertex 5.4 4.2 -2
      vertex 5.19094 4.21096 -2
    endloop
  endfacet
  facet normal 0 0 -1
    outer loop
      vertex 7.55 7.2 -2
      vertex 9.65 7.2 -2
      vertex 9.6322 6.86028 -2
    endloop
  endfacet
  facet normal 0 0 -1
    outer loop
      vertex 7.5437 7.07979 -2
      vertex 9.6322 6.86028 -2
      vertex 9.57898 6.52429 -2
    endloop
  endfacet
  facet normal 0 0 -1
    outer loop
      vertex 9.65 7.2 -2
      vertex 7.55 7.2 -2
      vertex 9.6322 7.53972 -2
    endloop
  endfacet
  facet normal 0 0 -1
    outer loop
      vertex 7.5437 7.07979 -2
      vertex 9.57898 6.52429 -2
      vertex 9.49093 6.19569 -2
    endloop
  endfacet
  facet normal 0 0 -1
    outer loop
      vertex 7.5437 7.32021 -2
      vertex 9.6322 7.53972 -2
      vertex 7.55 7.2 -2
    endloop
  endfacet
  facet normal 0 0 -1
    outer loop
      vertex 7.5437 7.07979 -2
      vertex 9.49093 6.19569 -2
      vertex 9.36902 5.87811 -2
    endloop
  endfacet
  facet normal -0 0 -1
    outer loop
      vertex 9.6322 7.53972 -2
      vertex 7.5437 7.32021 -2
      vertex 9.57898 7.87571 -2
    endloop
  endfacet
  facet normal 0 0 -1
    outer loop
      vertex 7.5437 7.07979 -2
      vertex 9.36902 5.87811 -2
      vertex 9.21458 5.575 -2
    endloop
  endfacet
  facet normal 0 0 -1
    outer loop
      vertex 7.52487 7.4391 -2
      vertex 9.57898 7.87571 -2
      vertex 7.5437 7.32021 -2
    endloop
  endfacet
  facet normal 0 0 -1
    outer loop
      vertex 7.5437 7.07979 -2
      vertex 9.21458 5.575 -2
      vertex 9.0293 5.2897 -2
    endloop
  endfacet
  facet normal -0 0 -1
    outer loop
      vertex 9.57898 7.87571 -2
      vertex 7.52487 7.4391 -2
      vertex 9.49093 8.2043 -2
    endloop
  endfacet
  facet normal 0 0 -1
    outer loop
      vertex 7.5437 7.07979 -2
      vertex 9.0293 5.2897 -2
      vertex 8.81522 5.02532 -2
    endloop
  endfacet
  facet normal 0 0 -1
    outer loop
      vertex 7.49371 7.55537 -2
      vertex 9.49093 8.2043 -2
      vertex 7.52487 7.4391 -2
    endloop
  endfacet
  facet normal 0 0 -1
    outer loop
      vertex 7.5437 7.07979 -2
      vertex 8.81522 5.02532 -2
      vertex 8.57467 4.78478 -2
    endloop
  endfacet
  facet normal -0 0 -1
    outer loop
      vertex 9.49093 8.2043 -2
      vertex 7.49371 7.55537 -2
      vertex 9.36902 8.52189 -2
    endloop
  endfacet
  facet normal 0 0 -1
    outer loop
      vertex 7.5437 7.07979 -2
      vertex 8.57467 4.78478 -2
      vertex 8.3103 4.57069 -2
    endloop
  endfacet
  facet normal 0 0 -1
    outer loop
      vertex 7.45058 7.66775 -2
      vertex 9.36902 8.52189 -2
      vertex 7.49371 7.55537 -2
    endloop
  endfacet
  facet normal 0 0 -1
    outer loop
      vertex 7.5437 7.07979 -2
      vertex 8.3103 4.57069 -2
      vertex 8.025 4.38542 -2
    endloop
  endfacet
  facet normal -0 0 -1
    outer loop
      vertex 9.36902 8.52189 -2
      vertex 7.45058 7.66775 -2
      vertex 9.21458 8.825 -2
    endloop
  endfacet
  facet normal 0 0 -1
    outer loop
      vertex 7.5437 7.07979 -2
      vertex 8.025 4.38542 -2
      vertex 7.72189 4.23098 -2
    endloop
  endfacet
  facet normal 0 0 -1
    outer loop
      vertex 7.39593 7.775 -2
      vertex 9.21458 8.825 -2
      vertex 7.45058 7.66775 -2
    endloop
  endfacet
  facet normal 0 0 -1
    outer loop
      vertex 6.86775 6.14942 -2
      vertex 7.72189 4.23098 -2
      vertex 7.64119 4.2 -2
    endloop
  endfacet
  facet normal -0 0 -1
    outer loop
      vertex 9.21458 8.825 -2
      vertex 7.39593 7.775 -2
      vertex 9.0293 9.1103 -2
    endloop
  endfacet
  facet normal 0 0 -1
    outer loop
      vertex 7.33037 7.87595 -2
      vertex 9.0293 9.1103 -2
      vertex 7.39593 7.775 -2
    endloop
  endfacet
  facet normal -0 0 -1
    outer loop
      vertex 9.0293 9.1103 -2
      vertex 7.33037 7.87595 -2
      vertex 8.81522 9.37467 -2
    endloop
  endfacet
  facet normal 0 0 -1
    outer loop
      vertex 7.25462 7.9695 -2
      vertex 8.81522 9.37467 -2
      vertex 7.33037 7.87595 -2
    endloop
  endfacet
  facet normal -0 0 -1
    outer loop
      vertex 8.81522 9.37467 -2
      vertex 7.25462 7.9695 -2
      vertex 8.57467 9.61522 -2
    endloop
  endfacet
  facet normal 0 0 -1
    outer loop
      vertex 7.1695 8.05462 -2
      vertex 8.57467 9.61522 -2
      vertex 7.25462 7.9695 -2
    endloop
  endfacet
  facet normal -0 0 -1
    outer loop
      vertex 8.57467 9.61522 -2
      vertex 7.1695 8.05462 -2
      vertex 8.3103 9.8293 -2
    endloop
  endfacet
  facet normal 0 0 -1
    outer loop
      vertex 7.07595 8.13037 -2
      vertex 8.3103 9.8293 -2
      vertex 7.1695 8.05462 -2
    endloop
  endfacet
  facet normal -0 0 -1
    outer loop
      vertex 8.3103 9.8293 -2
      vertex 7.07595 8.13037 -2
      vertex 8.025 10.0146 -2
    endloop
  endfacet
  facet normal 0 0 -1
    outer loop
      vertex 6.975 8.19593 -2
      vertex 8.025 10.0146 -2
      vertex 7.07595 8.13037 -2
    endloop
  endfacet
  facet normal -0 0 -1
    outer loop
      vertex 8.025 10.0146 -2
      vertex 6.975 8.19593 -2
      vertex 7.72189 10.169 -2
    endloop
  endfacet
  facet normal 0 0 -1
    outer loop
      vertex 6.86775 8.25058 -2
      vertex 7.72189 10.169 -2
      vertex 6.975 8.19593 -2
    endloop
  endfacet
  facet normal -0 0 -1
    outer loop
      vertex 7.72189 10.169 -2
      vertex 6.86775 8.25058 -2
      vertex 7.4043 10.2909 -2
    endloop
  endfacet
  facet normal 0 0 -1
    outer loop
      vertex 6.75537 8.29371 -2
      vertex 7.4043 10.2909 -2
      vertex 6.86775 8.25058 -2
    endloop
  endfacet
  facet normal -0 0 -1
    outer loop
      vertex 7.4043 10.2909 -2
      vertex 6.75537 8.29371 -2
      vertex 7.07571 10.379 -2
    endloop
  endfacet
  facet normal 0 0 -1
    outer loop
      vertex 6.6391 8.32487 -2
      vertex 7.07571 10.379 -2
      vertex 6.75537 8.29371 -2
    endloop
  endfacet
  facet normal -0 0 -1
    outer loop
      vertex 7.07571 10.379 -2
      vertex 6.6391 8.32487 -2
      vertex 6.73972 10.4322 -2
    endloop
  endfacet
  facet normal 0 0 -1
    outer loop
      vertex 6.52021 8.3437 -2
      vertex 6.73972 10.4322 -2
      vertex 6.6391 8.32487 -2
    endloop
  endfacet
  facet normal 0 0 -1
    outer loop
      vertex 6.4 8.35 -2
      vertex 6.73972 10.4322 -2
      vertex 6.52021 8.3437 -2
    endloop
  endfacet
  facet normal 0 0 -1
    outer loop
      vertex 6.4 8.35 -2
      vertex 6.4 10.45 -2
      vertex 6.73972 10.4322 -2
    endloop
  endfacet
  facet normal 0 0 -1
    outer loop
      vertex 6.27979 8.3437 -2
      vertex 6.4 10.45 -2
      vertex 6.4 8.35 -2
    endloop
  endfacet
  facet normal 0 0 -1
    outer loop
      vertex 6.06028 10.4322 -2
      vertex 6.27979 8.3437 -2
      vertex 6.1609 8.32487 -2
    endloop
  endfacet
  facet normal 0 0 -1
    outer loop
      vertex 6.27979 8.3437 -2
      vertex 6.06028 10.4322 -2
      vertex 6.4 10.45 -2
    endloop
  endfacet
  facet normal 0 0 -1
    outer loop
      vertex 5.72429 10.379 -2
      vertex 6.1609 8.32487 -2
      vertex 6.04463 8.29371 -2
    endloop
  endfacet
  facet normal 0 0 -1
    outer loop
      vertex 5.39569 10.2909 -2
      vertex 6.04463 8.29371 -2
      vertex 5.93225 8.25058 -2
    endloop
  endfacet
  facet normal 0 0 -1
    outer loop
      vertex 5.0781 10.169 -2
      vertex 5.93225 8.25058 -2
      vertex 5.825 8.19593 -2
    endloop
  endfacet
  facet normal 0 0 -1
    outer loop
      vertex 6.1609 8.32487 -2
      vertex 5.72429 10.379 -2
      vertex 6.06028 10.4322 -2
    endloop
  endfacet
  facet normal 0 0 -1
    outer loop
      vertex 4.775 10.0146 -2
      vertex 5.825 8.19593 -2
      vertex 5.72405 8.13037 -2
    endloop
  endfacet
  facet normal 0 0 -1
    outer loop
      vertex 4.4897 9.8293 -2
      vertex 5.72405 8.13037 -2
      vertex 5.6305 8.05462 -2
    endloop
  endfacet
  facet normal 0 0 -1
    outer loop
      vertex 4.22532 9.61522 -2
      vertex 5.6305 8.05462 -2
      vertex 5.54538 7.9695 -2
    endloop
  endfacet
  facet normal 0 0 -1
    outer loop
      vertex 3.98478 9.37467 -2
      vertex 5.54538 7.9695 -2
      vertex 5.46963 7.87595 -2
    endloop
  endfacet
  facet normal 0 0 -1
    outer loop
      vertex 3.77069 9.1103 -2
      vertex 5.46963 7.87595 -2
      vertex 5.40407 7.775 -2
    endloop
  endfacet
  facet normal 0 0 -1
    outer loop
      vertex 6.04463 8.29371 -2
      vertex 5.39569 10.2909 -2
      vertex 5.72429 10.379 -2
    endloop
  endfacet
  facet normal 0 0 -1
    outer loop
      vertex 3.58542 8.825 -2
      vertex 5.40407 7.775 -2
      vertex 5.34942 7.66775 -2
    endloop
  endfacet
  facet normal 0 0 -1
    outer loop
      vertex 3.4 8.44119 -2
      vertex 5.34942 7.66775 -2
      vertex 5.30628 7.55537 -2
    endloop
  endfacet
  facet normal 0 0 -1
    outer loop
      vertex 3.4 8.44119 -2
      vertex 5.30628 7.55537 -2
      vertex 5.27513 7.4391 -2
    endloop
  endfacet
  facet normal 0 0 -1
    outer loop
      vertex 3.4 8.44119 -2
      vertex 5.27513 7.4391 -2
      vertex 5.2563 7.32021 -2
    endloop
  endfacet
  facet normal 0 0 -1
    outer loop
      vertex 3.4 8.44119 -2
      vertex 5.2563 7.32021 -2
      vertex 5.25 7.2 -2
    endloop
  endfacet
  facet normal 0 0 -1
    outer loop
      vertex 5.0781 4.23098 -2
      vertex 5.19094 4.21096 -2
      vertex 5.08764 4.22732 -2
    endloop
  endfacet
  facet normal 0 0 -1
    outer loop
      vertex 3.58542 5.575 -2
      vertex 5.40407 6.625 -2
      vertex 3.77069 5.2897 -2
    endloop
  endfacet
  facet normal 0 0 -1
    outer loop
      vertex 5.19094 4.21096 -2
      vertex 5.0781 4.23098 -2
      vertex 4.775 4.38542 -2
    endloop
  endfacet
  facet normal 0 0 -1
    outer loop
      vertex 3.4 8.44119 -2
      vertex 5.25 7.2 -2
      vertex 3.4 6.2 -2
    endloop
  endfacet
  facet normal 0 0 -1
    outer loop
      vertex 3.4 6.2 -2
      vertex 5.40407 6.625 -2
      vertex 3.58542 5.575 -2
    endloop
  endfacet
  facet normal 0 0 -1
    outer loop
      vertex 5.93225 8.25058 -2
      vertex 5.0781 10.169 -2
      vertex 5.39569 10.2909 -2
    endloop
  endfacet
  facet normal -0 0 -1
    outer loop
      vertex 5.40407 6.625 -2
      vertex 3.4 6.2 -2
      vertex 5.34942 6.73225 -2
    endloop
  endfacet
  facet normal 0 0 -1
    outer loop
      vertex 5.825 8.19593 -2
      vertex 4.775 10.0146 -2
      vertex 5.0781 10.169 -2
    endloop
  endfacet
  facet normal -0 0 -1
    outer loop
      vertex 5.34942 6.73225 -2
      vertex 3.4 6.2 -2
      vertex 5.30628 6.84463 -2
    endloop
  endfacet
  facet normal 0 0 -1
    outer loop
      vertex 5.72405 8.13037 -2
      vertex 4.4897 9.8293 -2
      vertex 4.775 10.0146 -2
    endloop
  endfacet
  facet normal -0 0 -1
    outer loop
      vertex 5.30628 6.84463 -2
      vertex 3.4 6.2 -2
      vertex 5.27513 6.9609 -2
    endloop
  endfacet
  facet normal 0 0 -1
    outer loop
      vertex 5.6305 8.05462 -2
      vertex 4.22532 9.61522 -2
      vertex 4.4897 9.8293 -2
    endloop
  endfacet
  facet normal -0 0 -1
    outer loop
      vertex 5.27513 6.9609 -2
      vertex 3.4 6.2 -2
      vertex 5.2563 7.07979 -2
    endloop
  endfacet
  facet normal 0 0 -1
    outer loop
      vertex 5.54538 7.9695 -2
      vertex 3.98478 9.37467 -2
      vertex 4.22532 9.61522 -2
    endloop
  endfacet
  facet normal -0 0 -1
    outer loop
      vertex 5.2563 7.07979 -2
      vertex 3.4 6.2 -2
      vertex 5.25 7.2 -2
    endloop
  endfacet
  facet normal 0 0 -1
    outer loop
      vertex 5.46963 7.87595 -2
      vertex 3.77069 9.1103 -2
      vertex 3.98478 9.37467 -2
    endloop
  endfacet
  facet normal 0 0 -1
    outer loop
      vertex 3.41096 5.99094 -2
      vertex 3.58542 5.575 -2
      vertex 3.43098 5.87811 -2
    endloop
  endfacet
  facet normal 0 0 -1
    outer loop
      vertex 5.40407 7.775 -2
      vertex 3.58542 8.825 -2
      vertex 3.77069 9.1103 -2
    endloop
  endfacet
  facet normal 0 0 -1
    outer loop
      vertex 3.41096 5.99094 -2
      vertex 3.43098 5.87811 -2
      vertex 3.42732 5.88764 -2
    endloop
  endfacet
  facet normal 0 0 -1
    outer loop
      vertex 3.58542 5.575 -2
      vertex 3.41096 5.99094 -2
      vertex 3.4 6.2 -2
    endloop
  endfacet
  facet normal 0 0 -1
    outer loop
      vertex 5.34942 7.66775 -2
      vertex 3.4 8.44119 -2
      vertex 3.43098 8.52189 -2
    endloop
  endfacet
  facet normal 0 0 -1
    outer loop
      vertex 5.34942 7.66775 -2
      vertex 3.43098 8.52189 -2
      vertex 3.58542 8.825 -2
    endloop
  endfacet
  facet normal 0.156443 -0.987687 0
    outer loop
      vertex 97.9397 3.9678 -1.90735e-07
      vertex 98.2757 4.02102 0
      vertex 97.9397 3.9678 0
    endloop
  endfacet
  facet normal 0.156443 -0.987687 0
    outer loop
      vertex 98.2757 4.02102 0
      vertex 97.9397 3.9678 -1.90735e-07
      vertex 98.2757 4.02102 -1.90735e-07
    endloop
  endfacet
  facet normal 0.987786 0.155816 0
    outer loop
      vertex 100.832 7.53972 0
      vertex 100.779 7.87571 -1.90735e-07
      vertex 100.779 7.87571 0
    endloop
  endfacet
  facet normal 0.987786 0.155816 0
    outer loop
      vertex 100.779 7.87571 -1.90735e-07
      vertex 100.832 7.53972 0
      vertex 100.832 7.53972 -1.90735e-07
    endloop
  endfacet
  facet normal 0.998599 0.0529106 0
    outer loop
      vertex 100.85 7.2 0
      vertex 100.832 7.53972 -1.90735e-07
      vertex 100.832 7.53972 0
    endloop
  endfacet
  facet normal 0.998599 0.0529106 0
    outer loop
      vertex 100.832 7.53972 -1.90735e-07
      vertex 100.85 7.2 0
      vertex 100.85 7.2 -1.90735e-07
    endloop
  endfacet
  facet normal 0.965959 0.258694 0
    outer loop
      vertex 100.779 7.87571 0
      vertex 100.691 8.2043 -1.90735e-07
      vertex 100.691 8.2043 0
    endloop
  endfacet
  facet normal 0.965959 0.258694 0
    outer loop
      vertex 100.691 8.2043 -1.90735e-07
      vertex 100.779 7.87571 0
      vertex 100.779 7.87571 -1.90735e-07
    endloop
  endfacet
  facet normal -0.965888 -0.258961 0
    outer loop
      vertex 94.5091 6.19569 -2
      vertex 94.421 6.52429 0
      vertex 94.421 6.52429 -2
    endloop
  endfacet
  facet normal -0.965888 -0.258961 0
    outer loop
      vertex 94.421 6.52429 0
      vertex 94.5091 6.19569 -2
      vertex 94.5091 6.19569 0
    endloop
  endfacet
  facet normal -0.258961 0.965888 0
    outer loop
      vertex 96.9243 10.379 -2
      vertex 96.5957 10.2909 0
      vertex 96.9243 10.379 0
    endloop
  endfacet
  facet normal -0.258961 0.965888 0
    outer loop
      vertex 96.5957 10.2909 0
      vertex 96.9243 10.379 -2
      vertex 96.5957 10.2909 -2
    endloop
  endfacet
  facet normal -0.358329 0.933595 0
    outer loop
      vertex 96.5957 10.2909 -2
      vertex 96.2781 10.169 0
      vertex 96.5957 10.2909 0
    endloop
  endfacet
  facet normal -0.358329 0.933595 0
    outer loop
      vertex 96.2781 10.169 0
      vertex 96.5957 10.2909 -2
      vertex 96.2781 10.169 -2
    endloop
  endfacet
  facet normal 0.933833 -0.357709 0
    outer loop
      vertex 100.691 6.19569 0
      vertex 100.573 5.88764 -1.90735e-07
      vertex 100.691 6.19569 -1.90735e-07
    endloop
  endfacet
  facet normal 0.000562638 -0.00021614 1
    outer loop
      vertex 100.569 5.87811 0
      vertex 100.573 5.88764 -1.90735e-07
      vertex 100.691 6.19569 0
    endloop
  endfacet
  facet normal 0.922072 -0.387019 0
    outer loop
      vertex 100.569 5.87811 0
      vertex 100.573 5.88764 -2
      vertex 100.573 5.88764 -1.90735e-07
    endloop
  endfacet
  facet normal 0.922072 -0.387019 0
    outer loop
      vertex 100.573 5.88764 -2
      vertex 100.569 5.87811 0
      vertex 100.569 5.87811 -2
    endloop
  endfacet
  facet normal 0.707474 0.706739 -0
    outer loop
      vertex 100.015 9.37467 -2
      vertex 99.7747 9.61522 0
      vertex 100.015 9.37467 0
    endloop
  endfacet
  facet normal 0.707474 0.706739 0
    outer loop
      vertex 99.7747 9.61522 0
      vertex 100.015 9.37467 -2
      vertex 99.7747 9.61522 -2
    endloop
  endfacet
  facet normal -0.707166 -0.707048 0
    outer loop
      vertex 95.1848 5.02532 -2
      vertex 95.4253 4.78478 0
      vertex 95.1848 5.02532 0
    endloop
  endfacet
  facet normal -0.707166 -0.707048 -0
    outer loop
      vertex 95.4253 4.78478 0
      vertex 95.1848 5.02532 -2
      vertex 95.4253 4.78478 -2
    endloop
  endfacet
  facet normal -0.258824 -0.965924 0
    outer loop
      vertex 96.5957 4.10907 -1.90735e-07
      vertex 96.9243 4.02102 0
      vertex 96.5957 4.10907 0
    endloop
  endfacet
  facet normal -0.258824 -0.965924 -0
    outer loop
      vertex 96.9243 4.02102 0
      vertex 96.5957 4.10907 -1.90735e-07
      vertex 96.9243 4.02102 -1.90735e-07
    endloop
  endfacet
  facet normal 0.358319 -0.933599 0
    outer loop
      vertex 98.9124 4.22732 -1.90735e-07
      vertex 98.6043 4.10907 0
      vertex 98.6043 4.10907 -1.90735e-07
    endloop
  endfacet
  facet normal 0.00544365 -0.0141818 0.999885
    outer loop
      vertex 98.6043 4.10907 0
      vertex 98.9124 4.22732 -1.90735e-07
      vertex 98.9219 4.23098 0
    endloop
  endfacet
  facet normal 0.359506 -0.933143 0
    outer loop
      vertex 98.9124 4.22732 -2
      vertex 98.9219 4.23098 0
      vertex 98.9124 4.22732 -1.90735e-07
    endloop
  endfacet
  facet normal 0.359506 -0.933143 0
    outer loop
      vertex 98.9219 4.23098 0
      vertex 98.9124 4.22732 -2
      vertex 98.9219 4.23098 -2
    endloop
  endfacet
  facet normal 0.837698 0.546133 0
    outer loop
      vertex 100.415 8.825 0
      vertex 100.229 9.1103 -2
      vertex 100.229 9.1103 0
    endloop
  endfacet
  facet normal 0.837698 0.546133 0
    outer loop
      vertex 100.229 9.1103 -2
      vertex 100.415 8.825 0
      vertex 100.415 8.825 -2
    endloop
  endfacet
  facet normal -0.891057 -0.453892 0
    outer loop
      vertex 94.7854 5.575 -2
      vertex 94.631 5.87811 0
      vertex 94.631 5.87811 -2
    endloop
  endfacet
  facet normal -0.891057 -0.453892 0
    outer loop
      vertex 94.631 5.87811 0
      vertex 94.7854 5.575 -2
      vertex 94.7854 5.575 0
    endloop
  endfacet
  facet normal -0.933588 -0.358349 0
    outer loop
      vertex 94.631 5.87811 -2
      vertex 94.5091 6.19569 0
      vertex 94.5091 6.19569 -2
    endloop
  endfacet
  facet normal -0.933588 -0.358349 0
    outer loop
      vertex 94.5091 6.19569 0
      vertex 94.631 5.87811 -2
      vertex 94.631 5.87811 0
    endloop
  endfacet
  facet normal 0.453997 -0.891003 0
    outer loop
      vertex 98.9219 4.23098 -2
      vertex 99.225 4.38542 0
      vertex 98.9219 4.23098 0
    endloop
  endfacet
  facet normal 0.453997 -0.891003 0
    outer loop
      vertex 99.225 4.38542 0
      vertex 98.9219 4.23098 -2
      vertex 99.225 4.38542 -2
    endloop
  endfacet
  facet normal 0.0523274 0.99863 -0
    outer loop
      vertex 97.9397 10.4322 -2
      vertex 97.6 10.45 0
      vertex 97.9397 10.4322 0
    endloop
  endfacet
  facet normal 0.0523274 0.99863 0
    outer loop
      vertex 97.6 10.45 0
      vertex 97.9397 10.4322 -2
      vertex 97.6 10.45 -2
    endloop
  endfacet
  facet normal 0.891532 0.452957 0
    outer loop
      vertex 100.569 8.52189 0
      vertex 100.415 8.825 -2
      vertex 100.415 8.825 0
    endloop
  endfacet
  facet normal 0.891532 0.452957 0
    outer loop
      vertex 100.415 8.825 -2
      vertex 100.569 8.52189 0
      vertex 100.569 8.52189 -2
    endloop
  endfacet
  facet normal 0.998599 -0.0529106 0
    outer loop
      vertex 100.832 6.86028 0
      vertex 100.85 7.2 -1.90735e-07
      vertex 100.85 7.2 0
    endloop
  endfacet
  facet normal 0.998599 -0.0529106 0
    outer loop
      vertex 100.85 7.2 -1.90735e-07
      vertex 100.832 6.86028 0
      vertex 100.832 6.86028 -1.90735e-07
    endloop
  endfacet
  facet normal -0.0523274 0.99863 0
    outer loop
      vertex 97.6 10.45 -2
      vertex 97.2603 10.4322 0
      vertex 97.6 10.45 0
    endloop
  endfacet
  facet normal -0.0523274 0.99863 0
    outer loop
      vertex 97.2603 10.4322 0
      vertex 97.6 10.45 -2
      vertex 97.2603 10.4322 -2
    endloop
  endfacet
  facet normal 0.0523274 -0.99863 0
    outer loop
      vertex 97.6 3.95 -1.90735e-07
      vertex 97.9397 3.9678 0
      vertex 97.6 3.95 0
    endloop
  endfacet
  facet normal 0.0523274 -0.99863 0
    outer loop
      vertex 97.9397 3.9678 0
      vertex 97.6 3.95 -1.90735e-07
      vertex 97.9397 3.9678 -1.90735e-07
    endloop
  endfacet
  facet normal 0.891532 -0.452957 0
    outer loop
      vertex 100.415 5.575 0
      vertex 100.569 5.87811 -2
      vertex 100.569 5.87811 0
    endloop
  endfacet
  facet normal 0.891532 -0.452957 0
    outer loop
      vertex 100.569 5.87811 -2
      vertex 100.415 5.575 0
      vertex 100.415 5.575 -2
    endloop
  endfacet
  facet normal 0.544689 0.838638 -0
    outer loop
      vertex 99.5103 9.8293 -2
      vertex 99.225 10.0146 0
      vertex 99.5103 9.8293 0
    endloop
  endfacet
  facet normal 0.544689 0.838638 0
    outer loop
      vertex 99.225 10.0146 0
      vertex 99.5103 9.8293 -2
      vertex 99.225 10.0146 -2
    endloop
  endfacet
  facet normal 0.965961 -0.258687 0
    outer loop
      vertex 100.691 6.19569 0
      vertex 100.779 6.52429 -1.90735e-07
      vertex 100.779 6.52429 0
    endloop
  endfacet
  facet normal 0.965961 -0.258687 0
    outer loop
      vertex 100.779 6.52429 -1.90735e-07
      vertex 100.691 6.19569 0
      vertex 100.691 6.19569 -1.90735e-07
    endloop
  endfacet
  facet normal 0.453904 0.891051 -0
    outer loop
      vertex 99.225 10.0146 -2
      vertex 98.9219 10.169 0
      vertex 99.225 10.0146 0
    endloop
  endfacet
  facet normal 0.453904 0.891051 0
    outer loop
      vertex 98.9219 10.169 0
      vertex 99.225 10.0146 -2
      vertex 98.9219 10.169 -2
    endloop
  endfacet
  facet normal 0.837698 -0.546133 0
    outer loop
      vertex 100.229 5.2897 0
      vertex 100.415 5.575 -2
      vertex 100.415 5.575 0
    endloop
  endfacet
  facet normal 0.837698 -0.546133 0
    outer loop
      vertex 100.415 5.575 -2
      vertex 100.229 5.2897 0
      vertex 100.229 5.2897 -2
    endloop
  endfacet
  facet normal -0.891057 0.453892 0
    outer loop
      vertex 94.631 8.52189 -2
      vertex 94.7854 8.825 0
      vertex 94.7854 8.825 -2
    endloop
  endfacet
  facet normal -0.891057 0.453892 0
    outer loop
      vertex 94.7854 8.825 0
      vertex 94.631 8.52189 -2
      vertex 94.631 8.52189 0
    endloop
  endfacet
  facet normal -0.777133 -0.629337 0
    outer loop
      vertex 95.1848 5.02532 -2
      vertex 94.9707 5.2897 0
      vertex 94.9707 5.2897 -2
    endloop
  endfacet
  facet normal -0.777133 -0.629337 0
    outer loop
      vertex 94.9707 5.2897 0
      vertex 95.1848 5.02532 -2
      vertex 95.1848 5.02532 0
    endloop
  endfacet
  facet normal 0.156385 0.987696 -0
    outer loop
      vertex 98.2757 10.379 -2
      vertex 97.9397 10.4322 0
      vertex 98.2757 10.379 0
    endloop
  endfacet
  facet normal 0.156385 0.987696 0
    outer loop
      vertex 97.9397 10.4322 0
      vertex 98.2757 10.379 -2
      vertex 97.9397 10.4322 -2
    endloop
  endfacet
  facet normal -0.453904 0.891051 0
    outer loop
      vertex 96.2781 10.169 -2
      vertex 95.975 10.0146 0
      vertex 96.2781 10.169 0
    endloop
  endfacet
  facet normal -0.453904 0.891051 0
    outer loop
      vertex 95.975 10.0146 0
      vertex 96.2781 10.169 -2
      vertex 95.975 10.0146 -2
    endloop
  endfacet
  facet normal -0.156443 -0.987687 0
    outer loop
      vertex 96.9243 4.02102 -1.90735e-07
      vertex 97.2603 3.9678 0
      vertex 96.9243 4.02102 0
    endloop
  endfacet
  facet normal -0.156443 -0.987687 -0
    outer loop
      vertex 97.2603 3.9678 0
      vertex 96.9243 4.02102 -1.90735e-07
      vertex 97.2603 3.9678 -1.90735e-07
    endloop
  endfacet
  facet normal -0.933592 0.358339 0
    outer loop
      vertex 94.5091 8.2043 -2
      vertex 94.631 8.52189 0
      vertex 94.631 8.52189 -2
    endloop
  endfacet
  facet normal -0.933592 0.358339 0
    outer loop
      vertex 94.631 8.52189 0
      vertex 94.5091 8.2043 -2
      vertex 94.5091 8.2043 0
    endloop
  endfacet
  facet normal -0.544689 0.838638 0
    outer loop
      vertex 95.975 10.0146 -2
      vertex 95.6897 9.8293 0
      vertex 95.975 10.0146 0
    endloop
  endfacet
  facet normal -0.544689 0.838638 0
    outer loop
      vertex 95.6897 9.8293 0
      vertex 95.975 10.0146 -2
      vertex 95.6897 9.8293 -2
    endloop
  endfacet
  facet normal 0.93348 0.35863 0
    outer loop
      vertex 100.569 8.52189 0
      vertex 100.6 8.4412 -1.90735e-07
      vertex 100.569 8.52189 -2
    endloop
  endfacet
  facet normal 0.0544795 0.0209279 0.998296
    outer loop
      vertex 100.691 8.2043 0
      vertex 100.6 8.4412 -1.90735e-07
      vertex 100.569 8.52189 0
    endloop
  endfacet
  facet normal 0.933498 0.358583 0
    outer loop
      vertex 100.6 8.4412 -1.90735e-07
      vertex 100.691 8.2043 0
      vertex 100.691 8.2043 -1.90735e-07
    endloop
  endfacet
  facet normal 0.93348 0.35863 0
    outer loop
      vertex 100.569 8.52189 -2
      vertex 100.6 8.4412 -1.90735e-07
      vertex 100.6 8.4412 -2
    endloop
  endfacet
  facet normal 0.777276 -0.629159 0
    outer loop
      vertex 100.015 5.02532 0
      vertex 100.229 5.2897 -2
      vertex 100.229 5.2897 0
    endloop
  endfacet
  facet normal 0.777276 -0.629159 0
    outer loop
      vertex 100.229 5.2897 -2
      vertex 100.015 5.02532 0
      vertex 100.015 5.02532 -2
    endloop
  endfacet
  facet normal -0.777121 0.629351 0
    outer loop
      vertex 94.9707 9.1103 -2
      vertex 95.1848 9.37467 0
      vertex 95.1848 9.37467 -2
    endloop
  endfacet
  facet normal -0.777121 0.629351 0
    outer loop
      vertex 95.1848 9.37467 0
      vertex 94.9707 9.1103 -2
      vertex 94.9707 9.1103 0
    endloop
  endfacet
  facet normal -0.544627 -0.838679 0
    outer loop
      vertex 95.6897 4.57069 -2
      vertex 95.975 4.38542 0
      vertex 95.6897 4.57069 0
    endloop
  endfacet
  facet normal -0.544627 -0.838679 -0
    outer loop
      vertex 95.975 4.38542 0
      vertex 95.6897 4.57069 -2
      vertex 95.975 4.38542 -2
    endloop
  endfacet
  facet normal 0.70746 -0.706754 0
    outer loop
      vertex 99.7747 4.78478 -2
      vertex 100.015 5.02532 0
      vertex 99.7747 4.78478 0
    endloop
  endfacet
  facet normal 0.70746 -0.706754 0
    outer loop
      vertex 100.015 5.02532 0
      vertex 99.7747 4.78478 -2
      vertex 100.015 5.02532 -2
    endloop
  endfacet
  facet normal 0.258961 0.965888 -0
    outer loop
      vertex 98.6043 10.2909 -2
      vertex 98.2757 10.379 0
      vertex 98.6043 10.2909 0
    endloop
  endfacet
  facet normal 0.258961 0.965888 0
    outer loop
      vertex 98.2757 10.379 0
      vertex 98.6043 10.2909 -2
      vertex 98.2757 10.379 -2
    endloop
  endfacet
  facet normal -0.965886 0.258969 0
    outer loop
      vertex 94.421 7.87571 -2
      vertex 94.5091 8.2043 0
      vertex 94.5091 8.2043 -2
    endloop
  endfacet
  facet normal -0.965886 0.258969 0
    outer loop
      vertex 94.5091 8.2043 0
      vertex 94.421 7.87571 -2
      vertex 94.421 7.87571 0
    endloop
  endfacet
  facet normal 0.629273 0.777185 -0
    outer loop
      vertex 99.7747 9.61522 -2
      vertex 99.5103 9.8293 0
      vertex 99.7747 9.61522 0
    endloop
  endfacet
  facet normal 0.629273 0.777185 0
    outer loop
      vertex 99.5103 9.8293 0
      vertex 99.7747 9.61522 -2
      vertex 99.5103 9.8293 -2
    endloop
  endfacet
  facet normal 0.358329 0.933595 -0
    outer loop
      vertex 98.9219 10.169 -2
      vertex 98.6043 10.2909 0
      vertex 98.9219 10.169 0
    endloop
  endfacet
  facet normal 0.358329 0.933595 0
    outer loop
      vertex 98.6043 10.2909 0
      vertex 98.9219 10.169 -2
      vertex 98.6043 10.2909 -2
    endloop
  endfacet
  facet normal -0.156385 0.987696 0
    outer loop
      vertex 97.2603 10.4322 -2
      vertex 96.9243 10.379 0
      vertex 97.2603 10.4322 0
    endloop
  endfacet
  facet normal -0.156385 0.987696 0
    outer loop
      vertex 96.9243 10.379 0
      vertex 97.2603 10.4322 -2
      vertex 96.9243 10.379 -2
    endloop
  endfacet
  facet normal 0 0 -1
    outer loop
      vertex 100.6 6.2 -2
      vertex 98.7437 7.07979 -2
      vertex 98.75 7.2 -2
    endloop
  endfacet
  facet normal 0 0 -1
    outer loop
      vertex 99.225 4.38542 -2
      vertex 98.7249 6.9609 -2
      vertex 98.7437 7.07979 -2
    endloop
  endfacet
  facet normal 0 0 -1
    outer loop
      vertex 99.225 4.38542 -2
      vertex 98.6937 6.84463 -2
      vertex 98.7249 6.9609 -2
    endloop
  endfacet
  facet normal 0 0 -1
    outer loop
      vertex 99.225 4.38542 -2
      vertex 98.6506 6.73225 -2
      vertex 98.6937 6.84463 -2
    endloop
  endfacet
  facet normal -0 0 -1
    outer loop
      vertex 99.225 4.38542 -2
      vertex 98.6 4.2 -2
      vertex 98.175 6.20407 -2
    endloop
  endfacet
  facet normal 0 0 -1
    outer loop
      vertex 99.225 4.38542 -2
      vertex 98.5959 6.625 -2
      vertex 98.6506 6.73225 -2
    endloop
  endfacet
  facet normal 0 0 -1
    outer loop
      vertex 99.225 4.38542 -2
      vertex 98.5304 6.52405 -2
      vertex 98.5959 6.625 -2
    endloop
  endfacet
  facet normal 0 0 -1
    outer loop
      vertex 99.225 4.38542 -2
      vertex 98.4546 6.4305 -2
      vertex 98.5304 6.52405 -2
    endloop
  endfacet
  facet normal 0 0 -1
    outer loop
      vertex 99.225 4.38542 -2
      vertex 98.3695 6.34538 -2
      vertex 98.4546 6.4305 -2
    endloop
  endfacet
  facet normal 0 0 -1
    outer loop
      vertex 99.225 4.38542 -2
      vertex 98.276 6.26963 -2
      vertex 98.3695 6.34538 -2
    endloop
  endfacet
  facet normal 0 0 -1
    outer loop
      vertex 99.225 4.38542 -2
      vertex 98.175 6.20407 -2
      vertex 98.276 6.26963 -2
    endloop
  endfacet
  facet normal 0 0 -1
    outer loop
      vertex 98.6 4.2 -2
      vertex 98.0677 6.14942 -2
      vertex 98.175 6.20407 -2
    endloop
  endfacet
  facet normal 0 0 -1
    outer loop
      vertex 98.6 4.2 -2
      vertex 97.9554 6.10628 -2
      vertex 98.0677 6.14942 -2
    endloop
  endfacet
  facet normal 0 0 -1
    outer loop
      vertex 98.6 4.2 -2
      vertex 97.8391 6.07513 -2
      vertex 97.9554 6.10628 -2
    endloop
  endfacet
  facet normal 0 0 -1
    outer loop
      vertex 98.6 4.2 -2
      vertex 97.7202 6.0563 -2
      vertex 97.8391 6.07513 -2
    endloop
  endfacet
  facet normal 0 0 -1
    outer loop
      vertex 98.6 4.2 -2
      vertex 97.6 6.05 -2
      vertex 97.7202 6.0563 -2
    endloop
  endfacet
  facet normal 0 0 -1
    outer loop
      vertex 98.6 4.2 -2
      vertex 97.4798 6.0563 -2
      vertex 97.6 6.05 -2
    endloop
  endfacet
  facet normal 0 0 -1
    outer loop
      vertex 96.3588 4.2 -2
      vertex 97.4798 6.0563 -2
      vertex 98.6 4.2 -2
    endloop
  endfacet
  facet normal -0 0 -1
    outer loop
      vertex 97.4798 6.0563 -2
      vertex 96.3588 4.2 -2
      vertex 97.3609 6.07513 -2
    endloop
  endfacet
  facet normal -0 0 -1
    outer loop
      vertex 97.3609 6.07513 -2
      vertex 96.3588 4.2 -2
      vertex 97.2446 6.10628 -2
    endloop
  endfacet
  facet normal -0 0 -1
    outer loop
      vertex 97.2446 6.10628 -2
      vertex 96.3588 4.2 -2
      vertex 97.1323 6.14942 -2
    endloop
  endfacet
  facet normal 0 0 -1
    outer loop
      vertex 96.2781 4.23098 -2
      vertex 97.1323 6.14942 -2
      vertex 96.3588 4.2 -2
    endloop
  endfacet
  facet normal -0 0 -1
    outer loop
      vertex 97.1323 6.14942 -2
      vertex 96.2781 4.23098 -2
      vertex 97.025 6.20407 -2
    endloop
  endfacet
  facet normal 0 0 -1
    outer loop
      vertex 95.975 4.38542 -2
      vertex 97.025 6.20407 -2
      vertex 96.2781 4.23098 -2
    endloop
  endfacet
  facet normal 0 0 -1
    outer loop
      vertex 94.9707 5.2897 -2
      vertex 96.6696 6.52405 -2
      vertex 95.1848 5.02532 -2
    endloop
  endfacet
  facet normal -0 0 -1
    outer loop
      vertex 96.7454 6.4305 -2
      vertex 95.1848 5.02532 -2
      vertex 96.6696 6.52405 -2
    endloop
  endfacet
  facet normal 0 0 -1
    outer loop
      vertex 95.1848 5.02532 -2
      vertex 96.7454 6.4305 -2
      vertex 95.4253 4.78478 -2
    endloop
  endfacet
  facet normal -0 0 -1
    outer loop
      vertex 96.8305 6.34538 -2
      vertex 95.4253 4.78478 -2
      vertex 96.7454 6.4305 -2
    endloop
  endfacet
  facet normal 0 0 -1
    outer loop
      vertex 95.4253 4.78478 -2
      vertex 96.8305 6.34538 -2
      vertex 95.6897 4.57069 -2
    endloop
  endfacet
  facet normal -0 0 -1
    outer loop
      vertex 96.924 6.26963 -2
      vertex 95.6897 4.57069 -2
      vertex 96.8305 6.34538 -2
    endloop
  endfacet
  facet normal 0 0 -1
    outer loop
      vertex 95.6897 4.57069 -2
      vertex 96.924 6.26963 -2
      vertex 95.975 4.38542 -2
    endloop
  endfacet
  facet normal -0 0 -1
    outer loop
      vertex 97.025 6.20407 -2
      vertex 95.975 4.38542 -2
      vertex 96.924 6.26963 -2
    endloop
  endfacet
  facet normal 0 0 -1
    outer loop
      vertex 100.415 5.575 -2
      vertex 100.6 6.2 -2
      vertex 100.589 5.99094 -2
    endloop
  endfacet
  facet normal 0 0 -1
    outer loop
      vertex 100.569 5.87811 -2
      vertex 100.589 5.99094 -2
      vertex 100.573 5.88764 -2
    endloop
  endfacet
  facet normal 0 0 -1
    outer loop
      vertex 100.415 5.575 -2
      vertex 100.589 5.99094 -2
      vertex 100.569 5.87811 -2
    endloop
  endfacet
  facet normal 0 0 -1
    outer loop
      vertex 100.6 6.2 -2
      vertex 98.75 7.2 -2
      vertex 100.6 8.4412 -2
    endloop
  endfacet
  facet normal 0 0 -1
    outer loop
      vertex 98.7437 7.07979 -2
      vertex 100.6 6.2 -2
      vertex 100.415 5.575 -2
    endloop
  endfacet
  facet normal 0 0 -1
    outer loop
      vertex 98.7437 7.32021 -2
      vertex 100.6 8.4412 -2
      vertex 98.75 7.2 -2
    endloop
  endfacet
  facet normal 0 0 -1
    outer loop
      vertex 98.7437 7.07979 -2
      vertex 100.415 5.575 -2
      vertex 100.229 5.2897 -2
    endloop
  endfacet
  facet normal 0 0 -1
    outer loop
      vertex 98.7249 7.4391 -2
      vertex 100.6 8.4412 -2
      vertex 98.7437 7.32021 -2
    endloop
  endfacet
  facet normal 0 0 -1
    outer loop
      vertex 98.7437 7.07979 -2
      vertex 100.229 5.2897 -2
      vertex 100.015 5.02532 -2
    endloop
  endfacet
  facet normal 0 0 -1
    outer loop
      vertex 98.6937 7.55537 -2
      vertex 100.6 8.4412 -2
      vertex 98.7249 7.4391 -2
    endloop
  endfacet
  facet normal 0 0 -1
    outer loop
      vertex 98.7437 7.07979 -2
      vertex 100.015 5.02532 -2
      vertex 99.7747 4.78478 -2
    endloop
  endfacet
  facet normal 0 0 -1
    outer loop
      vertex 98.6506 7.66775 -2
      vertex 100.6 8.4412 -2
      vertex 98.6937 7.55537 -2
    endloop
  endfacet
  facet normal 0 0 -1
    outer loop
      vertex 98.7437 7.07979 -2
      vertex 99.7747 4.78478 -2
      vertex 99.5103 4.57069 -2
    endloop
  endfacet
  facet normal -0 0 -1
    outer loop
      vertex 100.6 8.4412 -2
      vertex 98.6506 7.66775 -2
      vertex 100.569 8.52189 -2
    endloop
  endfacet
  facet normal 0 0 -1
    outer loop
      vertex 98.7437 7.07979 -2
      vertex 99.5103 4.57069 -2
      vertex 99.225 4.38542 -2
    endloop
  endfacet
  facet normal -0 0 -1
    outer loop
      vertex 100.569 8.52189 -2
      vertex 98.6506 7.66775 -2
      vertex 100.415 8.825 -2
    endloop
  endfacet
  facet normal 0 0 -1
    outer loop
      vertex 98.8091 4.21096 -2
      vertex 99.225 4.38542 -2
      vertex 98.9219 4.23098 -2
    endloop
  endfacet
  facet normal 0 0 -1
    outer loop
      vertex 98.5959 7.775 -2
      vertex 100.415 8.825 -2
      vertex 98.6506 7.66775 -2
    endloop
  endfacet
  facet normal 0 0 -1
    outer loop
      vertex 98.8091 4.21096 -2
      vertex 98.9219 4.23098 -2
      vertex 98.9124 4.22732 -2
    endloop
  endfacet
  facet normal 0 0 -1
    outer loop
      vertex 98.6 4.2 -2
      vertex 99.225 4.38542 -2
      vertex 98.8091 4.21096 -2
    endloop
  endfacet
  facet normal -0 0 -1
    outer loop
      vertex 100.415 8.825 -2
      vertex 98.5959 7.775 -2
      vertex 100.229 9.1103 -2
    endloop
  endfacet
  facet normal 0 0 -1
    outer loop
      vertex 98.5304 7.87595 -2
      vertex 100.229 9.1103 -2
      vertex 98.5959 7.775 -2
    endloop
  endfacet
  facet normal -0 0 -1
    outer loop
      vertex 100.229 9.1103 -2
      vertex 98.5304 7.87595 -2
      vertex 100.015 9.37467 -2
    endloop
  endfacet
  facet normal 0 0 -1
    outer loop
      vertex 98.4546 7.9695 -2
      vertex 100.015 9.37467 -2
      vertex 98.5304 7.87595 -2
    endloop
  endfacet
  facet normal -0 0 -1
    outer loop
      vertex 100.015 9.37467 -2
      vertex 98.4546 7.9695 -2
      vertex 99.7747 9.61522 -2
    endloop
  endfacet
  facet normal 0 0 -1
    outer loop
      vertex 98.3695 8.05462 -2
      vertex 99.7747 9.61522 -2
      vertex 98.4546 7.9695 -2
    endloop
  endfacet
  facet normal -0 0 -1
    outer loop
      vertex 99.7747 9.61522 -2
      vertex 98.3695 8.05462 -2
      vertex 99.5103 9.8293 -2
    endloop
  endfacet
  facet normal 0 0 -1
    outer loop
      vertex 98.276 8.13037 -2
      vertex 99.5103 9.8293 -2
      vertex 98.3695 8.05462 -2
    endloop
  endfacet
  facet normal -0 0 -1
    outer loop
      vertex 99.5103 9.8293 -2
      vertex 98.276 8.13037 -2
      vertex 99.225 10.0146 -2
    endloop
  endfacet
  facet normal 0 0 -1
    outer loop
      vertex 98.175 8.19593 -2
      vertex 99.225 10.0146 -2
      vertex 98.276 8.13037 -2
    endloop
  endfacet
  facet normal -0 0 -1
    outer loop
      vertex 99.225 10.0146 -2
      vertex 98.175 8.19593 -2
      vertex 98.9219 10.169 -2
    endloop
  endfacet
  facet normal 0 0 -1
    outer loop
      vertex 98.0677 8.25058 -2
      vertex 98.9219 10.169 -2
      vertex 98.175 8.19593 -2
    endloop
  endfacet
  facet normal -0 0 -1
    outer loop
      vertex 98.9219 10.169 -2
      vertex 98.0677 8.25058 -2
      vertex 98.6043 10.2909 -2
    endloop
  endfacet
  facet normal 0 0 -1
    outer loop
      vertex 97.9554 8.29371 -2
      vertex 98.6043 10.2909 -2
      vertex 98.0677 8.25058 -2
    endloop
  endfacet
  facet normal -0 0 -1
    outer loop
      vertex 98.6043 10.2909 -2
      vertex 97.9554 8.29371 -2
      vertex 98.2757 10.379 -2
    endloop
  endfacet
  facet normal 0 0 -1
    outer loop
      vertex 97.8391 8.32487 -2
      vertex 98.2757 10.379 -2
      vertex 97.9554 8.29371 -2
    endloop
  endfacet
  facet normal -0 0 -1
    outer loop
      vertex 98.2757 10.379 -2
      vertex 97.8391 8.32487 -2
      vertex 97.9397 10.4322 -2
    endloop
  endfacet
  facet normal 0 0 -1
    outer loop
      vertex 97.7202 8.3437 -2
      vertex 97.9397 10.4322 -2
      vertex 97.8391 8.32487 -2
    endloop
  endfacet
  facet normal 0 0 -1
    outer loop
      vertex 97.6 8.35 -2
      vertex 97.9397 10.4322 -2
      vertex 97.7202 8.3437 -2
    endloop
  endfacet
  facet normal 0 0 -1
    outer loop
      vertex 97.6 8.35 -2
      vertex 97.6 10.45 -2
      vertex 97.9397 10.4322 -2
    endloop
  endfacet
  facet normal 0 0 -1
    outer loop
      vertex 97.4798 8.3437 -2
      vertex 97.6 10.45 -2
      vertex 97.6 8.35 -2
    endloop
  endfacet
  facet normal 0 0 -1
    outer loop
      vertex 97.2603 10.4322 -2
      vertex 97.4798 8.3437 -2
      vertex 97.3609 8.32487 -2
    endloop
  endfacet
  facet normal 0 0 -1
    outer loop
      vertex 97.4798 8.3437 -2
      vertex 97.2603 10.4322 -2
      vertex 97.6 10.45 -2
    endloop
  endfacet
  facet normal 0 0 -1
    outer loop
      vertex 96.9243 10.379 -2
      vertex 97.3609 8.32487 -2
      vertex 97.2446 8.29371 -2
    endloop
  endfacet
  facet normal 0 0 -1
    outer loop
      vertex 96.5957 10.2909 -2
      vertex 97.2446 8.29371 -2
      vertex 97.1323 8.25058 -2
    endloop
  endfacet
  facet normal 0 0 -1
    outer loop
      vertex 96.2781 10.169 -2
      vertex 97.1323 8.25058 -2
      vertex 97.025 8.19593 -2
    endloop
  endfacet
  facet normal 0 0 -1
    outer loop
      vertex 97.3609 8.32487 -2
      vertex 96.9243 10.379 -2
      vertex 97.2603 10.4322 -2
    endloop
  endfacet
  facet normal 0 0 -1
    outer loop
      vertex 95.975 10.0146 -2
      vertex 97.025 8.19593 -2
      vertex 96.924 8.13037 -2
    endloop
  endfacet
  facet normal 0 0 -1
    outer loop
      vertex 95.6897 9.8293 -2
      vertex 96.924 8.13037 -2
      vertex 96.8305 8.05462 -2
    endloop
  endfacet
  facet normal 0 0 -1
    outer loop
      vertex 95.4253 9.61522 -2
      vertex 96.8305 8.05462 -2
      vertex 96.7454 7.9695 -2
    endloop
  endfacet
  facet normal 0 0 -1
    outer loop
      vertex 95.1848 9.37467 -2
      vertex 96.7454 7.9695 -2
      vertex 96.6696 7.87595 -2
    endloop
  endfacet
  facet normal 0 0 -1
    outer loop
      vertex 94.9707 9.1103 -2
      vertex 96.6696 7.87595 -2
      vertex 96.6041 7.775 -2
    endloop
  endfacet
  facet normal 0 0 -1
    outer loop
      vertex 97.2446 8.29371 -2
      vertex 96.5957 10.2909 -2
      vertex 96.9243 10.379 -2
    endloop
  endfacet
  facet normal 0 0 -1
    outer loop
      vertex 94.7854 8.825 -2
      vertex 96.6041 7.775 -2
      vertex 96.5494 7.66775 -2
    endloop
  endfacet
  facet normal 0 0 -1
    outer loop
      vertex 94.631 8.52189 -2
      vertex 96.5494 7.66775 -2
      vertex 96.5063 7.55537 -2
    endloop
  endfacet
  facet normal 0 0 -1
    outer loop
      vertex 94.5091 8.2043 -2
      vertex 96.5063 7.55537 -2
      vertex 96.4751 7.4391 -2
    endloop
  endfacet
  facet normal 0 0 -1
    outer loop
      vertex 94.421 7.87571 -2
      vertex 96.4751 7.4391 -2
      vertex 96.4563 7.32021 -2
    endloop
  endfacet
  facet normal 0 0 -1
    outer loop
      vertex 94.3678 7.53972 -2
      vertex 96.4563 7.32021 -2
      vertex 96.45 7.2 -2
    endloop
  endfacet
  facet normal -0 0 -1
    outer loop
      vertex 96.6696 6.52405 -2
      vertex 94.9707 5.2897 -2
      vertex 96.6041 6.625 -2
    endloop
  endfacet
  facet normal 0 0 -1
    outer loop
      vertex 94.7854 5.575 -2
      vertex 96.6041 6.625 -2
      vertex 94.9707 5.2897 -2
    endloop
  endfacet
  facet normal 0 0 -1
    outer loop
      vertex 97.1323 8.25058 -2
      vertex 96.2781 10.169 -2
      vertex 96.5957 10.2909 -2
    endloop
  endfacet
  facet normal -0 0 -1
    outer loop
      vertex 96.6041 6.625 -2
      vertex 94.7854 5.575 -2
      vertex 96.5494 6.73225 -2
    endloop
  endfacet
  facet normal 0 0 -1
    outer loop
      vertex 97.025 8.19593 -2
      vertex 95.975 10.0146 -2
      vertex 96.2781 10.169 -2
    endloop
  endfacet
  facet normal 0 0 -1
    outer loop
      vertex 94.631 5.87811 -2
      vertex 96.5494 6.73225 -2
      vertex 94.7854 5.575 -2
    endloop
  endfacet
  facet normal 0 0 -1
    outer loop
      vertex 96.924 8.13037 -2
      vertex 95.6897 9.8293 -2
      vertex 95.975 10.0146 -2
    endloop
  endfacet
  facet normal -0 0 -1
    outer loop
      vertex 96.5494 6.73225 -2
      vertex 94.631 5.87811 -2
      vertex 96.5063 6.84463 -2
    endloop
  endfacet
  facet normal 0 0 -1
    outer loop
      vertex 96.8305 8.05462 -2
      vertex 95.4253 9.61522 -2
      vertex 95.6897 9.8293 -2
    endloop
  endfacet
  facet normal 0 0 -1
    outer loop
      vertex 94.5091 6.19569 -2
      vertex 96.5063 6.84463 -2
      vertex 94.631 5.87811 -2
    endloop
  endfacet
  facet normal 0 0 -1
    outer loop
      vertex 96.7454 7.9695 -2
      vertex 95.1848 9.37467 -2
      vertex 95.4253 9.61522 -2
    endloop
  endfacet
  facet normal -0 0 -1
    outer loop
      vertex 96.5063 6.84463 -2
      vertex 94.5091 6.19569 -2
      vertex 96.4751 6.9609 -2
    endloop
  endfacet
  facet normal 0 0 -1
    outer loop
      vertex 96.6696 7.87595 -2
      vertex 94.9707 9.1103 -2
      vertex 95.1848 9.37467 -2
    endloop
  endfacet
  facet normal 0 0 -1
    outer loop
      vertex 94.421 6.52429 -2
      vertex 96.4751 6.9609 -2
      vertex 94.5091 6.19569 -2
    endloop
  endfacet
  facet normal 0 0 -1
    outer loop
      vertex 96.6041 7.775 -2
      vertex 94.7854 8.825 -2
      vertex 94.9707 9.1103 -2
    endloop
  endfacet
  facet normal -0 0 -1
    outer loop
      vertex 96.4751 6.9609 -2
      vertex 94.421 6.52429 -2
      vertex 96.4563 7.07979 -2
    endloop
  endfacet
  facet normal 0 0 -1
    outer loop
      vertex 96.5494 7.66775 -2
      vertex 94.631 8.52189 -2
      vertex 94.7854 8.825 -2
    endloop
  endfacet
  facet normal 0 0 -1
    outer loop
      vertex 94.3678 6.86028 -2
      vertex 96.4563 7.07979 -2
      vertex 94.421 6.52429 -2
    endloop
  endfacet
  facet normal 0 0 -1
    outer loop
      vertex 96.5063 7.55537 -2
      vertex 94.5091 8.2043 -2
      vertex 94.631 8.52189 -2
    endloop
  endfacet
  facet normal -0 0 -1
    outer loop
      vertex 96.4563 7.07979 -2
      vertex 94.3678 6.86028 -2
      vertex 96.45 7.2 -2
    endloop
  endfacet
  facet normal 0 0 -1
    outer loop
      vertex 96.4751 7.4391 -2
      vertex 94.421 7.87571 -2
      vertex 94.5091 8.2043 -2
    endloop
  endfacet
  facet normal 0 0 -1
    outer loop
      vertex 94.35 7.2 -2
      vertex 96.45 7.2 -2
      vertex 94.3678 6.86028 -2
    endloop
  endfacet
  facet normal 0 0 -1
    outer loop
      vertex 96.4563 7.32021 -2
      vertex 94.3678 7.53972 -2
      vertex 94.421 7.87571 -2
    endloop
  endfacet
  facet normal 0 0 -1
    outer loop
      vertex 96.45 7.2 -2
      vertex 94.35 7.2 -2
      vertex 94.3678 7.53972 -2
    endloop
  endfacet
  facet normal 0.777265 0.629174 0
    outer loop
      vertex 100.229 9.1103 0
      vertex 100.015 9.37467 -2
      vertex 100.015 9.37467 0
    endloop
  endfacet
  facet normal 0.777265 0.629174 0
    outer loop
      vertex 100.015 9.37467 -2
      vertex 100.229 9.1103 0
      vertex 100.229 9.1103 -2
    endloop
  endfacet
  facet normal -0.453997 -0.891003 0
    outer loop
      vertex 95.975 4.38542 -2
      vertex 96.2781 4.23098 0
      vertex 95.975 4.38542 0
    endloop
  endfacet
  facet normal -0.453997 -0.891003 -0
    outer loop
      vertex 96.2781 4.23098 0
      vertex 95.975 4.38542 -2
      vertex 96.2781 4.23098 -2
    endloop
  endfacet
  facet normal 0.987786 -0.155816 0
    outer loop
      vertex 100.779 6.52429 0
      vertex 100.832 6.86028 -1.90735e-07
      vertex 100.832 6.86028 0
    endloop
  endfacet
  facet normal 0.987786 -0.155816 0
    outer loop
      vertex 100.832 6.86028 -1.90735e-07
      vertex 100.779 6.52429 0
      vertex 100.779 6.52429 -1.90735e-07
    endloop
  endfacet
  facet normal -0.838638 -0.544689 0
    outer loop
      vertex 94.9707 5.2897 -2
      vertex 94.7854 5.575 0
      vertex 94.7854 5.575 -2
    endloop
  endfacet
  facet normal -0.838638 -0.544689 0
    outer loop
      vertex 94.7854 5.575 0
      vertex 94.9707 5.2897 -2
      vertex 94.9707 5.2897 0
    endloop
  endfacet
  facet normal -0.838638 0.544689 0
    outer loop
      vertex 94.7854 8.825 -2
      vertex 94.9707 9.1103 0
      vertex 94.9707 9.1103 -2
    endloop
  endfacet
  facet normal -0.838638 0.544689 0
    outer loop
      vertex 94.9707 9.1103 0
      vertex 94.7854 8.825 -2
      vertex 94.7854 8.825 0
    endloop
  endfacet
  facet normal -0.70718 0.707033 0
    outer loop
      vertex 95.4253 9.61522 -2
      vertex 95.1848 9.37467 0
      vertex 95.4253 9.61522 0
    endloop
  endfacet
  facet normal -0.70718 0.707033 0
    outer loop
      vertex 95.1848 9.37467 0
      vertex 95.4253 9.61522 -2
      vertex 95.1848 9.37467 -2
    endloop
  endfacet
  facet normal 0.258824 -0.965924 0
    outer loop
      vertex 98.2757 4.02102 -1.90735e-07
      vertex 98.6043 4.10907 0
      vertex 98.2757 4.02102 0
    endloop
  endfacet
  facet normal 0.258824 -0.965924 0
    outer loop
      vertex 98.6043 4.10907 0
      vertex 98.2757 4.02102 -1.90735e-07
      vertex 98.6043 4.10907 -1.90735e-07
    endloop
  endfacet
  facet normal -0.99863 -0.0523243 0
    outer loop
      vertex 94.3678 6.86028 -2
      vertex 94.35 7.2 0
      vertex 94.35 7.2 -2
    endloop
  endfacet
  facet normal -0.99863 -0.0523243 0
    outer loop
      vertex 94.35 7.2 0
      vertex 94.3678 6.86028 -2
      vertex 94.3678 6.86028 0
    endloop
  endfacet
  facet normal -0.987695 -0.15639 0
    outer loop
      vertex 94.421 6.52429 -2
      vertex 94.3678 6.86028 0
      vertex 94.3678 6.86028 -2
    endloop
  endfacet
  facet normal -0.987695 -0.15639 0
    outer loop
      vertex 94.3678 6.86028 0
      vertex 94.421 6.52429 -2
      vertex 94.421 6.52429 0
    endloop
  endfacet
  facet normal -0.987695 0.15639 0
    outer loop
      vertex 94.3678 7.53972 -2
      vertex 94.421 7.87571 0
      vertex 94.421 7.87571 -2
    endloop
  endfacet
  facet normal -0.987695 0.15639 0
    outer loop
      vertex 94.421 7.87571 0
      vertex 94.3678 7.53972 -2
      vertex 94.3678 7.53972 0
    endloop
  endfacet
  facet normal -0.629273 0.777185 0
    outer loop
      vertex 95.6897 9.8293 -2
      vertex 95.4253 9.61522 0
      vertex 95.6897 9.8293 0
    endloop
  endfacet
  facet normal -0.629273 0.777185 0
    outer loop
      vertex 95.4253 9.61522 0
      vertex 95.6897 9.8293 -2
      vertex 95.4253 9.61522 -2
    endloop
  endfacet
  facet normal -0.62929 -0.77717 0
    outer loop
      vertex 95.4253 4.78478 -2
      vertex 95.6897 4.57069 0
      vertex 95.4253 4.78478 0
    endloop
  endfacet
  facet normal -0.62929 -0.77717 -0
    outer loop
      vertex 95.6897 4.57069 0
      vertex 95.4253 4.78478 -2
      vertex 95.6897 4.57069 -2
    endloop
  endfacet
  facet normal -0.0208937 -0.0544324 0.998299
    outer loop
      vertex 96.2781 4.23098 0
      vertex 96.3588 4.2 -1.90735e-07
      vertex 96.5957 4.10907 0
    endloop
  endfacet
  facet normal -0.35839 -0.933572 0
    outer loop
      vertex 96.2781 4.23098 -2
      vertex 96.3588 4.2 -1.90735e-07
      vertex 96.2781 4.23098 0
    endloop
  endfacet
  facet normal -0.35839 -0.933572 -0
    outer loop
      vertex 96.3588 4.2 -1.90735e-07
      vertex 96.2781 4.23098 -2
      vertex 96.3588 4.2 -2
    endloop
  endfacet
  facet normal -0.358343 -0.93359 -0
    outer loop
      vertex 96.5957 4.10907 0
      vertex 96.3588 4.2 -1.90735e-07
      vertex 96.5957 4.10907 -1.90735e-07
    endloop
  endfacet
  facet normal -0.0523274 -0.99863 0
    outer loop
      vertex 97.2603 3.9678 -1.90735e-07
      vertex 97.6 3.95 0
      vertex 97.2603 3.9678 0
    endloop
  endfacet
  facet normal -0.0523274 -0.99863 -0
    outer loop
      vertex 97.6 3.95 0
      vertex 97.2603 3.9678 -1.90735e-07
      vertex 97.6 3.95 -1.90735e-07
    endloop
  endfacet
  facet normal -0.99863 0.0523243 0
    outer loop
      vertex 94.35 7.2 -2
      vertex 94.3678 7.53972 0
      vertex 94.3678 7.53972 -2
    endloop
  endfacet
  facet normal -0.99863 0.0523243 0
    outer loop
      vertex 94.3678 7.53972 0
      vertex 94.35 7.2 -2
      vertex 94.35 7.2 0
    endloop
  endfacet
  facet normal 0.544627 -0.838679 0
    outer loop
      vertex 99.225 4.38542 -2
      vertex 99.5103 4.57069 0
      vertex 99.225 4.38542 0
    endloop
  endfacet
  facet normal 0.544627 -0.838679 0
    outer loop
      vertex 99.5103 4.57069 0
      vertex 99.225 4.38542 -2
      vertex 99.5103 4.57069 -2
    endloop
  endfacet
  facet normal 0.62929 -0.77717 0
    outer loop
      vertex 99.5103 4.57069 -2
      vertex 99.7747 4.78478 0
      vertex 99.5103 4.57069 0
    endloop
  endfacet
  facet normal 0.62929 -0.77717 0
    outer loop
      vertex 99.7747 4.78478 0
      vertex 99.5103 4.57069 -2
      vertex 99.7747 4.78478 -2
    endloop
  endfacet
  facet normal -0.453904 0.891051 0
    outer loop
      vertex 96.2781 73.069 -2
      vertex 95.975 72.9146 0
      vertex 96.2781 73.069 0
    endloop
  endfacet
  facet normal -0.453904 0.891051 0
    outer loop
      vertex 95.975 72.9146 0
      vertex 96.2781 73.069 -2
      vertex 95.975 72.9146 -2
    endloop
  endfacet
  facet normal 0.987787 0.155812 0
    outer loop
      vertex 100.832 70.4397 0
      vertex 100.779 70.7757 -1.90735e-07
      vertex 100.779 70.7757 0
    endloop
  endfacet
  facet normal 0.987787 0.155812 0
    outer loop
      vertex 100.779 70.7757 -1.90735e-07
      vertex 100.832 70.4397 0
      vertex 100.832 70.4397 -1.90735e-07
    endloop
  endfacet
  facet normal 0.998599 0.0529137 0
    outer loop
      vertex 100.85 70.1 0
      vertex 100.832 70.4397 -1.90735e-07
      vertex 100.832 70.4397 0
    endloop
  endfacet
  facet normal 0.998599 0.0529137 0
    outer loop
      vertex 100.832 70.4397 -1.90735e-07
      vertex 100.85 70.1 0
      vertex 100.85 70.1 -1.90735e-07
    endloop
  endfacet
  facet normal 0.156385 0.987696 -0
    outer loop
      vertex 98.2757 73.279 -2
      vertex 97.9397 73.3322 0
      vertex 98.2757 73.279 0
    endloop
  endfacet
  facet normal 0.156385 0.987696 0
    outer loop
      vertex 97.9397 73.3322 0
      vertex 98.2757 73.279 -2
      vertex 97.9397 73.3322 -2
    endloop
  endfacet
  facet normal 0.258961 -0.965888 0
    outer loop
      vertex 98.2757 66.921 -2
      vertex 98.6043 67.0091 0
      vertex 98.2757 66.921 0
    endloop
  endfacet
  facet normal 0.258961 -0.965888 0
    outer loop
      vertex 98.6043 67.0091 0
      vertex 98.2757 66.921 -2
      vertex 98.6043 67.0091 -2
    endloop
  endfacet
  facet normal 0.998599 -0.0529137 0
    outer loop
      vertex 100.832 69.7603 0
      vertex 100.85 70.1 -1.90735e-07
      vertex 100.85 70.1 0
    endloop
  endfacet
  facet normal 0.998599 -0.0529137 0
    outer loop
      vertex 100.85 70.1 -1.90735e-07
      vertex 100.832 69.7603 0
      vertex 100.832 69.7603 -1.90735e-07
    endloop
  endfacet
  facet normal -0.838638 0.544689 0
    outer loop
      vertex 94.7854 71.725 -2
      vertex 94.9707 72.0103 0
      vertex 94.9707 72.0103 -2
    endloop
  endfacet
  facet normal -0.838638 0.544689 0
    outer loop
      vertex 94.9707 72.0103 0
      vertex 94.7854 71.725 -2
      vertex 94.7854 71.725 0
    endloop
  endfacet
  facet normal -0.156385 -0.987696 0
    outer loop
      vertex 96.9243 66.921 -2
      vertex 97.2603 66.8678 0
      vertex 96.9243 66.921 0
    endloop
  endfacet
  facet normal -0.156385 -0.987696 -0
    outer loop
      vertex 97.2603 66.8678 0
      vertex 96.9243 66.921 -2
      vertex 97.2603 66.8678 -2
    endloop
  endfacet
  facet normal -0.707107 0.707107 0
    outer loop
      vertex 95.1848 72.2747 -2
      vertex 95.4253 72.5152 0
      vertex 95.4253 72.5152 -2
    endloop
  endfacet
  facet normal -0.707107 0.707107 0
    outer loop
      vertex 95.4253 72.5152 0
      vertex 95.1848 72.2747 -2
      vertex 95.1848 72.2747 0
    endloop
  endfacet
  facet normal 0.544689 -0.838638 0
    outer loop
      vertex 99.225 67.2854 -2
      vertex 99.5103 67.4707 0
      vertex 99.225 67.2854 0
    endloop
  endfacet
  facet normal 0.544689 -0.838638 0
    outer loop
      vertex 99.5103 67.4707 0
      vertex 99.225 67.2854 -2
      vertex 99.5103 67.4707 -2
    endloop
  endfacet
  facet normal -0.258961 0.965888 0
    outer loop
      vertex 96.9243 73.279 -2
      vertex 96.5957 73.1909 0
      vertex 96.9243 73.279 0
    endloop
  endfacet
  facet normal -0.258961 0.965888 0
    outer loop
      vertex 96.5957 73.1909 0
      vertex 96.9243 73.279 -2
      vertex 96.5957 73.1909 -2
    endloop
  endfacet
  facet normal 0.707401 0.706813 0
    outer loop
      vertex 100.015 72.2747 0
      vertex 99.7747 72.5152 -2
      vertex 99.7747 72.5152 0
    endloop
  endfacet
  facet normal 0.707401 0.706813 0
    outer loop
      vertex 99.7747 72.5152 -2
      vertex 100.015 72.2747 0
      vertex 100.015 72.2747 -2
    endloop
  endfacet
  facet normal -0.544689 0.838638 0
    outer loop
      vertex 95.975 72.9146 -2
      vertex 95.6897 72.7293 0
      vertex 95.975 72.9146 0
    endloop
  endfacet
  facet normal -0.544689 0.838638 0
    outer loop
      vertex 95.6897 72.7293 0
      vertex 95.975 72.9146 -2
      vertex 95.6897 72.7293 -2
    endloop
  endfacet
  facet normal -0.358329 0.933595 0
    outer loop
      vertex 96.5957 73.1909 -2
      vertex 96.2781 73.069 0
      vertex 96.5957 73.1909 0
    endloop
  endfacet
  facet normal -0.358329 0.933595 0
    outer loop
      vertex 96.2781 73.069 0
      vertex 96.5957 73.1909 -2
      vertex 96.2781 73.069 -2
    endloop
  endfacet
  facet normal -0.987696 -0.156385 0
    outer loop
      vertex 94.421 69.4243 -2
      vertex 94.3678 69.7603 0
      vertex 94.3678 69.7603 -2
    endloop
  endfacet
  facet normal -0.987696 -0.156385 0
    outer loop
      vertex 94.3678 69.7603 0
      vertex 94.421 69.4243 -2
      vertex 94.421 69.4243 0
    endloop
  endfacet
  facet normal -0.707107 -0.707107 0
    outer loop
      vertex 95.4253 67.6848 -2
      vertex 95.1848 67.9253 0
      vertex 95.1848 67.9253 -2
    endloop
  endfacet
  facet normal -0.707107 -0.707107 0
    outer loop
      vertex 95.1848 67.9253 0
      vertex 95.4253 67.6848 -2
      vertex 95.4253 67.6848 0
    endloop
  endfacet
  facet normal -0.453904 -0.891051 0
    outer loop
      vertex 95.975 67.2854 -2
      vertex 96.2781 67.131 0
      vertex 95.975 67.2854 0
    endloop
  endfacet
  facet normal -0.453904 -0.891051 -0
    outer loop
      vertex 96.2781 67.131 0
      vertex 95.975 67.2854 -2
      vertex 96.2781 67.131 -2
    endloop
  endfacet
  facet normal -0.258961 -0.965888 0
    outer loop
      vertex 96.5957 67.0091 -2
      vertex 96.9243 66.921 0
      vertex 96.5957 67.0091 0
    endloop
  endfacet
  facet normal -0.258961 -0.965888 -0
    outer loop
      vertex 96.9243 66.921 0
      vertex 96.5957 67.0091 -2
      vertex 96.9243 66.921 -2
    endloop
  endfacet
  facet normal -0.965888 -0.258961 0
    outer loop
      vertex 94.5091 69.0957 -2
      vertex 94.421 69.4243 0
      vertex 94.421 69.4243 -2
    endloop
  endfacet
  facet normal -0.965888 -0.258961 0
    outer loop
      vertex 94.421 69.4243 0
      vertex 94.5091 69.0957 -2
      vertex 94.5091 69.0957 0
    endloop
  endfacet
  facet normal 0.965961 -0.258687 0
    outer loop
      vertex 100.691 69.0957 0
      vertex 100.779 69.4243 -1.90735e-07
      vertex 100.779 69.4243 0
    endloop
  endfacet
  facet normal 0.965961 -0.258687 0
    outer loop
      vertex 100.779 69.4243 -1.90735e-07
      vertex 100.691 69.0957 0
      vertex 100.691 69.0957 -1.90735e-07
    endloop
  endfacet
  facet normal 0.629308 0.777156 -0
    outer loop
      vertex 99.7747 72.5152 -2
      vertex 99.5103 72.7293 0
      vertex 99.7747 72.5152 0
    endloop
  endfacet
  facet normal 0.629308 0.777156 0
    outer loop
      vertex 99.5103 72.7293 0
      vertex 99.7747 72.5152 -2
      vertex 99.5103 72.7293 -2
    endloop
  endfacet
  facet normal 0.837698 0.546133 0
    outer loop
      vertex 100.415 71.725 0
      vertex 100.229 72.0103 -2
      vertex 100.229 72.0103 0
    endloop
  endfacet
  facet normal 0.837698 0.546133 0
    outer loop
      vertex 100.229 72.0103 -2
      vertex 100.415 71.725 0
      vertex 100.415 71.725 -2
    endloop
  endfacet
  facet normal 0.453904 0.891051 -0
    outer loop
      vertex 99.225 72.9146 -2
      vertex 98.9219 73.069 0
      vertex 99.225 72.9146 0
    endloop
  endfacet
  facet normal 0.453904 0.891051 0
    outer loop
      vertex 98.9219 73.069 0
      vertex 99.225 72.9146 -2
      vertex 98.9219 73.069 -2
    endloop
  endfacet
  facet normal 0.453904 -0.891051 0
    outer loop
      vertex 98.9219 67.131 -2
      vertex 99.225 67.2854 0
      vertex 98.9219 67.131 0
    endloop
  endfacet
  facet normal 0.453904 -0.891051 0
    outer loop
      vertex 99.225 67.2854 0
      vertex 98.9219 67.131 -2
      vertex 99.225 67.2854 -2
    endloop
  endfacet
  facet normal 0.7773 0.629131 0
    outer loop
      vertex 100.229 72.0103 0
      vertex 100.015 72.2747 -2
      vertex 100.015 72.2747 0
    endloop
  endfacet
  facet normal 0.7773 0.629131 0
    outer loop
      vertex 100.015 72.2747 -2
      vertex 100.229 72.0103 0
      vertex 100.229 72.0103 -2
    endloop
  endfacet
  facet normal -0.777156 0.629308 0
    outer loop
      vertex 94.9707 72.0103 -2
      vertex 95.1848 72.2747 0
      vertex 95.1848 72.2747 -2
    endloop
  endfacet
  facet normal -0.777156 0.629308 0
    outer loop
      vertex 95.1848 72.2747 0
      vertex 94.9707 72.0103 -2
      vertex 94.9707 72.0103 0
    endloop
  endfacet
  facet normal 0.0523274 -0.99863 0
    outer loop
      vertex 97.6 66.85 -2
      vertex 97.9397 66.8678 0
      vertex 97.6 66.85 0
    endloop
  endfacet
  facet normal 0.0523274 -0.99863 0
    outer loop
      vertex 97.9397 66.8678 0
      vertex 97.6 66.85 -2
      vertex 97.9397 66.8678 -2
    endloop
  endfacet
  facet normal 0.544689 0.838638 -0
    outer loop
      vertex 99.5103 72.7293 -2
      vertex 99.225 72.9146 0
      vertex 99.5103 72.7293 0
    endloop
  endfacet
  facet normal 0.544689 0.838638 0
    outer loop
      vertex 99.225 72.9146 0
      vertex 99.5103 72.7293 -2
      vertex 99.225 72.9146 -2
    endloop
  endfacet
  facet normal 0.156385 -0.987696 0
    outer loop
      vertex 97.9397 66.8678 -2
      vertex 98.2757 66.921 0
      vertex 97.9397 66.8678 0
    endloop
  endfacet
  facet normal 0.156385 -0.987696 0
    outer loop
      vertex 98.2757 66.921 0
      vertex 97.9397 66.8678 -2
      vertex 98.2757 66.921 -2
    endloop
  endfacet
  facet normal 0.891526 0.452969 0
    outer loop
      vertex 100.569 71.4219 0
      vertex 100.415 71.725 -2
      vertex 100.415 71.725 0
    endloop
  endfacet
  facet normal 0.891526 0.452969 0
    outer loop
      vertex 100.415 71.725 -2
      vertex 100.569 71.4219 0
      vertex 100.569 71.4219 -2
    endloop
  endfacet
  facet normal 0.837698 -0.546133 0
    outer loop
      vertex 100.229 68.1897 0
      vertex 100.415 68.475 -2
      vertex 100.415 68.475 0
    endloop
  endfacet
  facet normal 0.837698 -0.546133 0
    outer loop
      vertex 100.415 68.475 -2
      vertex 100.229 68.1897 0
      vertex 100.229 68.1897 -2
    endloop
  endfacet
  facet normal 0.7773 -0.629131 0
    outer loop
      vertex 100.015 67.9253 0
      vertex 100.229 68.1897 -2
      vertex 100.229 68.1897 0
    endloop
  endfacet
  facet normal 0.7773 -0.629131 0
    outer loop
      vertex 100.229 68.1897 -2
      vertex 100.015 67.9253 0
      vertex 100.015 67.9253 -2
    endloop
  endfacet
  facet normal 0.358329 0.933595 -0
    outer loop
      vertex 98.9219 73.069 -2
      vertex 98.6043 73.1909 0
      vertex 98.9219 73.069 0
    endloop
  endfacet
  facet normal 0.358329 0.933595 0
    outer loop
      vertex 98.6043 73.1909 0
      vertex 98.9219 73.069 -2
      vertex 98.6043 73.1909 -2
    endloop
  endfacet
  facet normal 0.891526 -0.452969 0
    outer loop
      vertex 100.415 68.475 0
      vertex 100.569 68.7781 -2
      vertex 100.569 68.7781 0
    endloop
  endfacet
  facet normal 0.891526 -0.452969 0
    outer loop
      vertex 100.569 68.7781 -2
      vertex 100.415 68.475 0
      vertex 100.415 68.475 -2
    endloop
  endfacet
  facet normal 0.933495 0.358591 0
    outer loop
      vertex 100.569 71.4219 0
      vertex 100.6 71.3412 -1.90735e-07
      vertex 100.569 71.4219 -2
    endloop
  endfacet
  facet normal 0.288101 0.110669 0.951184
    outer loop
      vertex 100.691 71.1043 0
      vertex 100.6 71.3412 -1.90735e-07
      vertex 100.569 71.4219 0
    endloop
  endfacet
  facet normal 0.933498 0.358583 0
    outer loop
      vertex 100.6 71.3412 -1.90735e-07
      vertex 100.691 71.1043 0
      vertex 100.691 71.1043 -1.90735e-07
    endloop
  endfacet
  facet normal 0.933495 0.358591 0
    outer loop
      vertex 100.569 71.4219 -2
      vertex 100.6 71.3412 -1.90735e-07
      vertex 100.6 71.3412 -2
    endloop
  endfacet
  facet normal 0 0 -1
    outer loop
      vertex 98.6506 69.6323 -2
      vertex 100.6 68.8588 -2
      vertex 100.569 68.7781 -2
    endloop
  endfacet
  facet normal 0 0 -1
    outer loop
      vertex 100.6 68.8588 -2
      vertex 98.75 70.1 -2
      vertex 100.6 71.3412 -2
    endloop
  endfacet
  facet normal 0 0 -1
    outer loop
      vertex 98.6506 69.6323 -2
      vertex 100.569 68.7781 -2
      vertex 100.415 68.475 -2
    endloop
  endfacet
  facet normal 0 0 -1
    outer loop
      vertex 98.7437 70.2202 -2
      vertex 100.6 71.3412 -2
      vertex 98.75 70.1 -2
    endloop
  endfacet
  facet normal 0 0 -1
    outer loop
      vertex 98.5959 69.525 -2
      vertex 100.415 68.475 -2
      vertex 100.229 68.1897 -2
    endloop
  endfacet
  facet normal 0 0 -1
    outer loop
      vertex 98.7249 70.3391 -2
      vertex 100.6 71.3412 -2
      vertex 98.7437 70.2202 -2
    endloop
  endfacet
  facet normal 0 0 -1
    outer loop
      vertex 98.5304 69.424 -2
      vertex 100.229 68.1897 -2
      vertex 100.015 67.9253 -2
    endloop
  endfacet
  facet normal 0 0 -1
    outer loop
      vertex 98.6937 70.4554 -2
      vertex 100.6 71.3412 -2
      vertex 98.7249 70.3391 -2
    endloop
  endfacet
  facet normal 0 0 -1
    outer loop
      vertex 98.4546 69.3305 -2
      vertex 100.015 67.9253 -2
      vertex 99.7747 67.6848 -2
    endloop
  endfacet
  facet normal 0 0 -1
    outer loop
      vertex 98.6506 70.5677 -2
      vertex 100.6 71.3412 -2
      vertex 98.6937 70.4554 -2
    endloop
  endfacet
  facet normal 0 0 -1
    outer loop
      vertex 98.3695 69.2454 -2
      vertex 99.7747 67.6848 -2
      vertex 99.5103 67.4707 -2
    endloop
  endfacet
  facet normal -0 0 -1
    outer loop
      vertex 100.6 71.3412 -2
      vertex 98.6506 70.5677 -2
      vertex 100.569 71.4219 -2
    endloop
  endfacet
  facet normal 0 0 -1
    outer loop
      vertex 98.276 69.1696 -2
      vertex 99.5103 67.4707 -2
      vertex 99.225 67.2854 -2
    endloop
  endfacet
  facet normal -0 0 -1
    outer loop
      vertex 100.569 71.4219 -2
      vertex 98.6506 70.5677 -2
      vertex 100.415 71.725 -2
    endloop
  endfacet
  facet normal 0 0 -1
    outer loop
      vertex 98.175 69.1041 -2
      vertex 99.225 67.2854 -2
      vertex 98.9219 67.131 -2
    endloop
  endfacet
  facet normal 0 0 -1
    outer loop
      vertex 98.5959 70.675 -2
      vertex 100.415 71.725 -2
      vertex 98.6506 70.5677 -2
    endloop
  endfacet
  facet normal -0 0 -1
    outer loop
      vertex 100.415 71.725 -2
      vertex 98.5959 70.675 -2
      vertex 100.229 72.0103 -2
    endloop
  endfacet
  facet normal 0 0 -1
    outer loop
      vertex 100.6 68.8588 -2
      vertex 98.7437 69.9798 -2
      vertex 98.75 70.1 -2
    endloop
  endfacet
  facet normal 0 0 -1
    outer loop
      vertex 100.6 68.8588 -2
      vertex 98.7249 69.8609 -2
      vertex 98.7437 69.9798 -2
    endloop
  endfacet
  facet normal 0 0 -1
    outer loop
      vertex 100.6 68.8588 -2
      vertex 98.6937 69.7446 -2
      vertex 98.7249 69.8609 -2
    endloop
  endfacet
  facet normal 0 0 -1
    outer loop
      vertex 100.6 68.8588 -2
      vertex 98.6506 69.6323 -2
      vertex 98.6937 69.7446 -2
    endloop
  endfacet
  facet normal 0 0 -1
    outer loop
      vertex 98.0677 69.0494 -2
      vertex 98.9219 67.131 -2
      vertex 98.6043 67.0091 -2
    endloop
  endfacet
  facet normal 0 0 -1
    outer loop
      vertex 100.415 68.475 -2
      vertex 98.5959 69.525 -2
      vertex 98.6506 69.6323 -2
    endloop
  endfacet
  facet normal 0 0 -1
    outer loop
      vertex 100.229 68.1897 -2
      vertex 98.5304 69.424 -2
      vertex 98.5959 69.525 -2
    endloop
  endfacet
  facet normal 0 0 -1
    outer loop
      vertex 100.015 67.9253 -2
      vertex 98.4546 69.3305 -2
      vertex 98.5304 69.424 -2
    endloop
  endfacet
  facet normal 0 0 -1
    outer loop
      vertex 99.7747 67.6848 -2
      vertex 98.3695 69.2454 -2
      vertex 98.4546 69.3305 -2
    endloop
  endfacet
  facet normal 0 0 -1
    outer loop
      vertex 99.5103 67.4707 -2
      vertex 98.276 69.1696 -2
      vertex 98.3695 69.2454 -2
    endloop
  endfacet
  facet normal 0 0 -1
    outer loop
      vertex 97.9554 69.0063 -2
      vertex 98.6043 67.0091 -2
      vertex 98.2757 66.921 -2
    endloop
  endfacet
  facet normal 0 0 -1
    outer loop
      vertex 99.225 67.2854 -2
      vertex 98.175 69.1041 -2
      vertex 98.276 69.1696 -2
    endloop
  endfacet
  facet normal 0 0 -1
    outer loop
      vertex 98.9219 67.131 -2
      vertex 98.0677 69.0494 -2
      vertex 98.175 69.1041 -2
    endloop
  endfacet
  facet normal 0 0 -1
    outer loop
      vertex 98.6043 67.0091 -2
      vertex 97.9554 69.0063 -2
      vertex 98.0677 69.0494 -2
    endloop
  endfacet
  facet normal 0 0 -1
    outer loop
      vertex 97.8391 68.9751 -2
      vertex 98.2757 66.921 -2
      vertex 97.9397 66.8678 -2
    endloop
  endfacet
  facet normal 0 0 -1
    outer loop
      vertex 98.2757 66.921 -2
      vertex 97.8391 68.9751 -2
      vertex 97.9554 69.0063 -2
    endloop
  endfacet
  facet normal 0 0 -1
    outer loop
      vertex 97.9397 66.8678 -2
      vertex 97.7202 68.9563 -2
      vertex 97.8391 68.9751 -2
    endloop
  endfacet
  facet normal 0 0 -1
    outer loop
      vertex 97.6 66.85 -2
      vertex 97.7202 68.9563 -2
      vertex 97.9397 66.8678 -2
    endloop
  endfacet
  facet normal 0 0 -1
    outer loop
      vertex 97.6 66.85 -2
      vertex 97.6 68.95 -2
      vertex 97.7202 68.9563 -2
    endloop
  endfacet
  facet normal 0 0 -1
    outer loop
      vertex 97.6 66.85 -2
      vertex 97.4798 68.9563 -2
      vertex 97.6 68.95 -2
    endloop
  endfacet
  facet normal 0 0 -1
    outer loop
      vertex 97.2603 66.8678 -2
      vertex 97.4798 68.9563 -2
      vertex 97.6 66.85 -2
    endloop
  endfacet
  facet normal -0 0 -1
    outer loop
      vertex 97.4798 68.9563 -2
      vertex 97.2603 66.8678 -2
      vertex 97.3609 68.9751 -2
    endloop
  endfacet
  facet normal 0 0 -1
    outer loop
      vertex 96.9243 66.921 -2
      vertex 97.3609 68.9751 -2
      vertex 97.2603 66.8678 -2
    endloop
  endfacet
  facet normal -0 0 -1
    outer loop
      vertex 97.3609 68.9751 -2
      vertex 96.9243 66.921 -2
      vertex 97.2446 69.0063 -2
    endloop
  endfacet
  facet normal 0 0 -1
    outer loop
      vertex 96.5957 67.0091 -2
      vertex 97.2446 69.0063 -2
      vertex 96.9243 66.921 -2
    endloop
  endfacet
  facet normal -0 0 -1
    outer loop
      vertex 97.2446 69.0063 -2
      vertex 96.5957 67.0091 -2
      vertex 97.1323 69.0494 -2
    endloop
  endfacet
  facet normal 0 0 -1
    outer loop
      vertex 96.2781 67.131 -2
      vertex 97.1323 69.0494 -2
      vertex 96.5957 67.0091 -2
    endloop
  endfacet
  facet normal -0 0 -1
    outer loop
      vertex 97.1323 69.0494 -2
      vertex 96.2781 67.131 -2
      vertex 97.025 69.1041 -2
    endloop
  endfacet
  facet normal 0 0 -1
    outer loop
      vertex 95.975 67.2854 -2
      vertex 97.025 69.1041 -2
      vertex 96.2781 67.131 -2
    endloop
  endfacet
  facet normal -0 0 -1
    outer loop
      vertex 97.025 69.1041 -2
      vertex 95.975 67.2854 -2
      vertex 96.924 69.1696 -2
    endloop
  endfacet
  facet normal 0 0 -1
    outer loop
      vertex 95.6897 67.4707 -2
      vertex 96.924 69.1696 -2
      vertex 95.975 67.2854 -2
    endloop
  endfacet
  facet normal -0 0 -1
    outer loop
      vertex 96.924 69.1696 -2
      vertex 95.6897 67.4707 -2
      vertex 96.8305 69.2454 -2
    endloop
  endfacet
  facet normal 0 0 -1
    outer loop
      vertex 95.4253 67.6848 -2
      vertex 96.8305 69.2454 -2
      vertex 95.6897 67.4707 -2
    endloop
  endfacet
  facet normal -0 0 -1
    outer loop
      vertex 96.8305 69.2454 -2
      vertex 95.4253 67.6848 -2
      vertex 96.7454 69.3305 -2
    endloop
  endfacet
  facet normal 0 0 -1
    outer loop
      vertex 95.1848 67.9253 -2
      vertex 96.7454 69.3305 -2
      vertex 95.4253 67.6848 -2
    endloop
  endfacet
  facet normal -0 0 -1
    outer loop
      vertex 96.7454 69.3305 -2
      vertex 95.1848 67.9253 -2
      vertex 96.6696 69.424 -2
    endloop
  endfacet
  facet normal 0 0 -1
    outer loop
      vertex 94.9707 68.1897 -2
      vertex 96.6696 69.424 -2
      vertex 95.1848 67.9253 -2
    endloop
  endfacet
  facet normal -0 0 -1
    outer loop
      vertex 96.6696 69.424 -2
      vertex 94.9707 68.1897 -2
      vertex 96.6041 69.525 -2
    endloop
  endfacet
  facet normal 0 0 -1
    outer loop
      vertex 98.5304 70.776 -2
      vertex 100.229 72.0103 -2
      vertex 98.5959 70.675 -2
    endloop
  endfacet
  facet normal -0 0 -1
    outer loop
      vertex 100.229 72.0103 -2
      vertex 98.5304 70.776 -2
      vertex 100.015 72.2747 -2
    endloop
  endfacet
  facet normal 0 0 -1
    outer loop
      vertex 98.4546 70.8695 -2
      vertex 100.015 72.2747 -2
      vertex 98.5304 70.776 -2
    endloop
  endfacet
  facet normal -0 0 -1
    outer loop
      vertex 100.015 72.2747 -2
      vertex 98.4546 70.8695 -2
      vertex 99.7747 72.5152 -2
    endloop
  endfacet
  facet normal 0 0 -1
    outer loop
      vertex 98.3695 70.9546 -2
      vertex 99.7747 72.5152 -2
      vertex 98.4546 70.8695 -2
    endloop
  endfacet
  facet normal -0 0 -1
    outer loop
      vertex 99.7747 72.5152 -2
      vertex 98.3695 70.9546 -2
      vertex 99.5103 72.7293 -2
    endloop
  endfacet
  facet normal 0 0 -1
    outer loop
      vertex 98.276 71.0304 -2
      vertex 99.5103 72.7293 -2
      vertex 98.3695 70.9546 -2
    endloop
  endfacet
  facet normal -0 0 -1
    outer loop
      vertex 99.5103 72.7293 -2
      vertex 98.276 71.0304 -2
      vertex 99.225 72.9146 -2
    endloop
  endfacet
  facet normal 0 0 -1
    outer loop
      vertex 98.175 71.0959 -2
      vertex 99.225 72.9146 -2
      vertex 98.276 71.0304 -2
    endloop
  endfacet
  facet normal -0 0 -1
    outer loop
      vertex 99.225 72.9146 -2
      vertex 98.175 71.0959 -2
      vertex 98.9219 73.069 -2
    endloop
  endfacet
  facet normal 0 0 -1
    outer loop
      vertex 98.0677 71.1506 -2
      vertex 98.9219 73.069 -2
      vertex 98.175 71.0959 -2
    endloop
  endfacet
  facet normal -0 0 -1
    outer loop
      vertex 98.9219 73.069 -2
      vertex 98.0677 71.1506 -2
      vertex 98.6043 73.1909 -2
    endloop
  endfacet
  facet normal 0 0 -1
    outer loop
      vertex 97.9554 71.1937 -2
      vertex 98.6043 73.1909 -2
      vertex 98.0677 71.1506 -2
    endloop
  endfacet
  facet normal -0 0 -1
    outer loop
      vertex 98.6043 73.1909 -2
      vertex 97.9554 71.1937 -2
      vertex 98.2757 73.279 -2
    endloop
  endfacet
  facet normal 0 0 -1
    outer loop
      vertex 97.8391 71.2249 -2
      vertex 98.2757 73.279 -2
      vertex 97.9554 71.1937 -2
    endloop
  endfacet
  facet normal -0 0 -1
    outer loop
      vertex 98.2757 73.279 -2
      vertex 97.8391 71.2249 -2
      vertex 97.9397 73.3322 -2
    endloop
  endfacet
  facet normal 0 0 -1
    outer loop
      vertex 97.7202 71.2437 -2
      vertex 97.9397 73.3322 -2
      vertex 97.8391 71.2249 -2
    endloop
  endfacet
  facet normal 0 0 -1
    outer loop
      vertex 97.6 71.25 -2
      vertex 97.9397 73.3322 -2
      vertex 97.7202 71.2437 -2
    endloop
  endfacet
  facet normal 0 0 -1
    outer loop
      vertex 97.6 71.25 -2
      vertex 97.6 73.35 -2
      vertex 97.9397 73.3322 -2
    endloop
  endfacet
  facet normal 0 0 -1
    outer loop
      vertex 97.4798 71.2437 -2
      vertex 97.6 73.35 -2
      vertex 97.6 71.25 -2
    endloop
  endfacet
  facet normal 0 0 -1
    outer loop
      vertex 97.2603 73.3322 -2
      vertex 97.4798 71.2437 -2
      vertex 97.3609 71.2249 -2
    endloop
  endfacet
  facet normal 0 0 -1
    outer loop
      vertex 97.4798 71.2437 -2
      vertex 97.2603 73.3322 -2
      vertex 97.6 73.35 -2
    endloop
  endfacet
  facet normal 0 0 -1
    outer loop
      vertex 96.9243 73.279 -2
      vertex 97.3609 71.2249 -2
      vertex 97.2446 71.1937 -2
    endloop
  endfacet
  facet normal 0 0 -1
    outer loop
      vertex 96.5957 73.1909 -2
      vertex 97.2446 71.1937 -2
      vertex 97.1323 71.1506 -2
    endloop
  endfacet
  facet normal 0 0 -1
    outer loop
      vertex 96.2781 73.069 -2
      vertex 97.1323 71.1506 -2
      vertex 97.025 71.0959 -2
    endloop
  endfacet
  facet normal 0 0 -1
    outer loop
      vertex 97.3609 71.2249 -2
      vertex 96.9243 73.279 -2
      vertex 97.2603 73.3322 -2
    endloop
  endfacet
  facet normal 0 0 -1
    outer loop
      vertex 95.975 72.9146 -2
      vertex 97.025 71.0959 -2
      vertex 96.924 71.0304 -2
    endloop
  endfacet
  facet normal 0 0 -1
    outer loop
      vertex 95.6897 72.7293 -2
      vertex 96.924 71.0304 -2
      vertex 96.8305 70.9546 -2
    endloop
  endfacet
  facet normal 0 0 -1
    outer loop
      vertex 95.4253 72.5152 -2
      vertex 96.8305 70.9546 -2
      vertex 96.7454 70.8695 -2
    endloop
  endfacet
  facet normal 0 0 -1
    outer loop
      vertex 95.1848 72.2747 -2
      vertex 96.7454 70.8695 -2
      vertex 96.6696 70.776 -2
    endloop
  endfacet
  facet normal 0 0 -1
    outer loop
      vertex 94.9707 72.0103 -2
      vertex 96.6696 70.776 -2
      vertex 96.6041 70.675 -2
    endloop
  endfacet
  facet normal 0 0 -1
    outer loop
      vertex 97.2446 71.1937 -2
      vertex 96.5957 73.1909 -2
      vertex 96.9243 73.279 -2
    endloop
  endfacet
  facet normal 0 0 -1
    outer loop
      vertex 94.7854 71.725 -2
      vertex 96.6041 70.675 -2
      vertex 96.5494 70.5677 -2
    endloop
  endfacet
  facet normal 0 0 -1
    outer loop
      vertex 94.631 71.4219 -2
      vertex 96.5494 70.5677 -2
      vertex 96.5063 70.4554 -2
    endloop
  endfacet
  facet normal 0 0 -1
    outer loop
      vertex 94.5091 71.1043 -2
      vertex 96.5063 70.4554 -2
      vertex 96.4751 70.3391 -2
    endloop
  endfacet
  facet normal 0 0 -1
    outer loop
      vertex 94.421 70.7757 -2
      vertex 96.4751 70.3391 -2
      vertex 96.4563 70.2202 -2
    endloop
  endfacet
  facet normal 0 0 -1
    outer loop
      vertex 94.3678 70.4397 -2
      vertex 96.4563 70.2202 -2
      vertex 96.45 70.1 -2
    endloop
  endfacet
  facet normal 0 0 -1
    outer loop
      vertex 94.7854 68.475 -2
      vertex 96.6041 69.525 -2
      vertex 94.9707 68.1897 -2
    endloop
  endfacet
  facet normal 0 0 -1
    outer loop
      vertex 97.1323 71.1506 -2
      vertex 96.2781 73.069 -2
      vertex 96.5957 73.1909 -2
    endloop
  endfacet
  facet normal -0 0 -1
    outer loop
      vertex 96.6041 69.525 -2
      vertex 94.7854 68.475 -2
      vertex 96.5494 69.6323 -2
    endloop
  endfacet
  facet normal 0 0 -1
    outer loop
      vertex 97.025 71.0959 -2
      vertex 95.975 72.9146 -2
      vertex 96.2781 73.069 -2
    endloop
  endfacet
  facet normal 0 0 -1
    outer loop
      vertex 94.631 68.7781 -2
      vertex 96.5494 69.6323 -2
      vertex 94.7854 68.475 -2
    endloop
  endfacet
  facet normal 0 0 -1
    outer loop
      vertex 96.924 71.0304 -2
      vertex 95.6897 72.7293 -2
      vertex 95.975 72.9146 -2
    endloop
  endfacet
  facet normal -0 0 -1
    outer loop
      vertex 96.5494 69.6323 -2
      vertex 94.631 68.7781 -2
      vertex 96.5063 69.7446 -2
    endloop
  endfacet
  facet normal 0 0 -1
    outer loop
      vertex 96.8305 70.9546 -2
      vertex 95.4253 72.5152 -2
      vertex 95.6897 72.7293 -2
    endloop
  endfacet
  facet normal 0 0 -1
    outer loop
      vertex 94.5091 69.0957 -2
      vertex 96.5063 69.7446 -2
      vertex 94.631 68.7781 -2
    endloop
  endfacet
  facet normal 0 0 -1
    outer loop
      vertex 96.7454 70.8695 -2
      vertex 95.1848 72.2747 -2
      vertex 95.4253 72.5152 -2
    endloop
  endfacet
  facet normal -0 0 -1
    outer loop
      vertex 96.5063 69.7446 -2
      vertex 94.5091 69.0957 -2
      vertex 96.4751 69.8609 -2
    endloop
  endfacet
  facet normal 0 0 -1
    outer loop
      vertex 96.6696 70.776 -2
      vertex 94.9707 72.0103 -2
      vertex 95.1848 72.2747 -2
    endloop
  endfacet
  facet normal 0 0 -1
    outer loop
      vertex 94.421 69.4243 -2
      vertex 96.4751 69.8609 -2
      vertex 94.5091 69.0957 -2
    endloop
  endfacet
  facet normal 0 0 -1
    outer loop
      vertex 96.6041 70.675 -2
      vertex 94.7854 71.725 -2
      vertex 94.9707 72.0103 -2
    endloop
  endfacet
  facet normal -0 0 -1
    outer loop
      vertex 96.4751 69.8609 -2
      vertex 94.421 69.4243 -2
      vertex 96.4563 69.9798 -2
    endloop
  endfacet
  facet normal 0 0 -1
    outer loop
      vertex 96.5494 70.5677 -2
      vertex 94.631 71.4219 -2
      vertex 94.7854 71.725 -2
    endloop
  endfacet
  facet normal 0 0 -1
    outer loop
      vertex 94.3678 69.7603 -2
      vertex 96.4563 69.9798 -2
      vertex 94.421 69.4243 -2
    endloop
  endfacet
  facet normal 0 0 -1
    outer loop
      vertex 96.5063 70.4554 -2
      vertex 94.5091 71.1043 -2
      vertex 94.631 71.4219 -2
    endloop
  endfacet
  facet normal -0 0 -1
    outer loop
      vertex 96.4563 69.9798 -2
      vertex 94.3678 69.7603 -2
      vertex 96.45 70.1 -2
    endloop
  endfacet
  facet normal 0 0 -1
    outer loop
      vertex 96.4751 70.3391 -2
      vertex 94.421 70.7757 -2
      vertex 94.5091 71.1043 -2
    endloop
  endfacet
  facet normal 0 0 -1
    outer loop
      vertex 94.35 70.1 -2
      vertex 96.45 70.1 -2
      vertex 94.3678 69.7603 -2
    endloop
  endfacet
  facet normal 0 0 -1
    outer loop
      vertex 96.4563 70.2202 -2
      vertex 94.3678 70.4397 -2
      vertex 94.421 70.7757 -2
    endloop
  endfacet
  facet normal 0 0 -1
    outer loop
      vertex 96.45 70.1 -2
      vertex 94.35 70.1 -2
      vertex 94.3678 70.4397 -2
    endloop
  endfacet
  facet normal 0.987787 -0.155812 0
    outer loop
      vertex 100.779 69.4243 0
      vertex 100.832 69.7603 -1.90735e-07
      vertex 100.832 69.7603 0
    endloop
  endfacet
  facet normal 0.987787 -0.155812 0
    outer loop
      vertex 100.832 69.7603 -1.90735e-07
      vertex 100.779 69.4243 0
      vertex 100.779 69.4243 -1.90735e-07
    endloop
  endfacet
  facet normal 0.629308 -0.777156 0
    outer loop
      vertex 99.5103 67.4707 -2
      vertex 99.7747 67.6848 0
      vertex 99.5103 67.4707 0
    endloop
  endfacet
  facet normal 0.629308 -0.777156 0
    outer loop
      vertex 99.7747 67.6848 0
      vertex 99.5103 67.4707 -2
      vertex 99.7747 67.6848 -2
    endloop
  endfacet
  facet normal -0.156385 0.987696 0
    outer loop
      vertex 97.2603 73.3322 -2
      vertex 96.9243 73.279 0
      vertex 97.2603 73.3322 0
    endloop
  endfacet
  facet normal -0.156385 0.987696 0
    outer loop
      vertex 96.9243 73.279 0
      vertex 97.2603 73.3322 -2
      vertex 96.9243 73.279 -2
    endloop
  endfacet
  facet normal 0.0523274 0.99863 -0
    outer loop
      vertex 97.9397 73.3322 -2
      vertex 97.6 73.35 0
      vertex 97.9397 73.3322 0
    endloop
  endfacet
  facet normal 0.0523274 0.99863 0
    outer loop
      vertex 97.6 73.35 0
      vertex 97.9397 73.3322 -2
      vertex 97.6 73.35 -2
    endloop
  endfacet
  facet normal -0.987696 0.156385 0
    outer loop
      vertex 94.3678 70.4397 -2
      vertex 94.421 70.7757 0
      vertex 94.421 70.7757 -2
    endloop
  endfacet
  facet normal -0.987696 0.156385 0
    outer loop
      vertex 94.421 70.7757 0
      vertex 94.3678 70.4397 -2
      vertex 94.3678 70.4397 0
    endloop
  endfacet
  facet normal -0.891051 -0.453904 0
    outer loop
      vertex 94.7854 68.475 -2
      vertex 94.631 68.7781 0
      vertex 94.631 68.7781 -2
    endloop
  endfacet
  facet normal -0.891051 -0.453904 0
    outer loop
      vertex 94.631 68.7781 0
      vertex 94.7854 68.475 -2
      vertex 94.7854 68.475 0
    endloop
  endfacet
  facet normal 0.965961 0.258687 0
    outer loop
      vertex 100.779 70.7757 0
      vertex 100.691 71.1043 -1.90735e-07
      vertex 100.691 71.1043 0
    endloop
  endfacet
  facet normal 0.965961 0.258687 0
    outer loop
      vertex 100.691 71.1043 -1.90735e-07
      vertex 100.779 70.7757 0
      vertex 100.779 70.7757 -1.90735e-07
    endloop
  endfacet
  facet normal -0.629308 0.777156 0
    outer loop
      vertex 95.6897 72.7293 -2
      vertex 95.4253 72.5152 0
      vertex 95.6897 72.7293 0
    endloop
  endfacet
  facet normal -0.629308 0.777156 0
    outer loop
      vertex 95.4253 72.5152 0
      vertex 95.6897 72.7293 -2
      vertex 95.4253 72.5152 -2
    endloop
  endfacet
  facet normal -0.933595 0.358329 0
    outer loop
      vertex 94.5091 71.1043 -2
      vertex 94.631 71.4219 0
      vertex 94.631 71.4219 -2
    endloop
  endfacet
  facet normal -0.933595 0.358329 0
    outer loop
      vertex 94.631 71.4219 0
      vertex 94.5091 71.1043 -2
      vertex 94.5091 71.1043 0
    endloop
  endfacet
  facet normal -0.891051 0.453904 0
    outer loop
      vertex 94.631 71.4219 -2
      vertex 94.7854 71.725 0
      vertex 94.7854 71.725 -2
    endloop
  endfacet
  facet normal -0.891051 0.453904 0
    outer loop
      vertex 94.7854 71.725 0
      vertex 94.631 71.4219 -2
      vertex 94.631 71.4219 0
    endloop
  endfacet
  facet normal 0.358329 -0.933595 0
    outer loop
      vertex 98.6043 67.0091 -2
      vertex 98.9219 67.131 0
      vertex 98.6043 67.0091 0
    endloop
  endfacet
  facet normal 0.358329 -0.933595 0
    outer loop
      vertex 98.9219 67.131 0
      vertex 98.6043 67.0091 -2
      vertex 98.9219 67.131 -2
    endloop
  endfacet
  facet normal -0.0523274 0.99863 0
    outer loop
      vertex 97.6 73.35 -2
      vertex 97.2603 73.3322 0
      vertex 97.6 73.35 0
    endloop
  endfacet
  facet normal -0.0523274 0.99863 0
    outer loop
      vertex 97.2603 73.3322 0
      vertex 97.6 73.35 -2
      vertex 97.2603 73.3322 -2
    endloop
  endfacet
  facet normal -0.838638 -0.544689 0
    outer loop
      vertex 94.9707 68.1897 -2
      vertex 94.7854 68.475 0
      vertex 94.7854 68.475 -2
    endloop
  endfacet
  facet normal -0.838638 -0.544689 0
    outer loop
      vertex 94.7854 68.475 0
      vertex 94.9707 68.1897 -2
      vertex 94.9707 68.1897 0
    endloop
  endfacet
  facet normal -0.99863 -0.0523274 0
    outer loop
      vertex 94.3678 69.7603 -2
      vertex 94.35 70.1 0
      vertex 94.35 70.1 -2
    endloop
  endfacet
  facet normal -0.99863 -0.0523274 0
    outer loop
      vertex 94.35 70.1 0
      vertex 94.3678 69.7603 -2
      vertex 94.3678 69.7603 0
    endloop
  endfacet
  facet normal 0.258961 0.965888 -0
    outer loop
      vertex 98.6043 73.1909 -2
      vertex 98.2757 73.279 0
      vertex 98.6043 73.1909 0
    endloop
  endfacet
  facet normal 0.258961 0.965888 0
    outer loop
      vertex 98.2757 73.279 0
      vertex 98.6043 73.1909 -2
      vertex 98.2757 73.279 -2
    endloop
  endfacet
  facet normal -0.777156 -0.629308 0
    outer loop
      vertex 95.1848 67.9253 -2
      vertex 94.9707 68.1897 0
      vertex 94.9707 68.1897 -2
    endloop
  endfacet
  facet normal -0.777156 -0.629308 0
    outer loop
      vertex 94.9707 68.1897 0
      vertex 95.1848 67.9253 -2
      vertex 95.1848 67.9253 0
    endloop
  endfacet
  facet normal -0.965888 0.258961 0
    outer loop
      vertex 94.421 70.7757 -2
      vertex 94.5091 71.1043 0
      vertex 94.5091 71.1043 -2
    endloop
  endfacet
  facet normal -0.965888 0.258961 0
    outer loop
      vertex 94.5091 71.1043 0
      vertex 94.421 70.7757 -2
      vertex 94.421 70.7757 0
    endloop
  endfacet
  facet normal -0.933595 -0.358329 0
    outer loop
      vertex 94.631 68.7781 -2
      vertex 94.5091 69.0957 0
      vertex 94.5091 69.0957 -2
    endloop
  endfacet
  facet normal -0.933595 -0.358329 0
    outer loop
      vertex 94.5091 69.0957 0
      vertex 94.631 68.7781 -2
      vertex 94.631 68.7781 0
    endloop
  endfacet
  facet normal -0.629308 -0.777156 0
    outer loop
      vertex 95.4253 67.6848 -2
      vertex 95.6897 67.4707 0
      vertex 95.4253 67.6848 0
    endloop
  endfacet
  facet normal -0.629308 -0.777156 -0
    outer loop
      vertex 95.6897 67.4707 0
      vertex 95.4253 67.6848 -2
      vertex 95.6897 67.4707 -2
    endloop
  endfacet
  facet normal 0.933498 -0.358583 0
    outer loop
      vertex 100.691 69.0957 0
      vertex 100.6 68.8588 -1.90735e-07
      vertex 100.691 69.0957 -1.90735e-07
    endloop
  endfacet
  facet normal 0.288101 -0.110669 0.951184
    outer loop
      vertex 100.569 68.7781 0
      vertex 100.6 68.8588 -1.90735e-07
      vertex 100.691 69.0957 0
    endloop
  endfacet
  facet normal 0.933495 -0.358591 0
    outer loop
      vertex 100.569 68.7781 0
      vertex 100.6 68.8588 -2
      vertex 100.6 68.8588 -1.90735e-07
    endloop
  endfacet
  facet normal 0.933495 -0.358591 0
    outer loop
      vertex 100.6 68.8588 -2
      vertex 100.569 68.7781 0
      vertex 100.569 68.7781 -2
    endloop
  endfacet
  facet normal -0.544689 -0.838638 0
    outer loop
      vertex 95.6897 67.4707 -2
      vertex 95.975 67.2854 0
      vertex 95.6897 67.4707 0
    endloop
  endfacet
  facet normal -0.544689 -0.838638 -0
    outer loop
      vertex 95.975 67.2854 0
      vertex 95.6897 67.4707 -2
      vertex 95.975 67.2854 -2
    endloop
  endfacet
  facet normal -0.0523274 -0.99863 0
    outer loop
      vertex 97.2603 66.8678 -2
      vertex 97.6 66.85 0
      vertex 97.2603 66.8678 0
    endloop
  endfacet
  facet normal -0.0523274 -0.99863 -0
    outer loop
      vertex 97.6 66.85 0
      vertex 97.2603 66.8678 -2
      vertex 97.6 66.85 -2
    endloop
  endfacet
  facet normal -0.99863 0.0523274 0
    outer loop
      vertex 94.35 70.1 -2
      vertex 94.3678 70.4397 0
      vertex 94.3678 70.4397 -2
    endloop
  endfacet
  facet normal -0.99863 0.0523274 0
    outer loop
      vertex 94.3678 70.4397 0
      vertex 94.35 70.1 -2
      vertex 94.35 70.1 0
    endloop
  endfacet
  facet normal -0.358329 -0.933595 0
    outer loop
      vertex 96.2781 67.131 -2
      vertex 96.5957 67.0091 0
      vertex 96.2781 67.131 0
    endloop
  endfacet
  facet normal -0.358329 -0.933595 -0
    outer loop
      vertex 96.5957 67.0091 0
      vertex 96.2781 67.131 -2
      vertex 96.5957 67.0091 -2
    endloop
  endfacet
  facet normal 0.707401 -0.706813 0
    outer loop
      vertex 99.7747 67.6848 0
      vertex 100.015 67.9253 -2
      vertex 100.015 67.9253 0
    endloop
  endfacet
  facet normal 0.707401 -0.706813 0
    outer loop
      vertex 100.015 67.9253 -2
      vertex 99.7747 67.6848 0
      vertex 99.7747 67.6848 -2
    endloop
  endfacet
  facet normal 0.629351 -0.777121 0
    outer loop
      vertex 8.3103 67.4707 -2
      vertex 8.57467 67.6848 0
      vertex 8.3103 67.4707 0
    endloop
  endfacet
  facet normal 0.629351 -0.777121 0
    outer loop
      vertex 8.57467 67.6848 0
      vertex 8.3103 67.4707 -2
      vertex 8.57467 67.6848 -2
    endloop
  endfacet
  facet normal 0.987687 0.156443 0
    outer loop
      vertex 9.6322 70.4397 0
      vertex 9.57898 70.7757 -2
      vertex 9.57898 70.7757 0
    endloop
  endfacet
  facet normal 0.987687 0.156443 0
    outer loop
      vertex 9.57898 70.7757 -2
      vertex 9.6322 70.4397 0
      vertex 9.6322 70.4397 -2
    endloop
  endfacet
  facet normal 0.99863 0.0523274 0
    outer loop
      vertex 9.65 70.1 0
      vertex 9.6322 70.4397 -2
      vertex 9.6322 70.4397 0
    endloop
  endfacet
  facet normal 0.99863 0.0523274 0
    outer loop
      vertex 9.6322 70.4397 -2
      vertex 9.65 70.1 0
      vertex 9.65 70.1 -2
    endloop
  endfacet
  facet normal 0.838665 -0.544647 0
    outer loop
      vertex 9.0293 68.1897 0
      vertex 9.21458 68.475 -2
      vertex 9.21458 68.475 0
    endloop
  endfacet
  facet normal 0.838665 -0.544647 0
    outer loop
      vertex 9.21458 68.475 -2
      vertex 9.0293 68.1897 0
      vertex 9.0293 68.1897 -2
    endloop
  endfacet
  facet normal -0.258961 0.965888 0
    outer loop
      vertex 5.72429 73.279 -2
      vertex 5.39569 73.1909 0
      vertex 5.72429 73.279 0
    endloop
  endfacet
  facet normal -0.258961 0.965888 0
    outer loop
      vertex 5.39569 73.1909 0
      vertex 5.72429 73.279 -2
      vertex 5.39569 73.1909 -2
    endloop
  endfacet
  facet normal 0.987687 -0.156443 0
    outer loop
      vertex 9.57898 69.4243 0
      vertex 9.6322 69.7603 -2
      vertex 9.6322 69.7603 0
    endloop
  endfacet
  facet normal 0.987687 -0.156443 0
    outer loop
      vertex 9.6322 69.7603 -2
      vertex 9.57898 69.4243 0
      vertex 9.57898 69.4243 -2
    endloop
  endfacet
  facet normal -0.838679 -0.544627 0
    outer loop
      vertex 3.77069 68.1897 -2
      vertex 3.58542 68.475 0
      vertex 3.58542 68.475 -2
    endloop
  endfacet
  facet normal -0.838679 -0.544627 0
    outer loop
      vertex 3.58542 68.475 0
      vertex 3.77069 68.1897 -2
      vertex 3.77069 68.1897 0
    endloop
  endfacet
  facet normal -0.0523243 0.99863 0
    outer loop
      vertex 6.4 73.35 -2
      vertex 6.06028 73.3322 0
      vertex 6.4 73.35 0
    endloop
  endfacet
  facet normal -0.0523243 0.99863 0
    outer loop
      vertex 6.06028 73.3322 0
      vertex 6.4 73.35 -2
      vertex 6.06028 73.3322 -2
    endloop
  endfacet
  facet normal -0.629337 0.777133 0
    outer loop
      vertex 4.4897 72.7293 -2
      vertex 4.22532 72.5152 0
      vertex 4.4897 72.7293 0
    endloop
  endfacet
  facet normal -0.629337 0.777133 0
    outer loop
      vertex 4.22532 72.5152 0
      vertex 4.4897 72.7293 -2
      vertex 4.22532 72.5152 -2
    endloop
  endfacet
  facet normal -0.258961 -0.965888 0
    outer loop
      vertex 5.39569 67.0091 -2
      vertex 5.72429 66.921 0
      vertex 5.39569 67.0091 0
    endloop
  endfacet
  facet normal -0.258961 -0.965888 -0
    outer loop
      vertex 5.72429 66.921 0
      vertex 5.39569 67.0091 -2
      vertex 5.72429 66.921 -2
    endloop
  endfacet
  facet normal 0.258969 0.965886 -0
    outer loop
      vertex 7.4043 73.1909 -2
      vertex 7.07571 73.279 0
      vertex 7.4043 73.1909 0
    endloop
  endfacet
  facet normal 0.258969 0.965886 0
    outer loop
      vertex 7.07571 73.279 0
      vertex 7.4043 73.1909 -2
      vertex 7.07571 73.279 -2
    endloop
  endfacet
  facet normal 0.629351 0.777121 -0
    outer loop
      vertex 8.57467 72.5152 -2
      vertex 8.3103 72.7293 0
      vertex 8.57467 72.5152 0
    endloop
  endfacet
  facet normal 0.629351 0.777121 0
    outer loop
      vertex 8.3103 72.7293 0
      vertex 8.57467 72.5152 -2
      vertex 8.3103 72.7293 -2
    endloop
  endfacet
  facet normal -0.99863 0.0523274 0
    outer loop
      vertex 3.15 70.1 -1.90735e-07
      vertex 3.1678 70.4397 0
      vertex 3.1678 70.4397 -1.90735e-07
    endloop
  endfacet
  facet normal -0.99863 0.0523274 0
    outer loop
      vertex 3.1678 70.4397 0
      vertex 3.15 70.1 -1.90735e-07
      vertex 3.15 70.1 0
    endloop
  endfacet
  facet normal 0.99863 -0.0523274 0
    outer loop
      vertex 9.6322 69.7603 0
      vertex 9.65 70.1 -2
      vertex 9.65 70.1 0
    endloop
  endfacet
  facet normal 0.99863 -0.0523274 0
    outer loop
      vertex 9.65 70.1 -2
      vertex 9.6322 69.7603 0
      vertex 9.6322 69.7603 -2
    endloop
  endfacet
  facet normal 0.0523243 -0.99863 0
    outer loop
      vertex 6.4 66.85 -2
      vertex 6.73972 66.8678 0
      vertex 6.4 66.85 0
    endloop
  endfacet
  facet normal 0.0523243 -0.99863 0
    outer loop
      vertex 6.73972 66.8678 0
      vertex 6.4 66.85 -2
      vertex 6.73972 66.8678 -2
    endloop
  endfacet
  facet normal 0.453892 0.891057 -0
    outer loop
      vertex 8.025 72.9146 -2
      vertex 7.72189 73.069 0
      vertex 8.025 72.9146 0
    endloop
  endfacet
  facet normal 0.453892 0.891057 0
    outer loop
      vertex 7.72189 73.069 0
      vertex 8.025 72.9146 -2
      vertex 7.72189 73.069 -2
    endloop
  endfacet
  facet normal -0.987687 -0.156443 0
    outer loop
      vertex 3.22102 69.4243 -1.90735e-07
      vertex 3.1678 69.7603 0
      vertex 3.1678 69.7603 -1.90735e-07
    endloop
  endfacet
  facet normal -0.987687 -0.156443 0
    outer loop
      vertex 3.1678 69.7603 0
      vertex 3.22102 69.4243 -1.90735e-07
      vertex 3.22102 69.4243 0
    endloop
  endfacet
  facet normal 0.358339 0.933592 -0
    outer loop
      vertex 7.72189 73.069 -2
      vertex 7.4043 73.1909 0
      vertex 7.72189 73.069 0
    endloop
  endfacet
  facet normal 0.358339 0.933592 0
    outer loop
      vertex 7.4043 73.1909 0
      vertex 7.72189 73.069 -2
      vertex 7.4043 73.1909 -2
    endloop
  endfacet
  facet normal 0.358339 -0.933592 0
    outer loop
      vertex 7.4043 67.0091 -2
      vertex 7.72189 67.131 0
      vertex 7.4043 67.0091 0
    endloop
  endfacet
  facet normal 0.358339 -0.933592 0
    outer loop
      vertex 7.72189 67.131 0
      vertex 7.4043 67.0091 -2
      vertex 7.72189 67.131 -2
    endloop
  endfacet
  facet normal -0.453904 0.891051 0
    outer loop
      vertex 5.0781 73.069 -2
      vertex 4.775 72.9146 0
      vertex 5.0781 73.069 0
    endloop
  endfacet
  facet normal -0.453904 0.891051 0
    outer loop
      vertex 4.775 72.9146 0
      vertex 5.0781 73.069 -2
      vertex 4.775 72.9146 -2
    endloop
  endfacet
  facet normal -0.965924 -0.258824 0
    outer loop
      vertex 3.30907 69.0957 -1.90735e-07
      vertex 3.22102 69.4243 0
      vertex 3.22102 69.4243 -1.90735e-07
    endloop
  endfacet
  facet normal -0.965924 -0.258824 0
    outer loop
      vertex 3.22102 69.4243 0
      vertex 3.30907 69.0957 -1.90735e-07
      vertex 3.30907 69.0957 0
    endloop
  endfacet
  facet normal 0.965924 -0.258824 0
    outer loop
      vertex 9.49093 69.0957 0
      vertex 9.57898 69.4243 -2
      vertex 9.57898 69.4243 0
    endloop
  endfacet
  facet normal 0.965924 -0.258824 0
    outer loop
      vertex 9.57898 69.4243 -2
      vertex 9.49093 69.0957 0
      vertex 9.49093 69.0957 -2
    endloop
  endfacet
  facet normal -0.965924 0.258824 0
    outer loop
      vertex 3.22102 70.7757 -1.90735e-07
      vertex 3.30907 71.1043 0
      vertex 3.30907 71.1043 -1.90735e-07
    endloop
  endfacet
  facet normal -0.965924 0.258824 0
    outer loop
      vertex 3.30907 71.1043 0
      vertex 3.22102 70.7757 -1.90735e-07
      vertex 3.22102 70.7757 0
    endloop
  endfacet
  facet normal 0.838665 0.544647 0
    outer loop
      vertex 9.21458 71.725 0
      vertex 9.0293 72.0103 -2
      vertex 9.0293 72.0103 0
    endloop
  endfacet
  facet normal 0.838665 0.544647 0
    outer loop
      vertex 9.0293 72.0103 -2
      vertex 9.21458 71.725 0
      vertex 9.21458 71.725 -2
    endloop
  endfacet
  facet normal -0.544689 0.838638 0
    outer loop
      vertex 4.775 72.9146 -2
      vertex 4.4897 72.7293 0
      vertex 4.775 72.9146 0
    endloop
  endfacet
  facet normal -0.544689 0.838638 0
    outer loop
      vertex 4.4897 72.7293 0
      vertex 4.775 72.9146 -2
      vertex 4.4897 72.7293 -2
    endloop
  endfacet
  facet normal -0.15639 -0.987695 0
    outer loop
      vertex 5.72429 66.921 -2
      vertex 6.06028 66.8678 0
      vertex 5.72429 66.921 0
    endloop
  endfacet
  facet normal -0.15639 -0.987695 -0
    outer loop
      vertex 6.06028 66.8678 0
      vertex 5.72429 66.921 -2
      vertex 6.06028 66.8678 -2
    endloop
  endfacet
  facet normal -0.629337 -0.777133 0
    outer loop
      vertex 4.22532 67.6848 -2
      vertex 4.4897 67.4707 0
      vertex 4.22532 67.6848 0
    endloop
  endfacet
  facet normal -0.629337 -0.777133 -0
    outer loop
      vertex 4.4897 67.4707 0
      vertex 4.22532 67.6848 -2
      vertex 4.4897 67.4707 -2
    endloop
  endfacet
  facet normal 0.707033 0.70718 0
    outer loop
      vertex 8.81522 72.2747 0
      vertex 8.57467 72.5152 -2
      vertex 8.57467 72.5152 0
    endloop
  endfacet
  facet normal 0.707033 0.70718 0
    outer loop
      vertex 8.57467 72.5152 -2
      vertex 8.81522 72.2747 0
      vertex 8.81522 72.2747 -2
    endloop
  endfacet
  facet normal 0.15639 -0.987695 0
    outer loop
      vertex 6.73972 66.8678 -2
      vertex 7.07571 66.921 0
      vertex 6.73972 66.8678 0
    endloop
  endfacet
  facet normal 0.15639 -0.987695 0
    outer loop
      vertex 7.07571 66.921 0
      vertex 6.73972 66.8678 -2
      vertex 7.07571 66.921 -2
    endloop
  endfacet
  facet normal -0.15639 0.987695 0
    outer loop
      vertex 6.06028 73.3322 -2
      vertex 5.72429 73.279 0
      vertex 6.06028 73.3322 0
    endloop
  endfacet
  facet normal -0.15639 0.987695 0
    outer loop
      vertex 5.72429 73.279 0
      vertex 6.06028 73.3322 -2
      vertex 5.72429 73.279 -2
    endloop
  endfacet
  facet normal 0.891003 0.453997 0
    outer loop
      vertex 9.36902 71.4219 0
      vertex 9.21458 71.725 -2
      vertex 9.21458 71.725 0
    endloop
  endfacet
  facet normal 0.891003 0.453997 0
    outer loop
      vertex 9.21458 71.725 -2
      vertex 9.36902 71.4219 0
      vertex 9.36902 71.4219 -2
    endloop
  endfacet
  facet normal 0.453892 -0.891057 0
    outer loop
      vertex 7.72189 67.131 -2
      vertex 8.025 67.2854 0
      vertex 7.72189 67.131 0
    endloop
  endfacet
  facet normal 0.453892 -0.891057 0
    outer loop
      vertex 8.025 67.2854 0
      vertex 7.72189 67.131 -2
      vertex 8.025 67.2854 -2
    endloop
  endfacet
  facet normal 0.777185 -0.629273 0
    outer loop
      vertex 8.81522 67.9253 0
      vertex 9.0293 68.1897 -2
      vertex 9.0293 68.1897 0
    endloop
  endfacet
  facet normal 0.777185 -0.629273 0
    outer loop
      vertex 9.0293 68.1897 -2
      vertex 8.81522 67.9253 0
      vertex 8.81522 67.9253 -2
    endloop
  endfacet
  facet normal 0.891003 -0.453997 0
    outer loop
      vertex 9.21458 68.475 0
      vertex 9.36902 68.7781 -2
      vertex 9.36902 68.7781 0
    endloop
  endfacet
  facet normal 0.891003 -0.453997 0
    outer loop
      vertex 9.36902 68.7781 -2
      vertex 9.21458 68.475 0
      vertex 9.21458 68.475 -2
    endloop
  endfacet
  facet normal -0.707048 0.707166 0
    outer loop
      vertex 3.98478 72.2747 -2
      vertex 4.22532 72.5152 0
      vertex 4.22532 72.5152 -2
    endloop
  endfacet
  facet normal -0.707048 0.707166 0
    outer loop
      vertex 4.22532 72.5152 0
      vertex 3.98478 72.2747 -2
      vertex 3.98478 72.2747 0
    endloop
  endfacet
  facet normal 0.544689 0.838638 -0
    outer loop
      vertex 8.3103 72.7293 -2
      vertex 8.025 72.9146 0
      vertex 8.3103 72.7293 0
    endloop
  endfacet
  facet normal 0.544689 0.838638 0
    outer loop
      vertex 8.025 72.9146 0
      vertex 8.3103 72.7293 -2
      vertex 8.025 72.9146 -2
    endloop
  endfacet
  facet normal 0.933586 0.358355 0
    outer loop
      vertex 9.49093 71.1043 0
      vertex 9.36902 71.4219 -2
      vertex 9.36902 71.4219 0
    endloop
  endfacet
  facet normal 0.933586 0.358355 0
    outer loop
      vertex 9.36902 71.4219 -2
      vertex 9.49093 71.1043 0
      vertex 9.49093 71.1043 -2
    endloop
  endfacet
  facet normal -0.358339 -0.933592 0
    outer loop
      vertex 5.0781 67.131 -2
      vertex 5.39569 67.0091 0
      vertex 5.0781 67.131 0
    endloop
  endfacet
  facet normal -0.358339 -0.933592 -0
    outer loop
      vertex 5.39569 67.0091 0
      vertex 5.0781 67.131 -2
      vertex 5.39569 67.0091 -2
    endloop
  endfacet
  facet normal -0.838679 0.544627 0
    outer loop
      vertex 3.58542 71.725 -2
      vertex 3.77069 72.0103 0
      vertex 3.77069 72.0103 -2
    endloop
  endfacet
  facet normal -0.838679 0.544627 0
    outer loop
      vertex 3.77069 72.0103 0
      vertex 3.58542 71.725 -2
      vertex 3.58542 71.725 0
    endloop
  endfacet
  facet normal 0.777185 0.629273 0
    outer loop
      vertex 9.0293 72.0103 0
      vertex 8.81522 72.2747 -2
      vertex 8.81522 72.2747 0
    endloop
  endfacet
  facet normal 0.777185 0.629273 0
    outer loop
      vertex 8.81522 72.2747 -2
      vertex 9.0293 72.0103 0
      vertex 9.0293 72.0103 -2
    endloop
  endfacet
  facet normal 0.0523243 0.99863 -0
    outer loop
      vertex 6.73972 73.3322 -2
      vertex 6.4 73.35 0
      vertex 6.73972 73.3322 0
    endloop
  endfacet
  facet normal 0.0523243 0.99863 0
    outer loop
      vertex 6.4 73.35 0
      vertex 6.73972 73.3322 -2
      vertex 6.4 73.35 -2
    endloop
  endfacet
  facet normal -0.77717 0.62929 0
    outer loop
      vertex 3.77069 72.0103 -2
      vertex 3.98478 72.2747 0
      vertex 3.98478 72.2747 -2
    endloop
  endfacet
  facet normal -0.77717 0.62929 0
    outer loop
      vertex 3.98478 72.2747 0
      vertex 3.77069 72.0103 -2
      vertex 3.77069 72.0103 0
    endloop
  endfacet
  facet normal -0.0523243 -0.99863 0
    outer loop
      vertex 6.06028 66.8678 -2
      vertex 6.4 66.85 0
      vertex 6.06028 66.8678 0
    endloop
  endfacet
  facet normal -0.0523243 -0.99863 -0
    outer loop
      vertex 6.4 66.85 0
      vertex 6.06028 66.8678 -2
      vertex 6.4 66.85 -2
    endloop
  endfacet
  facet normal 0.965924 0.258824 0
    outer loop
      vertex 9.57898 70.7757 0
      vertex 9.49093 71.1043 -2
      vertex 9.49093 71.1043 0
    endloop
  endfacet
  facet normal 0.965924 0.258824 0
    outer loop
      vertex 9.49093 71.1043 -2
      vertex 9.57898 70.7757 0
      vertex 9.57898 70.7757 -2
    endloop
  endfacet
  facet normal -0.453904 -0.891051 0
    outer loop
      vertex 4.775 67.2854 -2
      vertex 5.0781 67.131 0
      vertex 4.775 67.2854 0
    endloop
  endfacet
  facet normal -0.453904 -0.891051 -0
    outer loop
      vertex 5.0781 67.131 0
      vertex 4.775 67.2854 -2
      vertex 5.0781 67.131 -2
    endloop
  endfacet
  facet normal -0.358339 0.933592 0
    outer loop
      vertex 5.39569 73.1909 -2
      vertex 5.0781 73.069 0
      vertex 5.39569 73.1909 0
    endloop
  endfacet
  facet normal -0.358339 0.933592 0
    outer loop
      vertex 5.0781 73.069 0
      vertex 5.39569 73.1909 -2
      vertex 5.0781 73.069 -2
    endloop
  endfacet
  facet normal -0.933572 -0.35839 0
    outer loop
      vertex 3.4 68.8588 -2
      vertex 3.43098 68.7781 -2
      vertex 3.4 68.8588 -1.90735e-07
    endloop
  endfacet
  facet normal -0.93359 -0.358343 0
    outer loop
      vertex 3.4 68.8588 -1.90735e-07
      vertex 3.30907 69.0957 0
      vertex 3.30907 69.0957 -1.90735e-07
    endloop
  endfacet
  facet normal -0.0544324 -0.0208937 0.998299
    outer loop
      vertex 3.4 68.8588 -1.90735e-07
      vertex 3.43098 68.7781 0
      vertex 3.30907 69.0957 0
    endloop
  endfacet
  facet normal -0.933572 -0.35839 -0
    outer loop
      vertex 3.43098 68.7781 0
      vertex 3.4 68.8588 -1.90735e-07
      vertex 3.43098 68.7781 -2
    endloop
  endfacet
  facet normal 0.258969 -0.965886 0
    outer loop
      vertex 7.07571 66.921 -2
      vertex 7.4043 67.0091 0
      vertex 7.07571 66.921 0
    endloop
  endfacet
  facet normal 0.258969 -0.965886 0
    outer loop
      vertex 7.4043 67.0091 0
      vertex 7.07571 66.921 -2
      vertex 7.4043 67.0091 -2
    endloop
  endfacet
  facet normal -0.99863 -0.0523274 0
    outer loop
      vertex 3.1678 69.7603 -1.90735e-07
      vertex 3.15 70.1 0
      vertex 3.15 70.1 -1.90735e-07
    endloop
  endfacet
  facet normal -0.99863 -0.0523274 0
    outer loop
      vertex 3.15 70.1 0
      vertex 3.1678 69.7603 -1.90735e-07
      vertex 3.1678 69.7603 0
    endloop
  endfacet
  facet normal 0.15639 0.987695 -0
    outer loop
      vertex 7.07571 73.279 -2
      vertex 6.73972 73.3322 0
      vertex 7.07571 73.279 0
    endloop
  endfacet
  facet normal 0.15639 0.987695 0
    outer loop
      vertex 6.73972 73.3322 0
      vertex 7.07571 73.279 -2
      vertex 6.73972 73.3322 -2
    endloop
  endfacet
  facet normal -0.77717 -0.62929 0
    outer loop
      vertex 3.98478 67.9253 -2
      vertex 3.77069 68.1897 0
      vertex 3.77069 68.1897 -2
    endloop
  endfacet
  facet normal -0.77717 -0.62929 0
    outer loop
      vertex 3.77069 68.1897 0
      vertex 3.98478 67.9253 -2
      vertex 3.98478 67.9253 0
    endloop
  endfacet
  facet normal -0.933572 0.35839 0
    outer loop
      vertex 3.4 71.3412 -2
      vertex 3.43098 71.4219 0
      vertex 3.43098 71.4219 -2
    endloop
  endfacet
  facet normal -0.933572 0.35839 0
    outer loop
      vertex 3.4 71.3412 -1.90735e-07
      vertex 3.43098 71.4219 0
      vertex 3.4 71.3412 -2
    endloop
  endfacet
  facet normal -0.93359 0.358343 0
    outer loop
      vertex 3.30907 71.1043 0
      vertex 3.4 71.3412 -1.90735e-07
      vertex 3.30907 71.1043 -1.90735e-07
    endloop
  endfacet
  facet normal -0.0544324 0.0208937 0.998299
    outer loop
      vertex 3.4 71.3412 -1.90735e-07
      vertex 3.30907 71.1043 0
      vertex 3.43098 71.4219 0
    endloop
  endfacet
  facet normal -0.707048 -0.707166 0
    outer loop
      vertex 4.22532 67.6848 -2
      vertex 3.98478 67.9253 0
      vertex 3.98478 67.9253 -2
    endloop
  endfacet
  facet normal -0.707048 -0.707166 0
    outer loop
      vertex 3.98478 67.9253 0
      vertex 4.22532 67.6848 -2
      vertex 4.22532 67.6848 0
    endloop
  endfacet
  facet normal 0.544689 -0.838638 0
    outer loop
      vertex 8.025 67.2854 -2
      vertex 8.3103 67.4707 0
      vertex 8.025 67.2854 0
    endloop
  endfacet
  facet normal 0.544689 -0.838638 0
    outer loop
      vertex 8.3103 67.4707 0
      vertex 8.025 67.2854 -2
      vertex 8.3103 67.4707 -2
    endloop
  endfacet
  facet normal 0.933586 -0.358355 0
    outer loop
      vertex 9.36902 68.7781 0
      vertex 9.49093 69.0957 -2
      vertex 9.49093 69.0957 0
    endloop
  endfacet
  facet normal 0.933586 -0.358355 0
    outer loop
      vertex 9.49093 69.0957 -2
      vertex 9.36902 68.7781 0
      vertex 9.36902 68.7781 -2
    endloop
  endfacet
  facet normal 0 0 -1
    outer loop
      vertex 7.55 70.1 -2
      vertex 9.65 70.1 -2
      vertex 9.6322 69.7603 -2
    endloop
  endfacet
  facet normal 0 0 -1
    outer loop
      vertex 7.5437 69.9798 -2
      vertex 9.6322 69.7603 -2
      vertex 9.57898 69.4243 -2
    endloop
  endfacet
  facet normal 0 0 -1
    outer loop
      vertex 9.65 70.1 -2
      vertex 7.55 70.1 -2
      vertex 9.6322 70.4397 -2
    endloop
  endfacet
  facet normal 0 0 -1
    outer loop
      vertex 7.52487 69.8609 -2
      vertex 9.57898 69.4243 -2
      vertex 9.49093 69.0957 -2
    endloop
  endfacet
  facet normal 0 0 -1
    outer loop
      vertex 7.5437 70.2202 -2
      vertex 9.6322 70.4397 -2
      vertex 7.55 70.1 -2
    endloop
  endfacet
  facet normal 0 0 -1
    outer loop
      vertex 7.49371 69.7446 -2
      vertex 9.49093 69.0957 -2
      vertex 9.36902 68.7781 -2
    endloop
  endfacet
  facet normal -0 0 -1
    outer loop
      vertex 9.6322 70.4397 -2
      vertex 7.5437 70.2202 -2
      vertex 9.57898 70.7757 -2
    endloop
  endfacet
  facet normal 0 0 -1
    outer loop
      vertex 7.45058 69.6323 -2
      vertex 9.36902 68.7781 -2
      vertex 9.21458 68.475 -2
    endloop
  endfacet
  facet normal 0 0 -1
    outer loop
      vertex 7.52487 70.3391 -2
      vertex 9.57898 70.7757 -2
      vertex 7.5437 70.2202 -2
    endloop
  endfacet
  facet normal 0 0 -1
    outer loop
      vertex 7.39593 69.525 -2
      vertex 9.21458 68.475 -2
      vertex 9.0293 68.1897 -2
    endloop
  endfacet
  facet normal -0 0 -1
    outer loop
      vertex 9.57898 70.7757 -2
      vertex 7.52487 70.3391 -2
      vertex 9.49093 71.1043 -2
    endloop
  endfacet
  facet normal 0 0 -1
    outer loop
      vertex 7.33037 69.424 -2
      vertex 9.0293 68.1897 -2
      vertex 8.81522 67.9253 -2
    endloop
  endfacet
  facet normal 0 0 -1
    outer loop
      vertex 7.49371 70.4554 -2
      vertex 9.49093 71.1043 -2
      vertex 7.52487 70.3391 -2
    endloop
  endfacet
  facet normal 0 0 -1
    outer loop
      vertex 7.25462 69.3305 -2
      vertex 8.81522 67.9253 -2
      vertex 8.57467 67.6848 -2
    endloop
  endfacet
  facet normal -0 0 -1
    outer loop
      vertex 9.49093 71.1043 -2
      vertex 7.49371 70.4554 -2
      vertex 9.36902 71.4219 -2
    endloop
  endfacet
  facet normal 0 0 -1
    outer loop
      vertex 7.1695 69.2454 -2
      vertex 8.57467 67.6848 -2
      vertex 8.3103 67.4707 -2
    endloop
  endfacet
  facet normal 0 0 -1
    outer loop
      vertex 7.45058 70.5677 -2
      vertex 9.36902 71.4219 -2
      vertex 7.49371 70.4554 -2
    endloop
  endfacet
  facet normal 0 0 -1
    outer loop
      vertex 7.07595 69.1696 -2
      vertex 8.3103 67.4707 -2
      vertex 8.025 67.2854 -2
    endloop
  endfacet
  facet normal -0 0 -1
    outer loop
      vertex 9.36902 71.4219 -2
      vertex 7.45058 70.5677 -2
      vertex 9.21458 71.725 -2
    endloop
  endfacet
  facet normal 0 0 -1
    outer loop
      vertex 6.975 69.1041 -2
      vertex 8.025 67.2854 -2
      vertex 7.72189 67.131 -2
    endloop
  endfacet
  facet normal 0 0 -1
    outer loop
      vertex 7.39593 70.675 -2
      vertex 9.21458 71.725 -2
      vertex 7.45058 70.5677 -2
    endloop
  endfacet
  facet normal -0 0 -1
    outer loop
      vertex 9.21458 71.725 -2
      vertex 7.39593 70.675 -2
      vertex 9.0293 72.0103 -2
    endloop
  endfacet
  facet normal 0 0 -1
    outer loop
      vertex 9.6322 69.7603 -2
      vertex 7.5437 69.9798 -2
      vertex 7.55 70.1 -2
    endloop
  endfacet
  facet normal 0 0 -1
    outer loop
      vertex 9.57898 69.4243 -2
      vertex 7.52487 69.8609 -2
      vertex 7.5437 69.9798 -2
    endloop
  endfacet
  facet normal 0 0 -1
    outer loop
      vertex 9.49093 69.0957 -2
      vertex 7.49371 69.7446 -2
      vertex 7.52487 69.8609 -2
    endloop
  endfacet
  facet normal 0 0 -1
    outer loop
      vertex 9.36902 68.7781 -2
      vertex 7.45058 69.6323 -2
      vertex 7.49371 69.7446 -2
    endloop
  endfacet
  facet normal 0 0 -1
    outer loop
      vertex 6.86775 69.0494 -2
      vertex 7.72189 67.131 -2
      vertex 7.4043 67.0091 -2
    endloop
  endfacet
  facet normal 0 0 -1
    outer loop
      vertex 9.21458 68.475 -2
      vertex 7.39593 69.525 -2
      vertex 7.45058 69.6323 -2
    endloop
  endfacet
  facet normal 0 0 -1
    outer loop
      vertex 9.0293 68.1897 -2
      vertex 7.33037 69.424 -2
      vertex 7.39593 69.525 -2
    endloop
  endfacet
  facet normal 0 0 -1
    outer loop
      vertex 8.81522 67.9253 -2
      vertex 7.25462 69.3305 -2
      vertex 7.33037 69.424 -2
    endloop
  endfacet
  facet normal 0 0 -1
    outer loop
      vertex 8.57467 67.6848 -2
      vertex 7.1695 69.2454 -2
      vertex 7.25462 69.3305 -2
    endloop
  endfacet
  facet normal 0 0 -1
    outer loop
      vertex 8.3103 67.4707 -2
      vertex 7.07595 69.1696 -2
      vertex 7.1695 69.2454 -2
    endloop
  endfacet
  facet normal 0 0 -1
    outer loop
      vertex 6.75537 69.0063 -2
      vertex 7.4043 67.0091 -2
      vertex 7.07571 66.921 -2
    endloop
  endfacet
  facet normal 0 0 -1
    outer loop
      vertex 8.025 67.2854 -2
      vertex 6.975 69.1041 -2
      vertex 7.07595 69.1696 -2
    endloop
  endfacet
  facet normal 0 0 -1
    outer loop
      vertex 7.72189 67.131 -2
      vertex 6.86775 69.0494 -2
      vertex 6.975 69.1041 -2
    endloop
  endfacet
  facet normal 0 0 -1
    outer loop
      vertex 7.4043 67.0091 -2
      vertex 6.75537 69.0063 -2
      vertex 6.86775 69.0494 -2
    endloop
  endfacet
  facet normal 0 0 -1
    outer loop
      vertex 6.6391 68.9751 -2
      vertex 7.07571 66.921 -2
      vertex 6.73972 66.8678 -2
    endloop
  endfacet
  facet normal 0 0 -1
    outer loop
      vertex 7.07571 66.921 -2
      vertex 6.6391 68.9751 -2
      vertex 6.75537 69.0063 -2
    endloop
  endfacet
  facet normal 0 0 -1
    outer loop
      vertex 6.73972 66.8678 -2
      vertex 6.52021 68.9563 -2
      vertex 6.6391 68.9751 -2
    endloop
  endfacet
  facet normal 0 0 -1
    outer loop
      vertex 6.4 66.85 -2
      vertex 6.52021 68.9563 -2
      vertex 6.73972 66.8678 -2
    endloop
  endfacet
  facet normal 0 0 -1
    outer loop
      vertex 6.4 66.85 -2
      vertex 6.4 68.95 -2
      vertex 6.52021 68.9563 -2
    endloop
  endfacet
  facet normal 0 0 -1
    outer loop
      vertex 6.4 66.85 -2
      vertex 6.27979 68.9563 -2
      vertex 6.4 68.95 -2
    endloop
  endfacet
  facet normal 0 0 -1
    outer loop
      vertex 6.06028 66.8678 -2
      vertex 6.27979 68.9563 -2
      vertex 6.4 66.85 -2
    endloop
  endfacet
  facet normal -0 0 -1
    outer loop
      vertex 6.27979 68.9563 -2
      vertex 6.06028 66.8678 -2
      vertex 6.1609 68.9751 -2
    endloop
  endfacet
  facet normal 0 0 -1
    outer loop
      vertex 5.72429 66.921 -2
      vertex 6.1609 68.9751 -2
      vertex 6.06028 66.8678 -2
    endloop
  endfacet
  facet normal -0 0 -1
    outer loop
      vertex 6.1609 68.9751 -2
      vertex 5.72429 66.921 -2
      vertex 6.04463 69.0063 -2
    endloop
  endfacet
  facet normal 0 0 -1
    outer loop
      vertex 5.39569 67.0091 -2
      vertex 6.04463 69.0063 -2
      vertex 5.72429 66.921 -2
    endloop
  endfacet
  facet normal -0 0 -1
    outer loop
      vertex 6.04463 69.0063 -2
      vertex 5.39569 67.0091 -2
      vertex 5.93225 69.0494 -2
    endloop
  endfacet
  facet normal 0 0 -1
    outer loop
      vertex 5.0781 67.131 -2
      vertex 5.93225 69.0494 -2
      vertex 5.39569 67.0091 -2
    endloop
  endfacet
  facet normal -0 0 -1
    outer loop
      vertex 5.93225 69.0494 -2
      vertex 5.0781 67.131 -2
      vertex 5.825 69.1041 -2
    endloop
  endfacet
  facet normal 0 0 -1
    outer loop
      vertex 4.775 67.2854 -2
      vertex 5.825 69.1041 -2
      vertex 5.0781 67.131 -2
    endloop
  endfacet
  facet normal -0 0 -1
    outer loop
      vertex 5.825 69.1041 -2
      vertex 4.775 67.2854 -2
      vertex 5.72405 69.1696 -2
    endloop
  endfacet
  facet normal 0 0 -1
    outer loop
      vertex 4.4897 67.4707 -2
      vertex 5.72405 69.1696 -2
      vertex 4.775 67.2854 -2
    endloop
  endfacet
  facet normal -0 0 -1
    outer loop
      vertex 5.72405 69.1696 -2
      vertex 4.4897 67.4707 -2
      vertex 5.6305 69.2454 -2
    endloop
  endfacet
  facet normal 0 0 -1
    outer loop
      vertex 4.22532 67.6848 -2
      vertex 5.6305 69.2454 -2
      vertex 4.4897 67.4707 -2
    endloop
  endfacet
  facet normal -0 0 -1
    outer loop
      vertex 5.6305 69.2454 -2
      vertex 4.22532 67.6848 -2
      vertex 5.54538 69.3305 -2
    endloop
  endfacet
  facet normal 0 0 -1
    outer loop
      vertex 3.98478 67.9253 -2
      vertex 5.54538 69.3305 -2
      vertex 4.22532 67.6848 -2
    endloop
  endfacet
  facet normal -0 0 -1
    outer loop
      vertex 5.54538 69.3305 -2
      vertex 3.98478 67.9253 -2
      vertex 5.46963 69.424 -2
    endloop
  endfacet
  facet normal 0 0 -1
    outer loop
      vertex 3.77069 68.1897 -2
      vertex 5.46963 69.424 -2
      vertex 3.98478 67.9253 -2
    endloop
  endfacet
  facet normal -0 0 -1
    outer loop
      vertex 5.46963 69.424 -2
      vertex 3.77069 68.1897 -2
      vertex 5.40407 69.525 -2
    endloop
  endfacet
  facet normal 0 0 -1
    outer loop
      vertex 7.33037 70.776 -2
      vertex 9.0293 72.0103 -2
      vertex 7.39593 70.675 -2
    endloop
  endfacet
  facet normal -0 0 -1
    outer loop
      vertex 9.0293 72.0103 -2
      vertex 7.33037 70.776 -2
      vertex 8.81522 72.2747 -2
    endloop
  endfacet
  facet normal 0 0 -1
    outer loop
      vertex 7.25462 70.8695 -2
      vertex 8.81522 72.2747 -2
      vertex 7.33037 70.776 -2
    endloop
  endfacet
  facet normal -0 0 -1
    outer loop
      vertex 8.81522 72.2747 -2
      vertex 7.25462 70.8695 -2
      vertex 8.57467 72.5152 -2
    endloop
  endfacet
  facet normal 0 0 -1
    outer loop
      vertex 7.1695 70.9546 -2
      vertex 8.57467 72.5152 -2
      vertex 7.25462 70.8695 -2
    endloop
  endfacet
  facet normal -0 0 -1
    outer loop
      vertex 8.57467 72.5152 -2
      vertex 7.1695 70.9546 -2
      vertex 8.3103 72.7293 -2
    endloop
  endfacet
  facet normal 0 0 -1
    outer loop
      vertex 7.07595 71.0304 -2
      vertex 8.3103 72.7293 -2
      vertex 7.1695 70.9546 -2
    endloop
  endfacet
  facet normal -0 0 -1
    outer loop
      vertex 8.3103 72.7293 -2
      vertex 7.07595 71.0304 -2
      vertex 8.025 72.9146 -2
    endloop
  endfacet
  facet normal 0 0 -1
    outer loop
      vertex 6.975 71.0959 -2
      vertex 8.025 72.9146 -2
      vertex 7.07595 71.0304 -2
    endloop
  endfacet
  facet normal -0 0 -1
    outer loop
      vertex 8.025 72.9146 -2
      vertex 6.975 71.0959 -2
      vertex 7.72189 73.069 -2
    endloop
  endfacet
  facet normal 0 0 -1
    outer loop
      vertex 6.86775 71.1506 -2
      vertex 7.72189 73.069 -2
      vertex 6.975 71.0959 -2
    endloop
  endfacet
  facet normal -0 0 -1
    outer loop
      vertex 7.72189 73.069 -2
      vertex 6.86775 71.1506 -2
      vertex 7.4043 73.1909 -2
    endloop
  endfacet
  facet normal 0 0 -1
    outer loop
      vertex 6.75537 71.1937 -2
      vertex 7.4043 73.1909 -2
      vertex 6.86775 71.1506 -2
    endloop
  endfacet
  facet normal -0 0 -1
    outer loop
      vertex 7.4043 73.1909 -2
      vertex 6.75537 71.1937 -2
      vertex 7.07571 73.279 -2
    endloop
  endfacet
  facet normal 0 0 -1
    outer loop
      vertex 6.6391 71.2249 -2
      vertex 7.07571 73.279 -2
      vertex 6.75537 71.1937 -2
    endloop
  endfacet
  facet normal -0 0 -1
    outer loop
      vertex 7.07571 73.279 -2
      vertex 6.6391 71.2249 -2
      vertex 6.73972 73.3322 -2
    endloop
  endfacet
  facet normal 0 0 -1
    outer loop
      vertex 6.52021 71.2437 -2
      vertex 6.73972 73.3322 -2
      vertex 6.6391 71.2249 -2
    endloop
  endfacet
  facet normal 0 0 -1
    outer loop
      vertex 6.4 71.25 -2
      vertex 6.73972 73.3322 -2
      vertex 6.52021 71.2437 -2
    endloop
  endfacet
  facet normal 0 0 -1
    outer loop
      vertex 6.4 71.25 -2
      vertex 6.4 73.35 -2
      vertex 6.73972 73.3322 -2
    endloop
  endfacet
  facet normal 0 0 -1
    outer loop
      vertex 6.27979 71.2437 -2
      vertex 6.4 73.35 -2
      vertex 6.4 71.25 -2
    endloop
  endfacet
  facet normal 0 0 -1
    outer loop
      vertex 6.06028 73.3322 -2
      vertex 6.27979 71.2437 -2
      vertex 6.1609 71.2249 -2
    endloop
  endfacet
  facet normal 0 0 -1
    outer loop
      vertex 6.27979 71.2437 -2
      vertex 6.06028 73.3322 -2
      vertex 6.4 73.35 -2
    endloop
  endfacet
  facet normal 0 0 -1
    outer loop
      vertex 5.72429 73.279 -2
      vertex 6.1609 71.2249 -2
      vertex 6.04463 71.1937 -2
    endloop
  endfacet
  facet normal 0 0 -1
    outer loop
      vertex 5.39569 73.1909 -2
      vertex 6.04463 71.1937 -2
      vertex 5.93225 71.1506 -2
    endloop
  endfacet
  facet normal 0 0 -1
    outer loop
      vertex 5.0781 73.069 -2
      vertex 5.93225 71.1506 -2
      vertex 5.825 71.0959 -2
    endloop
  endfacet
  facet normal 0 0 -1
    outer loop
      vertex 6.1609 71.2249 -2
      vertex 5.72429 73.279 -2
      vertex 6.06028 73.3322 -2
    endloop
  endfacet
  facet normal 0 0 -1
    outer loop
      vertex 4.775 72.9146 -2
      vertex 5.825 71.0959 -2
      vertex 5.72405 71.0304 -2
    endloop
  endfacet
  facet normal 0 0 -1
    outer loop
      vertex 4.4897 72.7293 -2
      vertex 5.72405 71.0304 -2
      vertex 5.6305 70.9546 -2
    endloop
  endfacet
  facet normal 0 0 -1
    outer loop
      vertex 4.22532 72.5152 -2
      vertex 5.6305 70.9546 -2
      vertex 5.54538 70.8695 -2
    endloop
  endfacet
  facet normal 0 0 -1
    outer loop
      vertex 3.98478 72.2747 -2
      vertex 5.54538 70.8695 -2
      vertex 5.46963 70.776 -2
    endloop
  endfacet
  facet normal 0 0 -1
    outer loop
      vertex 3.77069 72.0103 -2
      vertex 5.46963 70.776 -2
      vertex 5.40407 70.675 -2
    endloop
  endfacet
  facet normal 0 0 -1
    outer loop
      vertex 6.04463 71.1937 -2
      vertex 5.39569 73.1909 -2
      vertex 5.72429 73.279 -2
    endloop
  endfacet
  facet normal 0 0 -1
    outer loop
      vertex 3.58542 71.725 -2
      vertex 5.40407 70.675 -2
      vertex 5.34942 70.5677 -2
    endloop
  endfacet
  facet normal 0 0 -1
    outer loop
      vertex 3.4 71.3412 -2
      vertex 5.34942 70.5677 -2
      vertex 5.30628 70.4554 -2
    endloop
  endfacet
  facet normal 0 0 -1
    outer loop
      vertex 3.4 71.3412 -2
      vertex 5.30628 70.4554 -2
      vertex 5.27513 70.3391 -2
    endloop
  endfacet
  facet normal 0 0 -1
    outer loop
      vertex 3.4 71.3412 -2
      vertex 5.27513 70.3391 -2
      vertex 5.2563 70.2202 -2
    endloop
  endfacet
  facet normal 0 0 -1
    outer loop
      vertex 3.4 71.3412 -2
      vertex 5.2563 70.2202 -2
      vertex 5.25 70.1 -2
    endloop
  endfacet
  facet normal 0 0 -1
    outer loop
      vertex 3.58542 68.475 -2
      vertex 5.40407 69.525 -2
      vertex 3.77069 68.1897 -2
    endloop
  endfacet
  facet normal 0 0 -1
    outer loop
      vertex 5.93225 71.1506 -2
      vertex 5.0781 73.069 -2
      vertex 5.39569 73.1909 -2
    endloop
  endfacet
  facet normal -0 0 -1
    outer loop
      vertex 5.40407 69.525 -2
      vertex 3.58542 68.475 -2
      vertex 5.34942 69.6323 -2
    endloop
  endfacet
  facet normal 0 0 -1
    outer loop
      vertex 5.825 71.0959 -2
      vertex 4.775 72.9146 -2
      vertex 5.0781 73.069 -2
    endloop
  endfacet
  facet normal 0 0 -1
    outer loop
      vertex 3.43098 68.7781 -2
      vertex 5.34942 69.6323 -2
      vertex 3.58542 68.475 -2
    endloop
  endfacet
  facet normal 0 0 -1
    outer loop
      vertex 5.72405 71.0304 -2
      vertex 4.4897 72.7293 -2
      vertex 4.775 72.9146 -2
    endloop
  endfacet
  facet normal 0 0 -1
    outer loop
      vertex 3.4 68.8588 -2
      vertex 5.34942 69.6323 -2
      vertex 3.43098 68.7781 -2
    endloop
  endfacet
  facet normal 0 0 -1
    outer loop
      vertex 5.6305 70.9546 -2
      vertex 4.22532 72.5152 -2
      vertex 4.4897 72.7293 -2
    endloop
  endfacet
  facet normal -0 0 -1
    outer loop
      vertex 5.34942 69.6323 -2
      vertex 3.4 68.8588 -2
      vertex 5.30628 69.7446 -2
    endloop
  endfacet
  facet normal 0 0 -1
    outer loop
      vertex 5.54538 70.8695 -2
      vertex 3.98478 72.2747 -2
      vertex 4.22532 72.5152 -2
    endloop
  endfacet
  facet normal -0 0 -1
    outer loop
      vertex 5.30628 69.7446 -2
      vertex 3.4 68.8588 -2
      vertex 5.27513 69.8609 -2
    endloop
  endfacet
  facet normal 0 0 -1
    outer loop
      vertex 5.46963 70.776 -2
      vertex 3.77069 72.0103 -2
      vertex 3.98478 72.2747 -2
    endloop
  endfacet
  facet normal -0 0 -1
    outer loop
      vertex 5.27513 69.8609 -2
      vertex 3.4 68.8588 -2
      vertex 5.2563 69.9798 -2
    endloop
  endfacet
  facet normal 0 0 -1
    outer loop
      vertex 5.40407 70.675 -2
      vertex 3.58542 71.725 -2
      vertex 3.77069 72.0103 -2
    endloop
  endfacet
  facet normal -0 0 -1
    outer loop
      vertex 5.2563 69.9798 -2
      vertex 3.4 68.8588 -2
      vertex 5.25 70.1 -2
    endloop
  endfacet
  facet normal 0 0 -1
    outer loop
      vertex 3.4 71.3412 -2
      vertex 5.25 70.1 -2
      vertex 3.4 68.8588 -2
    endloop
  endfacet
  facet normal 0 0 -1
    outer loop
      vertex 5.34942 70.5677 -2
      vertex 3.4 71.3412 -2
      vertex 3.43098 71.4219 -2
    endloop
  endfacet
  facet normal 0 0 -1
    outer loop
      vertex 5.34942 70.5677 -2
      vertex 3.43098 71.4219 -2
      vertex 3.58542 71.725 -2
    endloop
  endfacet
  facet normal -0.891003 0.453997 0
    outer loop
      vertex 3.43098 71.4219 -2
      vertex 3.58542 71.725 0
      vertex 3.58542 71.725 -2
    endloop
  endfacet
  facet normal -0.891003 0.453997 0
    outer loop
      vertex 3.58542 71.725 0
      vertex 3.43098 71.4219 -2
      vertex 3.43098 71.4219 0
    endloop
  endfacet
  facet normal -0.987687 0.156443 0
    outer loop
      vertex 3.1678 70.4397 -1.90735e-07
      vertex 3.22102 70.7757 0
      vertex 3.22102 70.7757 -1.90735e-07
    endloop
  endfacet
  facet normal -0.987687 0.156443 0
    outer loop
      vertex 3.22102 70.7757 0
      vertex 3.1678 70.4397 -1.90735e-07
      vertex 3.1678 70.4397 0
    endloop
  endfacet
  facet normal -0.891003 -0.453997 0
    outer loop
      vertex 3.58542 68.475 -2
      vertex 3.43098 68.7781 0
      vertex 3.43098 68.7781 -2
    endloop
  endfacet
  facet normal -0.891003 -0.453997 0
    outer loop
      vertex 3.43098 68.7781 0
      vertex 3.58542 68.475 -2
      vertex 3.58542 68.475 0
    endloop
  endfacet
  facet normal -0.544689 -0.838638 0
    outer loop
      vertex 4.4897 67.4707 -2
      vertex 4.775 67.2854 0
      vertex 4.4897 67.4707 0
    endloop
  endfacet
  facet normal -0.544689 -0.838638 -0
    outer loop
      vertex 4.775 67.2854 0
      vertex 4.4897 67.4707 -2
      vertex 4.775 67.2854 -2
    endloop
  endfacet
  facet normal 0.707033 -0.70718 0
    outer loop
      vertex 8.57467 67.6848 0
      vertex 8.81522 67.9253 -2
      vertex 8.81522 67.9253 0
    endloop
  endfacet
  facet normal 0.707033 -0.70718 0
    outer loop
      vertex 8.81522 67.9253 -2
      vertex 8.57467 67.6848 0
      vertex 8.57467 67.6848 -2
    endloop
  endfacet
  facet normal 0.987686 0.156449 -0
    outer loop
      vertex 2.45463 5.18022 0
      vertex 2.41369 5.43868 11.5214
      vertex 2.45463 5.18022 11.5486
    endloop
  endfacet
  facet normal 0.987686 0.156449 0
    outer loop
      vertex 2.41369 5.43868 11.5214
      vertex 2.45463 5.18022 0
      vertex 2.41369 5.43868 0
    endloop
  endfacet
  facet normal -0.0523582 -0.998628 0
    outer loop
      vertex 99.1 74.6 0
      vertex 99.3613 74.5863 4.25369
      vertex 99.1 74.6 4.25225
    endloop
  endfacet
  facet normal -0.0523582 -0.998628 -0
    outer loop
      vertex 99.3613 74.5863 4.25369
      vertex 99.1 74.6 0
      vertex 99.3613 74.5863 0
    endloop
  endfacet
  facet normal 0.998631 0.0523161 -0
    outer loop
      vertex 2.41369 5.43868 0
      vertex 2.4 5.7 11.4939
      vertex 2.41369 5.43868 11.5214
    endloop
  endfacet
  facet normal 0.998631 0.0523161 0
    outer loop
      vertex 2.4 5.7 11.4939
      vertex 2.41369 5.43868 0
      vertex 2.4 5.7 0
    endloop
  endfacet
  facet normal -0.156277 -0.987713 0
    outer loop
      vertex 99.6198 74.5454 0
      vertex 99.3613 74.5863 4.25369
      vertex 99.3613 74.5863 0
    endloop
  endfacet
  facet normal -0.156277 -0.987713 0
    outer loop
      vertex 99.3613 74.5863 4.25369
      vertex 99.6198 74.5454 0
      vertex 99.6198 74.5454 4.25799
    endloop
  endfacet
  facet normal -0.776559 0.630045 0
    outer loop
      vertex 100.958 4.02717 0
      vertex 101.123 4.23054 11.6484
      vertex 101.123 4.23054 0
    endloop
  endfacet
  facet normal -0.776559 0.630045 0
    outer loop
      vertex 101.123 4.23054 11.6484
      vertex 100.958 4.02717 0
      vertex 100.958 4.02717 11.6698
    endloop
  endfacet
  facet normal -0.987654 -0.156649 0
    outer loop
      vertex 101.586 72.3613 0
      vertex 101.545 72.6198 4.46038
      vertex 101.545 72.6198 0
    endloop
  endfacet
  facet normal -0.987654 -0.156649 0
    outer loop
      vertex 101.545 72.6198 4.46038
      vertex 101.586 72.3613 0
      vertex 101.586 72.3613 4.48755
    endloop
  endfacet
  facet normal -0.998568 -0.0535015 0
    outer loop
      vertex 101.6 72.1 0
      vertex 101.586 72.3613 4.48755
      vertex 101.586 72.3613 0
    endloop
  endfacet
  facet normal -0.998568 -0.0535015 0
    outer loop
      vertex 101.586 72.3613 4.48755
      vertex 101.6 72.1 0
      vertex 101.6 72.1 4.51501
    endloop
  endfacet
  facet normal -0.933296 0.359107 0
    outer loop
      vertex 101.384 4.68316 0
      vertex 101.478 4.92746 11.5751
      vertex 101.478 4.92746 0
    endloop
  endfacet
  facet normal -0.933296 0.359107 0
    outer loop
      vertex 101.478 4.92746 11.5751
      vertex 101.384 4.68316 0
      vertex 101.384 4.68316 11.6008
    endloop
  endfacet
  facet normal -0.776453 -0.630176 0
    outer loop
      vertex 101.123 73.5695 0
      vertex 100.958 73.7728 4.33919
      vertex 100.958 73.7728 0
    endloop
  endfacet
  facet normal -0.776453 -0.630176 0
    outer loop
      vertex 100.958 73.7728 4.33919
      vertex 101.123 73.5695 0
      vertex 101.123 73.5695 4.36056
    endloop
  endfacet
  facet normal -0.156426 0.98769 0
    outer loop
      vertex 99.3613 3.21369 0
      vertex 99.6198 3.25463 11.751
      vertex 99.6198 3.25463 0
    endloop
  endfacet
  facet normal -0.156426 0.98769 0
    outer loop
      vertex 99.6198 3.25463 11.751
      vertex 99.3613 3.21369 0
      vertex 99.3613 3.21369 11.7553
    endloop
  endfacet
  facet normal -0.966602 -0.256282 0
    outer loop
      vertex 101.545 72.6198 0
      vertex 101.478 72.8725 4.43381
      vertex 101.478 72.8725 0
    endloop
  endfacet
  facet normal -0.966602 -0.256282 0
    outer loop
      vertex 101.478 72.8725 4.43381
      vertex 101.545 72.6198 0
      vertex 101.545 72.6198 4.46038
    endloop
  endfacet
  facet normal 1 0 0
    outer loop
      vertex 2.4 72.1 4.51501
      vertex 2.4 53.1358 3.75452
      vertex 2.4 72.1 0
    endloop
  endfacet
  facet normal 1 0 0
    outer loop
      vertex 2.4 72.1 0
      vertex 2.4 53.1464 0.802445
      vertex 2.4 53.15 0.719501
    endloop
  endfacet
  facet normal 1 -0 0
    outer loop
      vertex 2.4 53.1358 0.88448
      vertex 2.4 72.1 0
      vertex 2.4 53.1358 3.75452
    endloop
  endfacet
  facet normal 1 0 0
    outer loop
      vertex 2.4 72.1 0
      vertex 2.4 53.1358 0.88448
      vertex 2.4 53.1464 0.802445
    endloop
  endfacet
  facet normal 1 0 0
    outer loop
      vertex 2.4 53.1358 3.75452
      vertex 2.4 53.1339 0.893056
      vertex 2.4 53.1358 0.88448
    endloop
  endfacet
  facet normal 1 -0 0
    outer loop
      vertex 2.4 53.1195 3.68023
      vertex 2.4 53.1339 0.893056
      vertex 2.4 53.1358 3.75452
    endloop
  endfacet
  facet normal 1 -0 0
    outer loop
      vertex 2.4 53.1182 3.67429
      vertex 2.4 53.1339 0.893056
      vertex 2.4 53.1195 3.68023
    endloop
  endfacet
  facet normal 1 0 0
    outer loop
      vertex 2.4 53.1182 3.67429
      vertex 2.4 53.1182 0.964707
      vertex 2.4 53.1339 0.893056
    endloop
  endfacet
  facet normal 1 -0 0
    outer loop
      vertex 2.4 53.1164 3.66863
      vertex 2.4 53.1182 0.964707
      vertex 2.4 53.1182 3.67429
    endloop
  endfacet
  facet normal 1 0 0
    outer loop
      vertex 2.4 53.1164 3.66863
      vertex 2.4 53.0967 1.03309
      vertex 2.4 53.1182 0.964707
    endloop
  endfacet
  facet normal 1 -0 0
    outer loop
      vertex 2.4 53.0938 3.59675
      vertex 2.4 53.0967 1.03309
      vertex 2.4 53.1164 3.66863
    endloop
  endfacet
  facet normal 1 0 0
    outer loop
      vertex 2.4 53.0938 3.59675
      vertex 2.4 53.0938 1.04225
      vertex 2.4 53.0967 1.03309
    endloop
  endfacet
  facet normal 1 0 0
    outer loop
      vertex 2.4 53.0938 3.59675
      vertex 2.4 53.0901 1.05109
      vertex 2.4 53.0938 1.04225
    endloop
  endfacet
  facet normal 1 -0 0
    outer loop
      vertex 2.4 53.0648 3.52732
      vertex 2.4 53.0901 1.05109
      vertex 2.4 53.0938 3.59675
    endloop
  endfacet
  facet normal 1 0 0
    outer loop
      vertex 2.4 53.0629 1.11625
      vertex 2.4 53.0648 3.52732
      vertex 2.4 53.0629 3.52275
    endloop
  endfacet
  facet normal 1 0 0
    outer loop
      vertex 2.4 53.0648 3.52732
      vertex 2.4 53.0629 1.11625
      vertex 2.4 53.0901 1.05109
    endloop
  endfacet
  facet normal 1 -0 0
    outer loop
      vertex 2.4 53.0606 3.51849
      vertex 2.4 53.0629 1.11625
      vertex 2.4 53.0629 3.52275
    endloop
  endfacet
  facet normal 1 0 0
    outer loop
      vertex 2.4 53.0606 3.51849
      vertex 2.4 53.0307 1.17689
      vertex 2.4 53.0629 1.11625
    endloop
  endfacet
  facet normal 1 -0 0
    outer loop
      vertex 2.4 53.0259 3.45309
      vertex 2.4 53.0307 1.17689
      vertex 2.4 53.0606 3.51849
    endloop
  endfacet
  facet normal 1 0 0
    outer loop
      vertex 2.4 53.0259 3.45309
      vertex 2.4 53.0259 1.18591
      vertex 2.4 53.0307 1.17689
    endloop
  endfacet
  facet normal 1 -0 0
    outer loop
      vertex 2.4 52.983 3.38854
      vertex 2.4 53.0259 1.18591
      vertex 2.4 53.0259 3.45309
    endloop
  endfacet
  facet normal 1 0 0
    outer loop
      vertex 2.4 52.983 3.38854
      vertex 2.4 52.983 1.25046
      vertex 2.4 53.0259 1.18591
    endloop
  endfacet
  facet normal 1 -0 0
    outer loop
      vertex 2.4 52.9349 3.32981
      vertex 2.4 52.983 1.25046
      vertex 2.4 52.983 3.38854
    endloop
  endfacet
  facet normal 1 0 0
    outer loop
      vertex 2.4 52.9349 3.32981
      vertex 2.4 52.9349 1.30919
      vertex 2.4 52.983 1.25046
    endloop
  endfacet
  facet normal 1 -0 0
    outer loop
      vertex 2.4 52.8821 3.27754
      vertex 2.4 52.9349 1.30919
      vertex 2.4 52.9349 3.32981
    endloop
  endfacet
  facet normal 1 0 0
    outer loop
      vertex 2.4 52.8821 3.27754
      vertex 2.4 52.8821 1.36146
      vertex 2.4 52.9349 1.30919
    endloop
  endfacet
  facet normal 1 -0 0
    outer loop
      vertex 2.4 52.825 3.23231
      vertex 2.4 52.8821 1.36146
      vertex 2.4 52.8821 3.27754
    endloop
  endfacet
  facet normal 1 0 0
    outer loop
      vertex 2.4 52.825 3.23231
      vertex 2.4 52.825 1.4067
      vertex 2.4 52.8821 1.36146
    endloop
  endfacet
  facet normal 1 -0 0
    outer loop
      vertex 2.4 52.7644 3.1946
      vertex 2.4 52.825 1.4067
      vertex 2.4 52.825 3.23231
    endloop
  endfacet
  facet normal 1 0 0
    outer loop
      vertex 2.4 52.7644 3.1946
      vertex 2.4 52.7644 1.4444
      vertex 2.4 52.825 1.4067
    endloop
  endfacet
  facet normal 1 -0 0
    outer loop
      vertex 2.4 52.7009 3.16483
      vertex 2.4 52.7644 1.4444
      vertex 2.4 52.7644 3.1946
    endloop
  endfacet
  facet normal 1 0 0
    outer loop
      vertex 2.4 52.7009 3.16483
      vertex 2.4 52.7009 1.47417
      vertex 2.4 52.7644 1.4444
    endloop
  endfacet
  facet normal 1 -0 0
    outer loop
      vertex 2.4 52.6351 3.14334
      vertex 2.4 52.7009 1.47417
      vertex 2.4 52.7009 3.16483
    endloop
  endfacet
  facet normal 1 0 0
    outer loop
      vertex 2.4 52.6351 3.14334
      vertex 2.4 52.6351 1.49566
      vertex 2.4 52.7009 1.47417
    endloop
  endfacet
  facet normal 1 0 0
    outer loop
      vertex 2.4 52.6351 3.14334
      vertex 2.4 52.6247 1.49768
      vertex 2.4 52.6351 1.49566
    endloop
  endfacet
  facet normal 1 -0 0
    outer loop
      vertex 2.4 52.57 3.13074
      vertex 2.4 52.6247 1.49768
      vertex 2.4 52.6351 3.14334
    endloop
  endfacet
  facet normal 1 0 0
    outer loop
      vertex 2.4 52.5679 1.50866
      vertex 2.4 52.57 3.13074
      vertex 2.4 52.5679 3.13034
    endloop
  endfacet
  facet normal 1 0 0
    outer loop
      vertex 2.4 52.57 3.13074
      vertex 2.4 52.5679 1.50866
      vertex 2.4 52.6247 1.49768
    endloop
  endfacet
  facet normal 1 0 0
    outer loop
      vertex 2.4 52.5679 3.13034
      vertex 2.4 52.5573 1.50934
      vertex 2.4 52.5679 1.50866
    endloop
  endfacet
  facet normal 1 -0 0
    outer loop
      vertex 2.4 52.502 3.12613
      vertex 2.4 52.5573 1.50934
      vertex 2.4 52.5679 3.13034
    endloop
  endfacet
  facet normal 1 0 0
    outer loop
      vertex 2.4 52.5 1.513
      vertex 2.4 52.502 3.12613
      vertex 2.4 52.5 3.126
    endloop
  endfacet
  facet normal 1 0 0
    outer loop
      vertex 2.4 52.502 3.12613
      vertex 2.4 52.5 1.513
      vertex 2.4 52.5573 1.50934
    endloop
  endfacet
  facet normal 1 -0 0
    outer loop
      vertex 2.4 20.5 3.126
      vertex 2.4 52.5 1.513
      vertex 2.4 52.5 3.126
    endloop
  endfacet
  facet normal 1 0 0
    outer loop
      vertex 2.4 20.5 3.126
      vertex 2.4 20.5 1.513
      vertex 2.4 52.5 1.513
    endloop
  endfacet
  facet normal 1 0 0
    outer loop
      vertex 2.4 20.498 3.12613
      vertex 2.4 20.5 1.513
      vertex 2.4 20.5 3.126
    endloop
  endfacet
  facet normal 1 0 0
    outer loop
      vertex 2.4 20.498 3.12613
      vertex 2.4 20.4427 1.50934
      vertex 2.4 20.5 1.513
    endloop
  endfacet
  facet normal 1 0 0
    outer loop
      vertex 2.4 20.4321 3.13034
      vertex 2.4 20.4427 1.50934
      vertex 2.4 20.498 3.12613
    endloop
  endfacet
  facet normal 1 0 0
    outer loop
      vertex 2.4 20.4321 3.13034
      vertex 2.4 20.4321 1.50866
      vertex 2.4 20.4427 1.50934
    endloop
  endfacet
  facet normal 1 0 0
    outer loop
      vertex 2.4 20.43 3.13074
      vertex 2.4 20.4321 1.50866
      vertex 2.4 20.4321 3.13034
    endloop
  endfacet
  facet normal 1 0 0
    outer loop
      vertex 2.4 20.43 3.13074
      vertex 2.4 20.3753 1.49768
      vertex 2.4 20.4321 1.50866
    endloop
  endfacet
  facet normal 1 0 0
    outer loop
      vertex 2.4 20.3649 3.14334
      vertex 2.4 20.3753 1.49768
      vertex 2.4 20.43 3.13074
    endloop
  endfacet
  facet normal 1 0 0
    outer loop
      vertex 2.4 20.3649 3.14334
      vertex 2.4 20.3649 1.49566
      vertex 2.4 20.3753 1.49768
    endloop
  endfacet
  facet normal 1 0 0
    outer loop
      vertex 2.4 20.2991 3.16483
      vertex 2.4 20.3649 1.49566
      vertex 2.4 20.3649 3.14334
    endloop
  endfacet
  facet normal 1 0 0
    outer loop
      vertex 2.4 20.2991 3.16483
      vertex 2.4 20.2991 1.47417
      vertex 2.4 20.3649 1.49566
    endloop
  endfacet
  facet normal 1 0 0
    outer loop
      vertex 2.4 20.2356 3.1946
      vertex 2.4 20.2991 1.47417
      vertex 2.4 20.2991 3.16483
    endloop
  endfacet
  facet normal 1 0 0
    outer loop
      vertex 2.4 20.2356 3.1946
      vertex 2.4 20.2356 1.4444
      vertex 2.4 20.2991 1.47417
    endloop
  endfacet
  facet normal 1 0 0
    outer loop
      vertex 2.4 20.175 3.23231
      vertex 2.4 20.2356 1.4444
      vertex 2.4 20.2356 3.1946
    endloop
  endfacet
  facet normal 1 0 0
    outer loop
      vertex 2.4 20.175 3.23231
      vertex 2.4 20.175 1.4067
      vertex 2.4 20.2356 1.4444
    endloop
  endfacet
  facet normal 1 0 0
    outer loop
      vertex 2.4 20.1179 3.27754
      vertex 2.4 20.175 1.4067
      vertex 2.4 20.175 3.23231
    endloop
  endfacet
  facet normal 1 0 0
    outer loop
      vertex 2.4 20.1179 3.27754
      vertex 2.4 20.1179 1.36146
      vertex 2.4 20.175 1.4067
    endloop
  endfacet
  facet normal 1 0 0
    outer loop
      vertex 2.4 20.0651 3.32981
      vertex 2.4 20.1179 1.36146
      vertex 2.4 20.1179 3.27754
    endloop
  endfacet
  facet normal 1 0 0
    outer loop
      vertex 2.4 20.0651 3.32981
      vertex 2.4 20.0651 1.30919
      vertex 2.4 20.1179 1.36146
    endloop
  endfacet
  facet normal 1 0 0
    outer loop
      vertex 2.4 20.017 3.38854
      vertex 2.4 20.0651 1.30919
      vertex 2.4 20.0651 3.32981
    endloop
  endfacet
  facet normal 1 0 0
    outer loop
      vertex 2.4 20.017 3.38854
      vertex 2.4 20.017 1.25046
      vertex 2.4 20.0651 1.30919
    endloop
  endfacet
  facet normal 1 0 0
    outer loop
      vertex 2.4 19.9741 3.45309
      vertex 2.4 20.017 1.25046
      vertex 2.4 20.017 3.38854
    endloop
  endfacet
  facet normal 1 0 0
    outer loop
      vertex 2.4 19.9741 3.45309
      vertex 2.4 19.9741 1.18591
      vertex 2.4 20.017 1.25046
    endloop
  endfacet
  facet normal 1 0 0
    outer loop
      vertex 2.4 19.9741 3.45309
      vertex 2.4 19.9693 1.17689
      vertex 2.4 19.9741 1.18591
    endloop
  endfacet
  facet normal 1 0 0
    outer loop
      vertex 2.4 19.9393 3.51849
      vertex 2.4 19.9693 1.17689
      vertex 2.4 19.9741 3.45309
    endloop
  endfacet
  facet normal 1 0 0
    outer loop
      vertex 2.4 19.9371 1.11625
      vertex 2.4 19.9393 3.51849
      vertex 2.4 19.9371 3.52275
    endloop
  endfacet
  facet normal 1 0 0
    outer loop
      vertex 2.4 19.9393 3.51849
      vertex 2.4 19.9371 1.11625
      vertex 2.4 19.9693 1.17689
    endloop
  endfacet
  facet normal 1 0 0
    outer loop
      vertex 2.4 19.9352 3.52732
      vertex 2.4 19.9371 1.11625
      vertex 2.4 19.9371 3.52275
    endloop
  endfacet
  facet normal 1 0 0
    outer loop
      vertex 2.4 19.9352 3.52732
      vertex 2.4 19.9099 1.05109
      vertex 2.4 19.9371 1.11625
    endloop
  endfacet
  facet normal 1 0 0
    outer loop
      vertex 2.4 19.9062 3.59675
      vertex 2.4 19.9099 1.05109
      vertex 2.4 19.9352 3.52732
    endloop
  endfacet
  facet normal 1 0 0
    outer loop
      vertex 2.4 19.9062 3.59675
      vertex 2.4 19.9062 1.04225
      vertex 2.4 19.9099 1.05109
    endloop
  endfacet
  facet normal 1 0 0
    outer loop
      vertex 2.4 19.9062 3.59675
      vertex 2.4 19.9033 1.03309
      vertex 2.4 19.9062 1.04225
    endloop
  endfacet
  facet normal 1 0 0
    outer loop
      vertex 2.4 19.8836 3.66863
      vertex 2.4 19.9033 1.03309
      vertex 2.4 19.9062 3.59675
    endloop
  endfacet
  facet normal 1 0 0
    outer loop
      vertex 2.4 19.8818 3.67429
      vertex 2.4 19.9033 1.03309
      vertex 2.4 19.8836 3.66863
    endloop
  endfacet
  facet normal 1 0 0
    outer loop
      vertex 2.4 19.8818 3.67429
      vertex 2.4 19.8818 0.964707
      vertex 2.4 19.9033 1.03309
    endloop
  endfacet
  facet normal 1 0 0
    outer loop
      vertex 2.4 19.8805 3.68023
      vertex 2.4 19.8818 0.964707
      vertex 2.4 19.8818 3.67429
    endloop
  endfacet
  facet normal 1 0 0
    outer loop
      vertex 2.4 19.8805 3.68023
      vertex 2.4 19.8661 0.893056
      vertex 2.4 19.8818 0.964707
    endloop
  endfacet
  facet normal 1 0 0
    outer loop
      vertex 2.4 19.8642 3.75452
      vertex 2.4 19.8661 0.893056
      vertex 2.4 19.8805 3.68023
    endloop
  endfacet
  facet normal 1 0 0
    outer loop
      vertex 2.4 19.8642 3.75452
      vertex 2.4 19.8642 0.88448
      vertex 2.4 19.8661 0.893056
    endloop
  endfacet
  facet normal 1 0 0
    outer loop
      vertex 2.4 5.7 0
      vertex 2.4 19.8642 3.75452
      vertex 2.4 19.8536 3.83656
    endloop
  endfacet
  facet normal 1 0 0
    outer loop
      vertex 2.4 19.8642 3.75452
      vertex 2.4 5.7 0
      vertex 2.4 19.8642 0.88448
    endloop
  endfacet
  facet normal 1 0 0
    outer loop
      vertex 2.4 5.7 0
      vertex 2.4 19.8536 3.83656
      vertex 2.4 19.85 3.9195
    endloop
  endfacet
  facet normal 1 0 0
    outer loop
      vertex 2.4 19.8642 0.88448
      vertex 2.4 5.7 0
      vertex 2.4 19.8536 0.802445
    endloop
  endfacet
  facet normal 1 0 0
    outer loop
      vertex 2.4 53.1464 3.83656
      vertex 2.4 72.1 4.51501
      vertex 2.4 53.15 3.9195
    endloop
  endfacet
  facet normal 1 0 0
    outer loop
      vertex 2.4 72.1 4.51501
      vertex 2.4 53.1464 4.00244
      vertex 2.4 53.15 3.9195
    endloop
  endfacet
  facet normal 1 0 0
    outer loop
      vertex 2.4 72.1 4.51501
      vertex 2.4 53.1358 4.08448
      vertex 2.4 53.1464 4.00244
    endloop
  endfacet
  facet normal 1 0 0
    outer loop
      vertex 2.4 72.1 4.51501
      vertex 2.4 53.1339 4.09306
      vertex 2.4 53.1358 4.08448
    endloop
  endfacet
  facet normal 1 0 0
    outer loop
      vertex 2.4 72.1 4.51501
      vertex 2.4 53.1182 4.16471
      vertex 2.4 53.1339 4.09306
    endloop
  endfacet
  facet normal 1 0 0
    outer loop
      vertex 2.4 72.1 4.51501
      vertex 2.4 53.0967 4.23309
      vertex 2.4 53.1182 4.16471
    endloop
  endfacet
  facet normal 1 0 0
    outer loop
      vertex 2.4 72.1 4.51501
      vertex 2.4 53.0938 4.24225
      vertex 2.4 53.0967 4.23309
    endloop
  endfacet
  facet normal 1 0 0
    outer loop
      vertex 2.4 72.1 4.51501
      vertex 2.4 53.0901 4.25109
      vertex 2.4 53.0938 4.24225
    endloop
  endfacet
  facet normal 1 0 0
    outer loop
      vertex 2.4 72.1 4.51501
      vertex 2.4 53.0629 4.31625
      vertex 2.4 53.0901 4.25109
    endloop
  endfacet
  facet normal 1 0 0
    outer loop
      vertex 2.4 72.1 4.51501
      vertex 2.4 53.0307 4.37689
      vertex 2.4 53.0629 4.31625
    endloop
  endfacet
  facet normal 1 0 0
    outer loop
      vertex 2.4 72.1 4.51501
      vertex 2.4 53.0259 4.38591
      vertex 2.4 53.0307 4.37689
    endloop
  endfacet
  facet normal 1 0 0
    outer loop
      vertex 2.4 72.1 4.51501
      vertex 2.4 52.983 4.45046
      vertex 2.4 53.0259 4.38591
    endloop
  endfacet
  facet normal 1 0 0
    outer loop
      vertex 2.4 72.1 4.51501
      vertex 2.4 52.9349 4.50919
      vertex 2.4 52.983 4.45046
    endloop
  endfacet
  facet normal 1 0 0
    outer loop
      vertex 2.4 72.1 4.51501
      vertex 2.4 52.8821 4.56146
      vertex 2.4 52.9349 4.50919
    endloop
  endfacet
  facet normal 1 0 0
    outer loop
      vertex 2.4 72.1 4.51501
      vertex 2.4 52.825 4.6067
      vertex 2.4 52.8821 4.56146
    endloop
  endfacet
  facet normal 1 0 0
    outer loop
      vertex 2.4 72.1 4.51501
      vertex 2.4 52.7644 4.6444
      vertex 2.4 52.825 4.6067
    endloop
  endfacet
  facet normal 1 0 0
    outer loop
      vertex 2.4 72.1 4.51501
      vertex 2.4 52.7009 4.67417
      vertex 2.4 52.7644 4.6444
    endloop
  endfacet
  facet normal 1 0 0
    outer loop
      vertex 2.4 72.1 4.51501
      vertex 2.4 52.6351 4.69566
      vertex 2.4 52.7009 4.67417
    endloop
  endfacet
  facet normal 1 0 0
    outer loop
      vertex 2.4 72.1 4.51501
      vertex 2.4 52.6247 4.69768
      vertex 2.4 52.6351 4.69566
    endloop
  endfacet
  facet normal 1 0 0
    outer loop
      vertex 2.4 72.1 4.51501
      vertex 2.4 52.5679 4.70866
      vertex 2.4 52.6247 4.69768
    endloop
  endfacet
  facet normal 1 0 0
    outer loop
      vertex 2.4 72.1 4.51501
      vertex 2.4 52.5106 4.71233
      vertex 2.4 52.5679 4.70866
    endloop
  endfacet
  facet normal 1 0 0
    outer loop
      vertex 2.4 72.1 4.51501
      vertex 2.4 52.5 4.71301
      vertex 2.4 52.5106 4.71233
    endloop
  endfacet
  facet normal -1 0 0
    outer loop
      vertex 2.4 19.9062 4.24225
      vertex 2.4 19.8818 4.16471
      vertex 2.4 19.9033 4.23309
    endloop
  endfacet
  facet normal 1 0 0
    outer loop
      vertex 2.4 19.8536 4.00244
      vertex 2.4 5.7 0
      vertex 2.4 19.85 3.9195
    endloop
  endfacet
  facet normal 1 0 0
    outer loop
      vertex 2.4 19.8642 4.08448
      vertex 2.4 5.7 0
      vertex 2.4 19.8536 4.00244
    endloop
  endfacet
  facet normal 1 0 0
    outer loop
      vertex 2.4 5.7 0
      vertex 2.4 19.8642 4.08448
      vertex 2.4 5.7 11.4939
    endloop
  endfacet
  facet normal 1 0 0
    outer loop
      vertex 2.4 19.8661 4.09306
      vertex 2.4 5.7 11.4939
      vertex 2.4 19.8642 4.08448
    endloop
  endfacet
  facet normal 1 0 0
    outer loop
      vertex 2.4 19.8818 4.16471
      vertex 2.4 5.7 11.4939
      vertex 2.4 19.8661 4.09306
    endloop
  endfacet
  facet normal 1 0 0
    outer loop
      vertex 2.4 19.9062 4.24225
      vertex 2.4 5.7 11.4939
      vertex 2.4 19.8818 4.16471
    endloop
  endfacet
  facet normal 1 0 0
    outer loop
      vertex 2.4 19.9099 4.25109
      vertex 2.4 5.7 11.4939
      vertex 2.4 19.9062 4.24225
    endloop
  endfacet
  facet normal 1 0 0
    outer loop
      vertex 2.4 19.9371 4.31625
      vertex 2.4 5.7 11.4939
      vertex 2.4 19.9099 4.25109
    endloop
  endfacet
  facet normal 1 0 0
    outer loop
      vertex 2.4 19.9693 4.37689
      vertex 2.4 5.7 11.4939
      vertex 2.4 19.9371 4.31625
    endloop
  endfacet
  facet normal 1 0 0
    outer loop
      vertex 2.4 19.9741 4.38591
      vertex 2.4 5.7 11.4939
      vertex 2.4 19.9693 4.37689
    endloop
  endfacet
  facet normal 1 0 0
    outer loop
      vertex 2.4 20.017 4.45046
      vertex 2.4 5.7 11.4939
      vertex 2.4 19.9741 4.38591
    endloop
  endfacet
  facet normal 1 0 0
    outer loop
      vertex 2.4 20.0651 4.50919
      vertex 2.4 5.7 11.4939
      vertex 2.4 20.017 4.45046
    endloop
  endfacet
  facet normal 1 0 0
    outer loop
      vertex 2.4 20.1179 4.56146
      vertex 2.4 5.7 11.4939
      vertex 2.4 20.0651 4.50919
    endloop
  endfacet
  facet normal 1 0 0
    outer loop
      vertex 2.4 20.175 4.6067
      vertex 2.4 5.7 11.4939
      vertex 2.4 20.1179 4.56146
    endloop
  endfacet
  facet normal 1 0 0
    outer loop
      vertex 2.4 20.2356 4.6444
      vertex 2.4 5.7 11.4939
      vertex 2.4 20.175 4.6067
    endloop
  endfacet
  facet normal 1 0 0
    outer loop
      vertex 2.4 20.2991 4.67417
      vertex 2.4 5.7 11.4939
      vertex 2.4 20.2356 4.6444
    endloop
  endfacet
  facet normal 1 0 0
    outer loop
      vertex 2.4 20.3649 4.69566
      vertex 2.4 5.7 11.4939
      vertex 2.4 20.2991 4.67417
    endloop
  endfacet
  facet normal 1 0 0
    outer loop
      vertex 2.4 20.3753 4.69768
      vertex 2.4 5.7 11.4939
      vertex 2.4 20.3649 4.69566
    endloop
  endfacet
  facet normal 1 0 0
    outer loop
      vertex 2.4 20.4321 4.70866
      vertex 2.4 5.7 11.4939
      vertex 2.4 20.3753 4.69768
    endloop
  endfacet
  facet normal 1 0 0
    outer loop
      vertex 2.4 20.4894 4.71233
      vertex 2.4 5.7 11.4939
      vertex 2.4 20.4321 4.70866
    endloop
  endfacet
  facet normal 1 0 0
    outer loop
      vertex 2.4 20.5 4.71301
      vertex 2.4 5.7 11.4939
      vertex 2.4 20.4894 4.71233
    endloop
  endfacet
  facet normal 1 0 0
    outer loop
      vertex 2.4 52.5 4.71301
      vertex 2.4 5.7 11.4939
      vertex 2.4 20.5 4.71301
    endloop
  endfacet
  facet normal 1 0 0
    outer loop
      vertex 2.4 5.7 11.4939
      vertex 2.4 52.5 4.71301
      vertex 2.4 72.1 4.51501
    endloop
  endfacet
  facet normal 1 0 0
    outer loop
      vertex 2.4 53.1358 3.75452
      vertex 2.4 72.1 4.51501
      vertex 2.4 53.1464 3.83656
    endloop
  endfacet
  facet normal 1 -0 0
    outer loop
      vertex 2.4 53.1464 0.636558
      vertex 2.4 72.1 0
      vertex 2.4 53.15 0.719501
    endloop
  endfacet
  facet normal 1 -0 0
    outer loop
      vertex 2.4 53.1358 0.554523
      vertex 2.4 72.1 0
      vertex 2.4 53.1464 0.636558
    endloop
  endfacet
  facet normal 1 -0 0
    outer loop
      vertex 2.4 53.1195 0.480233
      vertex 2.4 72.1 0
      vertex 2.4 53.1358 0.554523
    endloop
  endfacet
  facet normal 1 -0 0
    outer loop
      vertex 2.4 53.1182 0.474295
      vertex 2.4 72.1 0
      vertex 2.4 53.1195 0.480233
    endloop
  endfacet
  facet normal 1 -0 0
    outer loop
      vertex 2.4 53.1164 0.468627
      vertex 2.4 72.1 0
      vertex 2.4 53.1182 0.474295
    endloop
  endfacet
  facet normal 1 -0 0
    outer loop
      vertex 2.4 53.0938 0.396754
      vertex 2.4 72.1 0
      vertex 2.4 53.1164 0.468627
    endloop
  endfacet
  facet normal 1 -0 0
    outer loop
      vertex 2.4 53.0648 0.327325
      vertex 2.4 72.1 0
      vertex 2.4 53.0938 0.396754
    endloop
  endfacet
  facet normal 1 -0 0
    outer loop
      vertex 2.4 53.0629 0.322749
      vertex 2.4 72.1 0
      vertex 2.4 53.0648 0.327325
    endloop
  endfacet
  facet normal 1 -0 0
    outer loop
      vertex 2.4 53.0606 0.318491
      vertex 2.4 72.1 0
      vertex 2.4 53.0629 0.322749
    endloop
  endfacet
  facet normal 1 -0 0
    outer loop
      vertex 2.4 53.0259 0.253091
      vertex 2.4 72.1 0
      vertex 2.4 53.0606 0.318491
    endloop
  endfacet
  facet normal 1 -0 0
    outer loop
      vertex 2.4 53.0235 0.2495
      vertex 2.4 72.1 0
      vertex 2.4 53.0259 0.253091
    endloop
  endfacet
  facet normal 1 -0 0
    outer loop
      vertex 2.4 52.983 0.188544
      vertex 2.4 72.1 0
      vertex 2.4 53.0235 0.2495
    endloop
  endfacet
  facet normal 1 -0 0
    outer loop
      vertex 2.4 52.9349 0.129814
      vertex 2.4 72.1 0
      vertex 2.4 52.983 0.188544
    endloop
  endfacet
  facet normal 1 -0 0
    outer loop
      vertex 2.4 52.8821 0.0775447
      vertex 2.4 72.1 0
      vertex 2.4 52.9349 0.129814
    endloop
  endfacet
  facet normal 1 -0 0
    outer loop
      vertex 2.4 52.825 0.0323076
      vertex 2.4 72.1 0
      vertex 2.4 52.8821 0.0775447
    endloop
  endfacet
  facet normal 1 0 0
    outer loop
      vertex 2.4 72.1 0
      vertex 2.4 52.825 0.0323076
      vertex 2.4 52.7731 0
    endloop
  endfacet
  facet normal 1 0 0
    outer loop
      vertex 2.4 19.9741 0.253091
      vertex 2.4 20.017 0.188544
      vertex 2.4 19.9765 0.2495
    endloop
  endfacet
  facet normal 1 0 0
    outer loop
      vertex 2.4 19.8642 0.554523
      vertex 2.4 19.8818 0.474295
      vertex 2.4 19.8805 0.480233
    endloop
  endfacet
  facet normal 1 0 0
    outer loop
      vertex 2.4 19.8536 0.802445
      vertex 2.4 5.7 0
      vertex 2.4 19.85 0.719501
    endloop
  endfacet
  facet normal 1 0 0
    outer loop
      vertex 2.4 19.85 0.719501
      vertex 2.4 5.7 0
      vertex 2.4 19.8536 0.636558
    endloop
  endfacet
  facet normal 1 0 0
    outer loop
      vertex 2.4 19.8536 0.636558
      vertex 2.4 5.7 0
      vertex 2.4 19.8642 0.554523
    endloop
  endfacet
  facet normal 1 0 0
    outer loop
      vertex 2.4 19.8642 0.554523
      vertex 2.4 5.7 0
      vertex 2.4 19.8818 0.474295
    endloop
  endfacet
  facet normal 1 0 0
    outer loop
      vertex 2.4 19.8818 0.474295
      vertex 2.4 5.7 0
      vertex 2.4 19.8836 0.468627
    endloop
  endfacet
  facet normal 1 0 0
    outer loop
      vertex 2.4 19.8836 0.468627
      vertex 2.4 5.7 0
      vertex 2.4 19.9062 0.396754
    endloop
  endfacet
  facet normal 1 0 0
    outer loop
      vertex 2.4 19.9062 0.396754
      vertex 2.4 5.7 0
      vertex 2.4 19.9352 0.327325
    endloop
  endfacet
  facet normal 1 0 0
    outer loop
      vertex 2.4 19.9352 0.327325
      vertex 2.4 5.7 0
      vertex 2.4 19.9371 0.322749
    endloop
  endfacet
  facet normal 1 0 0
    outer loop
      vertex 2.4 19.9371 0.322749
      vertex 2.4 5.7 0
      vertex 2.4 19.9393 0.318491
    endloop
  endfacet
  facet normal 1 0 0
    outer loop
      vertex 2.4 19.9393 0.318491
      vertex 2.4 5.7 0
      vertex 2.4 19.9741 0.253091
    endloop
  endfacet
  facet normal 1 0 0
    outer loop
      vertex 2.4 19.9741 0.253091
      vertex 2.4 5.7 0
      vertex 2.4 20.017 0.188544
    endloop
  endfacet
  facet normal 1 0 0
    outer loop
      vertex 2.4 20.017 0.188544
      vertex 2.4 5.7 0
      vertex 2.4 20.0651 0.129814
    endloop
  endfacet
  facet normal 1 0 0
    outer loop
      vertex 2.4 20.0651 0.129814
      vertex 2.4 5.7 0
      vertex 2.4 20.1179 0.0775447
    endloop
  endfacet
  facet normal 1 0 0
    outer loop
      vertex 2.4 20.175 0.0323076
      vertex 2.4 5.7 0
      vertex 2.4 20.2269 0
    endloop
  endfacet
  facet normal 1 0 0
    outer loop
      vertex 2.4 20.1179 0.0775447
      vertex 2.4 5.7 0
      vertex 2.4 20.175 0.0323076
    endloop
  endfacet
  facet normal -0.357853 -0.933778 0
    outer loop
      vertex 100.117 74.3839 0
      vertex 99.8725 74.4776 4.26511
      vertex 99.8725 74.4776 0
    endloop
  endfacet
  facet normal -0.357853 -0.933778 0
    outer loop
      vertex 99.8725 74.4776 4.26511
      vertex 100.117 74.3839 0
      vertex 100.117 74.3839 4.27497
    endloop
  endfacet
  facet normal 0 -1 0
    outer loop
      vertex 4.9 74.6 4.25225
      vertex 34 74.6 3.1
      vertex 99.1 74.6 4.25225
    endloop
  endfacet
  facet normal 0 -1 0
    outer loop
      vertex 4.9 74.6 4.25225
      vertex 33.9268 74.6 3.09616
      vertex 34 74.6 3.1
    endloop
  endfacet
  facet normal 0 -1 0
    outer loop
      vertex 4.9 74.6 4.25225
      vertex 33.8545 74.6 3.0847
      vertex 33.9268 74.6 3.09616
    endloop
  endfacet
  facet normal 0 -1 0
    outer loop
      vertex 4.9 74.6 4.25225
      vertex 33.7837 74.6 3.06574
      vertex 33.8545 74.6 3.0847
    endloop
  endfacet
  facet normal 0 -1 0
    outer loop
      vertex 4.9 74.6 4.25225
      vertex 33.7153 74.6 3.03948
      vertex 33.7837 74.6 3.06574
    endloop
  endfacet
  facet normal 0 -1 0
    outer loop
      vertex 4.9 74.6 4.25225
      vertex 33.65 74.6 3.00622
      vertex 33.7153 74.6 3.03948
    endloop
  endfacet
  facet normal 0 -1 0
    outer loop
      vertex 4.9 74.6 4.25225
      vertex 33.5886 74.6 2.96631
      vertex 33.65 74.6 3.00622
    endloop
  endfacet
  facet normal 0 -1 0
    outer loop
      vertex 4.9 74.6 4.25225
      vertex 33.5316 74.6 2.9202
      vertex 33.5886 74.6 2.96631
    endloop
  endfacet
  facet normal 0 -1 0
    outer loop
      vertex 4.9 74.6 4.25225
      vertex 33.4798 74.6 2.86839
      vertex 33.5316 74.6 2.9202
    endloop
  endfacet
  facet normal 0 -1 0
    outer loop
      vertex 4.9 74.6 4.25225
      vertex 33.4337 74.6 2.81145
      vertex 33.4798 74.6 2.86839
    endloop
  endfacet
  facet normal 0 -1 0
    outer loop
      vertex 4.9 74.6 4.25225
      vertex 33.3938 74.6 2.75
      vertex 33.4337 74.6 2.81145
    endloop
  endfacet
  facet normal 0 -1 0
    outer loop
      vertex 4.9 74.6 4.25225
      vertex 33.3605 74.6 2.68472
      vertex 33.3938 74.6 2.75
    endloop
  endfacet
  facet normal 0 -1 0
    outer loop
      vertex 4.9 74.6 4.25225
      vertex 33.3343 74.6 2.61631
      vertex 33.3605 74.6 2.68472
    endloop
  endfacet
  facet normal 0 -1 0
    outer loop
      vertex 4.9 74.6 4.25225
      vertex 33.3153 74.6 2.54554
      vertex 33.3343 74.6 2.61631
    endloop
  endfacet
  facet normal 0 -1 0
    outer loop
      vertex 4.9 74.6 4.25225
      vertex 33.3038 74.6 2.47317
      vertex 33.3153 74.6 2.54554
    endloop
  endfacet
  facet normal 0 -1 0
    outer loop
      vertex 4.9 74.6 4.25225
      vertex 33.3 74.6 2.4
      vertex 33.3038 74.6 2.47317
    endloop
  endfacet
  facet normal 0 -1 0
    outer loop
      vertex 4.9 74.6 0
      vertex 33.3 74.6 2.4
      vertex 4.9 74.6 4.25225
    endloop
  endfacet
  facet normal 0 -1 -0
    outer loop
      vertex 33.3 74.6 2.4
      vertex 4.9 74.6 0
      vertex 33.3038 74.6 2.32683
    endloop
  endfacet
  facet normal 0 -1 -0
    outer loop
      vertex 33.3038 74.6 2.32683
      vertex 4.9 74.6 0
      vertex 33.3153 74.6 2.25446
    endloop
  endfacet
  facet normal 0 -1 -0
    outer loop
      vertex 33.3153 74.6 2.25446
      vertex 4.9 74.6 0
      vertex 33.3343 74.6 2.18369
    endloop
  endfacet
  facet normal 0 -1 -0
    outer loop
      vertex 33.3343 74.6 2.18369
      vertex 4.9 74.6 0
      vertex 33.3605 74.6 2.11528
    endloop
  endfacet
  facet normal 0 -1 -0
    outer loop
      vertex 33.3605 74.6 2.11528
      vertex 4.9 74.6 0
      vertex 33.3938 74.6 2.05
    endloop
  endfacet
  facet normal 0 -1 -0
    outer loop
      vertex 33.3938 74.6 2.05
      vertex 4.9 74.6 0
      vertex 33.4337 74.6 1.98855
    endloop
  endfacet
  facet normal 0 -1 -0
    outer loop
      vertex 33.4337 74.6 1.98855
      vertex 4.9 74.6 0
      vertex 33.4798 74.6 1.93161
    endloop
  endfacet
  facet normal 0 -1 -0
    outer loop
      vertex 33.4798 74.6 1.93161
      vertex 4.9 74.6 0
      vertex 33.5316 74.6 1.8798
    endloop
  endfacet
  facet normal 0 -1 -0
    outer loop
      vertex 33.5316 74.6 1.8798
      vertex 4.9 74.6 0
      vertex 33.5886 74.6 1.83369
    endloop
  endfacet
  facet normal 0 -1 -0
    outer loop
      vertex 33.5886 74.6 1.83369
      vertex 4.9 74.6 0
      vertex 33.65 74.6 1.79378
    endloop
  endfacet
  facet normal 0 -1 -0
    outer loop
      vertex 33.65 74.6 1.79378
      vertex 4.9 74.6 0
      vertex 33.7153 74.6 1.76052
    endloop
  endfacet
  facet normal 0 -1 -0
    outer loop
      vertex 33.7153 74.6 1.76052
      vertex 4.9 74.6 0
      vertex 33.7837 74.6 1.73426
    endloop
  endfacet
  facet normal 0 -1 -0
    outer loop
      vertex 33.7837 74.6 1.73426
      vertex 4.9 74.6 0
      vertex 33.8545 74.6 1.7153
    endloop
  endfacet
  facet normal 0 -1 -0
    outer loop
      vertex 34 74.6 1.7
      vertex 4.9 74.6 0
      vertex 70 74.6 1.7
    endloop
  endfacet
  facet normal 0 -1 -0
    outer loop
      vertex 33.9268 74.6 1.70383
      vertex 4.9 74.6 0
      vertex 34 74.6 1.7
    endloop
  endfacet
  facet normal 0 -1 -0
    outer loop
      vertex 33.8545 74.6 1.7153
      vertex 4.9 74.6 0
      vertex 33.9268 74.6 1.70383
    endloop
  endfacet
  facet normal 0 -1 0
    outer loop
      vertex 70 74.6 3.1
      vertex 99.1 74.6 4.25225
      vertex 34 74.6 3.1
    endloop
  endfacet
  facet normal 0 -1 0
    outer loop
      vertex 70.0732 74.6 3.09616
      vertex 99.1 74.6 4.25225
      vertex 70 74.6 3.1
    endloop
  endfacet
  facet normal 0 -1 0
    outer loop
      vertex 70.1455 74.6 3.0847
      vertex 99.1 74.6 4.25225
      vertex 70.0732 74.6 3.09616
    endloop
  endfacet
  facet normal 0 -1 0
    outer loop
      vertex 70.2163 74.6 3.06574
      vertex 99.1 74.6 4.25225
      vertex 70.1455 74.6 3.0847
    endloop
  endfacet
  facet normal 0 -1 0
    outer loop
      vertex 70.2847 74.6 3.03948
      vertex 99.1 74.6 4.25225
      vertex 70.2163 74.6 3.06574
    endloop
  endfacet
  facet normal 0 -1 0
    outer loop
      vertex 70.35 74.6 3.00622
      vertex 99.1 74.6 4.25225
      vertex 70.2847 74.6 3.03948
    endloop
  endfacet
  facet normal 0 -1 0
    outer loop
      vertex 70.4115 74.6 2.96631
      vertex 99.1 74.6 4.25225
      vertex 70.35 74.6 3.00622
    endloop
  endfacet
  facet normal 0 -1 0
    outer loop
      vertex 70.4684 74.6 2.9202
      vertex 99.1 74.6 4.25225
      vertex 70.4115 74.6 2.96631
    endloop
  endfacet
  facet normal 0 -1 0
    outer loop
      vertex 70.5202 74.6 2.86839
      vertex 99.1 74.6 4.25225
      vertex 70.4684 74.6 2.9202
    endloop
  endfacet
  facet normal 0 -1 0
    outer loop
      vertex 70.5663 74.6 2.81145
      vertex 99.1 74.6 4.25225
      vertex 70.5202 74.6 2.86839
    endloop
  endfacet
  facet normal 0 -1 0
    outer loop
      vertex 70.6062 74.6 2.75
      vertex 99.1 74.6 4.25225
      vertex 70.5663 74.6 2.81145
    endloop
  endfacet
  facet normal 0 -1 0
    outer loop
      vertex 70.6395 74.6 2.68472
      vertex 99.1 74.6 4.25225
      vertex 70.6062 74.6 2.75
    endloop
  endfacet
  facet normal 0 -1 0
    outer loop
      vertex 70.6657 74.6 2.61631
      vertex 99.1 74.6 4.25225
      vertex 70.6395 74.6 2.68472
    endloop
  endfacet
  facet normal 0 -1 0
    outer loop
      vertex 70.6847 74.6 2.54554
      vertex 99.1 74.6 4.25225
      vertex 70.6657 74.6 2.61631
    endloop
  endfacet
  facet normal 0 -1 0
    outer loop
      vertex 70.6962 74.6 2.47317
      vertex 99.1 74.6 4.25225
      vertex 70.6847 74.6 2.54554
    endloop
  endfacet
  facet normal 0 -1 0
    outer loop
      vertex 70.7 74.6 2.4
      vertex 99.1 74.6 4.25225
      vertex 70.6962 74.6 2.47317
    endloop
  endfacet
  facet normal 0 -1 0
    outer loop
      vertex 99.1 74.6 0
      vertex 70.7 74.6 2.4
      vertex 70.6962 74.6 2.32683
    endloop
  endfacet
  facet normal 0 -1 0
    outer loop
      vertex 99.1 74.6 0
      vertex 70.6962 74.6 2.32683
      vertex 70.6847 74.6 2.25446
    endloop
  endfacet
  facet normal 0 -1 0
    outer loop
      vertex 99.1 74.6 0
      vertex 70.6847 74.6 2.25446
      vertex 70.6657 74.6 2.18369
    endloop
  endfacet
  facet normal 0 -1 0
    outer loop
      vertex 99.1 74.6 0
      vertex 70.6657 74.6 2.18369
      vertex 70.6395 74.6 2.11528
    endloop
  endfacet
  facet normal 0 -1 0
    outer loop
      vertex 99.1 74.6 0
      vertex 70.6395 74.6 2.11528
      vertex 70.6062 74.6 2.05
    endloop
  endfacet
  facet normal 0 -1 0
    outer loop
      vertex 99.1 74.6 0
      vertex 70.6062 74.6 2.05
      vertex 70.5663 74.6 1.98855
    endloop
  endfacet
  facet normal 0 -1 0
    outer loop
      vertex 99.1 74.6 0
      vertex 70.5663 74.6 1.98855
      vertex 70.5202 74.6 1.93161
    endloop
  endfacet
  facet normal 0 -1 0
    outer loop
      vertex 99.1 74.6 0
      vertex 70.5202 74.6 1.93161
      vertex 70.4684 74.6 1.8798
    endloop
  endfacet
  facet normal 0 -1 0
    outer loop
      vertex 99.1 74.6 0
      vertex 70.4684 74.6 1.8798
      vertex 70.4115 74.6 1.83369
    endloop
  endfacet
  facet normal 0 -1 0
    outer loop
      vertex 99.1 74.6 0
      vertex 70.4115 74.6 1.83369
      vertex 70.35 74.6 1.79378
    endloop
  endfacet
  facet normal 0 -1 0
    outer loop
      vertex 99.1 74.6 0
      vertex 70.35 74.6 1.79378
      vertex 70.2847 74.6 1.76052
    endloop
  endfacet
  facet normal 0 -1 0
    outer loop
      vertex 99.1 74.6 0
      vertex 70.2847 74.6 1.76052
      vertex 70.2163 74.6 1.73426
    endloop
  endfacet
  facet normal 0 -1 0
    outer loop
      vertex 99.1 74.6 0
      vertex 70.2163 74.6 1.73426
      vertex 70.1455 74.6 1.7153
    endloop
  endfacet
  facet normal 0 -1 0
    outer loop
      vertex 99.1 74.6 0
      vertex 70.1455 74.6 1.7153
      vertex 70.0732 74.6 1.70383
    endloop
  endfacet
  facet normal 0 -1 0
    outer loop
      vertex 70.7 74.6 2.4
      vertex 99.1 74.6 0
      vertex 99.1 74.6 4.25225
    endloop
  endfacet
  facet normal 0 -1 0
    outer loop
      vertex 70 74.6 1.7
      vertex 99.1 74.6 0
      vertex 70.0732 74.6 1.70383
    endloop
  endfacet
  facet normal 0 -1 0
    outer loop
      vertex 99.1 74.6 0
      vertex 70 74.6 1.7
      vertex 4.9 74.6 0
    endloop
  endfacet
  facet normal 0 1 -0
    outer loop
      vertex 99.1 3.2 0
      vertex 4.9 3.2 11.7567
      vertex 99.1 3.2 11.7567
    endloop
  endfacet
  facet normal 0 1 0
    outer loop
      vertex 4.9 3.2 11.7567
      vertex 99.1 3.2 0
      vertex 4.9 3.2 0
    endloop
  endfacet
  facet normal -1 0 0
    outer loop
      vertex 101.6 20.017 0.188545
      vertex 101.6 19.9741 0.253092
      vertex 101.6 19.9765 0.249501
    endloop
  endfacet
  facet normal -1 0 0
    outer loop
      vertex 101.6 19.8818 0.474295
      vertex 101.6 19.8642 0.554523
      vertex 101.6 19.8805 0.480233
    endloop
  endfacet
  facet normal -1 -0 0
    outer loop
      vertex 101.6 19.8536 3.83656
      vertex 101.6 5.7 0
      vertex 101.6 19.85 3.9195
    endloop
  endfacet
  facet normal -1 -0 0
    outer loop
      vertex 101.6 19.8536 0.636558
      vertex 101.6 5.7 0
      vertex 101.6 19.85 0.719501
    endloop
  endfacet
  facet normal -1 -0 0
    outer loop
      vertex 101.6 19.8642 0.554523
      vertex 101.6 5.7 0
      vertex 101.6 19.8536 0.636558
    endloop
  endfacet
  facet normal -1 -0 0
    outer loop
      vertex 101.6 19.8818 0.474295
      vertex 101.6 5.7 0
      vertex 101.6 19.8642 0.554523
    endloop
  endfacet
  facet normal -1 -0 0
    outer loop
      vertex 101.6 19.8836 0.468628
      vertex 101.6 5.7 0
      vertex 101.6 19.8818 0.474295
    endloop
  endfacet
  facet normal -1 -0 0
    outer loop
      vertex 101.6 19.9062 0.396754
      vertex 101.6 5.7 0
      vertex 101.6 19.8836 0.468628
    endloop
  endfacet
  facet normal -1 -0 0
    outer loop
      vertex 101.6 19.9352 0.327326
      vertex 101.6 5.7 0
      vertex 101.6 19.9062 0.396754
    endloop
  endfacet
  facet normal -1 -0 0
    outer loop
      vertex 101.6 19.9371 0.32275
      vertex 101.6 5.7 0
      vertex 101.6 19.9352 0.327326
    endloop
  endfacet
  facet normal -1 -0 0
    outer loop
      vertex 101.6 19.9393 0.318492
      vertex 101.6 5.7 0
      vertex 101.6 19.9371 0.32275
    endloop
  endfacet
  facet normal -1 -0 0
    outer loop
      vertex 101.6 19.9741 0.253092
      vertex 101.6 5.7 0
      vertex 101.6 19.9393 0.318492
    endloop
  endfacet
  facet normal -1 -0 0
    outer loop
      vertex 101.6 20.017 0.188545
      vertex 101.6 5.7 0
      vertex 101.6 19.9741 0.253092
    endloop
  endfacet
  facet normal -1 -0 0
    outer loop
      vertex 101.6 20.0651 0.129815
      vertex 101.6 5.7 0
      vertex 101.6 20.017 0.188545
    endloop
  endfacet
  facet normal -1 -0 0
    outer loop
      vertex 101.6 20.1179 0.0775452
      vertex 101.6 5.7 0
      vertex 101.6 20.0651 0.129815
    endloop
  endfacet
  facet normal -1 -0 0
    outer loop
      vertex 101.6 20.175 0.0323081
      vertex 101.6 5.7 0
      vertex 101.6 20.1179 0.0775452
    endloop
  endfacet
  facet normal -1 0 0
    outer loop
      vertex 101.6 5.7 0
      vertex 101.6 20.175 0.0323081
      vertex 101.6 20.2269 0
    endloop
  endfacet
  facet normal -1 0 0
    outer loop
      vertex 101.6 72.1 0
      vertex 101.6 53.1358 0.88448
      vertex 101.6 72.1 4.51501
    endloop
  endfacet
  facet normal -1 0 0
    outer loop
      vertex 101.6 72.1 4.51501
      vertex 101.6 53.1464 3.83656
      vertex 101.6 53.15 3.9195
    endloop
  endfacet
  facet normal -1 0 0
    outer loop
      vertex 101.6 53.1358 3.75452
      vertex 101.6 72.1 4.51501
      vertex 101.6 53.1358 0.88448
    endloop
  endfacet
  facet normal -1 0 0
    outer loop
      vertex 101.6 72.1 4.51501
      vertex 101.6 53.1358 3.75452
      vertex 101.6 53.1464 3.83656
    endloop
  endfacet
  facet normal -1 0 0
    outer loop
      vertex 101.6 53.1339 0.893057
      vertex 101.6 53.1358 3.75452
      vertex 101.6 53.1358 0.88448
    endloop
  endfacet
  facet normal -1 0 0
    outer loop
      vertex 101.6 53.1339 0.893057
      vertex 101.6 53.1195 3.68023
      vertex 101.6 53.1358 3.75452
    endloop
  endfacet
  facet normal -1 0 0
    outer loop
      vertex 101.6 53.1182 0.964708
      vertex 101.6 53.1195 3.68023
      vertex 101.6 53.1339 0.893057
    endloop
  endfacet
  facet normal -1 0 0
    outer loop
      vertex 101.6 53.1182 0.964708
      vertex 101.6 53.1182 3.67429
      vertex 101.6 53.1195 3.68023
    endloop
  endfacet
  facet normal -1 0 0
    outer loop
      vertex 101.6 53.1182 0.964708
      vertex 101.6 53.1164 3.66863
      vertex 101.6 53.1182 3.67429
    endloop
  endfacet
  facet normal -1 0 0
    outer loop
      vertex 101.6 53.0967 1.03309
      vertex 101.6 53.1164 3.66863
      vertex 101.6 53.1182 0.964708
    endloop
  endfacet
  facet normal -1 0 0
    outer loop
      vertex 101.6 53.0938 1.04225
      vertex 101.6 53.1164 3.66863
      vertex 101.6 53.0967 1.03309
    endloop
  endfacet
  facet normal -1 0 0
    outer loop
      vertex 101.6 53.0938 1.04225
      vertex 101.6 53.0938 3.59675
      vertex 101.6 53.1164 3.66863
    endloop
  endfacet
  facet normal -1 0 0
    outer loop
      vertex 101.6 53.0901 1.05109
      vertex 101.6 53.0938 3.59675
      vertex 101.6 53.0938 1.04225
    endloop
  endfacet
  facet normal -1 0 0
    outer loop
      vertex 101.6 53.0901 1.05109
      vertex 101.6 53.0648 3.52733
      vertex 101.6 53.0938 3.59675
    endloop
  endfacet
  facet normal -1 0 0
    outer loop
      vertex 101.6 53.0629 1.11625
      vertex 101.6 53.0648 3.52733
      vertex 101.6 53.0901 1.05109
    endloop
  endfacet
  facet normal -1 0 0
    outer loop
      vertex 101.6 53.0629 1.11625
      vertex 101.6 53.0629 3.52275
      vertex 101.6 53.0648 3.52733
    endloop
  endfacet
  facet normal -1 0 0
    outer loop
      vertex 101.6 53.0629 1.11625
      vertex 101.6 53.0606 3.51849
      vertex 101.6 53.0629 3.52275
    endloop
  endfacet
  facet normal -1 0 0
    outer loop
      vertex 101.6 53.0307 1.17689
      vertex 101.6 53.0606 3.51849
      vertex 101.6 53.0629 1.11625
    endloop
  endfacet
  facet normal -1 0 0
    outer loop
      vertex 101.6 53.0259 3.45309
      vertex 101.6 53.0307 1.17689
      vertex 101.6 53.0259 1.18591
    endloop
  endfacet
  facet normal -1 0 0
    outer loop
      vertex 101.6 53.0307 1.17689
      vertex 101.6 53.0259 3.45309
      vertex 101.6 53.0606 3.51849
    endloop
  endfacet
  facet normal -1 0 0
    outer loop
      vertex 101.6 52.983 1.25046
      vertex 101.6 53.0259 3.45309
      vertex 101.6 53.0259 1.18591
    endloop
  endfacet
  facet normal -1 0 0
    outer loop
      vertex 101.6 52.983 1.25046
      vertex 101.6 52.983 3.38854
      vertex 101.6 53.0259 3.45309
    endloop
  endfacet
  facet normal -1 0 0
    outer loop
      vertex 101.6 52.9349 1.30919
      vertex 101.6 52.983 3.38854
      vertex 101.6 52.983 1.25046
    endloop
  endfacet
  facet normal -1 0 0
    outer loop
      vertex 101.6 52.9349 1.30919
      vertex 101.6 52.9349 3.32981
      vertex 101.6 52.983 3.38854
    endloop
  endfacet
  facet normal -1 0 0
    outer loop
      vertex 101.6 52.8821 1.36146
      vertex 101.6 52.9349 3.32981
      vertex 101.6 52.9349 1.30919
    endloop
  endfacet
  facet normal -1 0 0
    outer loop
      vertex 101.6 52.8821 1.36146
      vertex 101.6 52.8821 3.27754
      vertex 101.6 52.9349 3.32981
    endloop
  endfacet
  facet normal -1 0 0
    outer loop
      vertex 101.6 52.825 1.4067
      vertex 101.6 52.8821 3.27754
      vertex 101.6 52.8821 1.36146
    endloop
  endfacet
  facet normal -1 0 0
    outer loop
      vertex 101.6 52.825 1.4067
      vertex 101.6 52.825 3.23231
      vertex 101.6 52.8821 3.27754
    endloop
  endfacet
  facet normal -1 0 0
    outer loop
      vertex 101.6 52.7644 1.4444
      vertex 101.6 52.825 3.23231
      vertex 101.6 52.825 1.4067
    endloop
  endfacet
  facet normal -1 0 0
    outer loop
      vertex 101.6 52.7644 1.4444
      vertex 101.6 52.7644 3.1946
      vertex 101.6 52.825 3.23231
    endloop
  endfacet
  facet normal -1 0 0
    outer loop
      vertex 101.6 52.7009 1.47417
      vertex 101.6 52.7644 3.1946
      vertex 101.6 52.7644 1.4444
    endloop
  endfacet
  facet normal -1 0 0
    outer loop
      vertex 101.6 52.7009 1.47417
      vertex 101.6 52.7009 3.16483
      vertex 101.6 52.7644 3.1946
    endloop
  endfacet
  facet normal -1 0 0
    outer loop
      vertex 101.6 52.6351 1.49567
      vertex 101.6 52.7009 3.16483
      vertex 101.6 52.7009 1.47417
    endloop
  endfacet
  facet normal -1 0 0
    outer loop
      vertex 101.6 52.6351 1.49567
      vertex 101.6 52.6351 3.14334
      vertex 101.6 52.7009 3.16483
    endloop
  endfacet
  facet normal -1 0 0
    outer loop
      vertex 101.6 52.6247 1.49768
      vertex 101.6 52.6351 3.14334
      vertex 101.6 52.6351 1.49567
    endloop
  endfacet
  facet normal -1 0 0
    outer loop
      vertex 101.6 52.6247 1.49768
      vertex 101.6 52.57 3.13074
      vertex 101.6 52.6351 3.14334
    endloop
  endfacet
  facet normal -1 0 0
    outer loop
      vertex 101.6 52.5679 1.50866
      vertex 101.6 52.57 3.13074
      vertex 101.6 52.6247 1.49768
    endloop
  endfacet
  facet normal -1 0 0
    outer loop
      vertex 101.6 52.5679 1.50866
      vertex 101.6 52.5679 3.13034
      vertex 101.6 52.57 3.13074
    endloop
  endfacet
  facet normal -1 0 0
    outer loop
      vertex 101.6 52.5573 1.50934
      vertex 101.6 52.5679 3.13034
      vertex 101.6 52.5679 1.50866
    endloop
  endfacet
  facet normal -1 0 0
    outer loop
      vertex 101.6 52.5573 1.50934
      vertex 101.6 52.502 3.12613
      vertex 101.6 52.5679 3.13034
    endloop
  endfacet
  facet normal -1 0 0
    outer loop
      vertex 101.6 52.5 1.513
      vertex 101.6 52.502 3.12613
      vertex 101.6 52.5573 1.50934
    endloop
  endfacet
  facet normal -1 0 0
    outer loop
      vertex 101.6 52.5 1.513
      vertex 101.6 52.5 3.126
      vertex 101.6 52.502 3.12613
    endloop
  endfacet
  facet normal -1 0 0
    outer loop
      vertex 101.6 20.5 1.513
      vertex 101.6 52.5 3.126
      vertex 101.6 52.5 1.513
    endloop
  endfacet
  facet normal -1 0 0
    outer loop
      vertex 101.6 20.5 1.513
      vertex 101.6 20.5 3.126
      vertex 101.6 52.5 3.126
    endloop
  endfacet
  facet normal -1 0 0
    outer loop
      vertex 101.6 20.5 1.513
      vertex 101.6 20.498 3.12613
      vertex 101.6 20.5 3.126
    endloop
  endfacet
  facet normal -1 0 0
    outer loop
      vertex 101.6 20.4427 1.50934
      vertex 101.6 20.498 3.12613
      vertex 101.6 20.5 1.513
    endloop
  endfacet
  facet normal -1 0 0
    outer loop
      vertex 101.6 20.4321 3.13034
      vertex 101.6 20.4427 1.50934
      vertex 101.6 20.4321 1.50866
    endloop
  endfacet
  facet normal -1 0 0
    outer loop
      vertex 101.6 20.4427 1.50934
      vertex 101.6 20.4321 3.13034
      vertex 101.6 20.498 3.12613
    endloop
  endfacet
  facet normal -1 0 0
    outer loop
      vertex 101.6 20.4321 1.50866
      vertex 101.6 20.43 3.13074
      vertex 101.6 20.4321 3.13034
    endloop
  endfacet
  facet normal -1 0 0
    outer loop
      vertex 101.6 20.3753 1.49768
      vertex 101.6 20.43 3.13074
      vertex 101.6 20.4321 1.50866
    endloop
  endfacet
  facet normal -1 0 0
    outer loop
      vertex 101.6 20.3649 3.14334
      vertex 101.6 20.3753 1.49768
      vertex 101.6 20.3649 1.49567
    endloop
  endfacet
  facet normal -1 0 0
    outer loop
      vertex 101.6 20.3753 1.49768
      vertex 101.6 20.3649 3.14334
      vertex 101.6 20.43 3.13074
    endloop
  endfacet
  facet normal -1 0 0
    outer loop
      vertex 101.6 20.2991 1.47417
      vertex 101.6 20.3649 3.14334
      vertex 101.6 20.3649 1.49567
    endloop
  endfacet
  facet normal -1 0 0
    outer loop
      vertex 101.6 20.2991 1.47417
      vertex 101.6 20.2991 3.16483
      vertex 101.6 20.3649 3.14334
    endloop
  endfacet
  facet normal -1 0 0
    outer loop
      vertex 101.6 20.2356 1.4444
      vertex 101.6 20.2991 3.16483
      vertex 101.6 20.2991 1.47417
    endloop
  endfacet
  facet normal -1 0 0
    outer loop
      vertex 101.6 20.2356 1.4444
      vertex 101.6 20.2356 3.1946
      vertex 101.6 20.2991 3.16483
    endloop
  endfacet
  facet normal -1 0 0
    outer loop
      vertex 101.6 20.175 1.4067
      vertex 101.6 20.2356 3.1946
      vertex 101.6 20.2356 1.4444
    endloop
  endfacet
  facet normal -1 0 0
    outer loop
      vertex 101.6 20.175 1.4067
      vertex 101.6 20.175 3.23231
      vertex 101.6 20.2356 3.1946
    endloop
  endfacet
  facet normal -1 0 0
    outer loop
      vertex 101.6 20.1179 1.36146
      vertex 101.6 20.175 3.23231
      vertex 101.6 20.175 1.4067
    endloop
  endfacet
  facet normal -1 0 0
    outer loop
      vertex 101.6 20.1179 1.36146
      vertex 101.6 20.1179 3.27754
      vertex 101.6 20.175 3.23231
    endloop
  endfacet
  facet normal -1 0 0
    outer loop
      vertex 101.6 20.0651 1.30919
      vertex 101.6 20.1179 3.27754
      vertex 101.6 20.1179 1.36146
    endloop
  endfacet
  facet normal -1 0 0
    outer loop
      vertex 101.6 20.0651 1.30919
      vertex 101.6 20.0651 3.32981
      vertex 101.6 20.1179 3.27754
    endloop
  endfacet
  facet normal -1 0 0
    outer loop
      vertex 101.6 20.017 1.25046
      vertex 101.6 20.0651 3.32981
      vertex 101.6 20.0651 1.30919
    endloop
  endfacet
  facet normal -1 0 0
    outer loop
      vertex 101.6 20.017 1.25046
      vertex 101.6 20.017 3.38854
      vertex 101.6 20.0651 3.32981
    endloop
  endfacet
  facet normal -1 0 0
    outer loop
      vertex 101.6 19.9741 1.18591
      vertex 101.6 20.017 3.38854
      vertex 101.6 20.017 1.25046
    endloop
  endfacet
  facet normal -1 0 0
    outer loop
      vertex 101.6 19.9741 1.18591
      vertex 101.6 19.9741 3.45309
      vertex 101.6 20.017 3.38854
    endloop
  endfacet
  facet normal -1 0 0
    outer loop
      vertex 101.6 19.9693 1.17689
      vertex 101.6 19.9741 3.45309
      vertex 101.6 19.9741 1.18591
    endloop
  endfacet
  facet normal -1 0 0
    outer loop
      vertex 101.6 19.9693 1.17689
      vertex 101.6 19.9393 3.51849
      vertex 101.6 19.9741 3.45309
    endloop
  endfacet
  facet normal -1 0 0
    outer loop
      vertex 101.6 19.9371 1.11625
      vertex 101.6 19.9393 3.51849
      vertex 101.6 19.9693 1.17689
    endloop
  endfacet
  facet normal -1 0 0
    outer loop
      vertex 101.6 19.9371 1.11625
      vertex 101.6 19.9371 3.52275
      vertex 101.6 19.9393 3.51849
    endloop
  endfacet
  facet normal -1 0 0
    outer loop
      vertex 101.6 19.9371 1.11625
      vertex 101.6 19.9352 3.52733
      vertex 101.6 19.9371 3.52275
    endloop
  endfacet
  facet normal -1 0 0
    outer loop
      vertex 101.6 19.9099 1.05109
      vertex 101.6 19.9352 3.52733
      vertex 101.6 19.9371 1.11625
    endloop
  endfacet
  facet normal -1 0 0
    outer loop
      vertex 101.6 19.9062 3.59675
      vertex 101.6 19.9099 1.05109
      vertex 101.6 19.9062 1.04225
    endloop
  endfacet
  facet normal -1 0 0
    outer loop
      vertex 101.6 19.9099 1.05109
      vertex 101.6 19.9062 3.59675
      vertex 101.6 19.9352 3.52733
    endloop
  endfacet
  facet normal -1 0 0
    outer loop
      vertex 101.6 19.9033 1.03309
      vertex 101.6 19.9062 3.59675
      vertex 101.6 19.9062 1.04225
    endloop
  endfacet
  facet normal -1 0 0
    outer loop
      vertex 101.6 19.9033 1.03309
      vertex 101.6 19.8836 3.66863
      vertex 101.6 19.9062 3.59675
    endloop
  endfacet
  facet normal -1 0 0
    outer loop
      vertex 101.6 19.8818 0.964708
      vertex 101.6 19.8836 3.66863
      vertex 101.6 19.9033 1.03309
    endloop
  endfacet
  facet normal -1 0 0
    outer loop
      vertex 101.6 19.8818 0.964708
      vertex 101.6 19.8818 3.67429
      vertex 101.6 19.8836 3.66863
    endloop
  endfacet
  facet normal -1 0 0
    outer loop
      vertex 101.6 19.8818 0.964708
      vertex 101.6 19.8805 3.68023
      vertex 101.6 19.8818 3.67429
    endloop
  endfacet
  facet normal -1 0 0
    outer loop
      vertex 101.6 19.8661 0.893057
      vertex 101.6 19.8805 3.68023
      vertex 101.6 19.8818 0.964708
    endloop
  endfacet
  facet normal -1 0 0
    outer loop
      vertex 101.6 19.8642 0.88448
      vertex 101.6 19.8805 3.68023
      vertex 101.6 19.8661 0.893057
    endloop
  endfacet
  facet normal -1 0 0
    outer loop
      vertex 101.6 19.8642 0.88448
      vertex 101.6 19.8642 3.75452
      vertex 101.6 19.8805 3.68023
    endloop
  endfacet
  facet normal -1 0 0
    outer loop
      vertex 101.6 5.7 0
      vertex 101.6 19.8642 0.88448
      vertex 101.6 19.8536 0.802446
    endloop
  endfacet
  facet normal -1 -0 0
    outer loop
      vertex 101.6 19.8642 0.88448
      vertex 101.6 5.7 0
      vertex 101.6 19.8642 3.75452
    endloop
  endfacet
  facet normal -1 0 0
    outer loop
      vertex 101.6 5.7 0
      vertex 101.6 19.8536 0.802446
      vertex 101.6 19.85 0.719501
    endloop
  endfacet
  facet normal -1 -0 0
    outer loop
      vertex 101.6 19.8642 3.75452
      vertex 101.6 5.7 0
      vertex 101.6 19.8536 3.83656
    endloop
  endfacet
  facet normal -1 0 0
    outer loop
      vertex 101.6 53.1464 0.802446
      vertex 101.6 72.1 0
      vertex 101.6 53.15 0.719501
    endloop
  endfacet
  facet normal -1 0 0
    outer loop
      vertex 101.6 72.1 0
      vertex 101.6 53.1464 0.636558
      vertex 101.6 53.15 0.719501
    endloop
  endfacet
  facet normal -1 0 0
    outer loop
      vertex 101.6 72.1 0
      vertex 101.6 53.1358 0.554523
      vertex 101.6 53.1464 0.636558
    endloop
  endfacet
  facet normal -1 0 0
    outer loop
      vertex 101.6 72.1 0
      vertex 101.6 53.1195 0.480233
      vertex 101.6 53.1358 0.554523
    endloop
  endfacet
  facet normal -1 0 0
    outer loop
      vertex 101.6 72.1 0
      vertex 101.6 53.1182 0.474295
      vertex 101.6 53.1195 0.480233
    endloop
  endfacet
  facet normal -1 0 0
    outer loop
      vertex 101.6 72.1 0
      vertex 101.6 53.1164 0.468628
      vertex 101.6 53.1182 0.474295
    endloop
  endfacet
  facet normal -1 0 0
    outer loop
      vertex 101.6 72.1 0
      vertex 101.6 53.0938 0.396754
      vertex 101.6 53.1164 0.468628
    endloop
  endfacet
  facet normal -1 0 0
    outer loop
      vertex 101.6 72.1 0
      vertex 101.6 53.0648 0.327326
      vertex 101.6 53.0938 0.396754
    endloop
  endfacet
  facet normal -1 0 0
    outer loop
      vertex 101.6 72.1 0
      vertex 101.6 53.0629 0.32275
      vertex 101.6 53.0648 0.327326
    endloop
  endfacet
  facet normal -1 0 0
    outer loop
      vertex 101.6 72.1 0
      vertex 101.6 53.0606 0.318492
      vertex 101.6 53.0629 0.32275
    endloop
  endfacet
  facet normal -1 0 0
    outer loop
      vertex 101.6 72.1 0
      vertex 101.6 53.0259 0.253092
      vertex 101.6 53.0606 0.318492
    endloop
  endfacet
  facet normal -1 0 0
    outer loop
      vertex 101.6 72.1 0
      vertex 101.6 53.0235 0.249501
      vertex 101.6 53.0259 0.253092
    endloop
  endfacet
  facet normal -1 0 0
    outer loop
      vertex 101.6 72.1 0
      vertex 101.6 52.983 0.188545
      vertex 101.6 53.0235 0.249501
    endloop
  endfacet
  facet normal -1 0 0
    outer loop
      vertex 101.6 72.1 0
      vertex 101.6 52.9349 0.129815
      vertex 101.6 52.983 0.188545
    endloop
  endfacet
  facet normal -1 0 0
    outer loop
      vertex 101.6 72.1 0
      vertex 101.6 52.8821 0.0775452
      vertex 101.6 52.9349 0.129815
    endloop
  endfacet
  facet normal -1 0 0
    outer loop
      vertex 101.6 72.1 0
      vertex 101.6 52.825 0.0323081
      vertex 101.6 52.8821 0.0775452
    endloop
  endfacet
  facet normal -1 0 -0
    outer loop
      vertex 101.6 52.825 0.0323081
      vertex 101.6 72.1 0
      vertex 101.6 52.7731 0
    endloop
  endfacet
  facet normal -1 0 0
    outer loop
      vertex 101.6 53.1358 0.88448
      vertex 101.6 72.1 0
      vertex 101.6 53.1464 0.802446
    endloop
  endfacet
  facet normal -1 0 0
    outer loop
      vertex 101.6 53.1464 4.00245
      vertex 101.6 72.1 4.51501
      vertex 101.6 53.15 3.9195
    endloop
  endfacet
  facet normal -1 0 0
    outer loop
      vertex 101.6 53.1358 4.08448
      vertex 101.6 72.1 4.51501
      vertex 101.6 53.1464 4.00245
    endloop
  endfacet
  facet normal -1 0 0
    outer loop
      vertex 101.6 53.1339 4.09306
      vertex 101.6 72.1 4.51501
      vertex 101.6 53.1358 4.08448
    endloop
  endfacet
  facet normal -1 0 0
    outer loop
      vertex 101.6 53.1182 4.16471
      vertex 101.6 72.1 4.51501
      vertex 101.6 53.1339 4.09306
    endloop
  endfacet
  facet normal -1 0 0
    outer loop
      vertex 101.6 53.0967 4.23309
      vertex 101.6 72.1 4.51501
      vertex 101.6 53.1182 4.16471
    endloop
  endfacet
  facet normal -1 0 0
    outer loop
      vertex 101.6 53.0938 4.24225
      vertex 101.6 72.1 4.51501
      vertex 101.6 53.0967 4.23309
    endloop
  endfacet
  facet normal -1 0 0
    outer loop
      vertex 101.6 53.0901 4.25109
      vertex 101.6 72.1 4.51501
      vertex 101.6 53.0938 4.24225
    endloop
  endfacet
  facet normal -1 0 0
    outer loop
      vertex 101.6 53.0629 4.31625
      vertex 101.6 72.1 4.51501
      vertex 101.6 53.0901 4.25109
    endloop
  endfacet
  facet normal -1 0 0
    outer loop
      vertex 101.6 53.0307 4.37689
      vertex 101.6 72.1 4.51501
      vertex 101.6 53.0629 4.31625
    endloop
  endfacet
  facet normal -1 0 0
    outer loop
      vertex 101.6 53.0259 4.38591
      vertex 101.6 72.1 4.51501
      vertex 101.6 53.0307 4.37689
    endloop
  endfacet
  facet normal -1 0 0
    outer loop
      vertex 101.6 52.983 4.45046
      vertex 101.6 72.1 4.51501
      vertex 101.6 53.0259 4.38591
    endloop
  endfacet
  facet normal -1 0 0
    outer loop
      vertex 101.6 52.9349 4.50919
      vertex 101.6 72.1 4.51501
      vertex 101.6 52.983 4.45046
    endloop
  endfacet
  facet normal -1 0 0
    outer loop
      vertex 101.6 52.8821 4.56146
      vertex 101.6 72.1 4.51501
      vertex 101.6 52.9349 4.50919
    endloop
  endfacet
  facet normal -1 0 0
    outer loop
      vertex 101.6 52.825 4.6067
      vertex 101.6 72.1 4.51501
      vertex 101.6 52.8821 4.56146
    endloop
  endfacet
  facet normal -1 0 0
    outer loop
      vertex 101.6 52.7644 4.6444
      vertex 101.6 72.1 4.51501
      vertex 101.6 52.825 4.6067
    endloop
  endfacet
  facet normal -1 0 0
    outer loop
      vertex 101.6 52.7009 4.67417
      vertex 101.6 72.1 4.51501
      vertex 101.6 52.7644 4.6444
    endloop
  endfacet
  facet normal -1 0 0
    outer loop
      vertex 101.6 52.6351 4.69566
      vertex 101.6 72.1 4.51501
      vertex 101.6 52.7009 4.67417
    endloop
  endfacet
  facet normal -1 0 0
    outer loop
      vertex 101.6 52.6247 4.69768
      vertex 101.6 72.1 4.51501
      vertex 101.6 52.6351 4.69566
    endloop
  endfacet
  facet normal -1 0 0
    outer loop
      vertex 101.6 52.5679 4.70866
      vertex 101.6 72.1 4.51501
      vertex 101.6 52.6247 4.69768
    endloop
  endfacet
  facet normal -1 0 0
    outer loop
      vertex 101.6 52.5106 4.71233
      vertex 101.6 72.1 4.51501
      vertex 101.6 52.5679 4.70866
    endloop
  endfacet
  facet normal -1 0 0
    outer loop
      vertex 101.6 52.5 4.71301
      vertex 101.6 72.1 4.51501
      vertex 101.6 52.5106 4.71233
    endloop
  endfacet
  facet normal 1 0 0
    outer loop
      vertex 101.6 19.8818 4.16471
      vertex 101.6 19.9062 4.24225
      vertex 101.6 19.9033 4.23309
    endloop
  endfacet
  facet normal -1 0 0
    outer loop
      vertex 101.6 5.7 0
      vertex 101.6 19.8536 4.00245
      vertex 101.6 19.85 3.9195
    endloop
  endfacet
  facet normal -1 0 0
    outer loop
      vertex 101.6 5.7 0
      vertex 101.6 19.8642 4.08448
      vertex 101.6 19.8536 4.00245
    endloop
  endfacet
  facet normal -1 0 0
    outer loop
      vertex 101.6 5.7 11.4939
      vertex 101.6 19.8642 4.08448
      vertex 101.6 5.7 0
    endloop
  endfacet
  facet normal -1 0 0
    outer loop
      vertex 101.6 19.8642 4.08448
      vertex 101.6 5.7 11.4939
      vertex 101.6 19.8661 4.09306
    endloop
  endfacet
  facet normal -1 0 0
    outer loop
      vertex 101.6 19.8661 4.09306
      vertex 101.6 5.7 11.4939
      vertex 101.6 19.8818 4.16471
    endloop
  endfacet
  facet normal -1 0 0
    outer loop
      vertex 101.6 19.8818 4.16471
      vertex 101.6 5.7 11.4939
      vertex 101.6 19.9062 4.24225
    endloop
  endfacet
  facet normal -1 0 0
    outer loop
      vertex 101.6 19.9062 4.24225
      vertex 101.6 5.7 11.4939
      vertex 101.6 19.9099 4.25109
    endloop
  endfacet
  facet normal -1 0 0
    outer loop
      vertex 101.6 19.9099 4.25109
      vertex 101.6 5.7 11.4939
      vertex 101.6 19.9371 4.31625
    endloop
  endfacet
  facet normal -1 0 0
    outer loop
      vertex 101.6 19.9371 4.31625
      vertex 101.6 5.7 11.4939
      vertex 101.6 19.9693 4.37689
    endloop
  endfacet
  facet normal -1 0 0
    outer loop
      vertex 101.6 19.9693 4.37689
      vertex 101.6 5.7 11.4939
      vertex 101.6 19.9741 4.38591
    endloop
  endfacet
  facet normal -1 0 0
    outer loop
      vertex 101.6 19.9741 4.38591
      vertex 101.6 5.7 11.4939
      vertex 101.6 20.017 4.45046
    endloop
  endfacet
  facet normal -1 0 0
    outer loop
      vertex 101.6 20.017 4.45046
      vertex 101.6 5.7 11.4939
      vertex 101.6 20.0651 4.50919
    endloop
  endfacet
  facet normal -1 0 0
    outer loop
      vertex 101.6 20.0651 4.50919
      vertex 101.6 5.7 11.4939
      vertex 101.6 20.1179 4.56146
    endloop
  endfacet
  facet normal -1 0 0
    outer loop
      vertex 101.6 20.1179 4.56146
      vertex 101.6 5.7 11.4939
      vertex 101.6 20.175 4.6067
    endloop
  endfacet
  facet normal -1 0 0
    outer loop
      vertex 101.6 20.175 4.6067
      vertex 101.6 5.7 11.4939
      vertex 101.6 20.2356 4.6444
    endloop
  endfacet
  facet normal -1 0 0
    outer loop
      vertex 101.6 20.2356 4.6444
      vertex 101.6 5.7 11.4939
      vertex 101.6 20.2991 4.67417
    endloop
  endfacet
  facet normal -1 0 0
    outer loop
      vertex 101.6 52.5 4.71301
      vertex 101.6 5.7 11.4939
      vertex 101.6 72.1 4.51501
    endloop
  endfacet
  facet normal -1 0 0
    outer loop
      vertex 101.6 20.5 4.71301
      vertex 101.6 5.7 11.4939
      vertex 101.6 52.5 4.71301
    endloop
  endfacet
  facet normal -1 0 0
    outer loop
      vertex 101.6 20.4894 4.71233
      vertex 101.6 5.7 11.4939
      vertex 101.6 20.5 4.71301
    endloop
  endfacet
  facet normal -1 0 0
    outer loop
      vertex 101.6 20.4321 4.70866
      vertex 101.6 5.7 11.4939
      vertex 101.6 20.4894 4.71233
    endloop
  endfacet
  facet normal -1 0 0
    outer loop
      vertex 101.6 20.3753 4.69768
      vertex 101.6 5.7 11.4939
      vertex 101.6 20.4321 4.70866
    endloop
  endfacet
  facet normal -1 0 0
    outer loop
      vertex 101.6 20.3649 4.69566
      vertex 101.6 5.7 11.4939
      vertex 101.6 20.3753 4.69768
    endloop
  endfacet
  facet normal -1 0 0
    outer loop
      vertex 101.6 20.2991 4.67417
      vertex 101.6 5.7 11.4939
      vertex 101.6 20.3649 4.69566
    endloop
  endfacet
  facet normal 0.99863 -0.0523201 0
    outer loop
      vertex 2.4 72.1 0
      vertex 2.41369 72.3613 4.48755
      vertex 2.4 72.1 4.51501
    endloop
  endfacet
  facet normal 0.99863 -0.0523201 0
    outer loop
      vertex 2.41369 72.3613 4.48755
      vertex 2.4 72.1 0
      vertex 2.41369 72.3613 0
    endloop
  endfacet
  facet normal -0.707298 -0.706916 0
    outer loop
      vertex 100.958 73.7728 0
      vertex 100.773 73.9579 4.31974
      vertex 100.773 73.9579 0
    endloop
  endfacet
  facet normal -0.707298 -0.706916 0
    outer loop
      vertex 100.773 73.9579 4.31974
      vertex 100.958 73.7728 0
      vertex 100.958 73.7728 4.33919
    endloop
  endfacet
  facet normal 0.25883 0.965923 -0
    outer loop
      vertex 4.38022 3.25463 0
      vertex 4.12746 3.32236 11.7438
      vertex 4.38022 3.25463 11.751
    endloop
  endfacet
  facet normal 0.25883 0.965923 0
    outer loop
      vertex 4.12746 3.32236 11.7438
      vertex 4.38022 3.25463 0
      vertex 4.12746 3.32236 0
    endloop
  endfacet
  facet normal -0.545446 0.838146 0
    outer loop
      vertex 100.35 3.53494 0
      vertex 100.569 3.67746 11.7065
      vertex 100.569 3.67746 0
    endloop
  endfacet
  facet normal -0.545446 0.838146 0
    outer loop
      vertex 100.569 3.67746 11.7065
      vertex 100.35 3.53494 0
      vertex 100.35 3.53494 11.7215
    endloop
  endfacet
  facet normal 0.965907 -0.258888 0
    outer loop
      vertex 2.45463 72.6198 0
      vertex 2.52236 72.8725 4.43381
      vertex 2.45463 72.6198 4.46038
    endloop
  endfacet
  facet normal 0.965907 -0.258888 0
    outer loop
      vertex 2.52236 72.8725 4.43381
      vertex 2.45463 72.6198 0
      vertex 2.52236 72.8725 0
    endloop
  endfacet
  facet normal -0.839576 0.543242 0
    outer loop
      vertex 101.123 4.23054 0
      vertex 101.265 4.45 11.6253
      vertex 101.265 4.45 0
    endloop
  endfacet
  facet normal -0.839576 0.543242 0
    outer loop
      vertex 101.265 4.45 11.6253
      vertex 101.123 4.23054 0
      vertex 101.123 4.23054 11.6484
    endloop
  endfacet
  facet normal 0.544857 -0.838529 0
    outer loop
      vertex 3.43054 74.1225 0
      vertex 3.65 74.2651 4.28745
      vertex 3.43054 74.1225 4.30243
    endloop
  endfacet
  facet normal 0.544857 -0.838529 0
    outer loop
      vertex 3.65 74.2651 4.28745
      vertex 3.43054 74.1225 0
      vertex 3.65 74.2651 0
    endloop
  endfacet
  facet normal 0.358375 0.933578 -0
    outer loop
      vertex 4.12746 3.32236 0
      vertex 3.88316 3.41614 11.734
      vertex 4.12746 3.32236 11.7438
    endloop
  endfacet
  facet normal 0.358375 0.933578 0
    outer loop
      vertex 3.88316 3.41614 11.734
      vertex 4.12746 3.32236 0
      vertex 3.88316 3.41614 0
    endloop
  endfacet
  facet normal -0.258888 0.965907 0
    outer loop
      vertex 99.6198 3.25463 0
      vertex 99.8725 3.32236 11.7438
      vertex 99.8725 3.32236 0
    endloop
  endfacet
  facet normal -0.258888 0.965907 0
    outer loop
      vertex 99.8725 3.32236 11.7438
      vertex 99.6198 3.25463 0
      vertex 99.6198 3.25463 11.751
    endloop
  endfacet
  facet normal 0.933578 -0.358375 0
    outer loop
      vertex 2.52236 72.8725 0
      vertex 2.61614 73.1168 4.40814
      vertex 2.52236 72.8725 4.43381
    endloop
  endfacet
  facet normal 0.933578 -0.358375 0
    outer loop
      vertex 2.61614 73.1168 4.40814
      vertex 2.52236 72.8725 0
      vertex 2.61614 73.1168 0
    endloop
  endfacet
  facet normal -0.966617 0.256225 0
    outer loop
      vertex 101.478 4.92746 0
      vertex 101.545 5.18022 11.5486
      vertex 101.545 5.18022 0
    endloop
  endfacet
  facet normal -0.966617 0.256225 0
    outer loop
      vertex 101.545 5.18022 11.5486
      vertex 101.478 4.92746 0
      vertex 101.478 4.92746 11.5751
    endloop
  endfacet
  facet normal -0.890699 0.454594 0
    outer loop
      vertex 101.265 4.45 0
      vertex 101.384 4.68316 11.6008
      vertex 101.384 4.68316 0
    endloop
  endfacet
  facet normal -0.890699 0.454594 0
    outer loop
      vertex 101.384 4.68316 11.6008
      vertex 101.265 4.45 0
      vertex 101.265 4.45 11.6253
    endloop
  endfacet
  facet normal 0.358108 -0.93368 0
    outer loop
      vertex 3.88316 74.3839 0
      vertex 4.12746 74.4776 4.26511
      vertex 3.88316 74.3839 4.27497
    endloop
  endfacet
  facet normal 0.358108 -0.93368 0
    outer loop
      vertex 4.12746 74.4776 4.26511
      vertex 3.88316 74.3839 0
      vertex 4.12746 74.4776 0
    endloop
  endfacet
  facet normal -0.933296 -0.359107 0
    outer loop
      vertex 101.478 72.8725 0
      vertex 101.384 73.1168 4.40814
      vertex 101.384 73.1168 0
    endloop
  endfacet
  facet normal -0.933296 -0.359107 0
    outer loop
      vertex 101.384 73.1168 4.40814
      vertex 101.478 72.8725 0
      vertex 101.478 72.8725 4.43381
    endloop
  endfacet
  facet normal -0.89073 -0.454532 0
    outer loop
      vertex 101.384 73.1168 0
      vertex 101.265 73.35 4.38363
      vertex 101.265 73.35 0
    endloop
  endfacet
  facet normal -0.89073 -0.454532 0
    outer loop
      vertex 101.265 73.35 4.38363
      vertex 101.384 73.1168 0
      vertex 101.384 73.1168 4.40814
    endloop
  endfacet
  facet normal 0.965923 0.25883 -0
    outer loop
      vertex 2.52236 4.92746 0
      vertex 2.45463 5.18022 11.5486
      vertex 2.52236 4.92746 11.5751
    endloop
  endfacet
  facet normal 0.965923 0.25883 0
    outer loop
      vertex 2.45463 5.18022 11.5486
      vertex 2.52236 4.92746 0
      vertex 2.45463 5.18022 0
    endloop
  endfacet
  facet normal 0.838714 -0.544572 0
    outer loop
      vertex 2.73494 73.35 0
      vertex 2.87746 73.5695 4.36056
      vertex 2.73494 73.35 4.38363
    endloop
  endfacet
  facet normal 0.838714 -0.544572 0
    outer loop
      vertex 2.87746 73.5695 4.36056
      vertex 2.73494 73.35 0
      vertex 2.87746 73.5695 0
    endloop
  endfacet
  facet normal 0.98769 -0.156426 0
    outer loop
      vertex 2.41369 72.3613 0
      vertex 2.45463 72.6198 4.46038
      vertex 2.41369 72.3613 4.48755
    endloop
  endfacet
  facet normal 0.98769 -0.156426 0
    outer loop
      vertex 2.45463 72.6198 4.46038
      vertex 2.41369 72.3613 0
      vertex 2.45463 72.6198 0
    endloop
  endfacet
  facet normal -0.0523201 0.99863 0
    outer loop
      vertex 99.3613 3.21369 0
      vertex 99.1 3.2 11.7567
      vertex 99.3613 3.21369 11.7553
    endloop
  endfacet
  facet normal -0.0523201 0.99863 0
    outer loop
      vertex 99.1 3.2 11.7567
      vertex 99.3613 3.21369 0
      vertex 99.1 3.2 0
    endloop
  endfacet
  facet normal -0.839621 -0.543172 0
    outer loop
      vertex 101.265 73.35 0
      vertex 101.123 73.5695 4.36056
      vertex 101.123 73.5695 0
    endloop
  endfacet
  facet normal -0.839621 -0.543172 0
    outer loop
      vertex 101.123 73.5695 4.36056
      vertex 101.265 73.35 0
      vertex 101.265 73.35 4.38363
    endloop
  endfacet
  facet normal 0.933578 0.358375 -0
    outer loop
      vertex 2.61614 4.68316 0
      vertex 2.52236 4.92746 11.5751
      vertex 2.61614 4.68316 11.6008
    endloop
  endfacet
  facet normal 0.933578 0.358375 0
    outer loop
      vertex 2.52236 4.92746 11.5751
      vertex 2.61614 4.68316 0
      vertex 2.52236 4.92746 0
    endloop
  endfacet
  facet normal 0.156449 0.987686 -0
    outer loop
      vertex 4.63868 3.21369 0
      vertex 4.38022 3.25463 11.751
      vertex 4.63868 3.21369 11.7553
    endloop
  endfacet
  facet normal 0.156449 0.987686 0
    outer loop
      vertex 4.38022 3.25463 11.751
      vertex 4.63868 3.21369 0
      vertex 4.38022 3.25463 0
    endloop
  endfacet
  facet normal -0.454235 -0.890882 0
    outer loop
      vertex 100.35 74.2651 0
      vertex 100.117 74.3839 4.27497
      vertex 100.117 74.3839 0
    endloop
  endfacet
  facet normal -0.454235 -0.890882 0
    outer loop
      vertex 100.117 74.3839 4.27497
      vertex 100.35 74.2651 0
      vertex 100.35 74.2651 4.28745
    endloop
  endfacet
  facet normal -0.545661 -0.838006 0
    outer loop
      vertex 100.569 74.1225 0
      vertex 100.35 74.2651 4.28745
      vertex 100.35 74.2651 0
    endloop
  endfacet
  facet normal -0.545661 -0.838006 0
    outer loop
      vertex 100.35 74.2651 4.28745
      vertex 100.569 74.1225 0
      vertex 100.569 74.1225 4.30243
    endloop
  endfacet
  facet normal 0.0523542 -0.998629 0
    outer loop
      vertex 4.63868 74.5863 0
      vertex 4.9 74.6 4.25225
      vertex 4.63868 74.5863 4.25369
    endloop
  endfacet
  facet normal 0.0523542 -0.998629 0
    outer loop
      vertex 4.9 74.6 4.25225
      vertex 4.63868 74.5863 0
      vertex 4.9 74.6 0
    endloop
  endfacet
  facet normal 0.70724 -0.706973 0
    outer loop
      vertex 3.04214 73.7728 0
      vertex 3.22717 73.9579 4.31974
      vertex 3.04214 73.7728 4.33919
    endloop
  endfacet
  facet normal 0.70724 -0.706973 0
    outer loop
      vertex 3.22717 73.9579 4.31974
      vertex 3.04214 73.7728 0
      vertex 3.22717 73.9579 0
    endloop
  endfacet
  facet normal -0.454235 0.890882 0
    outer loop
      vertex 100.117 3.41614 0
      vertex 100.35 3.53494 11.7215
      vertex 100.35 3.53494 0
    endloop
  endfacet
  facet normal -0.454235 0.890882 0
    outer loop
      vertex 100.35 3.53494 11.7215
      vertex 100.117 3.41614 0
      vertex 100.117 3.41614 11.734
    endloop
  endfacet
  facet normal -0.627946 -0.778257 0
    outer loop
      vertex 100.773 73.9579 0
      vertex 100.569 74.1225 4.30243
      vertex 100.569 74.1225 0
    endloop
  endfacet
  facet normal -0.627946 -0.778257 0
    outer loop
      vertex 100.569 74.1225 4.30243
      vertex 100.773 73.9579 0
      vertex 100.773 73.9579 4.31974
    endloop
  endfacet
  facet normal 0.1563 -0.98771 0
    outer loop
      vertex 4.38022 74.5454 0
      vertex 4.63868 74.5863 4.25369
      vertex 4.38022 74.5454 4.25799
    endloop
  endfacet
  facet normal 0.1563 -0.98771 0
    outer loop
      vertex 4.63868 74.5863 4.25369
      vertex 4.38022 74.5454 0
      vertex 4.63868 74.5863 0
    endloop
  endfacet
  facet normal -0.707164 0.707049 0
    outer loop
      vertex 100.773 3.84214 0
      vertex 100.958 4.02717 11.6698
      vertex 100.958 4.02717 0
    endloop
  endfacet
  facet normal -0.707164 0.707049 0
    outer loop
      vertex 100.958 4.02717 11.6698
      vertex 100.773 3.84214 0
      vertex 100.773 3.84214 11.6892
    endloop
  endfacet
  facet normal 0.891008 0.453988 -0
    outer loop
      vertex 2.73494 4.45 0
      vertex 2.61614 4.68316 11.6008
      vertex 2.73494 4.45 11.6253
    endloop
  endfacet
  facet normal 0.891008 0.453988 0
    outer loop
      vertex 2.61614 4.68316 11.6008
      vertex 2.73494 4.45 0
      vertex 2.61614 4.68316 0
    endloop
  endfacet
  facet normal 0.25908 -0.965856 0
    outer loop
      vertex 4.12746 74.4776 0
      vertex 4.38022 74.5454 4.25799
      vertex 4.12746 74.4776 4.26511
    endloop
  endfacet
  facet normal 0.25908 -0.965856 0
    outer loop
      vertex 4.38022 74.5454 4.25799
      vertex 4.12746 74.4776 0
      vertex 4.38022 74.5454 0
    endloop
  endfacet
  facet normal -0.998568 0.0534974 0
    outer loop
      vertex 101.586 5.43868 0
      vertex 101.6 5.7 11.4939
      vertex 101.6 5.7 0
    endloop
  endfacet
  facet normal -0.998568 0.0534974 0
    outer loop
      vertex 101.6 5.7 11.4939
      vertex 101.586 5.43868 0
      vertex 101.586 5.43868 11.5214
    endloop
  endfacet
  facet normal -0.358119 0.933676 0
    outer loop
      vertex 99.8725 3.32236 0
      vertex 100.117 3.41614 11.734
      vertex 100.117 3.41614 0
    endloop
  endfacet
  facet normal -0.358119 0.933676 0
    outer loop
      vertex 100.117 3.41614 11.734
      vertex 99.8725 3.32236 0
      vertex 99.8725 3.32236 11.7438
    endloop
  endfacet
  facet normal -0.628131 0.778108 0
    outer loop
      vertex 100.569 3.67746 0
      vertex 100.773 3.84214 11.6892
      vertex 100.773 3.84214 0
    endloop
  endfacet
  facet normal -0.628131 0.778108 0
    outer loop
      vertex 100.773 3.84214 11.6892
      vertex 100.569 3.67746 0
      vertex 100.569 3.67746 11.7065
    endloop
  endfacet
  facet normal -0.987651 0.156673 0
    outer loop
      vertex 101.545 5.18022 0
      vertex 101.586 5.43868 11.5214
      vertex 101.586 5.43868 0
    endloop
  endfacet
  facet normal -0.987651 0.156673 0
    outer loop
      vertex 101.586 5.43868 11.5214
      vertex 101.545 5.18022 0
      vertex 101.545 5.18022 11.5486
    endloop
  endfacet
  facet normal 0.0523161 0.998631 -0
    outer loop
      vertex 4.9 3.2 0
      vertex 4.63868 3.21369 11.7553
      vertex 4.9 3.2 11.7567
    endloop
  endfacet
  facet normal 0.0523161 0.998631 0
    outer loop
      vertex 4.63868 3.21369 11.7553
      vertex 4.9 3.2 0
      vertex 4.63868 3.21369 0
    endloop
  endfacet
  facet normal 0.453988 0.891008 -0
    outer loop
      vertex 3.88316 3.41614 0
      vertex 3.65 3.53494 11.7215
      vertex 3.88316 3.41614 11.734
    endloop
  endfacet
  facet normal 0.453988 0.891008 0
    outer loop
      vertex 3.65 3.53494 11.7215
      vertex 3.88316 3.41614 0
      vertex 3.65 3.53494 0
    endloop
  endfacet
  facet normal 0.629122 -0.777306 0
    outer loop
      vertex 3.22717 73.9579 0
      vertex 3.43054 74.1225 4.30243
      vertex 3.22717 73.9579 4.31974
    endloop
  endfacet
  facet normal 0.629122 -0.777306 0
    outer loop
      vertex 3.43054 74.1225 4.30243
      vertex 3.22717 73.9579 0
      vertex 3.43054 74.1225 0
    endloop
  endfacet
  facet normal 0.453988 -0.891008 0
    outer loop
      vertex 3.65 74.2651 0
      vertex 3.88316 74.3839 4.27497
      vertex 3.65 74.2651 4.28745
    endloop
  endfacet
  facet normal 0.453988 -0.891008 0
    outer loop
      vertex 3.88316 74.3839 4.27497
      vertex 3.65 74.2651 0
      vertex 3.88316 74.3839 0
    endloop
  endfacet
  facet normal 0.777051 -0.629438 0
    outer loop
      vertex 2.87746 73.5695 0
      vertex 3.04214 73.7728 4.33919
      vertex 2.87746 73.5695 4.36056
    endloop
  endfacet
  facet normal 0.777051 -0.629438 0
    outer loop
      vertex 3.04214 73.7728 4.33919
      vertex 2.87746 73.5695 0
      vertex 3.04214 73.7728 0
    endloop
  endfacet
  facet normal -0.259137 -0.965841 0
    outer loop
      vertex 99.8725 74.4776 0
      vertex 99.6198 74.5454 4.25799
      vertex 99.6198 74.5454 0
    endloop
  endfacet
  facet normal -0.259137 -0.965841 0
    outer loop
      vertex 99.6198 74.5454 4.25799
      vertex 99.8725 74.4776 0
      vertex 99.8725 74.4776 4.26511
    endloop
  endfacet
  facet normal 0.544642 0.838669 -0
    outer loop
      vertex 3.65 3.53494 0
      vertex 3.43054 3.67746 11.7065
      vertex 3.65 3.53494 11.7215
    endloop
  endfacet
  facet normal 0.544642 0.838669 0
    outer loop
      vertex 3.43054 3.67746 11.7065
      vertex 3.65 3.53494 0
      vertex 3.43054 3.67746 0
    endloop
  endfacet
  facet normal 0.838669 0.544642 -0
    outer loop
      vertex 2.87746 4.23054 0
      vertex 2.73494 4.45 11.6253
      vertex 2.87746 4.23054 11.6484
    endloop
  endfacet
  facet normal 0.838669 0.544642 0
    outer loop
      vertex 2.73494 4.45 11.6253
      vertex 2.87746 4.23054 0
      vertex 2.73494 4.45 0
    endloop
  endfacet
  facet normal 0.629307 0.777157 -0
    outer loop
      vertex 3.43054 3.67746 0
      vertex 3.22717 3.84214 11.6892
      vertex 3.43054 3.67746 11.7065
    endloop
  endfacet
  facet normal 0.629307 0.777157 0
    outer loop
      vertex 3.22717 3.84214 11.6892
      vertex 3.43054 3.67746 0
      vertex 3.22717 3.84214 0
    endloop
  endfacet
  facet normal 0.777157 0.629307 -0
    outer loop
      vertex 3.04214 4.02717 0
      vertex 2.87746 4.23054 11.6484
      vertex 3.04214 4.02717 11.6698
    endloop
  endfacet
  facet normal 0.777157 0.629307 0
    outer loop
      vertex 2.87746 4.23054 11.6484
      vertex 3.04214 4.02717 0
      vertex 2.87746 4.23054 0
    endloop
  endfacet
  facet normal 0.891039 -0.453926 0
    outer loop
      vertex 2.61614 73.1168 0
      vertex 2.73494 73.35 4.38363
      vertex 2.61614 73.1168 4.40814
    endloop
  endfacet
  facet normal 0.891039 -0.453926 0
    outer loop
      vertex 2.73494 73.35 4.38363
      vertex 2.61614 73.1168 0
      vertex 2.73494 73.35 0
    endloop
  endfacet
  facet normal 0.707107 0.707107 -0
    outer loop
      vertex 3.22717 3.84214 0
      vertex 3.04214 4.02717 11.6698
      vertex 3.22717 3.84214 11.6892
    endloop
  endfacet
  facet normal 0.707107 0.707107 0
    outer loop
      vertex 3.04214 4.02717 11.6698
      vertex 3.22717 3.84214 0
      vertex 3.04214 4.02717 0
    endloop
  endfacet
  facet normal 0.000120801 -0.104663 -0.994508
    outer loop
      vertex 99.1 3.2 11.7567
      vertex 101.6 5.7 11.4939
      vertex 101.586 5.43868 11.5214
    endloop
  endfacet
  facet normal -1.6146e-05 -0.104528 -0.994522
    outer loop
      vertex 101.6 5.7 11.4939
      vertex 99.1 3.2 11.7567
      vertex 101.6 72.1 4.51501
    endloop
  endfacet
  facet normal 0.000138064 -0.104682 -0.994506
    outer loop
      vertex 99.1 3.2 11.7567
      vertex 101.586 5.43868 11.5214
      vertex 101.545 5.18022 11.5486
    endloop
  endfacet
  facet normal -3.39865e-07 -0.104529 -0.994522
    outer loop
      vertex 99.1 74.6 4.25225
      vertex 101.6 72.1 4.51501
      vertex 99.1 3.2 11.7567
    endloop
  endfacet
  facet normal -0.000253137 -0.104205 -0.994556
    outer loop
      vertex 99.1 3.2 11.7567
      vertex 101.545 5.18022 11.5486
      vertex 101.478 4.92746 11.5751
    endloop
  endfacet
  facet normal 1.47799e-05 -0.104514 -0.994523
    outer loop
      vertex 101.6 72.1 4.51501
      vertex 99.1 74.6 4.25225
      vertex 101.586 72.3613 4.48755
    endloop
  endfacet
  facet normal 7.32806e-05 -0.104649 -0.994509
    outer loop
      vertex 99.1 3.2 11.7567
      vertex 101.478 4.92746 11.5751
      vertex 101.384 4.68316 11.6008
    endloop
  endfacet
  facet normal -7.74538e-07 -0.104531 -0.994522
    outer loop
      vertex 101.586 72.3613 4.48755
      vertex 99.1 74.6 4.25225
      vertex 101.545 72.6198 4.46038
    endloop
  endfacet
  facet normal -3.41452e-05 -0.104485 -0.994526
    outer loop
      vertex 99.1 3.2 11.7567
      vertex 101.384 4.68316 11.6008
      vertex 101.265 4.45 11.6253
    endloop
  endfacet
  facet normal -3.98952e-05 -0.104578 -0.994517
    outer loop
      vertex 101.545 72.6198 4.46038
      vertex 99.1 74.6 4.25225
      vertex 101.478 72.8725 4.43381
    endloop
  endfacet
  facet normal 0.000126825 -0.104761 -0.994497
    outer loop
      vertex 99.1 3.2 11.7567
      vertex 101.265 4.45 11.6253
      vertex 101.123 4.23054 11.6484
    endloop
  endfacet
  facet normal 2.41954e-05 -0.104491 -0.994526
    outer loop
      vertex 101.478 72.8725 4.43381
      vertex 99.1 74.6 4.25225
      vertex 101.384 73.1168 4.40814
    endloop
  endfacet
  facet normal 0.000117773 -0.104744 -0.994499
    outer loop
      vertex 99.1 3.2 11.7567
      vertex 101.123 4.23054 11.6484
      vertex 100.958 4.02717 11.6698
    endloop
  endfacet
  facet normal 8.82461e-07 -0.104527 -0.994522
    outer loop
      vertex 101.384 73.1168 4.40814
      vertex 99.1 74.6 4.25225
      vertex 101.265 73.35 4.38363
    endloop
  endfacet
  facet normal -0.000166886 -0.104111 -0.994566
    outer loop
      vertex 99.1 3.2 11.7567
      vertex 100.958 4.02717 11.6698
      vertex 100.773 3.84214 11.6892
    endloop
  endfacet
  facet normal 1.3696e-06 -0.104526 -0.994522
    outer loop
      vertex 101.265 73.35 4.38363
      vertex 99.1 74.6 4.25225
      vertex 101.123 73.5695 4.36056
    endloop
  endfacet
  facet normal -4.73341e-05 -0.104419 -0.994533
    outer loop
      vertex 99.1 3.2 11.7567
      vertex 100.773 3.84214 11.6892
      vertex 100.569 3.67746 11.7065
    endloop
  endfacet
  facet normal -9.73729e-06 -0.104547 -0.99452
    outer loop
      vertex 101.123 73.5695 4.36056
      vertex 99.1 74.6 4.25225
      vertex 100.958 73.7728 4.33919
    endloop
  endfacet
  facet normal 7.01853e-05 -0.104777 -0.994496
    outer loop
      vertex 99.1 3.2 11.7567
      vertex 100.569 3.67746 11.7065
      vertex 100.35 3.53494 11.7215
    endloop
  endfacet
  facet normal 1.85167e-05 -0.104485 -0.994526
    outer loop
      vertex 100.958 73.7728 4.33919
      vertex 99.1 74.6 4.25225
      vertex 100.773 73.9579 4.31974
    endloop
  endfacet
  facet normal 7.04315e-05 -0.104778 -0.994496
    outer loop
      vertex 99.1 3.2 11.7567
      vertex 100.35 3.53494 11.7215
      vertex 100.117 3.41614 11.734
    endloop
  endfacet
  facet normal -4.06173e-05 -0.104637 -0.99451
    outer loop
      vertex 100.773 73.9579 4.31974
      vertex 99.1 74.6 4.25225
      vertex 100.569 74.1225 4.30243
    endloop
  endfacet
  facet normal -0.000248709 -0.103292 -0.994651
    outer loop
      vertex 99.1 3.2 11.7567
      vertex 100.117 3.41614 11.734
      vertex 99.8725 3.32236 11.7438
    endloop
  endfacet
  facet normal 2.5767e-05 -0.104435 -0.994532
    outer loop
      vertex 100.569 74.1225 4.30243
      vertex 99.1 74.6 4.25225
      vertex 100.35 74.2651 4.28745
    endloop
  endfacet
  facet normal 0.000337987 -0.106956 -0.994264
    outer loop
      vertex 99.1 3.2 11.7567
      vertex 99.8725 3.32236 11.7438
      vertex 99.6198 3.25463 11.751
    endloop
  endfacet
  facet normal 3.1162e-05 -0.104415 -0.994534
    outer loop
      vertex 100.35 74.2651 4.28745
      vertex 99.1 74.6 4.25225
      vertex 100.117 74.3839 4.27497
    endloop
  endfacet
  facet normal 0.000215442 -0.105803 -0.994387
    outer loop
      vertex 99.1 3.2 11.7567
      vertex 99.6198 3.25463 11.751
      vertex 99.3613 3.21369 11.7553
    endloop
  endfacet
  facet normal -4.40838e-05 -0.104765 -0.994497
    outer loop
      vertex 100.117 74.3839 4.27497
      vertex 99.1 74.6 4.25225
      vertex 99.8725 74.4776 4.26511
    endloop
  endfacet
  facet normal 1.9478e-05 -0.104369 -0.994539
    outer loop
      vertex 99.8725 74.4776 4.26511
      vertex 99.1 74.6 4.25225
      vertex 99.6198 74.5454 4.25799
    endloop
  endfacet
  facet normal -1.94847e-06 -0.10457 -0.994517
    outer loop
      vertex 99.6198 74.5454 4.25799
      vertex 99.1 74.6 4.25225
      vertex 99.3613 74.5863 4.25369
    endloop
  endfacet
  facet normal 0 -0.104529 -0.994522
    outer loop
      vertex 4.9 3.2 11.7567
      vertex 99.1 74.6 4.25225
      vertex 99.1 3.2 11.7567
    endloop
  endfacet
  facet normal 0 -0.104529 -0.994522
    outer loop
      vertex 4.9 3.2 11.7567
      vertex 4.9 74.6 4.25225
      vertex 99.1 74.6 4.25225
    endloop
  endfacet
  facet normal -0.000157 -0.104699 -0.994504
    outer loop
      vertex 2.4 5.7 11.4939
      vertex 4.9 3.2 11.7567
      vertex 4.63868 3.21369 11.7553
    endloop
  endfacet
  facet normal 1.55725e-05 -0.104529 -0.994522
    outer loop
      vertex 4.9 3.2 11.7567
      vertex 2.4 5.7 11.4939
      vertex 4.9 74.6 4.25225
    endloop
  endfacet
  facet normal -1.9103e-05 -0.104576 -0.994517
    outer loop
      vertex 2.4 5.7 11.4939
      vertex 4.63868 3.21369 11.7553
      vertex 4.38022 3.25463 11.751
    endloop
  endfacet
  facet normal -2.33653e-07 -0.104528 -0.994522
    outer loop
      vertex 2.4 72.1 4.51501
      vertex 4.9 74.6 4.25225
      vertex 2.4 5.7 11.4939
    endloop
  endfacet
  facet normal 0.000397189 -0.104243 -0.994552
    outer loop
      vertex 2.4 5.7 11.4939
      vertex 4.38022 3.25463 11.751
      vertex 4.12746 3.32236 11.7438
    endloop
  endfacet
  facet normal -3.02028e-07 -0.104528 -0.994522
    outer loop
      vertex 4.9 74.6 4.25225
      vertex 2.4 72.1 4.51501
      vertex 4.63868 74.5863 4.25369
    endloop
  endfacet
  facet normal -0.000319939 -0.104758 -0.994498
    outer loop
      vertex 2.4 5.7 11.4939
      vertex 4.12746 3.32236 11.7438
      vertex 3.88316 3.41614 11.734
    endloop
  endfacet
  facet normal -5.59845e-06 -0.104523 -0.994522
    outer loop
      vertex 4.63868 74.5863 4.25369
      vertex 2.4 72.1 4.51501
      vertex 4.38022 74.5454 4.25799
    endloop
  endfacet
  facet normal 6.80218e-05 -0.104509 -0.994524
    outer loop
      vertex 2.4 5.7 11.4939
      vertex 3.88316 3.41614 11.734
      vertex 3.65 3.53494 11.7215
    endloop
  endfacet
  facet normal 3.02319e-05 -0.104552 -0.994519
    outer loop
      vertex 4.38022 74.5454 4.25799
      vertex 2.4 72.1 4.51501
      vertex 4.12746 74.4776 4.26511
    endloop
  endfacet
  facet normal 0.000128414 -0.104475 -0.994528
    outer loop
      vertex 2.4 5.7 11.4939
      vertex 3.65 3.53494 11.7215
      vertex 3.43054 3.67746 11.7065
    endloop
  endfacet
  facet normal -6.52899e-05 -0.104483 -0.994527
    outer loop
      vertex 4.12746 74.4776 4.26511
      vertex 2.4 72.1 4.51501
      vertex 3.88316 74.3839 4.27497
    endloop
  endfacet
  facet normal -8.65457e-05 -0.104583 -0.994516
    outer loop
      vertex 2.4 5.7 11.4939
      vertex 3.43054 3.67746 11.7065
      vertex 3.22717 3.84214 11.6892
    endloop
  endfacet
  facet normal 3.81826e-05 -0.10455 -0.99452
    outer loop
      vertex 3.88316 74.3839 4.27497
      vertex 2.4 72.1 4.51501
      vertex 3.65 74.2651 4.28745
    endloop
  endfacet
  facet normal -0.000489535 -0.10476 -0.994497
    outer loop
      vertex 2.4 5.7 11.4939
      vertex 3.22717 3.84214 11.6892
      vertex 3.04214 4.02717 11.6698
    endloop
  endfacet
  facet normal 5.64683e-05 -0.10456 -0.994519
    outer loop
      vertex 3.65 74.2651 4.28745
      vertex 2.4 72.1 4.51501
      vertex 3.43054 74.1225 4.30243
    endloop
  endfacet
  facet normal 0.000176947 -0.104507 -0.994524
    outer loop
      vertex 2.4 5.7 11.4939
      vertex 3.04214 4.02717 11.6698
      vertex 2.87746 4.23054 11.6484
    endloop
  endfacet
  facet normal -7.73889e-05 -0.104493 -0.994526
    outer loop
      vertex 3.43054 74.1225 4.30243
      vertex 2.4 72.1 4.51501
      vertex 3.22717 73.9579 4.31974
    endloop
  endfacet
  facet normal 0.000360731 -0.104448 -0.99453
    outer loop
      vertex 2.4 5.7 11.4939
      vertex 2.87746 4.23054 11.6484
      vertex 2.73494 4.45 11.6253
    endloop
  endfacet
  facet normal 4.34096e-05 -0.104546 -0.99452
    outer loop
      vertex 3.22717 73.9579 4.31974
      vertex 2.4 72.1 4.51501
      vertex 3.04214 73.7728 4.33919
    endloop
  endfacet
  facet normal -0.000172671 -0.10459 -0.994515
    outer loop
      vertex 2.4 5.7 11.4939
      vertex 2.73494 4.45 11.6253
      vertex 2.61614 4.68316 11.6008
    endloop
  endfacet
  facet normal -2.42232e-05 -0.10452 -0.994523
    outer loop
      vertex 3.04214 73.7728 4.33919
      vertex 2.4 72.1 4.51501
      vertex 2.87746 73.5695 4.36056
    endloop
  endfacet
  facet normal 0.000400043 -0.104469 -0.994528
    outer loop
      vertex 2.4 5.7 11.4939
      vertex 2.61614 4.68316 11.6008
      vertex 2.52236 4.92746 11.5751
    endloop
  endfacet
  facet normal 3.89708e-06 -0.104529 -0.994522
    outer loop
      vertex 2.87746 73.5695 4.36056
      vertex 2.4 72.1 4.51501
      vertex 2.73494 73.35 4.38363
    endloop
  endfacet
  facet normal -0.00240769 -0.104909 -0.994479
    outer loop
      vertex 2.4 5.7 11.4939
      vertex 2.52236 4.92746 11.5751
      vertex 2.45463 5.18022 11.5486
    endloop
  endfacet
  facet normal 4.46455e-06 -0.104529 -0.994522
    outer loop
      vertex 2.73494 73.35 4.38363
      vertex 2.4 72.1 4.51501
      vertex 2.61614 73.1168 4.40814
    endloop
  endfacet
  facet normal 3.52794e-05 -0.104655 -0.994509
    outer loop
      vertex 2.4 5.7 11.4939
      vertex 2.45463 5.18022 11.5486
      vertex 2.41369 5.43868 11.5214
    endloop
  endfacet
  facet normal 0.000165587 -0.104563 -0.994518
    outer loop
      vertex 2.61614 73.1168 4.40814
      vertex 2.4 72.1 4.51501
      vertex 2.52236 72.8725 4.43381
    endloop
  endfacet
  facet normal -0.000282775 -0.104493 -0.994526
    outer loop
      vertex 2.52236 72.8725 4.43381
      vertex 2.4 72.1 4.51501
      vertex 2.45463 72.6198 4.46038
    endloop
  endfacet
  facet normal -0.000154345 -0.104506 -0.994524
    outer loop
      vertex 2.45463 72.6198 4.46038
      vertex 2.4 72.1 4.51501
      vertex 2.41369 72.3613 4.48755
    endloop
  endfacet
  facet normal 0.572805 0.0519105 0.818046
    outer loop
      vertex 2.30052 20.4321 -1.90735e-07
      vertex 2.57816 20.4321 -0.194407
      vertex 2.30023 20.4353 -1.90735e-07
    endloop
  endfacet
  facet normal 0.572784 0.0525082 0.818023
    outer loop
      vertex 0 20.4321 1.61084
      vertex 2.30023 20.4353 0
      vertex 0 20.4617 1.60894
    endloop
  endfacet
  facet normal 0.572803 0.0519103 0.818048
    outer loop
      vertex 2.30023 20.4353 0
      vertex 0 20.4321 1.61084
      vertex 2.30052 20.4321 0
    endloop
  endfacet
  facet normal -0.148558 0.965879 -0.212153
    outer loop
      vertex 2.4 19.8661 0.893056
      vertex 0 19.8642 2.56498
      vertex 0 19.8733 2.60641
    endloop
  endfacet
  facet normal -0.14975 0.965317 -0.213865
    outer loop
      vertex 0 19.8642 2.56498
      vertex 2.4 19.8661 0.893056
      vertex 2.4 19.8642 0.88448
    endloop
  endfacet
  facet normal 0.566729 0.15408 0.809368
    outer loop
      vertex 2.30139 20.4289 -1.90735e-07
      vertex 2.57816 20.4321 -0.194407
      vertex 2.30052 20.4321 -1.90735e-07
    endloop
  endfacet
  facet normal 0.566501 0.156581 0.809048
    outer loop
      vertex 0 20.4027 1.61653
      vertex 2.30052 20.4321 0
      vertex 0 20.4321 1.61084
    endloop
  endfacet
  facet normal 0.566748 0.154085 0.809354
    outer loop
      vertex 2.30052 20.4321 0
      vertex 0 20.4027 1.61653
      vertex 2.30139 20.4289 0
    endloop
  endfacet
  facet normal 0.573573 0 0.819154
    outer loop
      vertex 2.29431 52.5 -1.90735e-07
      vertex 2.57612 20.5 -0.197324
      vertex 2.57612 52.5 -0.197324
    endloop
  endfacet
  facet normal 0.573573 0 0.819154
    outer loop
      vertex 2.57612 20.5 -0.197324
      vertex 2.29431 52.5 -1.90735e-07
      vertex 2.29431 20.5 -1.90735e-07
    endloop
  endfacet
  facet normal 0.573578 0 0.819151
    outer loop
      vertex 0 52.5 1.6065
      vertex 2.29431 20.5 0
      vertex 2.29431 52.5 0
    endloop
  endfacet
  facet normal 0.573578 0 0.819151
    outer loop
      vertex 2.29431 20.5 0
      vertex 0 52.5 1.6065
      vertex 0 20.5 1.6065
    endloop
  endfacet
  facet normal -0.572793 -0.0522513 -0.818033
    outer loop
      vertex 0 52.5679 3.18916
      vertex 2.4 52.5573 1.50934
      vertex 0 52.5297 3.1916
    endloop
  endfacet
  facet normal -0.572787 -0.052477 -0.818023
    outer loop
      vertex 2.4 52.5573 1.50934
      vertex 0 52.5679 3.18916
      vertex 2.4 52.5679 1.50866
    endloop
  endfacet
  facet normal 0.572796 0.0523517 0.818025
    outer loop
      vertex 2.57612 20.5 -0.197324
      vertex 2.30023 20.4353 -1.90735e-07
      vertex 2.57816 20.4321 -0.194407
    endloop
  endfacet
  facet normal 0.572785 0.0524094 0.818029
    outer loop
      vertex 2.30023 20.4353 -1.90735e-07
      vertex 2.57612 20.5 -0.197324
      vertex 2.29431 20.5 -1.90735e-07
    endloop
  endfacet
  facet normal 0.572799 0.0521152 0.818038
    outer loop
      vertex 0 20.4617 1.60894
      vertex 2.29431 20.5 0
      vertex 0 20.5 1.6065
    endloop
  endfacet
  facet normal 0.572786 0.0524095 0.818027
    outer loop
      vertex 2.29431 20.5 0
      vertex 0 20.4617 1.60894
      vertex 2.30023 20.4353 0
    endloop
  endfacet
  facet normal -0.572793 0.0522513 -0.818033
    outer loop
      vertex 0 20.4703 3.1916
      vertex 2.4 20.5 1.513
      vertex 2.4 20.4427 1.50934
    endloop
  endfacet
  facet normal -0.572791 0.0523318 -0.818029
    outer loop
      vertex 2.4 20.5 1.513
      vertex 0 20.4703 3.1916
      vertex 0 20.5 3.1935
    endloop
  endfacet
  facet normal 0.204998 -0.933963 0.292728
    outer loop
      vertex 0 53.0938 2.07725
      vertex 2.4 53.1164 0.468627
      vertex 0 53.1065 2.11777
    endloop
  endfacet
  facet normal 0.205551 -0.93358 0.293558
    outer loop
      vertex 2.4 53.1164 0.468627
      vertex 0 53.0938 2.07725
      vertex 2.4 53.0938 0.396754
    endloop
  endfacet
  facet normal -0.818666 7.4652e-05 0.57427
    outer loop
      vertex 2.57816 20.4321 -0.194407
      vertex 2.58427 20.3649 -0.185688
      vertex 2.57612 20.5 -0.197324
    endloop
  endfacet
  facet normal 0.261046 0.890427 0.37282
    outer loop
      vertex 2.4 19.9352 0.327325
      vertex 0 19.9371 2.00325
      vertex 0 19.9225 2.03812
    endloop
  endfacet
  facet normal 0.259323 0.89196 0.37035
    outer loop
      vertex 0 19.9371 2.00325
      vertex 2.4 19.9352 0.327325
      vertex 2.4 19.9371 0.322749
    endloop
  endfacet
  facet normal -0.572791 -0.0523318 -0.818029
    outer loop
      vertex 0 52.5297 3.1916
      vertex 2.4 52.5 1.513
      vertex 0 52.5 3.1935
    endloop
  endfacet
  facet normal -0.572793 -0.0522513 -0.818033
    outer loop
      vertex 2.4 52.5 1.513
      vertex 0 52.5297 3.1916
      vertex 2.4 52.5573 1.50934
    endloop
  endfacet
  facet normal 0.405531 -0.707192 0.579158
    outer loop
      vertex 2.67188 52.9349 -0.0605612
      vertex 2.66927 52.983 -1.90735e-07
      vertex 2.58539 52.9349 -1.90735e-07
    endloop
  endfacet
  facet normal 0.405515 -0.707198 0.579162
    outer loop
      vertex 2.66927 52.983 -1.90735e-07
      vertex 2.67188 52.9349 -0.0605612
      vertex 2.69948 52.983 -0.0211525
    endloop
  endfacet
  facet normal 0.405542 -0.707172 0.579175
    outer loop
      vertex 0 52.9349 1.81031
      vertex 2.4 52.983 0.188544
      vertex 0 52.983 1.86904
    endloop
  endfacet
  facet normal 0.405542 -0.707172 0.579175
    outer loop
      vertex 2.4 52.983 0.188544
      vertex 0 52.9349 1.81031
      vertex 2.4 52.9349 0.129814
    endloop
  endfacet
  facet normal -0.566511 -0.156462 -0.809064
    outer loop
      vertex 0 52.6351 3.17616
      vertex 2.4 52.6247 1.49768
      vertex 0 52.5973 3.18347
    endloop
  endfacet
  facet normal -0.566452 -0.157128 -0.808976
    outer loop
      vertex 2.4 52.6247 1.49768
      vertex 0 52.6351 3.17616
      vertex 2.4 52.6351 1.49566
    endloop
  endfacet
  facet normal -0.819153 0 0.573576
    outer loop
      vertex 2.59437 20.2991 -0.171264
      vertex 2.71429 52.9886 -1.90735e-07
      vertex 2.59437 52.7009 -0.171264
    endloop
  endfacet
  facet normal -0.819153 0 0.573576
    outer loop
      vertex 2.71429 52.9886 -1.90735e-07
      vertex 2.59437 20.2991 -0.171264
      vertex 2.71429 20.0114 -1.90735e-07
    endloop
  endfacet
  facet normal -0.405543 0.707171 -0.579175
    outer loop
      vertex 2.4 20.0651 1.30919
      vertex 0 20.017 2.93096
      vertex 0 20.0651 2.98969
    endloop
  endfacet
  facet normal -0.405543 0.707171 -0.579175
    outer loop
      vertex 0 20.017 2.93096
      vertex 2.4 20.0651 1.30919
      vertex 2.4 20.017 1.25046
    endloop
  endfacet
  facet normal 0.572796 -0.0523517 0.818025
    outer loop
      vertex 2.30023 52.5647 -1.90735e-07
      vertex 2.57612 52.5 -0.197324
      vertex 2.57816 52.5679 -0.194407
    endloop
  endfacet
  facet normal 0.572785 -0.0524094 0.818029
    outer loop
      vertex 2.57612 52.5 -0.197324
      vertex 2.30023 52.5647 -1.90735e-07
      vertex 2.29431 52.5 -1.90735e-07
    endloop
  endfacet
  facet normal 0.572786 -0.0524095 0.818027
    outer loop
      vertex 0 52.5383 1.60894
      vertex 2.29431 52.5 0
      vertex 2.30023 52.5647 0
    endloop
  endfacet
  facet normal 0.572799 -0.0521152 0.818038
    outer loop
      vertex 2.29431 52.5 0
      vertex 0 52.5383 1.60894
      vertex 0 52.5 1.6065
    endloop
  endfacet
  facet normal -0.573577 0 -0.819152
    outer loop
      vertex 0 20.5 3.1935
      vertex 2.4 52.5 1.513
      vertex 2.4 20.5 1.513
    endloop
  endfacet
  facet normal -0.573577 0 -0.819152
    outer loop
      vertex 2.4 52.5 1.513
      vertex 0 20.5 3.1935
      vertex 0 52.5 3.1935
    endloop
  endfacet
  facet normal -0.566502 -0.156581 -0.809048
    outer loop
      vertex 0 52.5973 3.18347
      vertex 2.4 52.5679 1.50866
      vertex 0 52.5679 3.18916
    endloop
  endfacet
  facet normal -0.566517 -0.156402 -0.809072
    outer loop
      vertex 2.4 52.5679 1.50866
      vertex 0 52.5973 3.18347
      vertex 2.4 52.6247 1.49768
    endloop
  endfacet
  facet normal -0.819194 -2.21585e-05 0.573516
    outer loop
      vertex 2.58427 20.3649 -0.185688
      vertex 2.59437 20.2991 -0.171264
      vertex 2.57612 20.5 -0.197324
    endloop
  endfacet
  facet normal -0.206422 0.932977 -0.294863
    outer loop
      vertex 2.4 19.9033 1.03309
      vertex 0 19.8818 2.64521
      vertex 0 19.8935 2.68223
    endloop
  endfacet
  facet normal -0.205531 0.933595 -0.293527
    outer loop
      vertex 0 19.8818 2.64521
      vertex 2.4 19.9033 1.03309
      vertex 2.4 19.8818 0.964707
    endloop
  endfacet
  facet normal -0.312455 0.8386 -0.446231
    outer loop
      vertex 2.4 19.9741 1.18591
      vertex 0 19.9543 2.8292
      vertex 0 19.9741 2.86641
    endloop
  endfacet
  facet normal -0.312469 0.838583 -0.446253
    outer loop
      vertex 0 19.9543 2.8292
      vertex 2.4 19.9741 1.18591
      vertex 2.4 19.9693 1.17689
    endloop
  endfacet
  facet normal -0.819003 0.000167589 0.57379
    outer loop
      vertex 2.60835 20.2356 -0.151291
      vertex 2.67188 20.0651 -0.0605612
      vertex 2.59437 20.2991 -0.171264
    endloop
  endfacet
  facet normal 0.361889 0.775821 0.516854
    outer loop
      vertex 2.71429 19.996 -1.90735e-07
      vertex 2.69948 20.017 -0.0211525
      vertex 2.66927 20.017 -1.90735e-07
    endloop
  endfacet
  facet normal 0.360946 0.777193 0.515451
    outer loop
      vertex 2.4 19.9765 0.2495
      vertex 0 20.017 1.86904
      vertex 0 19.9939 1.90387
    endloop
  endfacet
  facet normal 0.361317 0.776646 0.516014
    outer loop
      vertex 0 20.017 1.86904
      vertex 2.4 19.9765 0.2495
      vertex 2.4 20.017 0.188544
    endloop
  endfacet
  facet normal 0.535477 -0.358421 0.764721
    outer loop
      vertex 2.39229 52.7644 -1.90735e-07
      vertex 2.59437 52.7009 -0.171264
      vertex 2.60835 52.7644 -0.151291
    endloop
  endfacet
  facet normal 0.535459 -0.358462 0.764715
    outer loop
      vertex 2.59437 52.7009 -0.171264
      vertex 2.39229 52.7644 -1.90735e-07
      vertex 2.34978 52.7009 -1.90735e-07
    endloop
  endfacet
  facet normal 0.535459 -0.358462 0.764715
    outer loop
      vertex 0 52.7644 1.6751
      vertex 2.34978 52.7009 0
      vertex 2.39229 52.7644 0
    endloop
  endfacet
  facet normal 0.535448 -0.358506 0.764701
    outer loop
      vertex 2.34978 52.7009 0
      vertex 0 52.7644 1.6751
      vertex 0 52.7009 1.64533
    endloop
  endfacet
  facet normal 0.572805 -0.0519105 0.818046
    outer loop
      vertex 2.57816 52.5679 -0.194407
      vertex 2.30052 52.5679 -1.90735e-07
      vertex 2.30023 52.5647 -1.90735e-07
    endloop
  endfacet
  facet normal 0.572803 -0.0519103 0.818048
    outer loop
      vertex 0 52.5679 1.61084
      vertex 2.30023 52.5647 0
      vertex 2.30052 52.5679 0
    endloop
  endfacet
  facet normal 0.572784 -0.0525082 0.818023
    outer loop
      vertex 2.30023 52.5647 0
      vertex 0 52.5679 1.61084
      vertex 0 52.5383 1.60894
    endloop
  endfacet
  facet normal -0.554091 -0.258443 -0.791322
    outer loop
      vertex 0 52.6351 3.17616
      vertex 2.4 52.7009 1.47417
      vertex 2.4 52.6351 1.49566
    endloop
  endfacet
  facet normal -0.554091 -0.258443 -0.791322
    outer loop
      vertex 2.4 52.7009 1.47417
      vertex 0 52.6351 3.17616
      vertex 0 52.7009 3.15467
    endloop
  endfacet
  facet normal 0.55408 0.258511 0.791308
    outer loop
      vertex 2.58427 20.3649 -0.185688
      vertex 2.34978 20.2991 -1.90735e-07
      vertex 2.59437 20.2991 -0.171264
    endloop
  endfacet
  facet normal 0.554079 0.258514 0.791307
    outer loop
      vertex 2.34978 20.2991 -1.90735e-07
      vertex 2.58427 20.3649 -0.185688
      vertex 2.31908 20.3649 -1.90735e-07
    endloop
  endfacet
  facet normal 0.554091 0.258442 0.791322
    outer loop
      vertex 0 20.2991 1.64533
      vertex 2.31908 20.3649 0
      vertex 0 20.3649 1.62384
    endloop
  endfacet
  facet normal 0.554078 0.258514 0.791308
    outer loop
      vertex 2.31908 20.3649 0
      vertex 0 20.2991 1.64533
      vertex 2.34978 20.2991 0
    endloop
  endfacet
  facet normal 0.56651 0.156482 0.809061
    outer loop
      vertex 2.57816 20.4321 -0.194407
      vertex 2.31908 20.3649 -1.90735e-07
      vertex 2.58427 20.3649 -0.185688
    endloop
  endfacet
  facet normal 0.566484 0.15658 0.80906
    outer loop
      vertex 2.31908 20.3649 -1.90735e-07
      vertex 2.57816 20.4321 -0.194407
      vertex 2.30139 20.4289 -1.90735e-07
    endloop
  endfacet
  facet normal 0.566515 0.156461 0.809061
    outer loop
      vertex 0 20.3649 1.62384
      vertex 2.30139 20.4289 0
      vertex 0 20.4027 1.61653
    endloop
  endfacet
  facet normal 0.566502 0.156585 0.809047
    outer loop
      vertex 2.30139 20.4289 0
      vertex 0 20.3649 1.62384
      vertex 2.31908 20.3649 0
    endloop
  endfacet
  facet normal 0.445526 0.62981 0.636276
    outer loop
      vertex 2.64733 20.1179 -0.0956345
      vertex 2.58539 20.0651 -1.90735e-07
      vertex 2.67188 20.0651 -0.0605612
    endloop
  endfacet
  facet normal 0.445525 0.62981 0.636276
    outer loop
      vertex 2.58539 20.0651 -1.90735e-07
      vertex 2.64733 20.1179 -0.0956345
      vertex 2.51075 20.1179 -1.90735e-07
    endloop
  endfacet
  facet normal 0.445505 0.629853 0.636248
    outer loop
      vertex 0 20.1179 1.75804
      vertex 2.4 20.0651 0.129814
      vertex 2.4 20.1179 0.0775447
    endloop
  endfacet
  facet normal 0.445502 0.629858 0.636244
    outer loop
      vertex 2.4 20.0651 0.129814
      vertex 0 20.1179 1.75804
      vertex 0 20.0651 1.81031
    endloop
  endfacet
  facet normal -0.819088 8.18357e-05 0.573668
    outer loop
      vertex 2.67188 20.0651 -0.0605612
      vertex 2.71429 20.0114 -1.90735e-07
      vertex 2.59437 20.2991 -0.171264
    endloop
  endfacet
  facet normal -0.819122 0 0.573619
    outer loop
      vertex 2.71429 20.0114 -1.90735e-07
      vertex 2.67188 20.0651 -0.0605612
      vertex 2.71429 19.9985 -1.90735e-07
    endloop
  endfacet
  facet normal -0.819358 -0.000457148 0.573282
    outer loop
      vertex 2.69948 20.017 -0.0211525
      vertex 2.71429 19.9985 -1.90735e-07
      vertex 2.67188 20.0651 -0.0605612
    endloop
  endfacet
  facet normal -0.81917 0 0.57355
    outer loop
      vertex 2.71429 19.9985 -1.90735e-07
      vertex 2.69948 20.017 -0.0211525
      vertex 2.71429 19.996 -1.90735e-07
    endloop
  endfacet
  facet normal 0.566729 -0.15408 0.809368
    outer loop
      vertex 2.57816 52.5679 -0.194407
      vertex 2.30139 52.5711 -1.90735e-07
      vertex 2.30052 52.5679 -1.90735e-07
    endloop
  endfacet
  facet normal 0.566748 -0.154085 0.809354
    outer loop
      vertex 0 52.5973 1.61653
      vertex 2.30052 52.5679 0
      vertex 2.30139 52.5711 0
    endloop
  endfacet
  facet normal 0.566501 -0.156581 0.809048
    outer loop
      vertex 2.30052 52.5679 0
      vertex 0 52.5973 1.61653
      vertex 0 52.5679 1.61084
    endloop
  endfacet
  facet normal 0.206463 -0.932969 0.29486
    outer loop
      vertex 0 53.1065 2.11777
      vertex 2.4 53.1182 0.474295
      vertex 0 53.1182 2.15479
    endloop
  endfacet
  facet normal 0.20731 -0.932388 0.296101
    outer loop
      vertex 2.4 53.1182 0.474295
      vertex 0 53.1065 2.11777
      vertex 2.4 53.1164 0.468627
    endloop
  endfacet
  facet normal -0.445503 -0.629857 -0.636244
    outer loop
      vertex 0 52.8821 3.04196
      vertex 2.4 52.9349 1.30919
      vertex 2.4 52.8821 1.36146
    endloop
  endfacet
  facet normal -0.445503 -0.629857 -0.636244
    outer loop
      vertex 2.4 52.9349 1.30919
      vertex 0 52.8821 3.04196
      vertex 0 52.9349 2.98969
    endloop
  endfacet
  facet normal -0.445503 0.629857 -0.636244
    outer loop
      vertex 0 20.0651 2.98969
      vertex 2.4 20.1179 1.36146
      vertex 2.4 20.0651 1.30919
    endloop
  endfacet
  facet normal -0.445503 0.629857 -0.636244
    outer loop
      vertex 2.4 20.1179 1.36146
      vertex 0 20.0651 2.98969
      vertex 0 20.1179 3.04196
    endloop
  endfacet
  facet normal -0.554091 0.258443 -0.791322
    outer loop
      vertex 0 20.2991 3.15467
      vertex 2.4 20.3649 1.49566
      vertex 2.4 20.2991 1.47417
    endloop
  endfacet
  facet normal -0.554091 0.258443 -0.791322
    outer loop
      vertex 2.4 20.3649 1.49566
      vertex 0 20.2991 3.15467
      vertex 0 20.3649 3.17616
    endloop
  endfacet
  facet normal 0.361908 0.775809 0.516858
    outer loop
      vertex 2.4 19.9741 0.253091
      vertex 0 19.9939 1.90387
      vertex 0 19.9741 1.93359
    endloop
  endfacet
  facet normal 0.362582 0.774833 0.51785
    outer loop
      vertex 0 19.9939 1.90387
      vertex 2.4 19.9741 0.253091
      vertex 2.4 19.9765 0.2495
    endloop
  endfacet
  facet normal 0.405515 0.707198 0.579162
    outer loop
      vertex 2.67188 20.0651 -0.0605612
      vertex 2.66927 20.017 -1.90735e-07
      vertex 2.69948 20.017 -0.0211525
    endloop
  endfacet
  facet normal 0.405531 0.707192 0.579158
    outer loop
      vertex 2.66927 20.017 -1.90735e-07
      vertex 2.67188 20.0651 -0.0605612
      vertex 2.58539 20.0651 -1.90735e-07
    endloop
  endfacet
  facet normal 0.405542 0.707172 0.579175
    outer loop
      vertex 2.4 20.017 0.188544
      vertex 0 20.0651 1.81031
      vertex 0 20.017 1.86904
    endloop
  endfacet
  facet normal 0.405542 0.707172 0.579175
    outer loop
      vertex 0 20.0651 1.81031
      vertex 2.4 20.017 0.188544
      vertex 2.4 20.0651 0.129814
    endloop
  endfacet
  facet normal 0.481126 0.544412 0.68712
    outer loop
      vertex 2.62607 20.175 -0.125989
      vertex 2.51075 20.1179 -1.90735e-07
      vertex 2.64733 20.1179 -0.0956345
    endloop
  endfacet
  facet normal 0.481129 0.544409 0.68712
    outer loop
      vertex 2.51075 20.1179 -1.90735e-07
      vertex 2.62607 20.175 -0.125989
      vertex 2.44614 20.175 -1.90735e-07
    endloop
  endfacet
  facet normal 0.481139 0.544379 0.687136
    outer loop
      vertex 0 20.175 1.71281
      vertex 2.4 20.1179 0.0775447
      vertex 2.4 20.175 0.0323076
    endloop
  endfacet
  facet normal 0.48116 0.54432 0.687169
    outer loop
      vertex 2.4 20.1179 0.0775447
      vertex 0 20.175 1.71281
      vertex 0 20.1179 1.75804
    endloop
  endfacet
  facet normal 0.511018 0.454139 0.729807
    outer loop
      vertex 2.60835 20.2356 -0.151291
      vertex 2.44614 20.175 -1.90735e-07
      vertex 2.62607 20.175 -0.125989
    endloop
  endfacet
  facet normal 0.511034 0.454112 0.729813
    outer loop
      vertex 2.44614 20.175 -1.90735e-07
      vertex 2.60835 20.2356 -0.151291
      vertex 2.39229 20.2356 -1.90735e-07
    endloop
  endfacet
  facet normal 0.512175 0.453893 0.729149
    outer loop
      vertex 2.39229 20.2356 0
      vertex 2.4 20.175 0.0323076
      vertex 2.4 20.2269 0
    endloop
  endfacet
  facet normal 0.511016 0.454142 0.729807
    outer loop
      vertex 0 20.175 1.71281
      vertex 2.39229 20.2356 0
      vertex 0 20.2356 1.6751
    endloop
  endfacet
  facet normal 0.511028 0.454106 0.729821
    outer loop
      vertex 2.39229 20.2356 0
      vertex 0 20.175 1.71281
      vertex 2.4 20.175 0.0323076
    endloop
  endfacet
  facet normal 0.535477 0.358421 0.764721
    outer loop
      vertex 2.59437 20.2991 -0.171264
      vertex 2.39229 20.2356 -1.90735e-07
      vertex 2.60835 20.2356 -0.151291
    endloop
  endfacet
  facet normal 0.535459 0.358462 0.764715
    outer loop
      vertex 2.39229 20.2356 -1.90735e-07
      vertex 2.59437 20.2991 -0.171264
      vertex 2.34978 20.2991 -1.90735e-07
    endloop
  endfacet
  facet normal 0.535448 0.358506 0.764701
    outer loop
      vertex 0 20.2356 1.6751
      vertex 2.34978 20.2991 0
      vertex 0 20.2991 1.64533
    endloop
  endfacet
  facet normal 0.535459 0.358462 0.764715
    outer loop
      vertex 2.34978 20.2991 0
      vertex 0 20.2356 1.6751
      vertex 2.39229 20.2356 0
    endloop
  endfacet
  facet normal -0.259999 0.891365 -0.371307
    outer loop
      vertex 2.4 19.9099 1.05109
      vertex 0 19.9062 2.72275
      vertex 0 19.9225 2.76188
    endloop
  endfacet
  facet normal -0.260979 0.89049 -0.372716
    outer loop
      vertex 0 19.9062 2.72275
      vertex 2.4 19.9099 1.05109
      vertex 2.4 19.9062 1.04225
    endloop
  endfacet
  facet normal -0.261051 0.890426 -0.372819
    outer loop
      vertex 2.4 19.9371 1.11625
      vertex 0 19.9225 2.76188
      vertex 0 19.9371 2.79675
    endloop
  endfacet
  facet normal -0.260441 0.890978 -0.371925
    outer loop
      vertex 0 19.9225 2.76188
      vertex 2.4 19.9371 1.11625
      vertex 2.4 19.9099 1.05109
    endloop
  endfacet
  facet normal -0.53545 0.358506 -0.764701
    outer loop
      vertex 0 20.2356 3.1249
      vertex 2.4 20.2991 1.47417
      vertex 2.4 20.2356 1.4444
    endloop
  endfacet
  facet normal -0.53545 0.358506 -0.764701
    outer loop
      vertex 2.4 20.2991 1.47417
      vertex 0 20.2356 3.1249
      vertex 0 20.2991 3.15467
    endloop
  endfacet
  facet normal -0.819194 2.21585e-05 0.573516
    outer loop
      vertex 2.59437 52.7009 -0.171264
      vertex 2.58427 52.6351 -0.185688
      vertex 2.57612 52.5 -0.197324
    endloop
  endfacet
  facet normal 0.361889 -0.775821 0.516854
    outer loop
      vertex 2.69948 52.983 -0.0211525
      vertex 2.71429 53.004 -1.90735e-07
      vertex 2.66927 52.983 -1.90735e-07
    endloop
  endfacet
  facet normal 0.360946 -0.777193 0.515451
    outer loop
      vertex 0 52.983 1.86904
      vertex 2.4 53.0235 0.2495
      vertex 0 53.0061 1.90387
    endloop
  endfacet
  facet normal 0.361317 -0.776646 0.516014
    outer loop
      vertex 2.4 53.0235 0.2495
      vertex 0 52.983 1.86904
      vertex 2.4 52.983 0.188544
    endloop
  endfacet
  facet normal -0.819122 0 0.573619
    outer loop
      vertex 2.67188 52.9349 -0.0605612
      vertex 2.71429 52.9886 -1.90735e-07
      vertex 2.71429 53.0015 -1.90735e-07
    endloop
  endfacet
  facet normal -0.819088 -8.18357e-05 0.573668
    outer loop
      vertex 2.71429 52.9886 -1.90735e-07
      vertex 2.67188 52.9349 -0.0605612
      vertex 2.59437 52.7009 -0.171264
    endloop
  endfacet
  facet normal 0.0893659 -0.987788 0.127627
    outer loop
      vertex 0 53.1358 2.23502
      vertex 2.4 53.1464 0.636558
      vertex 0 53.1464 2.31706
    endloop
  endfacet
  facet normal 0.0893709 -0.987786 0.127635
    outer loop
      vertex 2.4 53.1464 0.636558
      vertex 0 53.1358 2.23502
      vertex 2.4 53.1358 0.554523
    endloop
  endfacet
  facet normal -0.361379 0.776559 -0.516102
    outer loop
      vertex 2.4 20.017 1.25046
      vertex 0 19.9741 2.86641
      vertex 0 20.017 2.93096
    endloop
  endfacet
  facet normal -0.361379 0.776559 -0.516102
    outer loop
      vertex 0 19.9741 2.86641
      vertex 2.4 20.017 1.25046
      vertex 2.4 19.9741 1.18591
    endloop
  endfacet
  facet normal -0.566517 0.156402 -0.809072
    outer loop
      vertex 0 20.4027 3.18347
      vertex 2.4 20.4321 1.50866
      vertex 2.4 20.3753 1.49768
    endloop
  endfacet
  facet normal -0.566502 0.156581 -0.809048
    outer loop
      vertex 2.4 20.4321 1.50866
      vertex 0 20.4027 3.18347
      vertex 0 20.4321 3.18916
    endloop
  endfacet
  facet normal -0.572787 0.052477 -0.818023
    outer loop
      vertex 0 20.4321 3.18916
      vertex 2.4 20.4427 1.50934
      vertex 2.4 20.4321 1.50866
    endloop
  endfacet
  facet normal -0.572793 0.0522513 -0.818033
    outer loop
      vertex 2.4 20.4427 1.50934
      vertex 0 20.4321 3.18916
      vertex 0 20.4703 3.1916
    endloop
  endfacet
  facet normal 0.206463 0.932969 0.29486
    outer loop
      vertex 2.4 19.8818 0.474295
      vertex 0 19.8935 2.11777
      vertex 0 19.8818 2.15479
    endloop
  endfacet
  facet normal 0.20731 0.932388 0.296101
    outer loop
      vertex 0 19.8935 2.11777
      vertex 2.4 19.8818 0.474295
      vertex 2.4 19.8836 0.468627
    endloop
  endfacet
  facet normal 0.312455 0.8386 0.446232
    outer loop
      vertex 2.4 19.9393 0.318491
      vertex 0 19.9741 1.93359
      vertex 0 19.9543 1.9708
    endloop
  endfacet
  facet normal 0.312453 0.838602 0.446229
    outer loop
      vertex 0 19.9741 1.93359
      vertex 2.4 19.9393 0.318491
      vertex 2.4 19.9741 0.253091
    endloop
  endfacet
  facet normal 0.311599 0.839567 0.445009
    outer loop
      vertex 2.4 19.9371 0.322749
      vertex 0 19.9543 1.9708
      vertex 0 19.9371 2.00325
    endloop
  endfacet
  facet normal 0.306135 0.845768 0.436987
    outer loop
      vertex 0 19.9543 1.9708
      vertex 2.4 19.9371 0.322749
      vertex 2.4 19.9393 0.318491
    endloop
  endfacet
  facet normal -0.819906 -0.000933503 0.572498
    outer loop
      vertex 2.64733 20.1179 -0.0956345
      vertex 2.67188 20.0651 -0.0605612
      vertex 2.62607 20.175 -0.125989
    endloop
  endfacet
  facet normal -0.819331 -0.000204789 0.57332
    outer loop
      vertex 2.62607 20.175 -0.125989
      vertex 2.67188 20.0651 -0.0605612
      vertex 2.60835 20.2356 -0.151291
    endloop
  endfacet
  facet normal -0.148188 0.966049 -0.211634
    outer loop
      vertex 2.4 19.8818 0.964707
      vertex 0 19.8733 2.60641
      vertex 0 19.8818 2.64521
    endloop
  endfacet
  facet normal -0.148217 0.966036 -0.211676
    outer loop
      vertex 0 19.8733 2.60641
      vertex 2.4 19.8818 0.964707
      vertex 2.4 19.8661 0.893056
    endloop
  endfacet
  facet normal -0.311618 0.839562 -0.445006
    outer loop
      vertex 2.4 19.9693 1.17689
      vertex 0 19.9371 2.79675
      vertex 0 19.9543 2.8292
    endloop
  endfacet
  facet normal -0.311995 0.83912 -0.445575
    outer loop
      vertex 0 19.9371 2.79675
      vertex 2.4 19.9693 1.17689
      vertex 2.4 19.9371 1.11625
    endloop
  endfacet
  facet normal -0.361379 -0.776559 -0.516102
    outer loop
      vertex 0 53.0259 2.86641
      vertex 2.4 52.983 1.25046
      vertex 0 52.983 2.93096
    endloop
  endfacet
  facet normal -0.361379 -0.776559 -0.516102
    outer loop
      vertex 2.4 52.983 1.25046
      vertex 0 53.0259 2.86641
      vertex 2.4 53.0259 1.18591
    endloop
  endfacet
  facet normal -0.81917 0 0.57355
    outer loop
      vertex 2.69948 52.983 -0.0211525
      vertex 2.71429 53.0015 -1.90735e-07
      vertex 2.71429 53.004 -1.90735e-07
    endloop
  endfacet
  facet normal -0.819358 0.000457148 0.573282
    outer loop
      vertex 2.71429 53.0015 -1.90735e-07
      vertex 2.69948 52.983 -0.0211525
      vertex 2.67188 52.9349 -0.0605612
    endloop
  endfacet
  facet normal -0.819003 -0.000167589 0.57379
    outer loop
      vertex 2.67188 52.9349 -0.0605612
      vertex 2.60835 52.7644 -0.151291
      vertex 2.59437 52.7009 -0.171264
    endloop
  endfacet
  facet normal -0.312455 -0.8386 -0.446231
    outer loop
      vertex 0 53.0457 2.8292
      vertex 2.4 53.0259 1.18591
      vertex 0 53.0259 2.86641
    endloop
  endfacet
  facet normal -0.312469 -0.838583 -0.446253
    outer loop
      vertex 2.4 53.0259 1.18591
      vertex 0 53.0457 2.8292
      vertex 2.4 53.0307 1.17689
    endloop
  endfacet
  facet normal -0.261051 -0.890426 -0.372819
    outer loop
      vertex 0 53.0775 2.76188
      vertex 2.4 53.0629 1.11625
      vertex 0 53.0629 2.79675
    endloop
  endfacet
  facet normal -0.260441 -0.890978 -0.371925
    outer loop
      vertex 2.4 53.0629 1.11625
      vertex 0 53.0775 2.76188
      vertex 2.4 53.0901 1.05109
    endloop
  endfacet
  facet normal -0.405543 -0.707171 -0.579175
    outer loop
      vertex 0 52.983 2.93096
      vertex 2.4 52.9349 1.30919
      vertex 0 52.9349 2.98969
    endloop
  endfacet
  facet normal -0.405543 -0.707171 -0.579175
    outer loop
      vertex 2.4 52.9349 1.30919
      vertex 0 52.983 2.93096
      vertex 2.4 52.983 1.25046
    endloop
  endfacet
  facet normal 0.56651 -0.156482 0.809061
    outer loop
      vertex 2.31908 52.6351 -1.90735e-07
      vertex 2.57816 52.5679 -0.194407
      vertex 2.58427 52.6351 -0.185688
    endloop
  endfacet
  facet normal 0.566484 -0.15658 0.80906
    outer loop
      vertex 2.57816 52.5679 -0.194407
      vertex 2.31908 52.6351 -1.90735e-07
      vertex 2.30139 52.5711 -1.90735e-07
    endloop
  endfacet
  facet normal 0.566502 -0.156585 0.809047
    outer loop
      vertex 0 52.6351 1.62384
      vertex 2.30139 52.5711 0
      vertex 2.31908 52.6351 0
    endloop
  endfacet
  facet normal 0.566515 -0.156461 0.809061
    outer loop
      vertex 2.30139 52.5711 0
      vertex 0 52.6351 1.62384
      vertex 0 52.5973 1.61653
    endloop
  endfacet
  facet normal -0.818666 -7.4652e-05 0.57427
    outer loop
      vertex 2.58427 52.6351 -0.185688
      vertex 2.57816 52.5679 -0.194407
      vertex 2.57612 52.5 -0.197324
    endloop
  endfacet
  facet normal -0.819114 0 0.573631
    outer loop
      vertex 2.57612 20.5 -0.197324
      vertex 2.59437 52.7009 -0.171264
      vertex 2.57612 52.5 -0.197324
    endloop
  endfacet
  facet normal -0.819114 0 0.573631
    outer loop
      vertex 2.59437 52.7009 -0.171264
      vertex 2.57612 20.5 -0.197324
      vertex 2.59437 20.2991 -0.171264
    endloop
  endfacet
  facet normal 0.148187 -0.966049 0.211635
    outer loop
      vertex 0 53.1182 2.15479
      vertex 2.4 53.1195 0.480233
      vertex 0 53.1267 2.19359
    endloop
  endfacet
  facet normal 0.148097 -0.966091 0.211505
    outer loop
      vertex 2.4 53.1195 0.480233
      vertex 0 53.1182 2.15479
      vertex 2.4 53.1182 0.474295
    endloop
  endfacet
  facet normal 0.148551 -0.96588 0.212153
    outer loop
      vertex 0 53.1267 2.19359
      vertex 2.4 53.1358 0.554523
      vertex 0 53.1358 2.23502
    endloop
  endfacet
  facet normal 0.148405 -0.965949 0.211939
    outer loop
      vertex 2.4 53.1358 0.554523
      vertex 0 53.1267 2.19359
      vertex 2.4 53.1195 0.480233
    endloop
  endfacet
  facet normal 0.0303499 -0.998599 0.0433441
    outer loop
      vertex 0 53.1464 2.31706
      vertex 2.4 53.15 0.719501
      vertex 0 53.15 2.4
    endloop
  endfacet
  facet normal 0.0303488 -0.998599 0.0433425
    outer loop
      vertex 2.4 53.15 0.719501
      vertex 0 53.1464 2.31706
      vertex 2.4 53.1464 0.636558
    endloop
  endfacet
  facet normal -0.48113 0.544404 -0.687123
    outer loop
      vertex 0 20.1179 3.04196
      vertex 2.4 20.175 1.4067
      vertex 2.4 20.1179 1.36146
    endloop
  endfacet
  facet normal -0.481159 0.54432 -0.687169
    outer loop
      vertex 2.4 20.175 1.4067
      vertex 0 20.1179 3.04196
      vertex 0 20.175 3.08719
    endloop
  endfacet
  facet normal -0.566452 0.157128 -0.808976
    outer loop
      vertex 0 20.3649 3.17616
      vertex 2.4 20.3753 1.49768
      vertex 2.4 20.3649 1.49566
    endloop
  endfacet
  facet normal -0.566511 0.156462 -0.809064
    outer loop
      vertex 2.4 20.3753 1.49768
      vertex 0 20.3649 3.17616
      vertex 0 20.4027 3.18347
    endloop
  endfacet
  facet normal -0.511042 0.454047 -0.729847
    outer loop
      vertex 0 20.175 3.08719
      vertex 2.4 20.2356 1.4444
      vertex 2.4 20.175 1.4067
    endloop
  endfacet
  facet normal -0.511016 0.454142 -0.729806
    outer loop
      vertex 2.4 20.2356 1.4444
      vertex 0 20.175 3.08719
      vertex 0 20.2356 3.1249
    endloop
  endfacet
  facet normal -0.53545 -0.358506 -0.764701
    outer loop
      vertex 0 52.7009 3.15467
      vertex 2.4 52.7644 1.4444
      vertex 2.4 52.7009 1.47417
    endloop
  endfacet
  facet normal -0.53545 -0.358506 -0.764701
    outer loop
      vertex 2.4 52.7644 1.4444
      vertex 0 52.7009 3.15467
      vertex 0 52.7644 3.1249
    endloop
  endfacet
  facet normal -0.481127 -0.544405 -0.687124
    outer loop
      vertex 0 52.825 3.08719
      vertex 2.4 52.8821 1.36146
      vertex 2.4 52.825 1.4067
    endloop
  endfacet
  facet normal -0.481161 -0.544319 -0.687168
    outer loop
      vertex 2.4 52.8821 1.36146
      vertex 0 52.825 3.08719
      vertex 0 52.8821 3.04196
    endloop
  endfacet
  facet normal 0.204998 0.933963 0.292728
    outer loop
      vertex 2.4 19.8836 0.468627
      vertex 0 19.9062 2.07725
      vertex 0 19.8935 2.11777
    endloop
  endfacet
  facet normal 0.205551 0.93358 0.293558
    outer loop
      vertex 0 19.9062 2.07725
      vertex 2.4 19.8836 0.468627
      vertex 2.4 19.9062 0.396754
    endloop
  endfacet
  facet normal 0.0893659 0.987788 0.127627
    outer loop
      vertex 2.4 19.8536 0.636558
      vertex 0 19.8642 2.23502
      vertex 0 19.8536 2.31706
    endloop
  endfacet
  facet normal 0.0893709 0.987786 0.127635
    outer loop
      vertex 0 19.8642 2.23502
      vertex 2.4 19.8536 0.636558
      vertex 2.4 19.8642 0.554523
    endloop
  endfacet
  facet normal 0.148551 0.96588 0.212153
    outer loop
      vertex 2.4 19.8642 0.554523
      vertex 0 19.8733 2.19359
      vertex 0 19.8642 2.23502
    endloop
  endfacet
  facet normal 0.148405 0.965949 0.211939
    outer loop
      vertex 0 19.8733 2.19359
      vertex 2.4 19.8642 0.554523
      vertex 2.4 19.8805 0.480233
    endloop
  endfacet
  facet normal -0.204972 0.933968 -0.292729
    outer loop
      vertex 2.4 19.9062 1.04225
      vertex 0 19.8935 2.68223
      vertex 0 19.9062 2.72275
    endloop
  endfacet
  facet normal -0.206728 0.932768 -0.295309
    outer loop
      vertex 0 19.8935 2.68223
      vertex 2.4 19.9062 1.04225
      vertex 2.4 19.9033 1.03309
    endloop
  endfacet
  facet normal -0.0893658 0.987788 -0.127627
    outer loop
      vertex 2.4 19.8642 0.88448
      vertex 0 19.8536 2.48294
      vertex 0 19.8642 2.56498
    endloop
  endfacet
  facet normal -0.0893708 0.987786 -0.127635
    outer loop
      vertex 0 19.8536 2.48294
      vertex 2.4 19.8642 0.88448
      vertex 2.4 19.8536 0.802445
    endloop
  endfacet
  facet normal 0.261046 -0.890427 0.37282
    outer loop
      vertex 0 53.0629 2.00325
      vertex 2.4 53.0648 0.327325
      vertex 0 53.0775 2.03812
    endloop
  endfacet
  facet normal 0.259323 -0.89196 0.37035
    outer loop
      vertex 2.4 53.0648 0.327325
      vertex 0 53.0629 2.00325
      vertex 2.4 53.0629 0.322749
    endloop
  endfacet
  facet normal 0.259992 -0.891367 0.371308
    outer loop
      vertex 0 53.0775 2.03812
      vertex 2.4 53.0938 0.396754
      vertex 0 53.0938 2.07725
    endloop
  endfacet
  facet normal 0.260538 -0.890872 0.372111
    outer loop
      vertex 2.4 53.0938 0.396754
      vertex 0 53.0775 2.03812
      vertex 2.4 53.0648 0.327325
    endloop
  endfacet
  facet normal 0.312423 -0.838609 0.446236
    outer loop
      vertex 0 53.0259 1.93359
      vertex 2.4 53.0606 0.318491
      vertex 0 53.0457 1.9708
    endloop
  endfacet
  facet normal 0.311821 -0.839317 0.445326
    outer loop
      vertex 2.4 53.0606 0.318491
      vertex 0 53.0259 1.93359
      vertex 2.4 53.0259 0.253091
    endloop
  endfacet
  facet normal 0.361908 -0.775809 0.516858
    outer loop
      vertex 0 53.0061 1.90387
      vertex 2.4 53.0259 0.253091
      vertex 0 53.0259 1.93359
    endloop
  endfacet
  facet normal 0.362582 -0.774833 0.51785
    outer loop
      vertex 2.4 53.0259 0.253091
      vertex 0 53.0061 1.90387
      vertex 2.4 53.0235 0.2495
    endloop
  endfacet
  facet normal -0.819331 0.000204789 0.57332
    outer loop
      vertex 2.67188 52.9349 -0.0605612
      vertex 2.62607 52.825 -0.125989
      vertex 2.60835 52.7644 -0.151291
    endloop
  endfacet
  facet normal 0.511018 -0.454139 0.729807
    outer loop
      vertex 2.44614 52.825 -1.90735e-07
      vertex 2.60835 52.7644 -0.151291
      vertex 2.62607 52.825 -0.125989
    endloop
  endfacet
  facet normal 0.511034 -0.454112 0.729813
    outer loop
      vertex 2.60835 52.7644 -0.151291
      vertex 2.44614 52.825 -1.90735e-07
      vertex 2.39229 52.7644 -1.90735e-07
    endloop
  endfacet
  facet normal 0.512175 -0.453893 0.729149
    outer loop
      vertex 2.4 52.825 0.0323076
      vertex 2.39229 52.7644 0
      vertex 2.4 52.7731 0
    endloop
  endfacet
  facet normal 0.511028 -0.454106 0.729821
    outer loop
      vertex 0 52.825 1.71281
      vertex 2.39229 52.7644 0
      vertex 2.4 52.825 0.0323076
    endloop
  endfacet
  facet normal 0.511016 -0.454142 0.729807
    outer loop
      vertex 2.39229 52.7644 0
      vertex 0 52.825 1.71281
      vertex 0 52.7644 1.6751
    endloop
  endfacet
  facet normal 0.481126 -0.544412 0.68712
    outer loop
      vertex 2.51075 52.8821 -1.90735e-07
      vertex 2.62607 52.825 -0.125989
      vertex 2.64733 52.8821 -0.0956345
    endloop
  endfacet
  facet normal 0.481129 -0.544409 0.68712
    outer loop
      vertex 2.62607 52.825 -0.125989
      vertex 2.51075 52.8821 -1.90735e-07
      vertex 2.44614 52.825 -1.90735e-07
    endloop
  endfacet
  facet normal 0.481138 -0.54438 0.687137
    outer loop
      vertex 0 52.8821 1.75804
      vertex 2.4 52.825 0.0323076
      vertex 2.4 52.8821 0.0775447
    endloop
  endfacet
  facet normal 0.481162 -0.544319 0.687168
    outer loop
      vertex 2.4 52.825 0.0323076
      vertex 0 52.8821 1.75804
      vertex 0 52.825 1.71281
    endloop
  endfacet
  facet normal -0.148558 -0.965879 -0.212153
    outer loop
      vertex 0 53.1358 2.56498
      vertex 2.4 53.1339 0.893056
      vertex 0 53.1267 2.60641
    endloop
  endfacet
  facet normal -0.14975 -0.965317 -0.213865
    outer loop
      vertex 2.4 53.1339 0.893056
      vertex 0 53.1358 2.56498
      vertex 2.4 53.1358 0.88448
    endloop
  endfacet
  facet normal -0.311618 -0.839562 -0.445006
    outer loop
      vertex 0 53.0629 2.79675
      vertex 2.4 53.0307 1.17689
      vertex 0 53.0457 2.8292
    endloop
  endfacet
  facet normal -0.311995 -0.83912 -0.445575
    outer loop
      vertex 2.4 53.0307 1.17689
      vertex 0 53.0629 2.79675
      vertex 2.4 53.0629 1.11625
    endloop
  endfacet
  facet normal 0.55408 -0.258511 0.791308
    outer loop
      vertex 2.34978 52.7009 -1.90735e-07
      vertex 2.58427 52.6351 -0.185688
      vertex 2.59437 52.7009 -0.171264
    endloop
  endfacet
  facet normal 0.554079 -0.258514 0.791307
    outer loop
      vertex 2.58427 52.6351 -0.185688
      vertex 2.34978 52.7009 -1.90735e-07
      vertex 2.31908 52.6351 -1.90735e-07
    endloop
  endfacet
  facet normal 0.554078 -0.258514 0.791308
    outer loop
      vertex 0 52.7009 1.64533
      vertex 2.31908 52.6351 0
      vertex 2.34978 52.7009 0
    endloop
  endfacet
  facet normal 0.554091 -0.258442 0.791322
    outer loop
      vertex 2.31908 52.6351 0
      vertex 0 52.7009 1.64533
      vertex 0 52.6351 1.62384
    endloop
  endfacet
  facet normal -0.511044 -0.454046 -0.729846
    outer loop
      vertex 0 52.7644 3.1249
      vertex 2.4 52.825 1.4067
      vertex 2.4 52.7644 1.4444
    endloop
  endfacet
  facet normal -0.511014 -0.454143 -0.729807
    outer loop
      vertex 2.4 52.825 1.4067
      vertex 0 52.7644 3.1249
      vertex 0 52.825 3.08719
    endloop
  endfacet
  facet normal 0.259992 0.891367 0.371308
    outer loop
      vertex 2.4 19.9062 0.396754
      vertex 0 19.9225 2.03812
      vertex 0 19.9062 2.07725
    endloop
  endfacet
  facet normal 0.260538 0.890872 0.372111
    outer loop
      vertex 0 19.9225 2.03812
      vertex 2.4 19.9062 0.396754
      vertex 2.4 19.9352 0.327325
    endloop
  endfacet
  facet normal 0.0303499 0.998599 0.0433441
    outer loop
      vertex 2.4 19.85 0.719501
      vertex 0 19.8536 2.31706
      vertex 0 19.85 2.4
    endloop
  endfacet
  facet normal 0.0303488 0.998599 0.0433425
    outer loop
      vertex 0 19.8536 2.31706
      vertex 2.4 19.85 0.719501
      vertex 2.4 19.8536 0.636558
    endloop
  endfacet
  facet normal 0.311599 -0.839567 0.445009
    outer loop
      vertex 0 53.0457 1.9708
      vertex 2.4 53.0629 0.322749
      vertex 0 53.0629 2.00325
    endloop
  endfacet
  facet normal 0.315652 -0.834864 0.45096
    outer loop
      vertex 2.4 53.0629 0.322749
      vertex 0 53.0457 1.9708
      vertex 2.4 53.0606 0.318491
    endloop
  endfacet
  facet normal 0.445526 -0.62981 0.636276
    outer loop
      vertex 2.58539 52.9349 -1.90735e-07
      vertex 2.64733 52.8821 -0.0956345
      vertex 2.67188 52.9349 -0.0605612
    endloop
  endfacet
  facet normal 0.445525 -0.62981 0.636276
    outer loop
      vertex 2.64733 52.8821 -0.0956345
      vertex 2.58539 52.9349 -1.90735e-07
      vertex 2.51075 52.8821 -1.90735e-07
    endloop
  endfacet
  facet normal 0.445505 -0.629853 0.636248
    outer loop
      vertex 0 52.9349 1.81031
      vertex 2.4 52.8821 0.0775447
      vertex 2.4 52.9349 0.129814
    endloop
  endfacet
  facet normal 0.445502 -0.629858 0.636244
    outer loop
      vertex 2.4 52.8821 0.0775447
      vertex 0 52.9349 1.81031
      vertex 0 52.8821 1.75804
    endloop
  endfacet
  facet normal -0.0893658 -0.987788 -0.127627
    outer loop
      vertex 0 53.1464 2.48294
      vertex 2.4 53.1358 0.88448
      vertex 0 53.1358 2.56498
    endloop
  endfacet
  facet normal -0.0893708 -0.987786 -0.127635
    outer loop
      vertex 2.4 53.1358 0.88448
      vertex 0 53.1464 2.48294
      vertex 2.4 53.1464 0.802445
    endloop
  endfacet
  facet normal -0.0303498 -0.998599 -0.0433441
    outer loop
      vertex 0 53.15 2.4
      vertex 2.4 53.1464 0.802445
      vertex 0 53.1464 2.48294
    endloop
  endfacet
  facet normal -0.0303484 -0.998599 -0.043342
    outer loop
      vertex 2.4 53.1464 0.802445
      vertex 0 53.15 2.4
      vertex 2.4 53.15 0.719501
    endloop
  endfacet
  facet normal -0.204972 -0.933968 -0.292729
    outer loop
      vertex 0 53.1065 2.68223
      vertex 2.4 53.0938 1.04225
      vertex 0 53.0938 2.72275
    endloop
  endfacet
  facet normal -0.206728 -0.932768 -0.295309
    outer loop
      vertex 2.4 53.0938 1.04225
      vertex 0 53.1065 2.68223
      vertex 2.4 53.0967 1.03309
    endloop
  endfacet
  facet normal -0.148188 -0.966049 -0.211634
    outer loop
      vertex 0 53.1267 2.60641
      vertex 2.4 53.1182 0.964707
      vertex 0 53.1182 2.64521
    endloop
  endfacet
  facet normal -0.148217 -0.966036 -0.211676
    outer loop
      vertex 2.4 53.1182 0.964707
      vertex 0 53.1267 2.60641
      vertex 2.4 53.1339 0.893056
    endloop
  endfacet
  facet normal -0.206422 -0.932977 -0.294863
    outer loop
      vertex 0 53.1182 2.64521
      vertex 2.4 53.0967 1.03309
      vertex 0 53.1065 2.68223
    endloop
  endfacet
  facet normal -0.205531 -0.933595 -0.293527
    outer loop
      vertex 2.4 53.0967 1.03309
      vertex 0 53.1182 2.64521
      vertex 2.4 53.1182 0.964707
    endloop
  endfacet
  facet normal -0.0303498 0.998599 -0.0433441
    outer loop
      vertex 2.4 19.8536 0.802445
      vertex 0 19.85 2.4
      vertex 0 19.8536 2.48294
    endloop
  endfacet
  facet normal -0.0303484 0.998599 -0.043342
    outer loop
      vertex 0 19.85 2.4
      vertex 2.4 19.8536 0.802445
      vertex 2.4 19.85 0.719501
    endloop
  endfacet
  facet normal 0.148187 0.966049 0.211635
    outer loop
      vertex 2.4 19.8805 0.480233
      vertex 0 19.8818 2.15479
      vertex 0 19.8733 2.19359
    endloop
  endfacet
  facet normal 0.148097 0.966091 0.211505
    outer loop
      vertex 0 19.8818 2.15479
      vertex 2.4 19.8805 0.480233
      vertex 2.4 19.8818 0.474295
    endloop
  endfacet
  facet normal -0.819906 0.000933503 0.572498
    outer loop
      vertex 2.67188 52.9349 -0.0605612
      vertex 2.64733 52.8821 -0.0956345
      vertex 2.62607 52.825 -0.125989
    endloop
  endfacet
  facet normal -0.259999 -0.891365 -0.371307
    outer loop
      vertex 0 53.0938 2.72275
      vertex 2.4 53.0901 1.05109
      vertex 0 53.0775 2.76188
    endloop
  endfacet
  facet normal -0.260979 -0.89049 -0.372716
    outer loop
      vertex 2.4 53.0901 1.05109
      vertex 0 53.0938 2.72275
      vertex 2.4 53.0938 1.04225
    endloop
  endfacet
  facet normal 0.823312 0.000133061 0.567589
    outer loop
      vertex 101.422 20.4321 -0.194407
      vertex 101.424 20.5 -0.197324
      vertex 101.416 20.3649 -0.185688
    endloop
  endfacet
  facet normal -0.565428 0.176696 0.805649
    outer loop
      vertex 101.699 20.4321 -1.90735e-07
      vertex 101.7 20.4353 -1.90735e-07
      vertex 101.422 20.4321 -0.194407
    endloop
  endfacet
  facet normal -0.572823 0.0525065 0.817996
    outer loop
      vertex 101.7 20.4353 0
      vertex 104 20.4321 1.61084
      vertex 104 20.4617 1.60894
    endloop
  endfacet
  facet normal -0.564502 0.176407 0.806361
    outer loop
      vertex 104 20.4321 1.61084
      vertex 101.7 20.4353 0
      vertex 101.699 20.4321 0
    endloop
  endfacet
  facet normal -0.572505 0.0530917 0.81818
    outer loop
      vertex 101.424 20.5 -0.197324
      vertex 101.7 20.4353 -1.90735e-07
      vertex 101.706 20.5 -1.90735e-07
    endloop
  endfacet
  facet normal -0.572706 0.0520153 0.818109
    outer loop
      vertex 101.7 20.4353 -1.90735e-07
      vertex 101.424 20.5 -0.197324
      vertex 101.422 20.4321 -0.194407
    endloop
  endfacet
  facet normal -0.572851 0.0521129 0.818001
    outer loop
      vertex 101.706 20.5 0
      vertex 104 20.4617 1.60894
      vertex 104 20.5 1.6065
    endloop
  endfacet
  facet normal -0.572809 0.0531198 0.817966
    outer loop
      vertex 104 20.4617 1.60894
      vertex 101.706 20.5 0
      vertex 101.7 20.4353 0
    endloop
  endfacet
  facet normal 0.573577 0 -0.819152
    outer loop
      vertex 101.6 20.5 1.513
      vertex 104 52.5 3.1935
      vertex 104 20.5 3.1935
    endloop
  endfacet
  facet normal 0.573577 0 -0.819152
    outer loop
      vertex 104 52.5 3.1935
      vertex 101.6 20.5 1.513
      vertex 101.6 52.5 1.513
    endloop
  endfacet
  facet normal -0.553964 -0.260986 0.790576
    outer loop
      vertex 101.65 52.7009 -1.90735e-07
      vertex 101.416 52.6351 -0.185688
      vertex 101.681 52.6351 -1.90735e-07
    endloop
  endfacet
  facet normal -0.555099 -0.257724 0.79085
    outer loop
      vertex 101.416 52.6351 -0.185688
      vertex 101.65 52.7009 -1.90735e-07
      vertex 101.406 52.7009 -0.171264
    endloop
  endfacet
  facet normal -0.554104 -0.25844 0.791314
    outer loop
      vertex 104 52.7009 1.64533
      vertex 101.681 52.6351 0
      vertex 104 52.6351 1.62384
    endloop
  endfacet
  facet normal -0.553683 -0.260854 0.790817
    outer loop
      vertex 101.681 52.6351 0
      vertex 104 52.7009 1.64533
      vertex 101.65 52.7009 0
    endloop
  endfacet
  facet normal 0.822806 0 0.568323
    outer loop
      vertex 101.406 52.7009 -0.171264
      vertex 101.424 20.5 -0.197324
      vertex 101.424 52.5 -0.197324
    endloop
  endfacet
  facet normal 0.822806 0 0.568323
    outer loop
      vertex 101.424 20.5 -0.197324
      vertex 101.406 52.7009 -0.171264
      vertex 101.406 20.2991 -0.171264
    endloop
  endfacet
  facet normal -0.573314 0 0.819336
    outer loop
      vertex 101.424 52.5 -0.197324
      vertex 101.706 20.5 -1.90735e-07
      vertex 101.706 52.5 -1.90735e-07
    endloop
  endfacet
  facet normal -0.573314 0 0.819336
    outer loop
      vertex 101.706 20.5 -1.90735e-07
      vertex 101.424 52.5 -0.197324
      vertex 101.424 20.5 -0.197324
    endloop
  endfacet
  facet normal -0.57363 0 0.819114
    outer loop
      vertex 101.706 52.5 0
      vertex 104 20.5 1.6065
      vertex 104 52.5 1.6065
    endloop
  endfacet
  facet normal -0.57363 0 0.819114
    outer loop
      vertex 104 20.5 1.6065
      vertex 101.706 52.5 0
      vertex 101.706 20.5 0
    endloop
  endfacet
  facet normal -0.574467 0 0.818528
    outer loop
      vertex 101.699 20.4289 -1.90735e-07
      vertex 101.699 20.4321 -1.90735e-07
      vertex 101.422 20.4321 -0.194407
    endloop
  endfacet
  facet normal -0.566421 0.156592 0.809102
    outer loop
      vertex 101.699 20.4321 0
      vertex 104 20.4027 1.61653
      vertex 104 20.4321 1.61084
    endloop
  endfacet
  facet normal -0.574853 0 0.818257
    outer loop
      vertex 104 20.4027 1.61653
      vertex 101.699 20.4321 0
      vertex 101.699 20.4289 0
    endloop
  endfacet
  facet normal 0.405543 0.707171 -0.579175
    outer loop
      vertex 104 20.017 2.93096
      vertex 101.6 20.0651 1.30919
      vertex 104 20.0651 2.98969
    endloop
  endfacet
  facet normal 0.405543 0.707171 -0.579175
    outer loop
      vertex 101.6 20.0651 1.30919
      vertex 104 20.017 2.93096
      vertex 101.6 20.017 1.25046
    endloop
  endfacet
  facet normal -0.565911 0.159163 0.808957
    outer loop
      vertex 101.422 20.4321 -0.194407
      vertex 101.681 20.3649 -1.90735e-07
      vertex 101.699 20.4289 -1.90735e-07
    endloop
  endfacet
  facet normal -0.566864 0.155577 0.808987
    outer loop
      vertex 101.681 20.3649 -1.90735e-07
      vertex 101.422 20.4321 -0.194407
      vertex 101.416 20.3649 -0.185688
    endloop
  endfacet
  facet normal -0.566581 0.156453 0.809017
    outer loop
      vertex 101.699 20.4289 0
      vertex 104 20.3649 1.62384
      vertex 104 20.4027 1.61653
    endloop
  endfacet
  facet normal -0.566269 0.159263 0.808687
    outer loop
      vertex 104 20.3649 1.62384
      vertex 101.699 20.4289 0
      vertex 101.681 20.3649 0
    endloop
  endfacet
  facet normal 0.554091 0.258443 -0.791322
    outer loop
      vertex 101.6 20.2991 1.47417
      vertex 104 20.3649 3.17616
      vertex 104 20.2991 3.15467
    endloop
  endfacet
  facet normal 0.554071 0.258555 -0.791299
    outer loop
      vertex 104 20.3649 3.17616
      vertex 101.6 20.2991 1.47417
      vertex 101.6 20.3649 1.49567
    endloop
  endfacet
  facet normal 0.206422 -0.932977 -0.294863
    outer loop
      vertex 101.6 53.0967 1.03309
      vertex 104 53.1182 2.64521
      vertex 104 53.1065 2.68223
    endloop
  endfacet
  facet normal 0.205533 -0.933593 -0.293531
    outer loop
      vertex 104 53.1182 2.64521
      vertex 101.6 53.0967 1.03309
      vertex 101.6 53.1182 0.964708
    endloop
  endfacet
  facet normal -0.447816 0.62762 0.636831
    outer loop
      vertex 101.353 20.1179 -0.0956345
      vertex 101.415 20.0651 -1.90735e-07
      vertex 101.489 20.1179 -1.90735e-07
    endloop
  endfacet
  facet normal -0.442712 0.632082 0.635986
    outer loop
      vertex 101.415 20.0651 -1.90735e-07
      vertex 101.353 20.1179 -0.0956345
      vertex 101.328 20.0651 -0.0605612
    endloop
  endfacet
  facet normal -0.445502 0.629858 0.636244
    outer loop
      vertex 101.6 20.1179 0.0775452
      vertex 104 20.0651 1.81031
      vertex 104 20.1179 1.75804
    endloop
  endfacet
  facet normal -0.445503 0.629856 0.636245
    outer loop
      vertex 104 20.0651 1.81031
      vertex 101.6 20.1179 0.0775452
      vertex 101.6 20.0651 0.129815
    endloop
  endfacet
  facet normal 0.511014 0.454143 -0.729807
    outer loop
      vertex 101.6 20.175 1.4067
      vertex 104 20.2356 3.1249
      vertex 104 20.175 3.08719
    endloop
  endfacet
  facet normal 0.511044 0.454046 -0.729846
    outer loop
      vertex 104 20.2356 3.1249
      vertex 101.6 20.175 1.4067
      vertex 101.6 20.2356 1.4444
    endloop
  endfacet
  facet normal -0.408881 -0.704642 0.57991
    outer loop
      vertex 101.328 52.9349 -0.0605612
      vertex 101.331 52.983 -1.90735e-07
      vertex 101.301 52.983 -0.0211525
    endloop
  endfacet
  facet normal -0.404441 -0.7063 0.581006
    outer loop
      vertex 101.331 52.983 -1.90735e-07
      vertex 101.328 52.9349 -0.0605612
      vertex 101.415 52.9349 -1.90735e-07
    endloop
  endfacet
  facet normal -0.405542 -0.707172 0.579175
    outer loop
      vertex 101.6 52.983 0.188545
      vertex 104 52.9349 1.81031
      vertex 104 52.983 1.86904
    endloop
  endfacet
  facet normal -0.405542 -0.707172 0.579175
    outer loop
      vertex 104 52.9349 1.81031
      vertex 101.6 52.983 0.188545
      vertex 101.6 52.9349 0.129815
    endloop
  endfacet
  facet normal -0.572505 -0.0530917 0.81818
    outer loop
      vertex 101.7 52.5647 -1.90735e-07
      vertex 101.424 52.5 -0.197324
      vertex 101.706 52.5 -1.90735e-07
    endloop
  endfacet
  facet normal -0.572706 -0.0520153 0.818109
    outer loop
      vertex 101.424 52.5 -0.197324
      vertex 101.7 52.5647 -1.90735e-07
      vertex 101.422 52.5679 -0.194407
    endloop
  endfacet
  facet normal -0.572851 -0.0521129 0.818001
    outer loop
      vertex 104 52.5383 1.60894
      vertex 101.706 52.5 0
      vertex 104 52.5 1.6065
    endloop
  endfacet
  facet normal -0.572809 -0.0531198 0.817966
    outer loop
      vertex 101.706 52.5 0
      vertex 104 52.5383 1.60894
      vertex 101.7 52.5647 0
    endloop
  endfacet
  facet normal -0.48018 0.546614 0.686032
    outer loop
      vertex 101.374 20.175 -0.125989
      vertex 101.489 20.1179 -1.90735e-07
      vertex 101.554 20.175 -1.90735e-07
    endloop
  endfacet
  facet normal -0.483077 0.542863 0.686976
    outer loop
      vertex 101.489 20.1179 -1.90735e-07
      vertex 101.374 20.175 -0.125989
      vertex 101.353 20.1179 -0.0956345
    endloop
  endfacet
  facet normal -0.481162 0.544319 0.687168
    outer loop
      vertex 101.6 20.175 0.0323081
      vertex 104 20.1179 1.75804
      vertex 104 20.175 1.71281
    endloop
  endfacet
  facet normal -0.481138 0.54438 0.687137
    outer loop
      vertex 104 20.1179 1.75804
      vertex 101.6 20.175 0.0323081
      vertex 101.6 20.1179 0.0775452
    endloop
  endfacet
  facet normal -0.362658 0.777124 0.514352
    outer loop
      vertex 101.331 20.017 -1.90735e-07
      vertex 101.301 20.017 -0.0211525
      vertex 101.286 19.996 -1.90735e-07
    endloop
  endfacet
  facet normal -0.360945 0.777193 0.515451
    outer loop
      vertex 104 20.017 1.86904
      vertex 101.6 19.9765 0.249501
      vertex 104 19.9939 1.90387
    endloop
  endfacet
  facet normal -0.361317 0.776646 0.516014
    outer loop
      vertex 101.6 19.9765 0.249501
      vertex 104 20.017 1.86904
      vertex 101.6 20.017 0.188545
    endloop
  endfacet
  facet normal -0.361908 0.775809 0.516858
    outer loop
      vertex 104 19.9939 1.90387
      vertex 101.6 19.9741 0.253092
      vertex 104 19.9741 1.93359
    endloop
  endfacet
  facet normal -0.362582 0.774833 0.51785
    outer loop
      vertex 101.6 19.9741 0.253092
      vertex 104 19.9939 1.90387
      vertex 101.6 19.9765 0.249501
    endloop
  endfacet
  facet normal -0.204998 0.933963 0.292728
    outer loop
      vertex 104 19.9062 2.07725
      vertex 101.6 19.8836 0.468628
      vertex 104 19.8935 2.11777
    endloop
  endfacet
  facet normal -0.205549 0.933582 0.293555
    outer loop
      vertex 101.6 19.8836 0.468628
      vertex 104 19.9062 2.07725
      vertex 101.6 19.9062 0.396754
    endloop
  endfacet
  facet normal -0.0893659 0.987788 0.127627
    outer loop
      vertex 104 19.8642 2.23502
      vertex 101.6 19.8536 0.636558
      vertex 104 19.8536 2.31706
    endloop
  endfacet
  facet normal -0.0893709 0.987786 0.127635
    outer loop
      vertex 101.6 19.8536 0.636558
      vertex 104 19.8642 2.23502
      vertex 101.6 19.8642 0.554523
    endloop
  endfacet
  facet normal 0.0303498 -0.998599 -0.0433441
    outer loop
      vertex 101.6 53.1464 0.802446
      vertex 104 53.15 2.4
      vertex 104 53.1464 2.48294
    endloop
  endfacet
  facet normal 0.030348 -0.998599 -0.0433415
    outer loop
      vertex 104 53.15 2.4
      vertex 101.6 53.1464 0.802446
      vertex 101.6 53.15 0.719501
    endloop
  endfacet
  facet normal 0.818973 0 0.573832
    outer loop
      vertex 101.286 52.9886 -1.90735e-07
      vertex 101.406 20.2991 -0.171264
      vertex 101.406 52.7009 -0.171264
    endloop
  endfacet
  facet normal 0.818973 0 0.573832
    outer loop
      vertex 101.406 20.2991 -0.171264
      vertex 101.286 52.9886 -1.90735e-07
      vertex 101.286 20.0114 -1.90735e-07
    endloop
  endfacet
  facet normal -0.553964 0.260986 0.790576
    outer loop
      vertex 101.416 20.3649 -0.185688
      vertex 101.65 20.2991 -1.90735e-07
      vertex 101.681 20.3649 -1.90735e-07
    endloop
  endfacet
  facet normal -0.555099 0.257724 0.79085
    outer loop
      vertex 101.65 20.2991 -1.90735e-07
      vertex 101.416 20.3649 -0.185688
      vertex 101.406 20.2991 -0.171264
    endloop
  endfacet
  facet normal -0.554104 0.25844 0.791314
    outer loop
      vertex 101.681 20.3649 0
      vertex 104 20.2991 1.64533
      vertex 104 20.3649 1.62384
    endloop
  endfacet
  facet normal -0.553683 0.260854 0.790817
    outer loop
      vertex 104 20.2991 1.64533
      vertex 101.681 20.3649 0
      vertex 101.65 20.2991 0
    endloop
  endfacet
  facet normal 0.820378 0.000671262 0.571821
    outer loop
      vertex 101.416 20.3649 -0.185688
      vertex 101.424 20.5 -0.197324
      vertex 101.406 20.2991 -0.171264
    endloop
  endfacet
  facet normal 0.824783 -0.00744333 0.5654
    outer loop
      vertex 101.286 20.0114 -1.90735e-07
      vertex 101.328 20.0651 -0.0605612
      vertex 101.406 20.2991 -0.171264
    endloop
  endfacet
  facet normal 0.821727 0 0.569881
    outer loop
      vertex 101.328 20.0651 -0.0605612
      vertex 101.286 20.0114 -1.90735e-07
      vertex 101.286 19.9985 -1.90735e-07
    endloop
  endfacet
  facet normal -0.537041 0.355208 0.765124
    outer loop
      vertex 101.406 20.2991 -0.171264
      vertex 101.608 20.2356 -1.90735e-07
      vertex 101.65 20.2991 -1.90735e-07
    endloop
  endfacet
  facet normal -0.535545 0.358568 0.764605
    outer loop
      vertex 101.608 20.2356 -1.90735e-07
      vertex 101.406 20.2991 -0.171264
      vertex 101.392 20.2356 -0.151291
    endloop
  endfacet
  facet normal -0.535413 0.358516 0.764722
    outer loop
      vertex 101.65 20.2991 0
      vertex 104 20.2356 1.6751
      vertex 104 20.2991 1.64533
    endloop
  endfacet
  facet normal -0.53632 0.354731 0.765851
    outer loop
      vertex 104 20.2356 1.6751
      vertex 101.65 20.2991 0
      vertex 101.608 20.2356 0
    endloop
  endfacet
  facet normal 0.814681 0.00278533 0.579903
    outer loop
      vertex 101.392 20.2356 -0.151291
      vertex 101.406 20.2991 -0.171264
      vertex 101.328 20.0651 -0.0605612
    endloop
  endfacet
  facet normal 0.82555 -0.00962607 0.564246
    outer loop
      vertex 101.374 20.175 -0.125989
      vertex 101.392 20.2356 -0.151291
      vertex 101.328 20.0651 -0.0605612
    endloop
  endfacet
  facet normal -0.312455 0.8386 0.446232
    outer loop
      vertex 104 19.9741 1.93359
      vertex 101.6 19.9393 0.318492
      vertex 104 19.9543 1.9708
    endloop
  endfacet
  facet normal -0.312453 0.838602 0.446229
    outer loop
      vertex 101.6 19.9393 0.318492
      vertex 104 19.9741 1.93359
      vertex 101.6 19.9741 0.253092
    endloop
  endfacet
  facet normal -0.259992 0.891367 0.371308
    outer loop
      vertex 104 19.9225 2.03812
      vertex 101.6 19.9062 0.396754
      vertex 104 19.9062 2.07725
    endloop
  endfacet
  facet normal -0.260541 0.89087 0.372115
    outer loop
      vertex 101.6 19.9062 0.396754
      vertex 104 19.9225 2.03812
      vertex 101.6 19.9352 0.327326
    endloop
  endfacet
  facet normal 0.53545 0.358506 -0.764701
    outer loop
      vertex 101.6 20.2356 1.4444
      vertex 104 20.2991 3.15467
      vertex 104 20.2356 3.1249
    endloop
  endfacet
  facet normal 0.53545 0.358506 -0.764701
    outer loop
      vertex 104 20.2991 3.15467
      vertex 101.6 20.2356 1.4444
      vertex 101.6 20.2991 1.47417
    endloop
  endfacet
  facet normal -0.362658 -0.777124 0.514352
    outer loop
      vertex 101.301 52.983 -0.0211525
      vertex 101.331 52.983 -1.90735e-07
      vertex 101.286 53.004 -1.90735e-07
    endloop
  endfacet
  facet normal -0.360945 -0.777193 0.515451
    outer loop
      vertex 101.6 53.0235 0.249501
      vertex 104 52.983 1.86904
      vertex 104 53.0061 1.90387
    endloop
  endfacet
  facet normal -0.361317 -0.776646 0.516014
    outer loop
      vertex 104 52.983 1.86904
      vertex 101.6 53.0235 0.249501
      vertex 101.6 52.983 0.188545
    endloop
  endfacet
  facet normal 0.259999 -0.891365 -0.371307
    outer loop
      vertex 101.6 53.0901 1.05109
      vertex 104 53.0938 2.72275
      vertex 104 53.0775 2.76188
    endloop
  endfacet
  facet normal 0.260979 -0.89049 -0.372716
    outer loop
      vertex 104 53.0938 2.72275
      vertex 101.6 53.0901 1.05109
      vertex 101.6 53.0938 1.04225
    endloop
  endfacet
  facet normal 0.481159 -0.54432 -0.687169
    outer loop
      vertex 101.6 52.825 1.4067
      vertex 104 52.8821 3.04196
      vertex 104 52.825 3.08719
    endloop
  endfacet
  facet normal 0.48113 -0.544404 -0.687123
    outer loop
      vertex 104 52.8821 3.04196
      vertex 101.6 52.825 1.4067
      vertex 101.6 52.8821 1.36146
    endloop
  endfacet
  facet normal 0.781339 0.0436085 0.622582
    outer loop
      vertex 101.353 20.1179 -0.0956345
      vertex 101.374 20.175 -0.125989
      vertex 101.328 20.0651 -0.0605612
    endloop
  endfacet
  facet normal 0.791188 0.0549238 0.609102
    outer loop
      vertex 101.286 19.9985 -1.90735e-07
      vertex 101.301 20.017 -0.0211525
      vertex 101.328 20.0651 -0.0605612
    endloop
  endfacet
  facet normal 0.815713 0 0.578457
    outer loop
      vertex 101.301 20.017 -0.0211525
      vertex 101.286 19.9985 -1.90735e-07
      vertex 101.286 19.996 -1.90735e-07
    endloop
  endfacet
  facet normal -0.311599 0.839567 0.445009
    outer loop
      vertex 104 19.9543 1.9708
      vertex 101.6 19.9371 0.32275
      vertex 104 19.9371 2.00325
    endloop
  endfacet
  facet normal -0.306135 0.845768 0.436987
    outer loop
      vertex 101.6 19.9371 0.32275
      vertex 104 19.9543 1.9708
      vertex 101.6 19.9393 0.318492
    endloop
  endfacet
  facet normal -0.261046 0.890427 0.37282
    outer loop
      vertex 104 19.9371 2.00325
      vertex 101.6 19.9352 0.327326
      vertex 104 19.9225 2.03812
    endloop
  endfacet
  facet normal -0.259322 0.89196 0.37035
    outer loop
      vertex 101.6 19.9352 0.327326
      vertex 104 19.9371 2.00325
      vertex 101.6 19.9371 0.32275
    endloop
  endfacet
  facet normal 0.481161 0.544319 -0.687168
    outer loop
      vertex 101.6 20.1179 1.36146
      vertex 104 20.175 3.08719
      vertex 104 20.1179 3.04196
    endloop
  endfacet
  facet normal 0.481127 0.544405 -0.687124
    outer loop
      vertex 104 20.175 3.08719
      vertex 101.6 20.1179 1.36146
      vertex 101.6 20.175 1.4067
    endloop
  endfacet
  facet normal 0.204972 0.933968 -0.292729
    outer loop
      vertex 104 19.8935 2.68223
      vertex 101.6 19.9062 1.04225
      vertex 104 19.9062 2.72275
    endloop
  endfacet
  facet normal 0.206728 0.932768 -0.295309
    outer loop
      vertex 101.6 19.9062 1.04225
      vertex 104 19.8935 2.68223
      vertex 101.6 19.9033 1.03309
    endloop
  endfacet
  facet normal 0.53545 -0.358506 -0.764701
    outer loop
      vertex 101.6 52.7009 1.47417
      vertex 104 52.7644 3.1249
      vertex 104 52.7009 3.15467
    endloop
  endfacet
  facet normal 0.53545 -0.358506 -0.764701
    outer loop
      vertex 104 52.7644 3.1249
      vertex 101.6 52.7009 1.47417
      vertex 101.6 52.7644 1.4444
    endloop
  endfacet
  facet normal -0.510816 0.455182 0.729299
    outer loop
      vertex 101.392 20.2356 -0.151291
      vertex 101.554 20.175 -1.90735e-07
      vertex 101.608 20.2356 -1.90735e-07
    endloop
  endfacet
  facet normal -0.510337 0.45601 0.729117
    outer loop
      vertex 101.554 20.175 -1.90735e-07
      vertex 101.392 20.2356 -0.151291
      vertex 101.374 20.175 -0.125989
    endloop
  endfacet
  facet normal -0.511062 0.454128 0.729783
    outer loop
      vertex 101.608 20.2356 0
      vertex 104 20.175 1.71281
      vertex 104 20.2356 1.6751
    endloop
  endfacet
  facet normal -0.498287 0.458195 0.736048
    outer loop
      vertex 101.6 20.175 0.0323081
      vertex 101.608 20.2356 0
      vertex 101.6 20.2269 0
    endloop
  endfacet
  facet normal -0.510458 0.456048 0.729008
    outer loop
      vertex 101.608 20.2356 0
      vertex 101.6 20.175 0.0323081
      vertex 104 20.175 1.71281
    endloop
  endfacet
  facet normal -0.404441 0.7063 0.581006
    outer loop
      vertex 101.328 20.0651 -0.0605612
      vertex 101.331 20.017 -1.90735e-07
      vertex 101.415 20.0651 -1.90735e-07
    endloop
  endfacet
  facet normal -0.408881 0.704642 0.57991
    outer loop
      vertex 101.331 20.017 -1.90735e-07
      vertex 101.328 20.0651 -0.0605612
      vertex 101.301 20.017 -0.0211525
    endloop
  endfacet
  facet normal -0.405542 0.707172 0.579175
    outer loop
      vertex 104 20.0651 1.81031
      vertex 101.6 20.017 0.188545
      vertex 104 20.017 1.86904
    endloop
  endfacet
  facet normal -0.405542 0.707172 0.579175
    outer loop
      vertex 101.6 20.017 0.188545
      vertex 104 20.0651 1.81031
      vertex 101.6 20.0651 0.129815
    endloop
  endfacet
  facet normal 0.566519 0.15637 -0.809077
    outer loop
      vertex 101.6 20.3753 1.49768
      vertex 104 20.3649 3.17616
      vertex 101.6 20.3649 1.49567
    endloop
  endfacet
  facet normal 0.566511 0.156462 -0.809064
    outer loop
      vertex 104 20.3649 3.17616
      vertex 101.6 20.3753 1.49768
      vertex 104 20.4027 3.18347
    endloop
  endfacet
  facet normal 0.572793 0.0522513 -0.818033
    outer loop
      vertex 101.6 20.5 1.513
      vertex 104 20.4703 3.1916
      vertex 101.6 20.4427 1.50934
    endloop
  endfacet
  facet normal 0.572791 0.0523318 -0.818029
    outer loop
      vertex 104 20.4703 3.1916
      vertex 101.6 20.5 1.513
      vertex 104 20.5 3.1935
    endloop
  endfacet
  facet normal 0.0303498 0.998599 -0.0433441
    outer loop
      vertex 104 19.85 2.4
      vertex 101.6 19.8536 0.802446
      vertex 104 19.8536 2.48294
    endloop
  endfacet
  facet normal 0.030348 0.998599 -0.0433415
    outer loop
      vertex 101.6 19.8536 0.802446
      vertex 104 19.85 2.4
      vertex 101.6 19.85 0.719501
    endloop
  endfacet
  facet normal -0.148551 0.96588 0.212153
    outer loop
      vertex 104 19.8733 2.19359
      vertex 101.6 19.8642 0.554523
      vertex 104 19.8642 2.23502
    endloop
  endfacet
  facet normal -0.148405 0.965949 0.211939
    outer loop
      vertex 101.6 19.8642 0.554523
      vertex 104 19.8733 2.19359
      vertex 101.6 19.8805 0.480233
    endloop
  endfacet
  facet normal -0.0303499 0.998599 0.0433441
    outer loop
      vertex 104 19.8536 2.31706
      vertex 101.6 19.85 0.719501
      vertex 104 19.85 2.4
    endloop
  endfacet
  facet normal -0.0303488 0.998599 0.0433425
    outer loop
      vertex 101.6 19.85 0.719501
      vertex 104 19.8536 2.31706
      vertex 101.6 19.8536 0.636558
    endloop
  endfacet
  facet normal -0.361908 -0.775809 0.516858
    outer loop
      vertex 101.6 53.0259 0.253092
      vertex 104 53.0061 1.90387
      vertex 104 53.0259 1.93359
    endloop
  endfacet
  facet normal -0.362582 -0.774833 0.51785
    outer loop
      vertex 104 53.0061 1.90387
      vertex 101.6 53.0259 0.253092
      vertex 101.6 53.0235 0.249501
    endloop
  endfacet
  facet normal -0.148187 -0.966049 0.211635
    outer loop
      vertex 101.6 53.1195 0.480233
      vertex 104 53.1182 2.15479
      vertex 104 53.1267 2.19359
    endloop
  endfacet
  facet normal -0.148097 -0.966091 0.211505
    outer loop
      vertex 104 53.1182 2.15479
      vertex 101.6 53.1195 0.480233
      vertex 101.6 53.1182 0.474295
    endloop
  endfacet
  facet normal 0.820378 -0.000671262 0.571821
    outer loop
      vertex 101.424 52.5 -0.197324
      vertex 101.416 52.6351 -0.185688
      vertex 101.406 52.7009 -0.171264
    endloop
  endfacet
  facet normal -0.574467 0 0.818528
    outer loop
      vertex 101.699 52.5679 -1.90735e-07
      vertex 101.699 52.5711 -1.90735e-07
      vertex 101.422 52.5679 -0.194407
    endloop
  endfacet
  facet normal -0.566421 -0.156592 0.809102
    outer loop
      vertex 104 52.5973 1.61653
      vertex 101.699 52.5679 0
      vertex 104 52.5679 1.61084
    endloop
  endfacet
  facet normal -0.574853 0 0.818257
    outer loop
      vertex 101.699 52.5679 0
      vertex 104 52.5973 1.61653
      vertex 101.699 52.5711 0
    endloop
  endfacet
  facet normal -0.0303499 -0.998599 0.0433441
    outer loop
      vertex 101.6 53.15 0.719501
      vertex 104 53.1464 2.31706
      vertex 104 53.15 2.4
    endloop
  endfacet
  facet normal -0.0303488 -0.998599 0.0433425
    outer loop
      vertex 104 53.1464 2.31706
      vertex 101.6 53.15 0.719501
      vertex 101.6 53.1464 0.636558
    endloop
  endfacet
  facet normal 0.361379 0.776559 -0.516102
    outer loop
      vertex 104 19.9741 2.86641
      vertex 101.6 20.017 1.25046
      vertex 104 20.017 2.93096
    endloop
  endfacet
  facet normal 0.361379 0.776559 -0.516102
    outer loop
      vertex 101.6 20.017 1.25046
      vertex 104 19.9741 2.86641
      vertex 101.6 19.9741 1.18591
    endloop
  endfacet
  facet normal 0.312455 0.8386 -0.446231
    outer loop
      vertex 104 19.9543 2.8292
      vertex 101.6 19.9741 1.18591
      vertex 104 19.9741 2.86641
    endloop
  endfacet
  facet normal 0.312469 0.838583 -0.446253
    outer loop
      vertex 101.6 19.9741 1.18591
      vertex 104 19.9543 2.8292
      vertex 101.6 19.9693 1.17689
    endloop
  endfacet
  facet normal 0.566517 0.156402 -0.809072
    outer loop
      vertex 101.6 20.4321 1.50866
      vertex 104 20.4027 3.18347
      vertex 101.6 20.3753 1.49768
    endloop
  endfacet
  facet normal 0.566502 0.156581 -0.809048
    outer loop
      vertex 104 20.4027 3.18347
      vertex 101.6 20.4321 1.50866
      vertex 104 20.4321 3.18916
    endloop
  endfacet
  facet normal 0.572787 0.052477 -0.818023
    outer loop
      vertex 101.6 20.4427 1.50934
      vertex 104 20.4321 3.18916
      vertex 101.6 20.4321 1.50866
    endloop
  endfacet
  facet normal 0.572793 0.0522513 -0.818033
    outer loop
      vertex 104 20.4321 3.18916
      vertex 101.6 20.4427 1.50934
      vertex 104 20.4703 3.1916
    endloop
  endfacet
  facet normal 0.148558 0.965879 -0.212153
    outer loop
      vertex 104 19.8642 2.56498
      vertex 101.6 19.8661 0.893057
      vertex 104 19.8733 2.60641
    endloop
  endfacet
  facet normal 0.149733 0.965325 -0.213841
    outer loop
      vertex 101.6 19.8661 0.893057
      vertex 104 19.8642 2.56498
      vertex 101.6 19.8642 0.88448
    endloop
  endfacet
  facet normal 0.206422 0.932977 -0.294863
    outer loop
      vertex 104 19.8818 2.64521
      vertex 101.6 19.9033 1.03309
      vertex 104 19.8935 2.68223
    endloop
  endfacet
  facet normal 0.205533 0.933593 -0.293531
    outer loop
      vertex 101.6 19.9033 1.03309
      vertex 104 19.8818 2.64521
      vertex 101.6 19.8818 0.964708
    endloop
  endfacet
  facet normal -0.148187 0.966049 0.211635
    outer loop
      vertex 104 19.8818 2.15479
      vertex 101.6 19.8805 0.480233
      vertex 104 19.8733 2.19359
    endloop
  endfacet
  facet normal -0.148097 0.966091 0.211505
    outer loop
      vertex 101.6 19.8805 0.480233
      vertex 104 19.8818 2.15479
      vertex 101.6 19.8818 0.474295
    endloop
  endfacet
  facet normal -0.206463 0.932969 0.29486
    outer loop
      vertex 104 19.8935 2.11777
      vertex 101.6 19.8818 0.474295
      vertex 104 19.8818 2.15479
    endloop
  endfacet
  facet normal -0.207341 0.932367 0.296146
    outer loop
      vertex 101.6 19.8818 0.474295
      vertex 104 19.8935 2.11777
      vertex 101.6 19.8836 0.468628
    endloop
  endfacet
  facet normal 0.0893658 -0.987788 -0.127627
    outer loop
      vertex 101.6 53.1358 0.88448
      vertex 104 53.1464 2.48294
      vertex 104 53.1358 2.56498
    endloop
  endfacet
  facet normal 0.0893718 -0.987786 -0.127637
    outer loop
      vertex 104 53.1464 2.48294
      vertex 101.6 53.1358 0.88448
      vertex 101.6 53.1464 0.802446
    endloop
  endfacet
  facet normal 0.405543 -0.707171 -0.579175
    outer loop
      vertex 101.6 52.9349 1.30919
      vertex 104 52.983 2.93096
      vertex 104 52.9349 2.98969
    endloop
  endfacet
  facet normal 0.405543 -0.707171 -0.579175
    outer loop
      vertex 104 52.983 2.93096
      vertex 101.6 52.9349 1.30919
      vertex 101.6 52.983 1.25046
    endloop
  endfacet
  facet normal 0.572793 -0.0522513 -0.818033
    outer loop
      vertex 101.6 52.5573 1.50934
      vertex 104 52.5679 3.18916
      vertex 104 52.5297 3.1916
    endloop
  endfacet
  facet normal 0.572787 -0.052477 -0.818023
    outer loop
      vertex 104 52.5679 3.18916
      vertex 101.6 52.5573 1.50934
      vertex 101.6 52.5679 1.50866
    endloop
  endfacet
  facet normal 0.566502 -0.156581 -0.809048
    outer loop
      vertex 101.6 52.5679 1.50866
      vertex 104 52.5973 3.18347
      vertex 104 52.5679 3.18916
    endloop
  endfacet
  facet normal 0.566517 -0.156402 -0.809072
    outer loop
      vertex 104 52.5973 3.18347
      vertex 101.6 52.5679 1.50866
      vertex 101.6 52.6247 1.49768
    endloop
  endfacet
  facet normal 0.554088 -0.258443 -0.791324
    outer loop
      vertex 101.6 52.6351 1.49567
      vertex 104 52.7009 3.15467
      vertex 104 52.6351 3.17616
    endloop
  endfacet
  facet normal 0.554073 -0.258555 -0.791298
    outer loop
      vertex 104 52.7009 3.15467
      vertex 101.6 52.6351 1.49567
      vertex 101.6 52.7009 1.47417
    endloop
  endfacet
  facet normal 0.821727 -0 0.569881
    outer loop
      vertex 101.286 52.9886 -1.90735e-07
      vertex 101.328 52.9349 -0.0605612
      vertex 101.286 53.0015 -1.90735e-07
    endloop
  endfacet
  facet normal 0.824783 0.00744333 0.5654
    outer loop
      vertex 101.328 52.9349 -0.0605612
      vertex 101.286 52.9886 -1.90735e-07
      vertex 101.406 52.7009 -0.171264
    endloop
  endfacet
  facet normal 0.815713 -0 0.578457
    outer loop
      vertex 101.286 53.0015 -1.90735e-07
      vertex 101.301 52.983 -0.0211525
      vertex 101.286 53.004 -1.90735e-07
    endloop
  endfacet
  facet normal 0.791188 -0.0549238 0.609102
    outer loop
      vertex 101.301 52.983 -0.0211525
      vertex 101.286 53.0015 -1.90735e-07
      vertex 101.328 52.9349 -0.0605612
    endloop
  endfacet
  facet normal 0.814681 -0.00278533 0.579903
    outer loop
      vertex 101.406 52.7009 -0.171264
      vertex 101.392 52.7644 -0.151291
      vertex 101.328 52.9349 -0.0605612
    endloop
  endfacet
  facet normal -0.447816 -0.62762 0.636831
    outer loop
      vertex 101.415 52.9349 -1.90735e-07
      vertex 101.353 52.8821 -0.0956345
      vertex 101.489 52.8821 -1.90735e-07
    endloop
  endfacet
  facet normal -0.442712 -0.632082 0.635986
    outer loop
      vertex 101.353 52.8821 -0.0956345
      vertex 101.415 52.9349 -1.90735e-07
      vertex 101.328 52.9349 -0.0605612
    endloop
  endfacet
  facet normal -0.445502 -0.629858 0.636244
    outer loop
      vertex 101.6 52.9349 0.129815
      vertex 104 52.8821 1.75804
      vertex 104 52.9349 1.81031
    endloop
  endfacet
  facet normal -0.445503 -0.629856 0.636245
    outer loop
      vertex 104 52.8821 1.75804
      vertex 101.6 52.9349 0.129815
      vertex 101.6 52.8821 0.0775452
    endloop
  endfacet
  facet normal -0.148551 -0.96588 0.212153
    outer loop
      vertex 101.6 53.1358 0.554523
      vertex 104 53.1267 2.19359
      vertex 104 53.1358 2.23502
    endloop
  endfacet
  facet normal -0.148405 -0.965949 0.211939
    outer loop
      vertex 104 53.1267 2.19359
      vertex 101.6 53.1358 0.554523
      vertex 101.6 53.1195 0.480233
    endloop
  endfacet
  facet normal 0.148558 -0.965879 -0.212153
    outer loop
      vertex 101.6 53.1339 0.893057
      vertex 104 53.1358 2.56498
      vertex 104 53.1267 2.60641
    endloop
  endfacet
  facet normal 0.149733 -0.965325 -0.213841
    outer loop
      vertex 104 53.1358 2.56498
      vertex 101.6 53.1339 0.893057
      vertex 101.6 53.1358 0.88448
    endloop
  endfacet
  facet normal 0.511016 -0.454142 -0.729806
    outer loop
      vertex 101.6 52.7644 1.4444
      vertex 104 52.825 3.08719
      vertex 104 52.7644 3.1249
    endloop
  endfacet
  facet normal 0.511042 -0.454047 -0.729847
    outer loop
      vertex 104 52.825 3.08719
      vertex 101.6 52.7644 1.4444
      vertex 101.6 52.825 1.4067
    endloop
  endfacet
  facet normal 0.261051 0.890426 -0.372819
    outer loop
      vertex 104 19.9225 2.76188
      vertex 101.6 19.9371 1.11625
      vertex 104 19.9371 2.79675
    endloop
  endfacet
  facet normal 0.260441 0.890978 -0.371925
    outer loop
      vertex 101.6 19.9371 1.11625
      vertex 104 19.9225 2.76188
      vertex 101.6 19.9099 1.05109
    endloop
  endfacet
  facet normal 0.259999 0.891365 -0.371307
    outer loop
      vertex 104 19.9062 2.72275
      vertex 101.6 19.9099 1.05109
      vertex 104 19.9225 2.76188
    endloop
  endfacet
  facet normal 0.260979 0.89049 -0.372716
    outer loop
      vertex 101.6 19.9099 1.05109
      vertex 104 19.9062 2.72275
      vertex 101.6 19.9062 1.04225
    endloop
  endfacet
  facet normal 0.445503 0.629857 -0.636244
    outer loop
      vertex 101.6 20.0651 1.30919
      vertex 104 20.1179 3.04196
      vertex 104 20.0651 2.98969
    endloop
  endfacet
  facet normal 0.445503 0.629857 -0.636244
    outer loop
      vertex 104 20.1179 3.04196
      vertex 101.6 20.0651 1.30919
      vertex 101.6 20.1179 1.36146
    endloop
  endfacet
  facet normal 0.0893658 0.987788 -0.127627
    outer loop
      vertex 104 19.8536 2.48294
      vertex 101.6 19.8642 0.88448
      vertex 104 19.8642 2.56498
    endloop
  endfacet
  facet normal 0.0893718 0.987786 -0.127637
    outer loop
      vertex 101.6 19.8642 0.88448
      vertex 104 19.8536 2.48294
      vertex 101.6 19.8536 0.802446
    endloop
  endfacet
  facet normal 0.148188 0.966049 -0.211634
    outer loop
      vertex 104 19.8733 2.60641
      vertex 101.6 19.8818 0.964708
      vertex 104 19.8818 2.64521
    endloop
  endfacet
  facet normal 0.148216 0.966036 -0.211676
    outer loop
      vertex 101.6 19.8818 0.964708
      vertex 104 19.8733 2.60641
      vertex 101.6 19.8661 0.893057
    endloop
  endfacet
  facet normal 0.148188 -0.966049 -0.211634
    outer loop
      vertex 101.6 53.1182 0.964708
      vertex 104 53.1267 2.60641
      vertex 104 53.1182 2.64521
    endloop
  endfacet
  facet normal 0.148216 -0.966036 -0.211676
    outer loop
      vertex 104 53.1267 2.60641
      vertex 101.6 53.1182 0.964708
      vertex 101.6 53.1339 0.893057
    endloop
  endfacet
  facet normal -0.204998 -0.933963 0.292728
    outer loop
      vertex 101.6 53.1164 0.468628
      vertex 104 53.0938 2.07725
      vertex 104 53.1065 2.11777
    endloop
  endfacet
  facet normal -0.205549 -0.933582 0.293555
    outer loop
      vertex 104 53.0938 2.07725
      vertex 101.6 53.1164 0.468628
      vertex 101.6 53.0938 0.396754
    endloop
  endfacet
  facet normal -0.259992 -0.891367 0.371308
    outer loop
      vertex 101.6 53.0938 0.396754
      vertex 104 53.0775 2.03812
      vertex 104 53.0938 2.07725
    endloop
  endfacet
  facet normal -0.260541 -0.89087 0.372115
    outer loop
      vertex 104 53.0775 2.03812
      vertex 101.6 53.0938 0.396754
      vertex 101.6 53.0648 0.327326
    endloop
  endfacet
  facet normal -0.206463 -0.932969 0.29486
    outer loop
      vertex 101.6 53.1182 0.474295
      vertex 104 53.1065 2.11777
      vertex 104 53.1182 2.15479
    endloop
  endfacet
  facet normal -0.207341 -0.932367 0.296146
    outer loop
      vertex 104 53.1065 2.11777
      vertex 101.6 53.1182 0.474295
      vertex 101.6 53.1164 0.468628
    endloop
  endfacet
  facet normal 0.566511 -0.156462 -0.809064
    outer loop
      vertex 101.6 52.6247 1.49768
      vertex 104 52.6351 3.17616
      vertex 104 52.5973 3.18347
    endloop
  endfacet
  facet normal 0.566519 -0.15637 -0.809077
    outer loop
      vertex 104 52.6351 3.17616
      vertex 101.6 52.6247 1.49768
      vertex 101.6 52.6351 1.49567
    endloop
  endfacet
  facet normal 0.572791 -0.0523318 -0.818029
    outer loop
      vertex 101.6 52.5 1.513
      vertex 104 52.5297 3.1916
      vertex 104 52.5 3.1935
    endloop
  endfacet
  facet normal 0.572793 -0.0522513 -0.818033
    outer loop
      vertex 104 52.5297 3.1916
      vertex 101.6 52.5 1.513
      vertex 101.6 52.5573 1.50934
    endloop
  endfacet
  facet normal -0.48018 -0.546614 0.686032
    outer loop
      vertex 101.489 52.8821 -1.90735e-07
      vertex 101.374 52.825 -0.125989
      vertex 101.554 52.825 -1.90735e-07
    endloop
  endfacet
  facet normal -0.483077 -0.542863 0.686976
    outer loop
      vertex 101.374 52.825 -0.125989
      vertex 101.489 52.8821 -1.90735e-07
      vertex 101.353 52.8821 -0.0956345
    endloop
  endfacet
  facet normal -0.48116 -0.54432 0.687169
    outer loop
      vertex 101.6 52.8821 0.0775452
      vertex 104 52.825 1.71281
      vertex 104 52.8821 1.75804
    endloop
  endfacet
  facet normal -0.481139 -0.544379 0.687136
    outer loop
      vertex 104 52.825 1.71281
      vertex 101.6 52.8821 0.0775452
      vertex 101.6 52.825 0.0323081
    endloop
  endfacet
  facet normal 0.781339 -0.0436085 0.622582
    outer loop
      vertex 101.374 52.825 -0.125989
      vertex 101.353 52.8821 -0.0956345
      vertex 101.328 52.9349 -0.0605612
    endloop
  endfacet
  facet normal -0.565911 -0.159163 0.808957
    outer loop
      vertex 101.681 52.6351 -1.90735e-07
      vertex 101.422 52.5679 -0.194407
      vertex 101.699 52.5711 -1.90735e-07
    endloop
  endfacet
  facet normal -0.566864 -0.155577 0.808987
    outer loop
      vertex 101.422 52.5679 -0.194407
      vertex 101.681 52.6351 -1.90735e-07
      vertex 101.416 52.6351 -0.185688
    endloop
  endfacet
  facet normal -0.566581 -0.156453 0.809017
    outer loop
      vertex 104 52.6351 1.62384
      vertex 101.699 52.5711 0
      vertex 104 52.5973 1.61653
    endloop
  endfacet
  facet normal -0.566269 -0.159263 0.808687
    outer loop
      vertex 101.699 52.5711 0
      vertex 104 52.6351 1.62384
      vertex 101.681 52.6351 0
    endloop
  endfacet
  facet normal -0.565428 -0.176696 0.805649
    outer loop
      vertex 101.7 52.5647 -1.90735e-07
      vertex 101.699 52.5679 -1.90735e-07
      vertex 101.422 52.5679 -0.194407
    endloop
  endfacet
  facet normal -0.572823 -0.0525065 0.817996
    outer loop
      vertex 104 52.5679 1.61084
      vertex 101.7 52.5647 0
      vertex 104 52.5383 1.60894
    endloop
  endfacet
  facet normal -0.564502 -0.176407 0.806361
    outer loop
      vertex 101.7 52.5647 0
      vertex 104 52.5679 1.61084
      vertex 101.699 52.5679 0
    endloop
  endfacet
  facet normal -0.0893659 -0.987788 0.127627
    outer loop
      vertex 101.6 53.1464 0.636558
      vertex 104 53.1358 2.23502
      vertex 104 53.1464 2.31706
    endloop
  endfacet
  facet normal -0.0893709 -0.987786 0.127635
    outer loop
      vertex 104 53.1358 2.23502
      vertex 101.6 53.1464 0.636558
      vertex 101.6 53.1358 0.554523
    endloop
  endfacet
  facet normal 0.312455 -0.8386 -0.446231
    outer loop
      vertex 101.6 53.0259 1.18591
      vertex 104 53.0457 2.8292
      vertex 104 53.0259 2.86641
    endloop
  endfacet
  facet normal 0.312469 -0.838583 -0.446253
    outer loop
      vertex 104 53.0457 2.8292
      vertex 101.6 53.0259 1.18591
      vertex 101.6 53.0307 1.17689
    endloop
  endfacet
  facet normal 0.361379 -0.776559 -0.516102
    outer loop
      vertex 101.6 52.983 1.25046
      vertex 104 53.0259 2.86641
      vertex 104 52.983 2.93096
    endloop
  endfacet
  facet normal 0.361379 -0.776559 -0.516102
    outer loop
      vertex 104 53.0259 2.86641
      vertex 101.6 52.983 1.25046
      vertex 101.6 53.0259 1.18591
    endloop
  endfacet
  facet normal 0.311618 -0.839562 -0.445006
    outer loop
      vertex 101.6 53.0307 1.17689
      vertex 104 53.0629 2.79675
      vertex 104 53.0457 2.8292
    endloop
  endfacet
  facet normal 0.311995 -0.83912 -0.445575
    outer loop
      vertex 104 53.0629 2.79675
      vertex 101.6 53.0307 1.17689
      vertex 101.6 53.0629 1.11625
    endloop
  endfacet
  facet normal 0.261051 -0.890426 -0.372819
    outer loop
      vertex 101.6 53.0629 1.11625
      vertex 104 53.0775 2.76188
      vertex 104 53.0629 2.79675
    endloop
  endfacet
  facet normal 0.260441 -0.890978 -0.371925
    outer loop
      vertex 104 53.0775 2.76188
      vertex 101.6 53.0629 1.11625
      vertex 101.6 53.0901 1.05109
    endloop
  endfacet
  facet normal 0.311618 0.839562 -0.445006
    outer loop
      vertex 104 19.9371 2.79675
      vertex 101.6 19.9693 1.17689
      vertex 104 19.9543 2.8292
    endloop
  endfacet
  facet normal 0.311995 0.83912 -0.445575
    outer loop
      vertex 101.6 19.9693 1.17689
      vertex 104 19.9371 2.79675
      vertex 101.6 19.9371 1.11625
    endloop
  endfacet
  facet normal -0.312423 -0.838609 0.446236
    outer loop
      vertex 101.6 53.0606 0.318492
      vertex 104 53.0259 1.93359
      vertex 104 53.0457 1.9708
    endloop
  endfacet
  facet normal -0.31182 -0.839317 0.445326
    outer loop
      vertex 104 53.0259 1.93359
      vertex 101.6 53.0606 0.318492
      vertex 101.6 53.0259 0.253092
    endloop
  endfacet
  facet normal 0.82555 0.00962607 0.564246
    outer loop
      vertex 101.392 52.7644 -0.151291
      vertex 101.374 52.825 -0.125989
      vertex 101.328 52.9349 -0.0605612
    endloop
  endfacet
  facet normal 0.823312 -0.000133061 0.567589
    outer loop
      vertex 101.424 52.5 -0.197324
      vertex 101.422 52.5679 -0.194407
      vertex 101.416 52.6351 -0.185688
    endloop
  endfacet
  facet normal -0.537041 -0.355208 0.765124
    outer loop
      vertex 101.608 52.7644 -1.90735e-07
      vertex 101.406 52.7009 -0.171264
      vertex 101.65 52.7009 -1.90735e-07
    endloop
  endfacet
  facet normal -0.535545 -0.358568 0.764605
    outer loop
      vertex 101.406 52.7009 -0.171264
      vertex 101.608 52.7644 -1.90735e-07
      vertex 101.392 52.7644 -0.151291
    endloop
  endfacet
  facet normal -0.535413 -0.358516 0.764722
    outer loop
      vertex 104 52.7644 1.6751
      vertex 101.65 52.7009 0
      vertex 104 52.7009 1.64533
    endloop
  endfacet
  facet normal -0.53632 -0.354731 0.765851
    outer loop
      vertex 101.65 52.7009 0
      vertex 104 52.7644 1.6751
      vertex 101.608 52.7644 0
    endloop
  endfacet
  facet normal -0.510816 -0.455182 0.729299
    outer loop
      vertex 101.554 52.825 -1.90735e-07
      vertex 101.392 52.7644 -0.151291
      vertex 101.608 52.7644 -1.90735e-07
    endloop
  endfacet
  facet normal -0.510337 -0.45601 0.729117
    outer loop
      vertex 101.392 52.7644 -0.151291
      vertex 101.554 52.825 -1.90735e-07
      vertex 101.374 52.825 -0.125989
    endloop
  endfacet
  facet normal -0.511062 -0.454128 0.729783
    outer loop
      vertex 104 52.825 1.71281
      vertex 101.608 52.7644 0
      vertex 104 52.7644 1.6751
    endloop
  endfacet
  facet normal -0.510458 -0.456048 0.729008
    outer loop
      vertex 101.6 52.825 0.0323081
      vertex 101.608 52.7644 0
      vertex 104 52.825 1.71281
    endloop
  endfacet
  facet normal -0.498287 -0.458195 0.736048
    outer loop
      vertex 101.608 52.7644 0
      vertex 101.6 52.825 0.0323081
      vertex 101.6 52.7731 0
    endloop
  endfacet
  facet normal 0.204972 -0.933968 -0.292729
    outer loop
      vertex 101.6 53.0938 1.04225
      vertex 104 53.1065 2.68223
      vertex 104 53.0938 2.72275
    endloop
  endfacet
  facet normal 0.206728 -0.932768 -0.295309
    outer loop
      vertex 104 53.1065 2.68223
      vertex 101.6 53.0938 1.04225
      vertex 101.6 53.0967 1.03309
    endloop
  endfacet
  facet normal 0.445503 -0.629857 -0.636244
    outer loop
      vertex 101.6 52.8821 1.36146
      vertex 104 52.9349 2.98969
      vertex 104 52.8821 3.04196
    endloop
  endfacet
  facet normal 0.445503 -0.629857 -0.636244
    outer loop
      vertex 104 52.9349 2.98969
      vertex 101.6 52.8821 1.36146
      vertex 101.6 52.9349 1.30919
    endloop
  endfacet
  facet normal -0.311599 -0.839567 0.445009
    outer loop
      vertex 101.6 53.0629 0.32275
      vertex 104 53.0457 1.9708
      vertex 104 53.0629 2.00325
    endloop
  endfacet
  facet normal -0.315652 -0.834865 0.45096
    outer loop
      vertex 104 53.0457 1.9708
      vertex 101.6 53.0629 0.32275
      vertex 101.6 53.0606 0.318492
    endloop
  endfacet
  facet normal -0.261046 -0.890427 0.37282
    outer loop
      vertex 101.6 53.0648 0.327326
      vertex 104 53.0629 2.00325
      vertex 104 53.0775 2.03812
    endloop
  endfacet
  facet normal -0.259322 -0.89196 0.37035
    outer loop
      vertex 104 53.0629 2.00325
      vertex 101.6 53.0648 0.327326
      vertex 101.6 53.0629 0.32275
    endloop
  endfacet
  facet normal -0.554091 0.258443 -0.791322
    outer loop
      vertex 0 20.2991 6.35467
      vertex 2.4 20.3649 4.69566
      vertex 2.4 20.2991 4.67417
    endloop
  endfacet
  facet normal -0.554091 0.258443 -0.791322
    outer loop
      vertex 2.4 20.3649 4.69566
      vertex 0 20.2991 6.35467
      vertex 0 20.3649 6.37616
    endloop
  endfacet
  facet normal 0.572793 0.0522597 0.818032
    outer loop
      vertex 0 20.4703 4.8084
      vertex 2.4 20.4321 3.13034
      vertex 2.4 20.498 3.12613
    endloop
  endfacet
  facet normal 0.572793 0.0522513 0.818033
    outer loop
      vertex 2.4 20.4321 3.13034
      vertex 0 20.4703 4.8084
      vertex 0 20.4321 4.81084
    endloop
  endfacet
  facet normal 0.572766 0.0531695 0.817993
    outer loop
      vertex 0 20.5 4.8065
      vertex 2.4 20.498 3.12613
      vertex 2.4 20.5 3.126
    endloop
  endfacet
  facet normal 0.57279 0.0523319 0.81803
    outer loop
      vertex 2.4 20.498 3.12613
      vertex 0 20.5 4.8065
      vertex 0 20.4703 4.8084
    endloop
  endfacet
  facet normal 0.56672 0.154164 0.809359
    outer loop
      vertex 0 20.4321 4.81084
      vertex 2.4 20.43 3.13074
      vertex 2.4 20.4321 3.13034
    endloop
  endfacet
  facet normal 0.566503 0.156581 0.809047
    outer loop
      vertex 2.4 20.43 3.13074
      vertex 0 20.4321 4.81084
      vertex 0 20.4027 4.81653
    endloop
  endfacet
  facet normal -0.445503 0.629857 -0.636244
    outer loop
      vertex 0 20.0651 6.18969
      vertex 2.4 20.1179 4.56146
      vertex 2.4 20.0651 4.50919
    endloop
  endfacet
  facet normal -0.445503 0.629857 -0.636244
    outer loop
      vertex 2.4 20.1179 4.56146
      vertex 0 20.0651 6.18969
      vertex 0 20.1179 6.24196
    endloop
  endfacet
  facet normal -0.148557 0.965879 -0.212153
    outer loop
      vertex 2.4 19.8661 4.09306
      vertex 0 19.8642 5.76498
      vertex 0 19.8733 5.80641
    endloop
  endfacet
  facet normal -0.149685 0.965348 -0.213772
    outer loop
      vertex 0 19.8642 5.76498
      vertex 2.4 19.8661 4.09306
      vertex 2.4 19.8642 4.08448
    endloop
  endfacet
  facet normal -0.573575 0 -0.819153
    outer loop
      vertex 0 20.5 6.3935
      vertex 2.4 52.5 4.71301
      vertex 2.4 20.5 4.71301
    endloop
  endfacet
  facet normal -0.573575 0 -0.819153
    outer loop
      vertex 2.4 52.5 4.71301
      vertex 0 20.5 6.3935
      vertex 0 52.5 6.3935
    endloop
  endfacet
  facet normal -0.572796 0.0521153 -0.818039
    outer loop
      vertex 0 20.5 6.3935
      vertex 2.4 20.4894 4.71233
      vertex 0 20.4617 6.39106
    endloop
  endfacet
  facet normal -0.572784 0.0524771 -0.818025
    outer loop
      vertex 2.4 20.4894 4.71233
      vertex 0 20.5 6.3935
      vertex 2.4 20.5 4.71301
    endloop
  endfacet
  facet normal -0.261051 0.890426 -0.372819
    outer loop
      vertex 2.4 19.9371 4.31625
      vertex 0 19.9225 5.96188
      vertex 0 19.9371 5.99675
    endloop
  endfacet
  facet normal -0.260441 0.890978 -0.371925
    outer loop
      vertex 0 19.9225 5.96188
      vertex 2.4 19.9371 4.31625
      vertex 2.4 19.9099 4.25109
    endloop
  endfacet
  facet normal -0.554091 -0.258443 -0.791322
    outer loop
      vertex 0 52.6351 6.37616
      vertex 2.4 52.7009 4.67417
      vertex 2.4 52.6351 4.69566
    endloop
  endfacet
  facet normal -0.554091 -0.258443 -0.791322
    outer loop
      vertex 2.4 52.7009 4.67417
      vertex 0 52.6351 6.37616
      vertex 0 52.7009 6.35467
    endloop
  endfacet
  facet normal 0.573577 0 0.819152
    outer loop
      vertex 0 52.5 4.8065
      vertex 2.4 20.5 3.126
      vertex 2.4 52.5 3.126
    endloop
  endfacet
  facet normal 0.573577 0 0.819152
    outer loop
      vertex 2.4 20.5 3.126
      vertex 0 52.5 4.8065
      vertex 0 20.5 4.8065
    endloop
  endfacet
  facet normal 0.445503 0.629857 0.636244
    outer loop
      vertex 0 20.1179 4.95804
      vertex 2.4 20.0651 3.32981
      vertex 2.4 20.1179 3.27754
    endloop
  endfacet
  facet normal 0.445503 0.629857 0.636244
    outer loop
      vertex 2.4 20.0651 3.32981
      vertex 0 20.1179 4.95804
      vertex 0 20.0651 5.01031
    endloop
  endfacet
  facet normal 0.204998 0.933963 0.292728
    outer loop
      vertex 2.4 19.8836 3.66863
      vertex 0 19.9062 5.27725
      vertex 0 19.8935 5.31777
    endloop
  endfacet
  facet normal 0.205534 0.933592 0.293533
    outer loop
      vertex 0 19.9062 5.27725
      vertex 2.4 19.8836 3.66863
      vertex 2.4 19.9062 3.59675
    endloop
  endfacet
  facet normal 0.259993 0.891367 0.371308
    outer loop
      vertex 2.4 19.9062 3.59675
      vertex 0 19.9225 5.23812
      vertex 0 19.9062 5.27725
    endloop
  endfacet
  facet normal 0.260536 0.890875 0.372107
    outer loop
      vertex 0 19.9225 5.23812
      vertex 2.4 19.9062 3.59675
      vertex 2.4 19.9352 3.52732
    endloop
  endfacet
  facet normal 0.57279 -0.0523319 0.81803
    outer loop
      vertex 0 52.5 4.8065
      vertex 2.4 52.502 3.12613
      vertex 0 52.5297 4.8084
    endloop
  endfacet
  facet normal 0.572766 -0.0531695 0.817993
    outer loop
      vertex 2.4 52.502 3.12613
      vertex 0 52.5 4.8065
      vertex 2.4 52.5 3.126
    endloop
  endfacet
  facet normal 0.566502 0.156589 0.809046
    outer loop
      vertex 0 20.4027 4.81653
      vertex 2.4 20.3649 3.14334
      vertex 2.4 20.43 3.13074
    endloop
  endfacet
  facet normal 0.566513 0.156462 0.809063
    outer loop
      vertex 2.4 20.3649 3.14334
      vertex 0 20.4027 4.81653
      vertex 0 20.3649 4.82384
    endloop
  endfacet
  facet normal -0.48113 0.544404 -0.687123
    outer loop
      vertex 0 20.1179 6.24196
      vertex 2.4 20.175 4.6067
      vertex 2.4 20.1179 4.56146
    endloop
  endfacet
  facet normal -0.481159 0.54432 -0.687169
    outer loop
      vertex 2.4 20.175 4.6067
      vertex 0 20.1179 6.24196
      vertex 0 20.175 6.28719
    endloop
  endfacet
  facet normal 0.361379 0.776559 0.516102
    outer loop
      vertex 2.4 19.9741 3.45309
      vertex 0 20.017 5.06904
      vertex 0 19.9741 5.13359
    endloop
  endfacet
  facet normal 0.361379 0.776559 0.516102
    outer loop
      vertex 0 20.017 5.06904
      vertex 2.4 19.9741 3.45309
      vertex 2.4 20.017 3.38854
    endloop
  endfacet
  facet normal 0.206464 0.932968 0.29486
    outer loop
      vertex 2.4 19.8818 3.67429
      vertex 0 19.8935 5.31777
      vertex 0 19.8818 5.35479
    endloop
  endfacet
  facet normal 0.207559 0.932217 0.296465
    outer loop
      vertex 0 19.8935 5.31777
      vertex 2.4 19.8818 3.67429
      vertex 2.4 19.8836 3.66863
    endloop
  endfacet
  facet normal -0.566511 -0.156462 -0.809064
    outer loop
      vertex 0 52.6351 6.37616
      vertex 2.4 52.6247 4.69768
      vertex 0 52.5973 6.38347
    endloop
  endfacet
  facet normal -0.566452 -0.157128 -0.808976
    outer loop
      vertex 2.4 52.6247 4.69768
      vertex 0 52.6351 6.37616
      vertex 2.4 52.6351 4.69566
    endloop
  endfacet
  facet normal -0.572784 -0.0524771 -0.818025
    outer loop
      vertex 0 52.5 6.3935
      vertex 2.4 52.5106 4.71233
      vertex 2.4 52.5 4.71301
    endloop
  endfacet
  facet normal -0.572796 -0.0521153 -0.818039
    outer loop
      vertex 2.4 52.5106 4.71233
      vertex 0 52.5 6.3935
      vertex 0 52.5383 6.39106
    endloop
  endfacet
  facet normal 0.511016 0.454142 0.729806
    outer loop
      vertex 0 20.2356 4.8751
      vertex 2.4 20.175 3.23231
      vertex 2.4 20.2356 3.1946
    endloop
  endfacet
  facet normal 0.511042 0.454047 0.729847
    outer loop
      vertex 2.4 20.175 3.23231
      vertex 0 20.2356 4.8751
      vertex 0 20.175 4.9128
    endloop
  endfacet
  facet normal 0.148551 0.96588 0.212153
    outer loop
      vertex 2.4 19.8642 3.75452
      vertex 0 19.8733 5.39359
      vertex 0 19.8642 5.43502
    endloop
  endfacet
  facet normal 0.148406 0.965949 0.211939
    outer loop
      vertex 0 19.8733 5.39359
      vertex 2.4 19.8642 3.75452
      vertex 2.4 19.8805 3.68023
    endloop
  endfacet
  facet normal 0.0893658 0.987788 0.127627
    outer loop
      vertex 2.4 19.8536 3.83656
      vertex 0 19.8642 5.43502
      vertex 0 19.8536 5.51706
    endloop
  endfacet
  facet normal 0.0893658 0.987788 0.127627
    outer loop
      vertex 0 19.8642 5.43502
      vertex 2.4 19.8536 3.83656
      vertex 2.4 19.8642 3.75452
    endloop
  endfacet
  facet normal 0.0303499 0.998599 0.0433441
    outer loop
      vertex 2.4 19.85 3.9195
      vertex 0 19.8536 5.51706
      vertex 0 19.85 5.6
    endloop
  endfacet
  facet normal 0.0303499 0.998599 0.0433441
    outer loop
      vertex 0 19.8536 5.51706
      vertex 2.4 19.85 3.9195
      vertex 2.4 19.8536 3.83656
    endloop
  endfacet
  facet normal 0.312455 0.8386 0.446231
    outer loop
      vertex 2.4 19.9393 3.51849
      vertex 0 19.9741 5.13359
      vertex 0 19.9543 5.1708
    endloop
  endfacet
  facet normal 0.312453 0.838602 0.446229
    outer loop
      vertex 0 19.9741 5.13359
      vertex 2.4 19.9393 3.51849
      vertex 2.4 19.9741 3.45309
    endloop
  endfacet
  facet normal 0.405543 0.707171 0.579175
    outer loop
      vertex 2.4 20.017 3.38854
      vertex 0 20.0651 5.01031
      vertex 0 20.017 5.06904
    endloop
  endfacet
  facet normal 0.405543 0.707171 0.579175
    outer loop
      vertex 0 20.0651 5.01031
      vertex 2.4 20.017 3.38854
      vertex 2.4 20.0651 3.32981
    endloop
  endfacet
  facet normal -0.148188 0.966049 -0.211634
    outer loop
      vertex 2.4 19.8818 4.16471
      vertex 0 19.8733 5.80641
      vertex 0 19.8818 5.84521
    endloop
  endfacet
  facet normal -0.148218 0.966035 -0.211678
    outer loop
      vertex 0 19.8733 5.80641
      vertex 2.4 19.8818 4.16471
      vertex 2.4 19.8661 4.09306
    endloop
  endfacet
  facet normal -0.311618 0.839562 -0.445006
    outer loop
      vertex 2.4 19.9693 4.37689
      vertex 0 19.9371 5.99675
      vertex 0 19.9543 6.0292
    endloop
  endfacet
  facet normal -0.311995 0.83912 -0.445575
    outer loop
      vertex 0 19.9371 5.99675
      vertex 2.4 19.9693 4.37689
      vertex 2.4 19.9371 4.31625
    endloop
  endfacet
  facet normal -0.361379 0.776559 -0.516102
    outer loop
      vertex 2.4 20.017 4.45046
      vertex 0 19.9741 6.06641
      vertex 0 20.017 6.13096
    endloop
  endfacet
  facet normal -0.361379 0.776559 -0.516102
    outer loop
      vertex 0 19.9741 6.06641
      vertex 2.4 20.017 4.45046
      vertex 2.4 19.9741 4.38591
    endloop
  endfacet
  facet normal -0.0303499 0.998599 -0.0433441
    outer loop
      vertex 2.4 19.8536 4.00244
      vertex 0 19.85 5.6
      vertex 0 19.8536 5.68294
    endloop
  endfacet
  facet normal -0.0303499 0.998599 -0.0433441
    outer loop
      vertex 0 19.85 5.6
      vertex 2.4 19.8536 4.00244
      vertex 2.4 19.85 3.9195
    endloop
  endfacet
  facet normal 0.572793 -0.0522513 0.818033
    outer loop
      vertex 0 52.5297 4.8084
      vertex 2.4 52.5679 3.13034
      vertex 0 52.5679 4.81084
    endloop
  endfacet
  facet normal 0.572793 -0.0522597 0.818032
    outer loop
      vertex 2.4 52.5679 3.13034
      vertex 0 52.5297 4.8084
      vertex 2.4 52.502 3.12613
    endloop
  endfacet
  facet normal 0.554091 0.258443 0.791322
    outer loop
      vertex 0 20.3649 4.82384
      vertex 2.4 20.2991 3.16483
      vertex 2.4 20.3649 3.14334
    endloop
  endfacet
  facet normal 0.554091 0.258443 0.791322
    outer loop
      vertex 2.4 20.2991 3.16483
      vertex 0 20.3649 4.82384
      vertex 0 20.2991 4.84533
    endloop
  endfacet
  facet normal 0.481159 0.54432 0.687169
    outer loop
      vertex 0 20.175 4.9128
      vertex 2.4 20.1179 3.27754
      vertex 2.4 20.175 3.23231
    endloop
  endfacet
  facet normal 0.48113 0.544404 0.687123
    outer loop
      vertex 2.4 20.1179 3.27754
      vertex 0 20.175 4.9128
      vertex 0 20.1179 4.95804
    endloop
  endfacet
  facet normal 0.148188 0.966049 0.211635
    outer loop
      vertex 2.4 19.8805 3.68023
      vertex 0 19.8818 5.35479
      vertex 0 19.8733 5.39359
    endloop
  endfacet
  facet normal 0.148051 0.966113 0.211439
    outer loop
      vertex 0 19.8818 5.35479
      vertex 2.4 19.8805 3.68023
      vertex 2.4 19.8818 3.67429
    endloop
  endfacet
  facet normal 0.311599 0.839567 0.445009
    outer loop
      vertex 2.4 19.9371 3.52275
      vertex 0 19.9543 5.1708
      vertex 0 19.9371 5.20325
    endloop
  endfacet
  facet normal 0.306035 0.845881 0.43684
    outer loop
      vertex 0 19.9543 5.1708
      vertex 2.4 19.9371 3.52275
      vertex 2.4 19.9393 3.51849
    endloop
  endfacet
  facet normal 0.261047 0.890427 0.37282
    outer loop
      vertex 2.4 19.9352 3.52732
      vertex 0 19.9371 5.20325
      vertex 0 19.9225 5.23812
    endloop
  endfacet
  facet normal 0.259593 0.89172 0.370737
    outer loop
      vertex 0 19.9371 5.20325
      vertex 2.4 19.9352 3.52732
      vertex 2.4 19.9371 3.52275
    endloop
  endfacet
  facet normal -0.0893658 0.987788 -0.127627
    outer loop
      vertex 2.4 19.8642 4.08448
      vertex 0 19.8536 5.68294
      vertex 0 19.8642 5.76498
    endloop
  endfacet
  facet normal -0.0893658 0.987788 -0.127627
    outer loop
      vertex 0 19.8536 5.68294
      vertex 2.4 19.8642 4.08448
      vertex 2.4 19.8536 4.00244
    endloop
  endfacet
  facet normal -0.566502 -0.156581 -0.809048
    outer loop
      vertex 0 52.5973 6.38347
      vertex 2.4 52.5679 4.70866
      vertex 0 52.5679 6.38916
    endloop
  endfacet
  facet normal -0.566517 -0.156402 -0.809072
    outer loop
      vertex 2.4 52.5679 4.70866
      vertex 0 52.5973 6.38347
      vertex 2.4 52.6247 4.69768
    endloop
  endfacet
  facet normal -0.57279 -0.0523936 -0.818026
    outer loop
      vertex 0 52.5383 6.39106
      vertex 2.4 52.5679 4.70866
      vertex 2.4 52.5106 4.71233
    endloop
  endfacet
  facet normal -0.572786 -0.0525082 -0.818022
    outer loop
      vertex 2.4 52.5679 4.70866
      vertex 0 52.5383 6.39106
      vertex 0 52.5679 6.38916
    endloop
  endfacet
  facet normal -0.204972 -0.933968 -0.292729
    outer loop
      vertex 0 53.1065 5.88223
      vertex 2.4 53.0938 4.24225
      vertex 0 53.0938 5.92275
    endloop
  endfacet
  facet normal -0.206728 -0.932768 -0.295309
    outer loop
      vertex 2.4 53.0938 4.24225
      vertex 0 53.1065 5.88223
      vertex 2.4 53.0967 4.23309
    endloop
  endfacet
  facet normal 0.204998 -0.933963 0.292728
    outer loop
      vertex 0 53.0938 5.27725
      vertex 2.4 53.1164 3.66863
      vertex 0 53.1065 5.31777
    endloop
  endfacet
  facet normal 0.205534 -0.933592 0.293533
    outer loop
      vertex 2.4 53.1164 3.66863
      vertex 0 53.0938 5.27725
      vertex 2.4 53.0938 3.59675
    endloop
  endfacet
  facet normal -0.206422 0.932977 -0.294863
    outer loop
      vertex 2.4 19.9033 4.23309
      vertex 0 19.8818 5.84521
      vertex 0 19.8935 5.88223
    endloop
  endfacet
  facet normal -0.205538 0.933589 -0.293539
    outer loop
      vertex 0 19.8818 5.84521
      vertex 2.4 19.9033 4.23309
      vertex 2.4 19.8818 4.16471
    endloop
  endfacet
  facet normal -0.53545 0.358506 -0.764701
    outer loop
      vertex 0 20.2356 6.3249
      vertex 2.4 20.2991 4.67417
      vertex 2.4 20.2356 4.6444
    endloop
  endfacet
  facet normal -0.53545 0.358506 -0.764701
    outer loop
      vertex 2.4 20.2991 4.67417
      vertex 0 20.2356 6.3249
      vertex 0 20.2991 6.35467
    endloop
  endfacet
  facet normal -0.566517 0.156402 -0.809072
    outer loop
      vertex 0 20.4027 6.38347
      vertex 2.4 20.4321 4.70866
      vertex 2.4 20.3753 4.69768
    endloop
  endfacet
  facet normal -0.566502 0.156581 -0.809048
    outer loop
      vertex 2.4 20.4321 4.70866
      vertex 0 20.4027 6.38347
      vertex 0 20.4321 6.38916
    endloop
  endfacet
  facet normal -0.572786 0.0525082 -0.818022
    outer loop
      vertex 0 20.4617 6.39106
      vertex 2.4 20.4321 4.70866
      vertex 0 20.4321 6.38916
    endloop
  endfacet
  facet normal -0.57279 0.0523936 -0.818026
    outer loop
      vertex 2.4 20.4321 4.70866
      vertex 0 20.4617 6.39106
      vertex 2.4 20.4894 4.71233
    endloop
  endfacet
  facet normal -0.312455 0.8386 -0.446231
    outer loop
      vertex 2.4 19.9741 4.38591
      vertex 0 19.9543 6.0292
      vertex 0 19.9741 6.06641
    endloop
  endfacet
  facet normal -0.312469 0.838583 -0.446253
    outer loop
      vertex 0 19.9543 6.0292
      vertex 2.4 19.9741 4.38591
      vertex 2.4 19.9693 4.37689
    endloop
  endfacet
  facet normal -0.405543 0.707171 -0.579175
    outer loop
      vertex 2.4 20.0651 4.50919
      vertex 0 20.017 6.13096
      vertex 0 20.0651 6.18969
    endloop
  endfacet
  facet normal -0.405543 0.707171 -0.579175
    outer loop
      vertex 0 20.017 6.13096
      vertex 2.4 20.0651 4.50919
      vertex 2.4 20.017 4.45046
    endloop
  endfacet
  facet normal 0.566503 -0.156581 0.809047
    outer loop
      vertex 0 52.5679 4.81084
      vertex 2.4 52.57 3.13074
      vertex 0 52.5973 4.81653
    endloop
  endfacet
  facet normal 0.56672 -0.154164 0.809359
    outer loop
      vertex 2.4 52.57 3.13074
      vertex 0 52.5679 4.81084
      vertex 2.4 52.5679 3.13034
    endloop
  endfacet
  facet normal -0.361379 -0.776559 -0.516102
    outer loop
      vertex 0 53.0259 6.06641
      vertex 2.4 52.983 4.45046
      vertex 0 52.983 6.13096
    endloop
  endfacet
  facet normal -0.361379 -0.776559 -0.516102
    outer loop
      vertex 2.4 52.983 4.45046
      vertex 0 53.0259 6.06641
      vertex 2.4 53.0259 4.38591
    endloop
  endfacet
  facet normal 0.53545 0.358506 0.764701
    outer loop
      vertex 0 20.2991 4.84533
      vertex 2.4 20.2356 3.1946
      vertex 2.4 20.2991 3.16483
    endloop
  endfacet
  facet normal 0.53545 0.358506 0.764701
    outer loop
      vertex 2.4 20.2356 3.1946
      vertex 0 20.2991 4.84533
      vertex 0 20.2356 4.8751
    endloop
  endfacet
  facet normal -0.511042 0.454047 -0.729847
    outer loop
      vertex 0 20.175 6.28719
      vertex 2.4 20.2356 4.6444
      vertex 2.4 20.175 4.6067
    endloop
  endfacet
  facet normal -0.511016 0.454142 -0.729806
    outer loop
      vertex 2.4 20.2356 4.6444
      vertex 0 20.175 6.28719
      vertex 0 20.2356 6.3249
    endloop
  endfacet
  facet normal -0.566452 0.157128 -0.808976
    outer loop
      vertex 0 20.3649 6.37616
      vertex 2.4 20.3753 4.69768
      vertex 2.4 20.3649 4.69566
    endloop
  endfacet
  facet normal -0.566511 0.156462 -0.809064
    outer loop
      vertex 2.4 20.3753 4.69768
      vertex 0 20.3649 6.37616
      vertex 0 20.4027 6.38347
    endloop
  endfacet
  facet normal -0.204972 0.933968 -0.292729
    outer loop
      vertex 2.4 19.9062 4.24225
      vertex 0 19.8935 5.88223
      vertex 0 19.9062 5.92275
    endloop
  endfacet
  facet normal -0.206728 0.932768 -0.295309
    outer loop
      vertex 0 19.8935 5.88223
      vertex 2.4 19.9062 4.24225
      vertex 2.4 19.9033 4.23309
    endloop
  endfacet
  facet normal -0.259999 0.891365 -0.371307
    outer loop
      vertex 2.4 19.9099 4.25109
      vertex 0 19.9062 5.92275
      vertex 0 19.9225 5.96188
    endloop
  endfacet
  facet normal -0.260979 0.89049 -0.372716
    outer loop
      vertex 0 19.9062 5.92275
      vertex 2.4 19.9099 4.25109
      vertex 2.4 19.9062 4.24225
    endloop
  endfacet
  facet normal 0.53545 -0.358506 0.764701
    outer loop
      vertex 0 52.7644 4.8751
      vertex 2.4 52.7009 3.16483
      vertex 2.4 52.7644 3.1946
    endloop
  endfacet
  facet normal 0.53545 -0.358506 0.764701
    outer loop
      vertex 2.4 52.7009 3.16483
      vertex 0 52.7644 4.8751
      vertex 0 52.7009 4.84533
    endloop
  endfacet
  facet normal -0.206422 -0.932977 -0.294863
    outer loop
      vertex 0 53.1182 5.84521
      vertex 2.4 53.0967 4.23309
      vertex 0 53.1065 5.88223
    endloop
  endfacet
  facet normal -0.205538 -0.933589 -0.293539
    outer loop
      vertex 2.4 53.0967 4.23309
      vertex 0 53.1182 5.84521
      vertex 2.4 53.1182 4.16471
    endloop
  endfacet
  facet normal 0.206464 -0.932968 0.29486
    outer loop
      vertex 0 53.1065 5.31777
      vertex 2.4 53.1182 3.67429
      vertex 0 53.1182 5.35479
    endloop
  endfacet
  facet normal 0.207559 -0.932217 0.296465
    outer loop
      vertex 2.4 53.1182 3.67429
      vertex 0 53.1065 5.31777
      vertex 2.4 53.1164 3.66863
    endloop
  endfacet
  facet normal -0.53545 -0.358506 -0.764701
    outer loop
      vertex 0 52.7009 6.35467
      vertex 2.4 52.7644 4.6444
      vertex 2.4 52.7009 4.67417
    endloop
  endfacet
  facet normal -0.53545 -0.358506 -0.764701
    outer loop
      vertex 2.4 52.7644 4.6444
      vertex 0 52.7009 6.35467
      vertex 0 52.7644 6.3249
    endloop
  endfacet
  facet normal 0.566513 -0.156462 0.809063
    outer loop
      vertex 0 52.5973 4.81653
      vertex 2.4 52.6351 3.14334
      vertex 0 52.6351 4.82384
    endloop
  endfacet
  facet normal 0.566502 -0.156589 0.809046
    outer loop
      vertex 2.4 52.6351 3.14334
      vertex 0 52.5973 4.81653
      vertex 2.4 52.57 3.13074
    endloop
  endfacet
  facet normal 0.312423 -0.838609 0.446236
    outer loop
      vertex 0 53.0259 5.13359
      vertex 2.4 53.0606 3.51849
      vertex 0 53.0457 5.1708
    endloop
  endfacet
  facet normal 0.311821 -0.839317 0.445326
    outer loop
      vertex 2.4 53.0606 3.51849
      vertex 0 53.0259 5.13359
      vertex 2.4 53.0259 3.45309
    endloop
  endfacet
  facet normal 0.511014 -0.454143 0.729807
    outer loop
      vertex 0 52.825 4.9128
      vertex 2.4 52.7644 3.1946
      vertex 2.4 52.825 3.23231
    endloop
  endfacet
  facet normal 0.511044 -0.454046 0.729846
    outer loop
      vertex 2.4 52.7644 3.1946
      vertex 0 52.825 4.9128
      vertex 0 52.7644 4.8751
    endloop
  endfacet
  facet normal 0.481161 -0.544319 0.687168
    outer loop
      vertex 0 52.8821 4.95804
      vertex 2.4 52.825 3.23231
      vertex 2.4 52.8821 3.27754
    endloop
  endfacet
  facet normal 0.481127 -0.544405 0.687124
    outer loop
      vertex 2.4 52.825 3.23231
      vertex 0 52.8821 4.95804
      vertex 0 52.825 4.9128
    endloop
  endfacet
  facet normal -0.0303499 -0.998599 -0.0433441
    outer loop
      vertex 0 53.15 5.6
      vertex 2.4 53.1464 4.00244
      vertex 0 53.1464 5.68294
    endloop
  endfacet
  facet normal -0.0303499 -0.998599 -0.0433441
    outer loop
      vertex 2.4 53.1464 4.00244
      vertex 0 53.15 5.6
      vertex 2.4 53.15 3.9195
    endloop
  endfacet
  facet normal 0.259993 -0.891367 0.371308
    outer loop
      vertex 0 53.0775 5.23812
      vertex 2.4 53.0938 3.59675
      vertex 0 53.0938 5.27725
    endloop
  endfacet
  facet normal 0.260536 -0.890875 0.372107
    outer loop
      vertex 2.4 53.0938 3.59675
      vertex 0 53.0775 5.23812
      vertex 2.4 53.0648 3.52732
    endloop
  endfacet
  facet normal -0.511044 -0.454046 -0.729846
    outer loop
      vertex 0 52.7644 6.3249
      vertex 2.4 52.825 4.6067
      vertex 2.4 52.7644 4.6444
    endloop
  endfacet
  facet normal -0.511014 -0.454143 -0.729807
    outer loop
      vertex 2.4 52.825 4.6067
      vertex 0 52.7644 6.3249
      vertex 0 52.825 6.28719
    endloop
  endfacet
  facet normal -0.445503 -0.629857 -0.636244
    outer loop
      vertex 0 52.8821 6.24196
      vertex 2.4 52.9349 4.50919
      vertex 2.4 52.8821 4.56146
    endloop
  endfacet
  facet normal -0.445503 -0.629857 -0.636244
    outer loop
      vertex 2.4 52.9349 4.50919
      vertex 0 52.8821 6.24196
      vertex 0 52.9349 6.18969
    endloop
  endfacet
  facet normal -0.405543 -0.707171 -0.579175
    outer loop
      vertex 0 52.983 6.13096
      vertex 2.4 52.9349 4.50919
      vertex 0 52.9349 6.18969
    endloop
  endfacet
  facet normal -0.405543 -0.707171 -0.579175
    outer loop
      vertex 2.4 52.9349 4.50919
      vertex 0 52.983 6.13096
      vertex 2.4 52.983 4.45046
    endloop
  endfacet
  facet normal -0.259999 -0.891365 -0.371307
    outer loop
      vertex 0 53.0938 5.92275
      vertex 2.4 53.0901 4.25109
      vertex 0 53.0775 5.96188
    endloop
  endfacet
  facet normal -0.260979 -0.89049 -0.372716
    outer loop
      vertex 2.4 53.0901 4.25109
      vertex 0 53.0938 5.92275
      vertex 2.4 53.0938 4.24225
    endloop
  endfacet
  facet normal 0.554091 -0.258443 0.791322
    outer loop
      vertex 0 52.7009 4.84533
      vertex 2.4 52.6351 3.14334
      vertex 2.4 52.7009 3.16483
    endloop
  endfacet
  facet normal 0.554091 -0.258443 0.791322
    outer loop
      vertex 2.4 52.6351 3.14334
      vertex 0 52.7009 4.84533
      vertex 0 52.6351 4.82384
    endloop
  endfacet
  facet normal 0.445503 -0.629857 0.636244
    outer loop
      vertex 0 52.9349 5.01031
      vertex 2.4 52.8821 3.27754
      vertex 2.4 52.9349 3.32981
    endloop
  endfacet
  facet normal 0.445503 -0.629857 0.636244
    outer loop
      vertex 2.4 52.8821 3.27754
      vertex 0 52.9349 5.01031
      vertex 0 52.8821 4.95804
    endloop
  endfacet
  facet normal 0.405543 -0.707171 0.579175
    outer loop
      vertex 0 52.9349 5.01031
      vertex 2.4 52.983 3.38854
      vertex 0 52.983 5.06904
    endloop
  endfacet
  facet normal 0.405543 -0.707171 0.579175
    outer loop
      vertex 2.4 52.983 3.38854
      vertex 0 52.9349 5.01031
      vertex 2.4 52.9349 3.32981
    endloop
  endfacet
  facet normal 0.148551 -0.96588 0.212153
    outer loop
      vertex 0 53.1267 5.39359
      vertex 2.4 53.1358 3.75452
      vertex 0 53.1358 5.43502
    endloop
  endfacet
  facet normal 0.148406 -0.965949 0.211939
    outer loop
      vertex 2.4 53.1358 3.75452
      vertex 0 53.1267 5.39359
      vertex 2.4 53.1195 3.68023
    endloop
  endfacet
  facet normal 0.0893658 -0.987788 0.127627
    outer loop
      vertex 0 53.1358 5.43502
      vertex 2.4 53.1464 3.83656
      vertex 0 53.1464 5.51706
    endloop
  endfacet
  facet normal 0.0893658 -0.987788 0.127627
    outer loop
      vertex 2.4 53.1464 3.83656
      vertex 0 53.1358 5.43502
      vertex 2.4 53.1358 3.75452
    endloop
  endfacet
  facet normal 0.261047 -0.890427 0.37282
    outer loop
      vertex 0 53.0629 5.20325
      vertex 2.4 53.0648 3.52732
      vertex 0 53.0775 5.23812
    endloop
  endfacet
  facet normal 0.259593 -0.89172 0.370737
    outer loop
      vertex 2.4 53.0648 3.52732
      vertex 0 53.0629 5.20325
      vertex 2.4 53.0629 3.52275
    endloop
  endfacet
  facet normal 0.311599 -0.839567 0.445009
    outer loop
      vertex 0 53.0457 5.1708
      vertex 2.4 53.0629 3.52275
      vertex 0 53.0629 5.20325
    endloop
  endfacet
  facet normal 0.315551 -0.834983 0.450812
    outer loop
      vertex 2.4 53.0629 3.52275
      vertex 0 53.0457 5.1708
      vertex 2.4 53.0606 3.51849
    endloop
  endfacet
  facet normal -0.0893658 -0.987788 -0.127627
    outer loop
      vertex 0 53.1464 5.68294
      vertex 2.4 53.1358 4.08448
      vertex 0 53.1358 5.76498
    endloop
  endfacet
  facet normal -0.0893658 -0.987788 -0.127627
    outer loop
      vertex 2.4 53.1358 4.08448
      vertex 0 53.1464 5.68294
      vertex 2.4 53.1464 4.00244
    endloop
  endfacet
  facet normal -0.148557 -0.965879 -0.212153
    outer loop
      vertex 0 53.1358 5.76498
      vertex 2.4 53.1339 4.09306
      vertex 0 53.1267 5.80641
    endloop
  endfacet
  facet normal -0.149685 -0.965348 -0.213772
    outer loop
      vertex 2.4 53.1339 4.09306
      vertex 0 53.1358 5.76498
      vertex 2.4 53.1358 4.08448
    endloop
  endfacet
  facet normal -0.312455 -0.8386 -0.446231
    outer loop
      vertex 0 53.0457 6.0292
      vertex 2.4 53.0259 4.38591
      vertex 0 53.0259 6.06641
    endloop
  endfacet
  facet normal -0.312469 -0.838583 -0.446253
    outer loop
      vertex 2.4 53.0259 4.38591
      vertex 0 53.0457 6.0292
      vertex 2.4 53.0307 4.37689
    endloop
  endfacet
  facet normal 0.361379 -0.776559 0.516102
    outer loop
      vertex 0 52.983 5.06904
      vertex 2.4 53.0259 3.45309
      vertex 0 53.0259 5.13359
    endloop
  endfacet
  facet normal 0.361379 -0.776559 0.516102
    outer loop
      vertex 2.4 53.0259 3.45309
      vertex 0 52.983 5.06904
      vertex 2.4 52.983 3.38854
    endloop
  endfacet
  facet normal 0.0303499 -0.998599 0.0433441
    outer loop
      vertex 0 53.1464 5.51706
      vertex 2.4 53.15 3.9195
      vertex 0 53.15 5.6
    endloop
  endfacet
  facet normal 0.0303499 -0.998599 0.0433441
    outer loop
      vertex 2.4 53.15 3.9195
      vertex 0 53.1464 5.51706
      vertex 2.4 53.1464 3.83656
    endloop
  endfacet
  facet normal 0.148188 -0.966049 0.211635
    outer loop
      vertex 0 53.1182 5.35479
      vertex 2.4 53.1195 3.68023
      vertex 0 53.1267 5.39359
    endloop
  endfacet
  facet normal 0.148051 -0.966113 0.211439
    outer loop
      vertex 2.4 53.1195 3.68023
      vertex 0 53.1182 5.35479
      vertex 2.4 53.1182 3.67429
    endloop
  endfacet
  facet normal -0.481127 -0.544405 -0.687124
    outer loop
      vertex 0 52.825 6.28719
      vertex 2.4 52.8821 4.56146
      vertex 2.4 52.825 4.6067
    endloop
  endfacet
  facet normal -0.481161 -0.544319 -0.687168
    outer loop
      vertex 2.4 52.8821 4.56146
      vertex 0 52.825 6.28719
      vertex 0 52.8821 6.24196
    endloop
  endfacet
  facet normal -0.148188 -0.966049 -0.211634
    outer loop
      vertex 0 53.1267 5.80641
      vertex 2.4 53.1182 4.16471
      vertex 0 53.1182 5.84521
    endloop
  endfacet
  facet normal -0.148218 -0.966035 -0.211678
    outer loop
      vertex 2.4 53.1182 4.16471
      vertex 0 53.1267 5.80641
      vertex 2.4 53.1339 4.09306
    endloop
  endfacet
  facet normal -0.261051 -0.890426 -0.372819
    outer loop
      vertex 0 53.0775 5.96188
      vertex 2.4 53.0629 4.31625
      vertex 0 53.0629 5.99675
    endloop
  endfacet
  facet normal -0.260441 -0.890978 -0.371925
    outer loop
      vertex 2.4 53.0629 4.31625
      vertex 0 53.0775 5.96188
      vertex 2.4 53.0901 4.25109
    endloop
  endfacet
  facet normal -0.311618 -0.839562 -0.445006
    outer loop
      vertex 0 53.0629 5.99675
      vertex 2.4 53.0307 4.37689
      vertex 0 53.0457 6.0292
    endloop
  endfacet
  facet normal -0.311995 -0.83912 -0.445575
    outer loop
      vertex 2.4 53.0307 4.37689
      vertex 0 53.0629 5.99675
      vertex 2.4 53.0629 4.31625
    endloop
  endfacet
  facet normal -0.572793 0.0522597 0.818032
    outer loop
      vertex 101.6 20.4321 3.13034
      vertex 104 20.4703 4.8084
      vertex 101.6 20.498 3.12613
    endloop
  endfacet
  facet normal -0.572793 0.0522513 0.818033
    outer loop
      vertex 104 20.4703 4.8084
      vertex 101.6 20.4321 3.13034
      vertex 104 20.4321 4.81084
    endloop
  endfacet
  facet normal 0.573575 0 -0.819153
    outer loop
      vertex 101.6 20.5 4.71301
      vertex 104 52.5 6.3935
      vertex 104 20.5 6.3935
    endloop
  endfacet
  facet normal 0.573575 0 -0.819153
    outer loop
      vertex 104 52.5 6.3935
      vertex 101.6 20.5 4.71301
      vertex 101.6 52.5 4.71301
    endloop
  endfacet
  facet normal -0.573577 0 0.819152
    outer loop
      vertex 101.6 52.5 3.126
      vertex 104 20.5 4.8065
      vertex 104 52.5 4.8065
    endloop
  endfacet
  facet normal -0.573577 0 0.819152
    outer loop
      vertex 104 20.5 4.8065
      vertex 101.6 52.5 3.126
      vertex 101.6 20.5 3.126
    endloop
  endfacet
  facet normal 0.572784 -0.0524771 -0.818025
    outer loop
      vertex 101.6 52.5106 4.71233
      vertex 104 52.5 6.3935
      vertex 101.6 52.5 4.71301
    endloop
  endfacet
  facet normal 0.572796 -0.0521153 -0.818039
    outer loop
      vertex 104 52.5 6.3935
      vertex 101.6 52.5106 4.71233
      vertex 104 52.5383 6.39106
    endloop
  endfacet
  facet normal 0.554091 -0.258443 -0.791322
    outer loop
      vertex 101.6 52.6351 4.69566
      vertex 104 52.7009 6.35467
      vertex 104 52.6351 6.37616
    endloop
  endfacet
  facet normal 0.554091 -0.258443 -0.791322
    outer loop
      vertex 104 52.7009 6.35467
      vertex 101.6 52.6351 4.69566
      vertex 101.6 52.7009 4.67417
    endloop
  endfacet
  facet normal -0.572766 0.0531695 0.817993
    outer loop
      vertex 101.6 20.498 3.12613
      vertex 104 20.5 4.8065
      vertex 101.6 20.5 3.126
    endloop
  endfacet
  facet normal -0.57279 0.0523319 0.81803
    outer loop
      vertex 104 20.5 4.8065
      vertex 101.6 20.498 3.12613
      vertex 104 20.4703 4.8084
    endloop
  endfacet
  facet normal -0.57279 -0.0523319 0.81803
    outer loop
      vertex 101.6 52.502 3.12613
      vertex 104 52.5 4.8065
      vertex 104 52.5297 4.8084
    endloop
  endfacet
  facet normal -0.572766 -0.0531695 0.817993
    outer loop
      vertex 104 52.5 4.8065
      vertex 101.6 52.502 3.12613
      vertex 101.6 52.5 3.126
    endloop
  endfacet
  facet normal 0.481159 -0.54432 -0.687169
    outer loop
      vertex 101.6 52.825 4.6067
      vertex 104 52.8821 6.24196
      vertex 104 52.825 6.28719
    endloop
  endfacet
  facet normal 0.48113 -0.544404 -0.687123
    outer loop
      vertex 104 52.8821 6.24196
      vertex 101.6 52.825 4.6067
      vertex 101.6 52.8821 4.56146
    endloop
  endfacet
  facet normal 0.57279 -0.0523936 -0.818026
    outer loop
      vertex 101.6 52.5679 4.70866
      vertex 104 52.5383 6.39106
      vertex 101.6 52.5106 4.71233
    endloop
  endfacet
  facet normal 0.572786 -0.0525082 -0.818022
    outer loop
      vertex 104 52.5383 6.39106
      vertex 101.6 52.5679 4.70866
      vertex 104 52.5679 6.38916
    endloop
  endfacet
  facet normal 0.0303497 -0.998599 -0.0433441
    outer loop
      vertex 101.6 53.1464 4.00245
      vertex 104 53.15 5.6
      vertex 104 53.1464 5.68294
    endloop
  endfacet
  facet normal 0.0303462 -0.998599 -0.0433389
    outer loop
      vertex 104 53.15 5.6
      vertex 101.6 53.1464 4.00245
      vertex 101.6 53.15 3.9195
    endloop
  endfacet
  facet normal -0.206464 -0.932968 0.29486
    outer loop
      vertex 101.6 53.1182 3.67429
      vertex 104 53.1065 5.31777
      vertex 104 53.1182 5.35479
    endloop
  endfacet
  facet normal -0.207559 -0.932217 0.296465
    outer loop
      vertex 104 53.1065 5.31777
      vertex 101.6 53.1182 3.67429
      vertex 101.6 53.1164 3.66863
    endloop
  endfacet
  facet normal 0.511016 -0.454142 -0.729806
    outer loop
      vertex 101.6 52.7644 4.6444
      vertex 104 52.825 6.28719
      vertex 104 52.7644 6.3249
    endloop
  endfacet
  facet normal 0.511042 -0.454047 -0.729847
    outer loop
      vertex 104 52.825 6.28719
      vertex 101.6 52.7644 4.6444
      vertex 101.6 52.825 4.6067
    endloop
  endfacet
  facet normal -0.0303499 0.998599 0.0433441
    outer loop
      vertex 104 19.8536 5.51706
      vertex 101.6 19.85 3.9195
      vertex 104 19.85 5.6
    endloop
  endfacet
  facet normal -0.0303499 0.998599 0.0433441
    outer loop
      vertex 101.6 19.85 3.9195
      vertex 104 19.8536 5.51706
      vertex 101.6 19.8536 3.83656
    endloop
  endfacet
  facet normal 0.405543 0.707171 -0.579175
    outer loop
      vertex 104 20.017 6.13096
      vertex 101.6 20.0651 4.50919
      vertex 104 20.0651 6.18969
    endloop
  endfacet
  facet normal 0.405543 0.707171 -0.579175
    outer loop
      vertex 101.6 20.0651 4.50919
      vertex 104 20.017 6.13096
      vertex 101.6 20.017 4.45046
    endloop
  endfacet
  facet normal 0.511014 0.454143 -0.729807
    outer loop
      vertex 101.6 20.175 4.6067
      vertex 104 20.2356 6.3249
      vertex 104 20.175 6.28719
    endloop
  endfacet
  facet normal 0.511044 0.454046 -0.729846
    outer loop
      vertex 104 20.2356 6.3249
      vertex 101.6 20.175 4.6067
      vertex 101.6 20.2356 4.6444
    endloop
  endfacet
  facet normal -0.566502 0.156589 0.809046
    outer loop
      vertex 101.6 20.3649 3.14334
      vertex 104 20.4027 4.81653
      vertex 101.6 20.43 3.13074
    endloop
  endfacet
  facet normal -0.566513 0.156462 0.809063
    outer loop
      vertex 104 20.4027 4.81653
      vertex 101.6 20.3649 3.14334
      vertex 104 20.3649 4.82384
    endloop
  endfacet
  facet normal -0.56672 0.154164 0.809359
    outer loop
      vertex 101.6 20.43 3.13074
      vertex 104 20.4321 4.81084
      vertex 101.6 20.4321 3.13034
    endloop
  endfacet
  facet normal -0.566503 0.156581 0.809047
    outer loop
      vertex 104 20.4321 4.81084
      vertex 101.6 20.43 3.13074
      vertex 104 20.4027 4.81653
    endloop
  endfacet
  facet normal 0.361379 -0.776559 -0.516102
    outer loop
      vertex 101.6 52.983 4.45046
      vertex 104 53.0259 6.06641
      vertex 104 52.983 6.13096
    endloop
  endfacet
  facet normal 0.361379 -0.776559 -0.516102
    outer loop
      vertex 104 53.0259 6.06641
      vertex 101.6 52.983 4.45046
      vertex 101.6 53.0259 4.38591
    endloop
  endfacet
  facet normal -0.361379 -0.776559 0.516102
    outer loop
      vertex 101.6 53.0259 3.45309
      vertex 104 52.983 5.06904
      vertex 104 53.0259 5.13359
    endloop
  endfacet
  facet normal -0.361379 -0.776559 0.516102
    outer loop
      vertex 104 52.983 5.06904
      vertex 101.6 53.0259 3.45309
      vertex 101.6 52.983 3.38854
    endloop
  endfacet
  facet normal -0.259993 -0.891367 0.371308
    outer loop
      vertex 101.6 53.0938 3.59675
      vertex 104 53.0775 5.23812
      vertex 104 53.0938 5.27725
    endloop
  endfacet
  facet normal -0.260565 -0.890848 0.372149
    outer loop
      vertex 104 53.0775 5.23812
      vertex 101.6 53.0938 3.59675
      vertex 101.6 53.0648 3.52733
    endloop
  endfacet
  facet normal -0.53545 -0.358506 0.764701
    outer loop
      vertex 101.6 52.7644 3.1946
      vertex 104 52.7009 4.84533
      vertex 104 52.7644 4.8751
    endloop
  endfacet
  facet normal -0.53545 -0.358506 0.764701
    outer loop
      vertex 104 52.7009 4.84533
      vertex 101.6 52.7644 3.1946
      vertex 101.6 52.7009 3.16483
    endloop
  endfacet
  facet normal -0.405543 0.707171 0.579175
    outer loop
      vertex 104 20.0651 5.01031
      vertex 101.6 20.017 3.38854
      vertex 104 20.017 5.06904
    endloop
  endfacet
  facet normal -0.405543 0.707171 0.579175
    outer loop
      vertex 101.6 20.017 3.38854
      vertex 104 20.0651 5.01031
      vertex 101.6 20.0651 3.32981
    endloop
  endfacet
  facet normal 0.554091 0.258443 -0.791322
    outer loop
      vertex 101.6 20.2991 4.67417
      vertex 104 20.3649 6.37616
      vertex 104 20.2991 6.35467
    endloop
  endfacet
  facet normal 0.554091 0.258443 -0.791322
    outer loop
      vertex 104 20.3649 6.37616
      vertex 101.6 20.2991 4.67417
      vertex 101.6 20.3649 4.69566
    endloop
  endfacet
  facet normal 0.572796 0.0521153 -0.818039
    outer loop
      vertex 101.6 20.4894 4.71233
      vertex 104 20.5 6.3935
      vertex 104 20.4617 6.39106
    endloop
  endfacet
  facet normal 0.572784 0.0524771 -0.818025
    outer loop
      vertex 104 20.5 6.3935
      vertex 101.6 20.4894 4.71233
      vertex 101.6 20.5 4.71301
    endloop
  endfacet
  facet normal -0.554091 0.258443 0.791322
    outer loop
      vertex 101.6 20.3649 3.14334
      vertex 104 20.2991 4.84533
      vertex 104 20.3649 4.82384
    endloop
  endfacet
  facet normal -0.554091 0.258443 0.791322
    outer loop
      vertex 104 20.2991 4.84533
      vertex 101.6 20.3649 3.14334
      vertex 101.6 20.2991 3.16483
    endloop
  endfacet
  facet normal 0.566502 -0.156581 -0.809048
    outer loop
      vertex 101.6 52.5679 4.70866
      vertex 104 52.5973 6.38347
      vertex 104 52.5679 6.38916
    endloop
  endfacet
  facet normal 0.566517 -0.156402 -0.809072
    outer loop
      vertex 104 52.5973 6.38347
      vertex 101.6 52.5679 4.70866
      vertex 101.6 52.6247 4.69768
    endloop
  endfacet
  facet normal 0.53545 -0.358506 -0.764701
    outer loop
      vertex 101.6 52.7009 4.67417
      vertex 104 52.7644 6.3249
      vertex 104 52.7009 6.35467
    endloop
  endfacet
  facet normal 0.53545 -0.358506 -0.764701
    outer loop
      vertex 104 52.7644 6.3249
      vertex 101.6 52.7009 4.67417
      vertex 101.6 52.7644 4.6444
    endloop
  endfacet
  facet normal 0.445503 -0.629857 -0.636244
    outer loop
      vertex 101.6 52.8821 4.56146
      vertex 104 52.9349 6.18969
      vertex 104 52.8821 6.24196
    endloop
  endfacet
  facet normal 0.445503 -0.629857 -0.636244
    outer loop
      vertex 104 52.9349 6.18969
      vertex 101.6 52.8821 4.56146
      vertex 101.6 52.9349 4.50919
    endloop
  endfacet
  facet normal 0.566511 -0.156462 -0.809064
    outer loop
      vertex 101.6 52.6247 4.69768
      vertex 104 52.6351 6.37616
      vertex 104 52.5973 6.38347
    endloop
  endfacet
  facet normal 0.566452 -0.157128 -0.808976
    outer loop
      vertex 104 52.6351 6.37616
      vertex 101.6 52.6247 4.69768
      vertex 101.6 52.6351 4.69566
    endloop
  endfacet
  facet normal -0.554091 -0.258443 0.791322
    outer loop
      vertex 101.6 52.7009 3.16483
      vertex 104 52.6351 4.82384
      vertex 104 52.7009 4.84533
    endloop
  endfacet
  facet normal -0.554091 -0.258443 0.791322
    outer loop
      vertex 104 52.6351 4.82384
      vertex 101.6 52.7009 3.16483
      vertex 101.6 52.6351 3.14334
    endloop
  endfacet
  facet normal -0.566513 -0.156462 0.809063
    outer loop
      vertex 101.6 52.6351 3.14334
      vertex 104 52.5973 4.81653
      vertex 104 52.6351 4.82384
    endloop
  endfacet
  facet normal -0.566502 -0.156589 0.809046
    outer loop
      vertex 104 52.5973 4.81653
      vertex 101.6 52.6351 3.14334
      vertex 101.6 52.57 3.13074
    endloop
  endfacet
  facet normal -0.148551 -0.96588 0.212153
    outer loop
      vertex 101.6 53.1358 3.75452
      vertex 104 53.1267 5.39359
      vertex 104 53.1358 5.43502
    endloop
  endfacet
  facet normal -0.148406 -0.965949 0.211939
    outer loop
      vertex 104 53.1267 5.39359
      vertex 101.6 53.1358 3.75452
      vertex 101.6 53.1195 3.68023
    endloop
  endfacet
  facet normal -0.0893658 -0.987788 0.127627
    outer loop
      vertex 101.6 53.1464 3.83656
      vertex 104 53.1358 5.43502
      vertex 104 53.1464 5.51706
    endloop
  endfacet
  facet normal -0.0893658 -0.987788 0.127627
    outer loop
      vertex 104 53.1358 5.43502
      vertex 101.6 53.1464 3.83656
      vertex 101.6 53.1358 3.75452
    endloop
  endfacet
  facet normal -0.148188 -0.966049 0.211635
    outer loop
      vertex 101.6 53.1195 3.68023
      vertex 104 53.1182 5.35479
      vertex 104 53.1267 5.39359
    endloop
  endfacet
  facet normal -0.148051 -0.966113 0.211439
    outer loop
      vertex 104 53.1182 5.35479
      vertex 101.6 53.1195 3.68023
      vertex 101.6 53.1182 3.67429
    endloop
  endfacet
  facet normal -0.511016 0.454142 0.729806
    outer loop
      vertex 101.6 20.2356 3.1946
      vertex 104 20.175 4.91281
      vertex 104 20.2356 4.8751
    endloop
  endfacet
  facet normal -0.511016 0.454142 0.729806
    outer loop
      vertex 104 20.175 4.91281
      vertex 101.6 20.2356 3.1946
      vertex 101.6 20.175 3.23231
    endloop
  endfacet
  facet normal -0.481161 0.544319 0.687168
    outer loop
      vertex 101.6 20.175 3.23231
      vertex 104 20.1179 4.95804
      vertex 104 20.175 4.91281
    endloop
  endfacet
  facet normal -0.481161 0.544319 0.687168
    outer loop
      vertex 104 20.1179 4.95804
      vertex 101.6 20.175 3.23231
      vertex 101.6 20.1179 3.27754
    endloop
  endfacet
  facet normal 0.566452 0.157128 -0.808976
    outer loop
      vertex 101.6 20.3753 4.69768
      vertex 104 20.3649 6.37616
      vertex 101.6 20.3649 4.69566
    endloop
  endfacet
  facet normal 0.566511 0.156462 -0.809064
    outer loop
      vertex 104 20.3649 6.37616
      vertex 101.6 20.3753 4.69768
      vertex 104 20.4027 6.38347
    endloop
  endfacet
  facet normal 0.0893658 0.987788 -0.127627
    outer loop
      vertex 104 19.8536 5.68294
      vertex 101.6 19.8642 4.08448
      vertex 104 19.8642 5.76498
    endloop
  endfacet
  facet normal 0.0893759 0.987785 -0.127643
    outer loop
      vertex 101.6 19.8642 4.08448
      vertex 104 19.8536 5.68294
      vertex 101.6 19.8536 4.00245
    endloop
  endfacet
  facet normal -0.206464 0.932968 0.29486
    outer loop
      vertex 104 19.8935 5.31777
      vertex 101.6 19.8818 3.67429
      vertex 104 19.8818 5.35479
    endloop
  endfacet
  facet normal -0.207559 0.932217 0.296465
    outer loop
      vertex 101.6 19.8818 3.67429
      vertex 104 19.8935 5.31777
      vertex 101.6 19.8836 3.66863
    endloop
  endfacet
  facet normal -0.204998 0.933963 0.292728
    outer loop
      vertex 104 19.9062 5.27725
      vertex 101.6 19.8836 3.66863
      vertex 104 19.8935 5.31777
    endloop
  endfacet
  facet normal -0.205534 0.933592 0.293533
    outer loop
      vertex 101.6 19.8836 3.66863
      vertex 104 19.9062 5.27725
      vertex 101.6 19.9062 3.59675
    endloop
  endfacet
  facet normal 0.53545 0.358506 -0.764701
    outer loop
      vertex 101.6 20.2356 4.6444
      vertex 104 20.2991 6.35467
      vertex 104 20.2356 6.3249
    endloop
  endfacet
  facet normal 0.53545 0.358506 -0.764701
    outer loop
      vertex 104 20.2991 6.35467
      vertex 101.6 20.2356 4.6444
      vertex 101.6 20.2991 4.67417
    endloop
  endfacet
  facet normal 0.204972 0.933968 -0.292729
    outer loop
      vertex 104 19.8935 5.88223
      vertex 101.6 19.9062 4.24225
      vertex 104 19.9062 5.92275
    endloop
  endfacet
  facet normal 0.206728 0.932768 -0.295309
    outer loop
      vertex 101.6 19.9062 4.24225
      vertex 104 19.8935 5.88223
      vertex 101.6 19.9033 4.23309
    endloop
  endfacet
  facet normal -0.53545 0.358506 0.764701
    outer loop
      vertex 101.6 20.2991 3.16483
      vertex 104 20.2356 4.8751
      vertex 104 20.2991 4.84533
    endloop
  endfacet
  facet normal -0.53545 0.358506 0.764701
    outer loop
      vertex 104 20.2356 4.8751
      vertex 101.6 20.2991 3.16483
      vertex 101.6 20.2356 3.1946
    endloop
  endfacet
  facet normal 0.405543 -0.707171 -0.579175
    outer loop
      vertex 101.6 52.9349 4.50919
      vertex 104 52.983 6.13096
      vertex 104 52.9349 6.18969
    endloop
  endfacet
  facet normal 0.405543 -0.707171 -0.579175
    outer loop
      vertex 104 52.983 6.13096
      vertex 101.6 52.9349 4.50919
      vertex 101.6 52.983 4.45046
    endloop
  endfacet
  facet normal 0.204972 -0.933968 -0.292729
    outer loop
      vertex 101.6 53.0938 4.24225
      vertex 104 53.1065 5.88223
      vertex 104 53.0938 5.92275
    endloop
  endfacet
  facet normal 0.206728 -0.932768 -0.295309
    outer loop
      vertex 104 53.1065 5.88223
      vertex 101.6 53.0938 4.24225
      vertex 101.6 53.0967 4.23309
    endloop
  endfacet
  facet normal 0.259999 -0.891365 -0.371307
    outer loop
      vertex 101.6 53.0901 4.25109
      vertex 104 53.0938 5.92275
      vertex 104 53.0775 5.96188
    endloop
  endfacet
  facet normal 0.260979 -0.89049 -0.372716
    outer loop
      vertex 104 53.0938 5.92275
      vertex 101.6 53.0901 4.25109
      vertex 101.6 53.0938 4.24225
    endloop
  endfacet
  facet normal 0.148188 -0.966049 -0.211634
    outer loop
      vertex 101.6 53.1182 4.16471
      vertex 104 53.1267 5.80641
      vertex 104 53.1182 5.84521
    endloop
  endfacet
  facet normal 0.148218 -0.966035 -0.211678
    outer loop
      vertex 104 53.1267 5.80641
      vertex 101.6 53.1182 4.16471
      vertex 101.6 53.1339 4.09306
    endloop
  endfacet
  facet normal -0.566503 -0.156581 0.809047
    outer loop
      vertex 101.6 52.57 3.13074
      vertex 104 52.5679 4.81084
      vertex 104 52.5973 4.81653
    endloop
  endfacet
  facet normal -0.56672 -0.154164 0.809359
    outer loop
      vertex 104 52.5679 4.81084
      vertex 101.6 52.57 3.13074
      vertex 101.6 52.5679 3.13034
    endloop
  endfacet
  facet normal -0.572793 -0.0522513 0.818033
    outer loop
      vertex 101.6 52.5679 3.13034
      vertex 104 52.5297 4.8084
      vertex 104 52.5679 4.81084
    endloop
  endfacet
  facet normal -0.572793 -0.0522597 0.818032
    outer loop
      vertex 104 52.5297 4.8084
      vertex 101.6 52.5679 3.13034
      vertex 101.6 52.502 3.12613
    endloop
  endfacet
  facet normal -0.0303499 -0.998599 0.0433441
    outer loop
      vertex 101.6 53.15 3.9195
      vertex 104 53.1464 5.51706
      vertex 104 53.15 5.6
    endloop
  endfacet
  facet normal -0.0303499 -0.998599 0.0433441
    outer loop
      vertex 104 53.1464 5.51706
      vertex 101.6 53.15 3.9195
      vertex 101.6 53.1464 3.83656
    endloop
  endfacet
  facet normal -0.311599 -0.839567 0.445009
    outer loop
      vertex 101.6 53.0629 3.52275
      vertex 104 53.0457 5.1708
      vertex 104 53.0629 5.20325
    endloop
  endfacet
  facet normal -0.315551 -0.834983 0.450812
    outer loop
      vertex 104 53.0457 5.1708
      vertex 101.6 53.0629 3.52275
      vertex 101.6 53.0606 3.51849
    endloop
  endfacet
  facet normal -0.261045 -0.890427 0.37282
    outer loop
      vertex 101.6 53.0648 3.52733
      vertex 104 53.0629 5.20325
      vertex 104 53.0775 5.23812
    endloop
  endfacet
  facet normal -0.259142 -0.892119 0.370093
    outer loop
      vertex 104 53.0629 5.20325
      vertex 101.6 53.0648 3.52733
      vertex 101.6 53.0629 3.52275
    endloop
  endfacet
  facet normal -0.312423 -0.838609 0.446236
    outer loop
      vertex 101.6 53.0606 3.51849
      vertex 104 53.0259 5.13359
      vertex 104 53.0457 5.1708
    endloop
  endfacet
  facet normal -0.311821 -0.839317 0.445326
    outer loop
      vertex 104 53.0259 5.13359
      vertex 101.6 53.0606 3.51849
      vertex 101.6 53.0259 3.45309
    endloop
  endfacet
  facet normal -0.405543 -0.707171 0.579175
    outer loop
      vertex 101.6 52.983 3.38854
      vertex 104 52.9349 5.01031
      vertex 104 52.983 5.06904
    endloop
  endfacet
  facet normal -0.405543 -0.707171 0.579175
    outer loop
      vertex 104 52.9349 5.01031
      vertex 101.6 52.983 3.38854
      vertex 101.6 52.9349 3.32981
    endloop
  endfacet
  facet normal -0.481161 -0.544319 0.687168
    outer loop
      vertex 101.6 52.8821 3.27754
      vertex 104 52.825 4.91281
      vertex 104 52.8821 4.95804
    endloop
  endfacet
  facet normal -0.481161 -0.544319 0.687168
    outer loop
      vertex 104 52.825 4.91281
      vertex 101.6 52.8821 3.27754
      vertex 101.6 52.825 3.23231
    endloop
  endfacet
  facet normal -0.445503 0.629857 0.636244
    outer loop
      vertex 101.6 20.1179 3.27754
      vertex 104 20.0651 5.01031
      vertex 104 20.1179 4.95804
    endloop
  endfacet
  facet normal -0.445503 0.629857 0.636244
    outer loop
      vertex 104 20.0651 5.01031
      vertex 101.6 20.1179 3.27754
      vertex 101.6 20.0651 3.32981
    endloop
  endfacet
  facet normal -0.312455 0.8386 0.446231
    outer loop
      vertex 104 19.9741 5.13359
      vertex 101.6 19.9393 3.51849
      vertex 104 19.9543 5.1708
    endloop
  endfacet
  facet normal -0.312453 0.838602 0.446229
    outer loop
      vertex 101.6 19.9393 3.51849
      vertex 104 19.9741 5.13359
      vertex 101.6 19.9741 3.45309
    endloop
  endfacet
  facet normal -0.361379 0.776559 0.516102
    outer loop
      vertex 104 20.017 5.06904
      vertex 101.6 19.9741 3.45309
      vertex 104 19.9741 5.13359
    endloop
  endfacet
  facet normal -0.361379 0.776559 0.516102
    outer loop
      vertex 101.6 19.9741 3.45309
      vertex 104 20.017 5.06904
      vertex 101.6 20.017 3.38854
    endloop
  endfacet
  facet normal -0.148551 0.96588 0.212153
    outer loop
      vertex 104 19.8733 5.39359
      vertex 101.6 19.8642 3.75452
      vertex 104 19.8642 5.43502
    endloop
  endfacet
  facet normal -0.148406 0.965949 0.211939
    outer loop
      vertex 101.6 19.8642 3.75452
      vertex 104 19.8733 5.39359
      vertex 101.6 19.8805 3.68023
    endloop
  endfacet
  facet normal 0.0303497 0.998599 -0.0433441
    outer loop
      vertex 104 19.85 5.6
      vertex 101.6 19.8536 4.00245
      vertex 104 19.8536 5.68294
    endloop
  endfacet
  facet normal 0.0303462 0.998599 -0.0433389
    outer loop
      vertex 101.6 19.8536 4.00245
      vertex 104 19.85 5.6
      vertex 101.6 19.85 3.9195
    endloop
  endfacet
  facet normal 0.566517 0.156402 -0.809072
    outer loop
      vertex 101.6 20.4321 4.70866
      vertex 104 20.4027 6.38347
      vertex 101.6 20.3753 4.69768
    endloop
  endfacet
  facet normal 0.566502 0.156581 -0.809048
    outer loop
      vertex 104 20.4027 6.38347
      vertex 101.6 20.4321 4.70866
      vertex 104 20.4321 6.38916
    endloop
  endfacet
  facet normal 0.572786 0.0525082 -0.818022
    outer loop
      vertex 101.6 20.4321 4.70866
      vertex 104 20.4617 6.39106
      vertex 104 20.4321 6.38916
    endloop
  endfacet
  facet normal 0.57279 0.0523936 -0.818026
    outer loop
      vertex 104 20.4617 6.39106
      vertex 101.6 20.4321 4.70866
      vertex 101.6 20.4894 4.71233
    endloop
  endfacet
  facet normal 0.206422 0.932977 -0.294863
    outer loop
      vertex 104 19.8818 5.84521
      vertex 101.6 19.9033 4.23309
      vertex 104 19.8935 5.88223
    endloop
  endfacet
  facet normal 0.205538 0.933589 -0.293539
    outer loop
      vertex 101.6 19.9033 4.23309
      vertex 104 19.8818 5.84521
      vertex 101.6 19.8818 4.16471
    endloop
  endfacet
  facet normal 0.148188 0.966049 -0.211634
    outer loop
      vertex 104 19.8733 5.80641
      vertex 101.6 19.8818 4.16471
      vertex 104 19.8818 5.84521
    endloop
  endfacet
  facet normal 0.148218 0.966035 -0.211678
    outer loop
      vertex 101.6 19.8818 4.16471
      vertex 104 19.8733 5.80641
      vertex 101.6 19.8661 4.09306
    endloop
  endfacet
  facet normal 0.148557 0.965879 -0.212153
    outer loop
      vertex 104 19.8642 5.76498
      vertex 101.6 19.8661 4.09306
      vertex 104 19.8733 5.80641
    endloop
  endfacet
  facet normal 0.149685 0.965348 -0.213772
    outer loop
      vertex 101.6 19.8661 4.09306
      vertex 104 19.8642 5.76498
      vertex 101.6 19.8642 4.08448
    endloop
  endfacet
  facet normal 0.361379 0.776559 -0.516102
    outer loop
      vertex 104 19.9741 6.06641
      vertex 101.6 20.017 4.45046
      vertex 104 20.017 6.13096
    endloop
  endfacet
  facet normal 0.361379 0.776559 -0.516102
    outer loop
      vertex 101.6 20.017 4.45046
      vertex 104 19.9741 6.06641
      vertex 101.6 19.9741 4.38591
    endloop
  endfacet
  facet normal 0.148557 -0.965879 -0.212153
    outer loop
      vertex 101.6 53.1339 4.09306
      vertex 104 53.1358 5.76498
      vertex 104 53.1267 5.80641
    endloop
  endfacet
  facet normal 0.149685 -0.965348 -0.213772
    outer loop
      vertex 104 53.1358 5.76498
      vertex 101.6 53.1339 4.09306
      vertex 101.6 53.1358 4.08448
    endloop
  endfacet
  facet normal 0.311618 -0.839562 -0.445006
    outer loop
      vertex 101.6 53.0307 4.37689
      vertex 104 53.0629 5.99675
      vertex 104 53.0457 6.0292
    endloop
  endfacet
  facet normal 0.311995 -0.83912 -0.445575
    outer loop
      vertex 104 53.0629 5.99675
      vertex 101.6 53.0307 4.37689
      vertex 101.6 53.0629 4.31625
    endloop
  endfacet
  facet normal 0.312455 -0.8386 -0.446231
    outer loop
      vertex 101.6 53.0259 4.38591
      vertex 104 53.0457 6.0292
      vertex 104 53.0259 6.06641
    endloop
  endfacet
  facet normal 0.312469 -0.838583 -0.446253
    outer loop
      vertex 104 53.0457 6.0292
      vertex 101.6 53.0259 4.38591
      vertex 101.6 53.0307 4.37689
    endloop
  endfacet
  facet normal 0.0893658 -0.987788 -0.127627
    outer loop
      vertex 101.6 53.1358 4.08448
      vertex 104 53.1464 5.68294
      vertex 104 53.1358 5.76498
    endloop
  endfacet
  facet normal 0.0893759 -0.987785 -0.127643
    outer loop
      vertex 104 53.1464 5.68294
      vertex 101.6 53.1358 4.08448
      vertex 101.6 53.1464 4.00245
    endloop
  endfacet
  facet normal -0.204998 -0.933963 0.292728
    outer loop
      vertex 101.6 53.1164 3.66863
      vertex 104 53.0938 5.27725
      vertex 104 53.1065 5.31777
    endloop
  endfacet
  facet normal -0.205534 -0.933592 0.293533
    outer loop
      vertex 104 53.0938 5.27725
      vertex 101.6 53.1164 3.66863
      vertex 101.6 53.0938 3.59675
    endloop
  endfacet
  facet normal -0.511016 -0.454142 0.729806
    outer loop
      vertex 101.6 52.825 3.23231
      vertex 104 52.7644 4.8751
      vertex 104 52.825 4.91281
    endloop
  endfacet
  facet normal -0.511016 -0.454142 0.729806
    outer loop
      vertex 104 52.7644 4.8751
      vertex 101.6 52.825 3.23231
      vertex 101.6 52.7644 3.1946
    endloop
  endfacet
  facet normal -0.445503 -0.629857 0.636244
    outer loop
      vertex 101.6 52.9349 3.32981
      vertex 104 52.8821 4.95804
      vertex 104 52.9349 5.01031
    endloop
  endfacet
  facet normal -0.445503 -0.629857 0.636244
    outer loop
      vertex 104 52.8821 4.95804
      vertex 101.6 52.9349 3.32981
      vertex 101.6 52.8821 3.27754
    endloop
  endfacet
  facet normal -0.261045 0.890427 0.37282
    outer loop
      vertex 104 19.9371 5.20325
      vertex 101.6 19.9352 3.52733
      vertex 104 19.9225 5.23812
    endloop
  endfacet
  facet normal -0.259142 0.892119 0.370093
    outer loop
      vertex 101.6 19.9352 3.52733
      vertex 104 19.9371 5.20325
      vertex 101.6 19.9371 3.52275
    endloop
  endfacet
  facet normal -0.259993 0.891367 0.371308
    outer loop
      vertex 104 19.9225 5.23812
      vertex 101.6 19.9062 3.59675
      vertex 104 19.9062 5.27725
    endloop
  endfacet
  facet normal -0.260565 0.890848 0.372149
    outer loop
      vertex 101.6 19.9062 3.59675
      vertex 104 19.9225 5.23812
      vertex 101.6 19.9352 3.52733
    endloop
  endfacet
  facet normal -0.148188 0.966049 0.211635
    outer loop
      vertex 104 19.8818 5.35479
      vertex 101.6 19.8805 3.68023
      vertex 104 19.8733 5.39359
    endloop
  endfacet
  facet normal -0.148051 0.966113 0.211439
    outer loop
      vertex 101.6 19.8805 3.68023
      vertex 104 19.8818 5.35479
      vertex 101.6 19.8818 3.67429
    endloop
  endfacet
  facet normal 0.259999 0.891365 -0.371307
    outer loop
      vertex 104 19.9062 5.92275
      vertex 101.6 19.9099 4.25109
      vertex 104 19.9225 5.96188
    endloop
  endfacet
  facet normal 0.260979 0.89049 -0.372716
    outer loop
      vertex 101.6 19.9099 4.25109
      vertex 104 19.9062 5.92275
      vertex 101.6 19.9062 4.24225
    endloop
  endfacet
  facet normal 0.481161 0.544319 -0.687168
    outer loop
      vertex 101.6 20.1179 4.56146
      vertex 104 20.175 6.28719
      vertex 104 20.1179 6.24196
    endloop
  endfacet
  facet normal 0.481127 0.544405 -0.687124
    outer loop
      vertex 104 20.175 6.28719
      vertex 101.6 20.1179 4.56146
      vertex 101.6 20.175 4.6067
    endloop
  endfacet
  facet normal 0.445503 0.629857 -0.636244
    outer loop
      vertex 101.6 20.0651 4.50919
      vertex 104 20.1179 6.24196
      vertex 104 20.0651 6.18969
    endloop
  endfacet
  facet normal 0.445503 0.629857 -0.636244
    outer loop
      vertex 104 20.1179 6.24196
      vertex 101.6 20.0651 4.50919
      vertex 101.6 20.1179 4.56146
    endloop
  endfacet
  facet normal 0.261051 -0.890426 -0.372819
    outer loop
      vertex 101.6 53.0629 4.31625
      vertex 104 53.0775 5.96188
      vertex 104 53.0629 5.99675
    endloop
  endfacet
  facet normal 0.260441 -0.890978 -0.371925
    outer loop
      vertex 104 53.0775 5.96188
      vertex 101.6 53.0629 4.31625
      vertex 101.6 53.0901 4.25109
    endloop
  endfacet
  facet normal 0.206422 -0.932977 -0.294863
    outer loop
      vertex 101.6 53.0967 4.23309
      vertex 104 53.1182 5.84521
      vertex 104 53.1065 5.88223
    endloop
  endfacet
  facet normal 0.205538 -0.933589 -0.293539
    outer loop
      vertex 104 53.1182 5.84521
      vertex 101.6 53.0967 4.23309
      vertex 101.6 53.1182 4.16471
    endloop
  endfacet
  facet normal -0.311599 0.839567 0.445009
    outer loop
      vertex 104 19.9543 5.1708
      vertex 101.6 19.9371 3.52275
      vertex 104 19.9371 5.20325
    endloop
  endfacet
  facet normal -0.306035 0.845881 0.43684
    outer loop
      vertex 101.6 19.9371 3.52275
      vertex 104 19.9543 5.1708
      vertex 101.6 19.9393 3.51849
    endloop
  endfacet
  facet normal -0.0893658 0.987788 0.127627
    outer loop
      vertex 104 19.8642 5.43502
      vertex 101.6 19.8536 3.83656
      vertex 104 19.8536 5.51706
    endloop
  endfacet
  facet normal -0.0893658 0.987788 0.127627
    outer loop
      vertex 101.6 19.8536 3.83656
      vertex 104 19.8642 5.43502
      vertex 101.6 19.8642 3.75452
    endloop
  endfacet
  facet normal 0.312455 0.8386 -0.446231
    outer loop
      vertex 104 19.9543 6.0292
      vertex 101.6 19.9741 4.38591
      vertex 104 19.9741 6.06641
    endloop
  endfacet
  facet normal 0.312469 0.838583 -0.446253
    outer loop
      vertex 101.6 19.9741 4.38591
      vertex 104 19.9543 6.0292
      vertex 101.6 19.9693 4.37689
    endloop
  endfacet
  facet normal 0.261051 0.890426 -0.372819
    outer loop
      vertex 104 19.9225 5.96188
      vertex 101.6 19.9371 4.31625
      vertex 104 19.9371 5.99675
    endloop
  endfacet
  facet normal 0.260441 0.890978 -0.371925
    outer loop
      vertex 101.6 19.9371 4.31625
      vertex 104 19.9225 5.96188
      vertex 101.6 19.9099 4.25109
    endloop
  endfacet
  facet normal 0.311618 0.839562 -0.445006
    outer loop
      vertex 104 19.9371 5.99675
      vertex 101.6 19.9693 4.37689
      vertex 104 19.9543 6.0292
    endloop
  endfacet
  facet normal 0.311995 0.83912 -0.445575
    outer loop
      vertex 101.6 19.9693 4.37689
      vertex 104 19.9371 5.99675
      vertex 101.6 19.9371 4.31625
    endloop
  endfacet
  facet normal -0.987689 -0.156432 0
    outer loop
      vertex 7.5437 7.32021 -2
      vertex 7.52487 7.4391 0
      vertex 7.52487 7.4391 -2
    endloop
  endfacet
  facet normal -0.987689 -0.156432 0
    outer loop
      vertex 7.52487 7.4391 0
      vertex 7.5437 7.32021 -2
      vertex 7.5437 7.32021 0
    endloop
  endfacet
  facet normal -0.99863 -0.0523365 0
    outer loop
      vertex 7.55 7.2 -2
      vertex 7.5437 7.32021 0
      vertex 7.5437 7.32021 -2
    endloop
  endfacet
  facet normal -0.99863 -0.0523365 0
    outer loop
      vertex 7.5437 7.32021 0
      vertex 7.55 7.2 -2
      vertex 7.55 7.2 0
    endloop
  endfacet
  facet normal -0.965914 -0.258862 0
    outer loop
      vertex 7.52487 7.4391 -2
      vertex 7.49371 7.55537 0
      vertex 7.49371 7.55537 -2
    endloop
  endfacet
  facet normal -0.965914 -0.258862 0
    outer loop
      vertex 7.49371 7.55537 0
      vertex 7.52487 7.4391 -2
      vertex 7.52487 7.4391 0
    endloop
  endfacet
  facet normal -0.99863 0.0523365 0
    outer loop
      vertex 7.5437 7.07979 -2
      vertex 7.55 7.2 0
      vertex 7.55 7.2 -2
    endloop
  endfacet
  facet normal -0.99863 0.0523365 0
    outer loop
      vertex 7.55 7.2 0
      vertex 7.5437 7.07979 -2
      vertex 7.5437 7.07979 0
    endloop
  endfacet
  facet normal -0.544652 0.838662 0
    outer loop
      vertex 7.07595 6.26963 -2
      vertex 6.975 6.20407 0
      vertex 7.07595 6.26963 0
    endloop
  endfacet
  facet normal -0.544652 0.838662 0
    outer loop
      vertex 6.975 6.20407 0
      vertex 7.07595 6.26963 -2
      vertex 6.975 6.20407 -2
    endloop
  endfacet
  facet normal -0.0523365 -0.99863 0
    outer loop
      vertex 6.4 8.35 -2
      vertex 6.52021 8.3437 0
      vertex 6.4 8.35 0
    endloop
  endfacet
  facet normal -0.0523365 -0.99863 -0
    outer loop
      vertex 6.52021 8.3437 0
      vertex 6.4 8.35 -2
      vertex 6.52021 8.3437 -2
    endloop
  endfacet
  facet normal -0.629294 -0.777167 0
    outer loop
      vertex 7.07595 8.13037 -2
      vertex 7.1695 8.05462 0
      vertex 7.07595 8.13037 0
    endloop
  endfacet
  facet normal -0.629294 -0.777167 -0
    outer loop
      vertex 7.1695 8.05462 0
      vertex 7.07595 8.13037 -2
      vertex 7.1695 8.05462 -2
    endloop
  endfacet
  facet normal -0.358305 -0.933604 0
    outer loop
      vertex 6.75537 8.29371 -2
      vertex 6.86775 8.25058 0
      vertex 6.75537 8.29371 0
    endloop
  endfacet
  facet normal -0.358305 -0.933604 -0
    outer loop
      vertex 6.86775 8.25058 0
      vertex 6.75537 8.29371 -2
      vertex 6.86775 8.25058 -2
    endloop
  endfacet
  facet normal 0.629294 0.777167 -0
    outer loop
      vertex 5.72405 6.26963 -2
      vertex 5.6305 6.34538 0
      vertex 5.72405 6.26963 0
    endloop
  endfacet
  facet normal 0.629294 0.777167 0
    outer loop
      vertex 5.6305 6.34538 0
      vertex 5.72405 6.26963 -2
      vertex 5.6305 6.34538 -2
    endloop
  endfacet
  facet normal 0.0523365 -0.99863 0
    outer loop
      vertex 6.27979 8.3437 -2
      vertex 6.4 8.35 0
      vertex 6.27979 8.3437 0
    endloop
  endfacet
  facet normal 0.0523365 -0.99863 0
    outer loop
      vertex 6.4 8.35 0
      vertex 6.27979 8.3437 -2
      vertex 6.4 8.35 -2
    endloop
  endfacet
  facet normal -0.156432 0.987689 0
    outer loop
      vertex 6.6391 6.07513 -2
      vertex 6.52021 6.0563 0
      vertex 6.6391 6.07513 0
    endloop
  endfacet
  facet normal -0.156432 0.987689 0
    outer loop
      vertex 6.52021 6.0563 0
      vertex 6.6391 6.07513 -2
      vertex 6.52021 6.0563 -2
    endloop
  endfacet
  facet normal 0.707107 0.707107 0
    outer loop
      vertex 5.6305 6.34538 0
      vertex 5.54538 6.4305 -2
      vertex 5.54538 6.4305 0
    endloop
  endfacet
  facet normal 0.707107 0.707107 0
    outer loop
      vertex 5.54538 6.4305 -2
      vertex 5.6305 6.34538 0
      vertex 5.6305 6.34538 -2
    endloop
  endfacet
  facet normal -0.454013 0.890995 0
    outer loop
      vertex 6.975 6.20407 -2
      vertex 6.86775 6.14942 0
      vertex 6.975 6.20407 0
    endloop
  endfacet
  facet normal -0.454013 0.890995 0
    outer loop
      vertex 6.86775 6.14942 0
      vertex 6.975 6.20407 -2
      vertex 6.86775 6.14942 -2
    endloop
  endfacet
  facet normal -0.258862 -0.965914 0
    outer loop
      vertex 6.6391 8.32487 -2
      vertex 6.75537 8.29371 0
      vertex 6.6391 8.32487 0
    endloop
  endfacet
  facet normal -0.258862 -0.965914 -0
    outer loop
      vertex 6.75537 8.29371 0
      vertex 6.6391 8.32487 -2
      vertex 6.75537 8.29371 -2
    endloop
  endfacet
  facet normal 0.965935 0.258785 0
    outer loop
      vertex 5.30628 6.84463 0
      vertex 5.27513 6.9609 -2
      vertex 5.27513 6.9609 0
    endloop
  endfacet
  facet normal 0.965935 0.258785 0
    outer loop
      vertex 5.27513 6.9609 -2
      vertex 5.30628 6.84463 0
      vertex 5.30628 6.84463 -2
    endloop
  endfacet
  facet normal 0.454013 -0.890995 0
    outer loop
      vertex 5.825 8.19593 -2
      vertex 5.93225 8.25058 0
      vertex 5.825 8.19593 0
    endloop
  endfacet
  facet normal 0.454013 -0.890995 0
    outer loop
      vertex 5.93225 8.25058 0
      vertex 5.825 8.19593 -2
      vertex 5.93225 8.25058 -2
    endloop
  endfacet
  facet normal 0.358378 0.933577 -0
    outer loop
      vertex 6.04463 6.10628 -2
      vertex 5.93225 6.14942 0
      vertex 6.04463 6.10628 0
    endloop
  endfacet
  facet normal 0.358378 0.933577 0
    outer loop
      vertex 5.93225 6.14942 0
      vertex 6.04463 6.10628 -2
      vertex 5.93225 6.14942 -2
    endloop
  endfacet
  facet normal -0.629294 0.777167 0
    outer loop
      vertex 7.1695 6.34538 -2
      vertex 7.07595 6.26963 0
      vertex 7.1695 6.34538 0
    endloop
  endfacet
  facet normal -0.629294 0.777167 0
    outer loop
      vertex 7.07595 6.26963 0
      vertex 7.1695 6.34538 -2
      vertex 7.07595 6.26963 -2
    endloop
  endfacet
  facet normal -0.965914 0.258862 0
    outer loop
      vertex 7.49371 6.84463 -2
      vertex 7.52487 6.9609 0
      vertex 7.52487 6.9609 -2
    endloop
  endfacet
  facet normal -0.965914 0.258862 0
    outer loop
      vertex 7.52487 6.9609 0
      vertex 7.49371 6.84463 -2
      vertex 7.49371 6.84463 0
    endloop
  endfacet
  facet normal -0.544652 -0.838662 0
    outer loop
      vertex 6.975 8.19593 -2
      vertex 7.07595 8.13037 0
      vertex 6.975 8.19593 0
    endloop
  endfacet
  facet normal -0.544652 -0.838662 -0
    outer loop
      vertex 7.07595 8.13037 0
      vertex 6.975 8.19593 -2
      vertex 7.07595 8.13037 -2
    endloop
  endfacet
  facet normal 0.99863 -0.0523365 0
    outer loop
      vertex 5.25 7.2 0
      vertex 5.2563 7.32021 -2
      vertex 5.2563 7.32021 0
    endloop
  endfacet
  facet normal 0.99863 -0.0523365 0
    outer loop
      vertex 5.2563 7.32021 -2
      vertex 5.25 7.2 0
      vertex 5.25 7.2 -2
    endloop
  endfacet
  facet normal 0.629294 -0.777167 0
    outer loop
      vertex 5.6305 8.05462 -2
      vertex 5.72405 8.13037 0
      vertex 5.6305 8.05462 0
    endloop
  endfacet
  facet normal 0.629294 -0.777167 0
    outer loop
      vertex 5.72405 8.13037 0
      vertex 5.6305 8.05462 -2
      vertex 5.72405 8.13037 -2
    endloop
  endfacet
  facet normal -0.707107 0.707107 0
    outer loop
      vertex 7.1695 6.34538 -2
      vertex 7.25462 6.4305 0
      vertex 7.25462 6.4305 -2
    endloop
  endfacet
  facet normal -0.707107 0.707107 0
    outer loop
      vertex 7.25462 6.4305 0
      vertex 7.1695 6.34538 -2
      vertex 7.1695 6.34538 0
    endloop
  endfacet
  facet normal 0.544652 0.838662 -0
    outer loop
      vertex 5.825 6.20407 -2
      vertex 5.72405 6.26963 0
      vertex 5.825 6.20407 0
    endloop
  endfacet
  facet normal 0.544652 0.838662 0
    outer loop
      vertex 5.72405 6.26963 0
      vertex 5.825 6.20407 -2
      vertex 5.72405 6.26963 -2
    endloop
  endfacet
  facet normal 0.544652 -0.838662 0
    outer loop
      vertex 5.72405 8.13037 -2
      vertex 5.825 8.19593 0
      vertex 5.72405 8.13037 0
    endloop
  endfacet
  facet normal 0.544652 -0.838662 0
    outer loop
      vertex 5.825 8.19593 0
      vertex 5.72405 8.13037 -2
      vertex 5.825 8.19593 -2
    endloop
  endfacet
  facet normal -0.933604 0.358305 0
    outer loop
      vertex 7.45058 6.73225 -2
      vertex 7.49371 6.84463 0
      vertex 7.49371 6.84463 -2
    endloop
  endfacet
  facet normal -0.933604 0.358305 0
    outer loop
      vertex 7.49371 6.84463 0
      vertex 7.45058 6.73225 -2
      vertex 7.45058 6.73225 0
    endloop
  endfacet
  facet normal 0.987689 0.156432 0
    outer loop
      vertex 5.27513 6.9609 0
      vertex 5.2563 7.07979 -2
      vertex 5.2563 7.07979 0
    endloop
  endfacet
  facet normal 0.987689 0.156432 0
    outer loop
      vertex 5.2563 7.07979 -2
      vertex 5.27513 6.9609 0
      vertex 5.27513 6.9609 -2
    endloop
  endfacet
  facet normal 0.156432 -0.987689 0
    outer loop
      vertex 6.1609 8.32487 -2
      vertex 6.27979 8.3437 0
      vertex 6.1609 8.32487 0
    endloop
  endfacet
  facet normal 0.156432 -0.987689 0
    outer loop
      vertex 6.27979 8.3437 0
      vertex 6.1609 8.32487 -2
      vertex 6.27979 8.3437 -2
    endloop
  endfacet
  facet normal 0.258862 -0.965914 0
    outer loop
      vertex 6.04463 8.29371 -2
      vertex 6.1609 8.32487 0
      vertex 6.04463 8.29371 0
    endloop
  endfacet
  facet normal 0.258862 -0.965914 0
    outer loop
      vertex 6.1609 8.32487 0
      vertex 6.04463 8.29371 -2
      vertex 6.1609 8.32487 -2
    endloop
  endfacet
  facet normal -0.987689 0.156432 0
    outer loop
      vertex 7.52487 6.9609 -2
      vertex 7.5437 7.07979 0
      vertex 7.5437 7.07979 -2
    endloop
  endfacet
  facet normal -0.987689 0.156432 0
    outer loop
      vertex 7.5437 7.07979 0
      vertex 7.52487 6.9609 -2
      vertex 7.52487 6.9609 0
    endloop
  endfacet
  facet normal -0.777167 0.629294 0
    outer loop
      vertex 7.25462 6.4305 -2
      vertex 7.33037 6.52405 0
      vertex 7.33037 6.52405 -2
    endloop
  endfacet
  facet normal -0.777167 0.629294 0
    outer loop
      vertex 7.33037 6.52405 0
      vertex 7.25462 6.4305 -2
      vertex 7.25462 6.4305 0
    endloop
  endfacet
  facet normal -0.890995 -0.454013 0
    outer loop
      vertex 7.45058 7.66775 -2
      vertex 7.39593 7.775 0
      vertex 7.39593 7.775 -2
    endloop
  endfacet
  facet normal -0.890995 -0.454013 0
    outer loop
      vertex 7.39593 7.775 0
      vertex 7.45058 7.66775 -2
      vertex 7.45058 7.66775 0
    endloop
  endfacet
  facet normal -0.454013 -0.890995 0
    outer loop
      vertex 6.86775 8.25058 -2
      vertex 6.975 8.19593 0
      vertex 6.86775 8.25058 0
    endloop
  endfacet
  facet normal -0.454013 -0.890995 -0
    outer loop
      vertex 6.975 8.19593 0
      vertex 6.86775 8.25058 -2
      vertex 6.975 8.19593 -2
    endloop
  endfacet
  facet normal -0.777167 -0.629294 0
    outer loop
      vertex 7.33037 7.87595 -2
      vertex 7.25462 7.9695 0
      vertex 7.25462 7.9695 -2
    endloop
  endfacet
  facet normal -0.777167 -0.629294 0
    outer loop
      vertex 7.25462 7.9695 0
      vertex 7.33037 7.87595 -2
      vertex 7.33037 7.87595 0
    endloop
  endfacet
  facet normal -0.707107 -0.707107 0
    outer loop
      vertex 7.25462 7.9695 -2
      vertex 7.1695 8.05462 0
      vertex 7.1695 8.05462 -2
    endloop
  endfacet
  facet normal -0.707107 -0.707107 0
    outer loop
      vertex 7.1695 8.05462 0
      vertex 7.25462 7.9695 -2
      vertex 7.25462 7.9695 0
    endloop
  endfacet
  facet normal -0.933604 -0.358305 0
    outer loop
      vertex 7.49371 7.55537 -2
      vertex 7.45058 7.66775 0
      vertex 7.45058 7.66775 -2
    endloop
  endfacet
  facet normal -0.933604 -0.358305 0
    outer loop
      vertex 7.45058 7.66775 0
      vertex 7.49371 7.55537 -2
      vertex 7.49371 7.55537 0
    endloop
  endfacet
  facet normal 0.777167 0.629294 0
    outer loop
      vertex 5.54538 6.4305 0
      vertex 5.46963 6.52405 -2
      vertex 5.46963 6.52405 0
    endloop
  endfacet
  facet normal 0.777167 0.629294 0
    outer loop
      vertex 5.46963 6.52405 -2
      vertex 5.54538 6.4305 0
      vertex 5.54538 6.4305 -2
    endloop
  endfacet
  facet normal 0.454013 0.890995 -0
    outer loop
      vertex 5.93225 6.14942 -2
      vertex 5.825 6.20407 0
      vertex 5.93225 6.14942 0
    endloop
  endfacet
  facet normal 0.454013 0.890995 0
    outer loop
      vertex 5.825 6.20407 0
      vertex 5.93225 6.14942 -2
      vertex 5.825 6.20407 -2
    endloop
  endfacet
  facet normal 0.987689 -0.156432 0
    outer loop
      vertex 5.2563 7.32021 0
      vertex 5.27513 7.4391 -2
      vertex 5.27513 7.4391 0
    endloop
  endfacet
  facet normal 0.987689 -0.156432 0
    outer loop
      vertex 5.27513 7.4391 -2
      vertex 5.2563 7.32021 0
      vertex 5.2563 7.32021 -2
    endloop
  endfacet
  facet normal -0.838662 -0.544652 0
    outer loop
      vertex 7.39593 7.775 -2
      vertex 7.33037 7.87595 0
      vertex 7.33037 7.87595 -2
    endloop
  endfacet
  facet normal -0.838662 -0.544652 0
    outer loop
      vertex 7.33037 7.87595 0
      vertex 7.39593 7.775 -2
      vertex 7.39593 7.775 0
    endloop
  endfacet
  facet normal 0.358305 -0.933604 0
    outer loop
      vertex 5.93225 8.25058 -2
      vertex 6.04463 8.29371 0
      vertex 5.93225 8.25058 0
    endloop
  endfacet
  facet normal 0.358305 -0.933604 0
    outer loop
      vertex 6.04463 8.29371 0
      vertex 5.93225 8.25058 -2
      vertex 6.04463 8.29371 -2
    endloop
  endfacet
  facet normal -0.358378 0.933577 0
    outer loop
      vertex 6.86775 6.14942 -2
      vertex 6.75537 6.10628 0
      vertex 6.86775 6.14942 0
    endloop
  endfacet
  facet normal -0.358378 0.933577 0
    outer loop
      vertex 6.75537 6.10628 0
      vertex 6.86775 6.14942 -2
      vertex 6.75537 6.10628 -2
    endloop
  endfacet
  facet normal 0.707107 -0.707107 0
    outer loop
      vertex 5.54538 7.9695 0
      vertex 5.6305 8.05462 -2
      vertex 5.6305 8.05462 0
    endloop
  endfacet
  facet normal 0.707107 -0.707107 0
    outer loop
      vertex 5.6305 8.05462 -2
      vertex 5.54538 7.9695 0
      vertex 5.54538 7.9695 -2
    endloop
  endfacet
  facet normal -0.258785 0.965935 0
    outer loop
      vertex 6.75537 6.10628 -2
      vertex 6.6391 6.07513 0
      vertex 6.75537 6.10628 0
    endloop
  endfacet
  facet normal -0.258785 0.965935 0
    outer loop
      vertex 6.6391 6.07513 0
      vertex 6.75537 6.10628 -2
      vertex 6.6391 6.07513 -2
    endloop
  endfacet
  facet normal 0.777167 -0.629294 0
    outer loop
      vertex 5.46963 7.87595 0
      vertex 5.54538 7.9695 -2
      vertex 5.54538 7.9695 0
    endloop
  endfacet
  facet normal 0.777167 -0.629294 0
    outer loop
      vertex 5.54538 7.9695 -2
      vertex 5.46963 7.87595 0
      vertex 5.46963 7.87595 -2
    endloop
  endfacet
  facet normal 0.838662 -0.544652 0
    outer loop
      vertex 5.40407 7.775 0
      vertex 5.46963 7.87595 -2
      vertex 5.46963 7.87595 0
    endloop
  endfacet
  facet normal 0.838662 -0.544652 0
    outer loop
      vertex 5.46963 7.87595 -2
      vertex 5.40407 7.775 0
      vertex 5.40407 7.775 -2
    endloop
  endfacet
  facet normal 0.0523365 0.99863 -0
    outer loop
      vertex 6.4 6.05 -2
      vertex 6.27979 6.0563 0
      vertex 6.4 6.05 0
    endloop
  endfacet
  facet normal 0.0523365 0.99863 0
    outer loop
      vertex 6.27979 6.0563 0
      vertex 6.4 6.05 -2
      vertex 6.27979 6.0563 -2
    endloop
  endfacet
  facet normal 0.890995 0.454013 0
    outer loop
      vertex 5.40407 6.625 0
      vertex 5.34942 6.73225 -2
      vertex 5.34942 6.73225 0
    endloop
  endfacet
  facet normal 0.890995 0.454013 0
    outer loop
      vertex 5.34942 6.73225 -2
      vertex 5.40407 6.625 0
      vertex 5.40407 6.625 -2
    endloop
  endfacet
  facet normal 0.933577 0.358378 0
    outer loop
      vertex 5.34942 6.73225 0
      vertex 5.30628 6.84463 -2
      vertex 5.30628 6.84463 0
    endloop
  endfacet
  facet normal 0.933577 0.358378 0
    outer loop
      vertex 5.30628 6.84463 -2
      vertex 5.34942 6.73225 0
      vertex 5.34942 6.73225 -2
    endloop
  endfacet
  facet normal 0.258785 0.965935 -0
    outer loop
      vertex 6.1609 6.07513 -2
      vertex 6.04463 6.10628 0
      vertex 6.1609 6.07513 0
    endloop
  endfacet
  facet normal 0.258785 0.965935 0
    outer loop
      vertex 6.04463 6.10628 0
      vertex 6.1609 6.07513 -2
      vertex 6.04463 6.10628 -2
    endloop
  endfacet
  facet normal -0.0523365 0.99863 0
    outer loop
      vertex 6.52021 6.0563 -2
      vertex 6.4 6.05 0
      vertex 6.52021 6.0563 0
    endloop
  endfacet
  facet normal -0.0523365 0.99863 0
    outer loop
      vertex 6.4 6.05 0
      vertex 6.52021 6.0563 -2
      vertex 6.4 6.05 -2
    endloop
  endfacet
  facet normal -0.838662 0.544652 0
    outer loop
      vertex 7.33037 6.52405 -2
      vertex 7.39593 6.625 0
      vertex 7.39593 6.625 -2
    endloop
  endfacet
  facet normal -0.838662 0.544652 0
    outer loop
      vertex 7.39593 6.625 0
      vertex 7.33037 6.52405 -2
      vertex 7.33037 6.52405 0
    endloop
  endfacet
  facet normal -0.890995 0.454013 0
    outer loop
      vertex 7.39593 6.625 -2
      vertex 7.45058 6.73225 0
      vertex 7.45058 6.73225 -2
    endloop
  endfacet
  facet normal -0.890995 0.454013 0
    outer loop
      vertex 7.45058 6.73225 0
      vertex 7.39593 6.625 -2
      vertex 7.39593 6.625 0
    endloop
  endfacet
  facet normal 0.965935 -0.258785 0
    outer loop
      vertex 5.27513 7.4391 0
      vertex 5.30628 7.55537 -2
      vertex 5.30628 7.55537 0
    endloop
  endfacet
  facet normal 0.965935 -0.258785 0
    outer loop
      vertex 5.30628 7.55537 -2
      vertex 5.27513 7.4391 0
      vertex 5.27513 7.4391 -2
    endloop
  endfacet
  facet normal 0.838662 0.544652 0
    outer loop
      vertex 5.46963 6.52405 0
      vertex 5.40407 6.625 -2
      vertex 5.40407 6.625 0
    endloop
  endfacet
  facet normal 0.838662 0.544652 0
    outer loop
      vertex 5.40407 6.625 -2
      vertex 5.46963 6.52405 0
      vertex 5.46963 6.52405 -2
    endloop
  endfacet
  facet normal 0.933577 -0.358378 0
    outer loop
      vertex 5.30628 7.55537 0
      vertex 5.34942 7.66775 -2
      vertex 5.34942 7.66775 0
    endloop
  endfacet
  facet normal 0.933577 -0.358378 0
    outer loop
      vertex 5.34942 7.66775 -2
      vertex 5.30628 7.55537 0
      vertex 5.30628 7.55537 -2
    endloop
  endfacet
  facet normal 0.99863 0.0523365 0
    outer loop
      vertex 5.2563 7.07979 0
      vertex 5.25 7.2 -2
      vertex 5.25 7.2 0
    endloop
  endfacet
  facet normal 0.99863 0.0523365 0
    outer loop
      vertex 5.25 7.2 -2
      vertex 5.2563 7.07979 0
      vertex 5.2563 7.07979 -2
    endloop
  endfacet
  facet normal 0.890995 -0.454013 0
    outer loop
      vertex 5.34942 7.66775 0
      vertex 5.40407 7.775 -2
      vertex 5.40407 7.775 0
    endloop
  endfacet
  facet normal 0.890995 -0.454013 0
    outer loop
      vertex 5.40407 7.775 -2
      vertex 5.34942 7.66775 0
      vertex 5.34942 7.66775 -2
    endloop
  endfacet
  facet normal 0.156432 0.987689 -0
    outer loop
      vertex 6.27979 6.0563 -2
      vertex 6.1609 6.07513 0
      vertex 6.27979 6.0563 0
    endloop
  endfacet
  facet normal 0.156432 0.987689 0
    outer loop
      vertex 6.1609 6.07513 0
      vertex 6.27979 6.0563 -2
      vertex 6.1609 6.07513 -2
    endloop
  endfacet
  facet normal -0.156432 -0.987689 0
    outer loop
      vertex 6.52021 8.3437 -2
      vertex 6.6391 8.32487 0
      vertex 6.52021 8.3437 0
    endloop
  endfacet
  facet normal -0.156432 -0.987689 -0
    outer loop
      vertex 6.6391 8.32487 0
      vertex 6.52021 8.3437 -2
      vertex 6.6391 8.32487 -2
    endloop
  endfacet
  facet normal -0.987727 -0.156189 0
    outer loop
      vertex 98.7437 7.32021 -2
      vertex 98.7249 7.4391 0
      vertex 98.7249 7.4391 -2
    endloop
  endfacet
  facet normal -0.987727 -0.156189 0
    outer loop
      vertex 98.7249 7.4391 0
      vertex 98.7437 7.32021 -2
      vertex 98.7437 7.32021 0
    endloop
  endfacet
  facet normal -0.99863 -0.0523365 0
    outer loop
      vertex 98.75 7.2 -2
      vertex 98.7437 7.32021 0
      vertex 98.7437 7.32021 -2
    endloop
  endfacet
  facet normal -0.99863 -0.0523365 0
    outer loop
      vertex 98.7437 7.32021 0
      vertex 98.75 7.2 -2
      vertex 98.75 7.2 0
    endloop
  endfacet
  facet normal -0.965831 -0.259172 0
    outer loop
      vertex 98.7249 7.4391 -2
      vertex 98.6937 7.55537 0
      vertex 98.6937 7.55537 -2
    endloop
  endfacet
  facet normal -0.965831 -0.259172 0
    outer loop
      vertex 98.6937 7.55537 0
      vertex 98.7249 7.4391 -2
      vertex 98.7249 7.4391 0
    endloop
  endfacet
  facet normal 0.2588 -0.965931 0
    outer loop
      vertex 97.2446 8.29371 -2
      vertex 97.3609 8.32487 0
      vertex 97.2446 8.29371 0
    endloop
  endfacet
  facet normal 0.2588 -0.965931 0
    outer loop
      vertex 97.3609 8.32487 0
      vertex 97.2446 8.29371 -2
      vertex 97.3609 8.32487 -2
    endloop
  endfacet
  facet normal 0.156419 0.987691 -0
    outer loop
      vertex 97.4798 6.0563 -2
      vertex 97.3609 6.07513 0
      vertex 97.4798 6.0563 0
    endloop
  endfacet
  facet normal 0.156419 0.987691 0
    outer loop
      vertex 97.3609 6.07513 0
      vertex 97.4798 6.0563 -2
      vertex 97.3609 6.07513 -2
    endloop
  endfacet
  facet normal 0.453845 0.891081 -0
    outer loop
      vertex 97.1323 6.14942 -2
      vertex 97.025 6.20407 0
      vertex 97.1323 6.14942 0
    endloop
  endfacet
  facet normal 0.453845 0.891081 0
    outer loop
      vertex 97.025 6.20407 0
      vertex 97.1323 6.14942 -2
      vertex 97.025 6.20407 -2
    endloop
  endfacet
  facet normal -0.453845 0.891081 0
    outer loop
      vertex 98.175 6.20407 -2
      vertex 98.0677 6.14942 0
      vertex 98.175 6.20407 0
    endloop
  endfacet
  facet normal -0.453845 0.891081 0
    outer loop
      vertex 98.0677 6.14942 0
      vertex 98.175 6.20407 -2
      vertex 98.0677 6.14942 -2
    endloop
  endfacet
  facet normal -0.70719 -0.707024 0
    outer loop
      vertex 98.3695 8.05462 -2
      vertex 98.4546 7.9695 0
      vertex 98.3695 8.05462 0
    endloop
  endfacet
  facet normal -0.70719 -0.707024 -0
    outer loop
      vertex 98.4546 7.9695 0
      vertex 98.3695 8.05462 -2
      vertex 98.4546 7.9695 -2
    endloop
  endfacet
  facet normal 0.0523408 -0.998629 0
    outer loop
      vertex 97.4798 8.3437 -2
      vertex 97.6 8.35 0
      vertex 97.4798 8.3437 0
    endloop
  endfacet
  facet normal 0.0523408 -0.998629 0
    outer loop
      vertex 97.6 8.35 0
      vertex 97.4798 8.3437 -2
      vertex 97.6 8.35 -2
    endloop
  endfacet
  facet normal -0.776964 0.629545 0
    outer loop
      vertex 98.4546 6.4305 -2
      vertex 98.5304 6.52405 0
      vertex 98.5304 6.52405 -2
    endloop
  endfacet
  facet normal -0.776964 0.629545 0
    outer loop
      vertex 98.5304 6.52405 0
      vertex 98.4546 6.4305 -2
      vertex 98.4546 6.4305 0
    endloop
  endfacet
  facet normal 0.987727 -0.156189 0
    outer loop
      vertex 96.4563 7.32021 0
      vertex 96.4751 7.4391 -2
      vertex 96.4751 7.4391 0
    endloop
  endfacet
  facet normal 0.987727 -0.156189 0
    outer loop
      vertex 96.4751 7.4391 -2
      vertex 96.4563 7.32021 0
      vertex 96.4563 7.32021 -2
    endloop
  endfacet
  facet normal -0.83889 -0.544302 0
    outer loop
      vertex 98.5959 7.775 -2
      vertex 98.5304 7.87595 0
      vertex 98.5304 7.87595 -2
    endloop
  endfacet
  facet normal -0.83889 -0.544302 0
    outer loop
      vertex 98.5304 7.87595 0
      vertex 98.5959 7.775 -2
      vertex 98.5959 7.775 0
    endloop
  endfacet
  facet normal 0.776964 -0.629545 0
    outer loop
      vertex 96.6696 7.87595 0
      vertex 96.7454 7.9695 -2
      vertex 96.7454 7.9695 0
    endloop
  endfacet
  facet normal 0.776964 -0.629545 0
    outer loop
      vertex 96.7454 7.9695 -2
      vertex 96.6696 7.87595 0
      vertex 96.6696 7.87595 -2
    endloop
  endfacet
  facet normal -0.544463 -0.838785 0
    outer loop
      vertex 98.175 8.19593 -2
      vertex 98.276 8.13037 0
      vertex 98.175 8.19593 0
    endloop
  endfacet
  facet normal -0.544463 -0.838785 -0
    outer loop
      vertex 98.276 8.13037 0
      vertex 98.175 8.19593 -2
      vertex 98.276 8.13037 -2
    endloop
  endfacet
  facet normal -0.890827 -0.454343 0
    outer loop
      vertex 98.6506 7.66775 -2
      vertex 98.5959 7.775 0
      vertex 98.5959 7.775 -2
    endloop
  endfacet
  facet normal -0.890827 -0.454343 0
    outer loop
      vertex 98.5959 7.775 0
      vertex 98.6506 7.66775 -2
      vertex 98.6506 7.66775 0
    endloop
  endfacet
  facet normal 0.933688 -0.358088 0
    outer loop
      vertex 96.5063 7.55537 0
      vertex 96.5494 7.66775 -2
      vertex 96.5494 7.66775 0
    endloop
  endfacet
  facet normal 0.933688 -0.358088 0
    outer loop
      vertex 96.5494 7.66775 -2
      vertex 96.5063 7.55537 0
      vertex 96.5063 7.55537 -2
    endloop
  endfacet
  facet normal 0.453845 -0.891081 0
    outer loop
      vertex 97.025 8.19593 -2
      vertex 97.1323 8.25058 0
      vertex 97.025 8.19593 0
    endloop
  endfacet
  facet normal 0.453845 -0.891081 0
    outer loop
      vertex 97.1323 8.25058 0
      vertex 97.025 8.19593 -2
      vertex 97.1323 8.25058 -2
    endloop
  endfacet
  facet normal 0.776964 0.629545 0
    outer loop
      vertex 96.7454 6.4305 0
      vertex 96.6696 6.52405 -2
      vertex 96.6696 6.52405 0
    endloop
  endfacet
  facet normal 0.776964 0.629545 0
    outer loop
      vertex 96.6696 6.52405 -2
      vertex 96.7454 6.4305 0
      vertex 96.7454 6.4305 -2
    endloop
  endfacet
  facet normal -0.3586 0.933491 0
    outer loop
      vertex 98.0677 6.14942 -2
      vertex 97.9554 6.10628 0
      vertex 98.0677 6.14942 0
    endloop
  endfacet
  facet normal -0.3586 0.933491 0
    outer loop
      vertex 97.9554 6.10628 0
      vertex 98.0677 6.14942 -2
      vertex 97.9554 6.10628 -2
    endloop
  endfacet
  facet normal 0.890827 0.454343 0
    outer loop
      vertex 96.6041 6.625 0
      vertex 96.5494 6.73225 -2
      vertex 96.5494 6.73225 0
    endloop
  endfacet
  facet normal 0.890827 0.454343 0
    outer loop
      vertex 96.5494 6.73225 -2
      vertex 96.6041 6.625 0
      vertex 96.6041 6.625 -2
    endloop
  endfacet
  facet normal 0.933688 0.358088 0
    outer loop
      vertex 96.5494 6.73225 0
      vertex 96.5063 6.84463 -2
      vertex 96.5063 6.84463 0
    endloop
  endfacet
  facet normal 0.933688 0.358088 0
    outer loop
      vertex 96.5063 6.84463 -2
      vertex 96.5494 6.73225 0
      vertex 96.5494 6.73225 -2
    endloop
  endfacet
  facet normal 0.629497 -0.777003 0
    outer loop
      vertex 96.8305 8.05462 -2
      vertex 96.924 8.13037 0
      vertex 96.8305 8.05462 0
    endloop
  endfacet
  facet normal 0.629497 -0.777003 0
    outer loop
      vertex 96.924 8.13037 0
      vertex 96.8305 8.05462 -2
      vertex 96.924 8.13037 -2
    endloop
  endfacet
  facet normal 0.70719 -0.707024 0
    outer loop
      vertex 96.7454 7.9695 0
      vertex 96.8305 8.05462 -2
      vertex 96.8305 8.05462 0
    endloop
  endfacet
  facet normal 0.70719 -0.707024 0
    outer loop
      vertex 96.8305 8.05462 -2
      vertex 96.7454 7.9695 0
      vertex 96.7454 7.9695 -2
    endloop
  endfacet
  facet normal -0.544463 0.838785 0
    outer loop
      vertex 98.276 6.26963 -2
      vertex 98.175 6.20407 0
      vertex 98.276 6.26963 0
    endloop
  endfacet
  facet normal -0.544463 0.838785 0
    outer loop
      vertex 98.175 6.20407 0
      vertex 98.276 6.26963 -2
      vertex 98.175 6.20407 -2
    endloop
  endfacet
  facet normal -0.83889 0.544302 0
    outer loop
      vertex 98.5304 6.52405 -2
      vertex 98.5959 6.625 0
      vertex 98.5959 6.625 -2
    endloop
  endfacet
  facet normal -0.83889 0.544302 0
    outer loop
      vertex 98.5959 6.625 0
      vertex 98.5304 6.52405 -2
      vertex 98.5304 6.52405 0
    endloop
  endfacet
  facet normal 0.358528 -0.933519 0
    outer loop
      vertex 97.1323 8.25058 -2
      vertex 97.2446 8.29371 0
      vertex 97.1323 8.25058 0
    endloop
  endfacet
  facet normal 0.358528 -0.933519 0
    outer loop
      vertex 97.2446 8.29371 0
      vertex 97.1323 8.25058 -2
      vertex 97.2446 8.29371 -2
    endloop
  endfacet
  facet normal -0.0523408 0.998629 0
    outer loop
      vertex 97.7202 6.0563 -2
      vertex 97.6 6.05 0
      vertex 97.7202 6.0563 0
    endloop
  endfacet
  facet normal -0.0523408 0.998629 0
    outer loop
      vertex 97.6 6.05 0
      vertex 97.7202 6.0563 -2
      vertex 97.6 6.05 -2
    endloop
  endfacet
  facet normal -0.776964 -0.629545 0
    outer loop
      vertex 98.5304 7.87595 -2
      vertex 98.4546 7.9695 0
      vertex 98.4546 7.9695 -2
    endloop
  endfacet
  facet normal -0.776964 -0.629545 0
    outer loop
      vertex 98.4546 7.9695 0
      vertex 98.5304 7.87595 -2
      vertex 98.5304 7.87595 0
    endloop
  endfacet
  facet normal -0.933688 0.358088 0
    outer loop
      vertex 98.6506 6.73225 -2
      vertex 98.6937 6.84463 0
      vertex 98.6937 6.84463 -2
    endloop
  endfacet
  facet normal -0.933688 0.358088 0
    outer loop
      vertex 98.6937 6.84463 0
      vertex 98.6506 6.73225 -2
      vertex 98.6506 6.73225 0
    endloop
  endfacet
  facet normal 0.83889 0.544302 0
    outer loop
      vertex 96.6696 6.52405 0
      vertex 96.6041 6.625 -2
      vertex 96.6041 6.625 0
    endloop
  endfacet
  facet normal 0.83889 0.544302 0
    outer loop
      vertex 96.6041 6.625 -2
      vertex 96.6696 6.52405 0
      vertex 96.6696 6.52405 -2
    endloop
  endfacet
  facet normal -0.258722 0.965952 0
    outer loop
      vertex 97.9554 6.10628 -2
      vertex 97.8391 6.07513 0
      vertex 97.9554 6.10628 0
    endloop
  endfacet
  facet normal -0.258722 0.965952 0
    outer loop
      vertex 97.8391 6.07513 0
      vertex 97.9554 6.10628 -2
      vertex 97.8391 6.07513 -2
    endloop
  endfacet
  facet normal -0.629497 -0.777003 0
    outer loop
      vertex 98.276 8.13037 -2
      vertex 98.3695 8.05462 0
      vertex 98.276 8.13037 0
    endloop
  endfacet
  facet normal -0.629497 -0.777003 -0
    outer loop
      vertex 98.3695 8.05462 0
      vertex 98.276 8.13037 -2
      vertex 98.3695 8.05462 -2
    endloop
  endfacet
  facet normal -0.890827 0.454343 0
    outer loop
      vertex 98.5959 6.625 -2
      vertex 98.6506 6.73225 0
      vertex 98.6506 6.73225 -2
    endloop
  endfacet
  facet normal -0.890827 0.454343 0
    outer loop
      vertex 98.6506 6.73225 0
      vertex 98.5959 6.625 -2
      vertex 98.5959 6.625 0
    endloop
  endfacet
  facet normal -0.933688 -0.358088 0
    outer loop
      vertex 98.6937 7.55537 -2
      vertex 98.6506 7.66775 0
      vertex 98.6506 7.66775 -2
    endloop
  endfacet
  facet normal -0.933688 -0.358088 0
    outer loop
      vertex 98.6506 7.66775 0
      vertex 98.6937 7.55537 -2
      vertex 98.6937 7.55537 0
    endloop
  endfacet
  facet normal -0.453845 -0.891081 0
    outer loop
      vertex 98.0677 8.25058 -2
      vertex 98.175 8.19593 0
      vertex 98.0677 8.25058 0
    endloop
  endfacet
  facet normal -0.453845 -0.891081 -0
    outer loop
      vertex 98.175 8.19593 0
      vertex 98.0677 8.25058 -2
      vertex 98.175 8.19593 -2
    endloop
  endfacet
  facet normal -0.156419 0.987691 0
    outer loop
      vertex 97.8391 6.07513 -2
      vertex 97.7202 6.0563 0
      vertex 97.8391 6.07513 0
    endloop
  endfacet
  facet normal -0.156419 0.987691 0
    outer loop
      vertex 97.7202 6.0563 0
      vertex 97.8391 6.07513 -2
      vertex 97.7202 6.0563 -2
    endloop
  endfacet
  facet normal 0.3586 0.933491 -0
    outer loop
      vertex 97.2446 6.10628 -2
      vertex 97.1323 6.14942 0
      vertex 97.2446 6.10628 0
    endloop
  endfacet
  facet normal 0.3586 0.933491 0
    outer loop
      vertex 97.1323 6.14942 0
      vertex 97.2446 6.10628 -2
      vertex 97.1323 6.14942 -2
    endloop
  endfacet
  facet normal 0.70719 0.707024 0
    outer loop
      vertex 96.8305 6.34538 0
      vertex 96.7454 6.4305 -2
      vertex 96.7454 6.4305 0
    endloop
  endfacet
  facet normal 0.70719 0.707024 0
    outer loop
      vertex 96.7454 6.4305 -2
      vertex 96.8305 6.34538 0
      vertex 96.8305 6.34538 -2
    endloop
  endfacet
  facet normal -0.965831 0.259172 0
    outer loop
      vertex 98.6937 6.84463 -2
      vertex 98.7249 6.9609 0
      vertex 98.7249 6.9609 -2
    endloop
  endfacet
  facet normal -0.965831 0.259172 0
    outer loop
      vertex 98.7249 6.9609 0
      vertex 98.6937 6.84463 -2
      vertex 98.6937 6.84463 0
    endloop
  endfacet
  facet normal 0.156419 -0.987691 0
    outer loop
      vertex 97.3609 8.32487 -2
      vertex 97.4798 8.3437 0
      vertex 97.3609 8.32487 0
    endloop
  endfacet
  facet normal 0.156419 -0.987691 0
    outer loop
      vertex 97.4798 8.3437 0
      vertex 97.3609 8.32487 -2
      vertex 97.4798 8.3437 -2
    endloop
  endfacet
  facet normal -0.99863 0.0523365 0
    outer loop
      vertex 98.7437 7.07979 -2
      vertex 98.75 7.2 0
      vertex 98.75 7.2 -2
    endloop
  endfacet
  facet normal -0.99863 0.0523365 0
    outer loop
      vertex 98.75 7.2 0
      vertex 98.7437 7.07979 -2
      vertex 98.7437 7.07979 0
    endloop
  endfacet
  facet normal -0.358528 -0.933519 0
    outer loop
      vertex 97.9554 8.29371 -2
      vertex 98.0677 8.25058 0
      vertex 97.9554 8.29371 0
    endloop
  endfacet
  facet normal -0.358528 -0.933519 -0
    outer loop
      vertex 98.0677 8.25058 0
      vertex 97.9554 8.29371 -2
      vertex 98.0677 8.25058 -2
    endloop
  endfacet
  facet normal -0.2588 -0.965931 0
    outer loop
      vertex 97.8391 8.32487 -2
      vertex 97.9554 8.29371 0
      vertex 97.8391 8.32487 0
    endloop
  endfacet
  facet normal -0.2588 -0.965931 -0
    outer loop
      vertex 97.9554 8.29371 0
      vertex 97.8391 8.32487 -2
      vertex 97.9554 8.29371 -2
    endloop
  endfacet
  facet normal -0.156419 -0.987691 0
    outer loop
      vertex 97.7202 8.3437 -2
      vertex 97.8391 8.32487 0
      vertex 97.7202 8.3437 0
    endloop
  endfacet
  facet normal -0.156419 -0.987691 -0
    outer loop
      vertex 97.8391 8.32487 0
      vertex 97.7202 8.3437 -2
      vertex 97.8391 8.32487 -2
    endloop
  endfacet
  facet normal 0.965831 -0.259172 0
    outer loop
      vertex 96.4751 7.4391 0
      vertex 96.5063 7.55537 -2
      vertex 96.5063 7.55537 0
    endloop
  endfacet
  facet normal 0.965831 -0.259172 0
    outer loop
      vertex 96.5063 7.55537 -2
      vertex 96.4751 7.4391 0
      vertex 96.4751 7.4391 -2
    endloop
  endfacet
  facet normal -0.987727 0.156189 0
    outer loop
      vertex 98.7249 6.9609 -2
      vertex 98.7437 7.07979 0
      vertex 98.7437 7.07979 -2
    endloop
  endfacet
  facet normal -0.987727 0.156189 0
    outer loop
      vertex 98.7437 7.07979 0
      vertex 98.7249 6.9609 -2
      vertex 98.7249 6.9609 0
    endloop
  endfacet
  facet normal 0.83889 -0.544302 0
    outer loop
      vertex 96.6041 7.775 0
      vertex 96.6696 7.87595 -2
      vertex 96.6696 7.87595 0
    endloop
  endfacet
  facet normal 0.83889 -0.544302 0
    outer loop
      vertex 96.6696 7.87595 -2
      vertex 96.6041 7.775 0
      vertex 96.6041 7.775 -2
    endloop
  endfacet
  facet normal -0.0523408 -0.998629 0
    outer loop
      vertex 97.6 8.35 -2
      vertex 97.7202 8.3437 0
      vertex 97.6 8.35 0
    endloop
  endfacet
  facet normal -0.0523408 -0.998629 -0
    outer loop
      vertex 97.7202 8.3437 0
      vertex 97.6 8.35 -2
      vertex 97.7202 8.3437 -2
    endloop
  endfacet
  facet normal 0.965831 0.259172 0
    outer loop
      vertex 96.5063 6.84463 0
      vertex 96.4751 6.9609 -2
      vertex 96.4751 6.9609 0
    endloop
  endfacet
  facet normal 0.965831 0.259172 0
    outer loop
      vertex 96.4751 6.9609 -2
      vertex 96.5063 6.84463 0
      vertex 96.5063 6.84463 -2
    endloop
  endfacet
  facet normal 0.987727 0.156189 0
    outer loop
      vertex 96.4751 6.9609 0
      vertex 96.4563 7.07979 -2
      vertex 96.4563 7.07979 0
    endloop
  endfacet
  facet normal 0.987727 0.156189 0
    outer loop
      vertex 96.4563 7.07979 -2
      vertex 96.4751 6.9609 0
      vertex 96.4751 6.9609 -2
    endloop
  endfacet
  facet normal 0.258722 0.965952 -0
    outer loop
      vertex 97.3609 6.07513 -2
      vertex 97.2446 6.10628 0
      vertex 97.3609 6.07513 0
    endloop
  endfacet
  facet normal 0.258722 0.965952 0
    outer loop
      vertex 97.2446 6.10628 0
      vertex 97.3609 6.07513 -2
      vertex 97.2446 6.10628 -2
    endloop
  endfacet
  facet normal 0.99863 0.0523365 0
    outer loop
      vertex 96.4563 7.07979 0
      vertex 96.45 7.2 -2
      vertex 96.45 7.2 0
    endloop
  endfacet
  facet normal 0.99863 0.0523365 0
    outer loop
      vertex 96.45 7.2 -2
      vertex 96.4563 7.07979 0
      vertex 96.4563 7.07979 -2
    endloop
  endfacet
  facet normal 0.890827 -0.454343 0
    outer loop
      vertex 96.5494 7.66775 0
      vertex 96.6041 7.775 -2
      vertex 96.6041 7.775 0
    endloop
  endfacet
  facet normal 0.890827 -0.454343 0
    outer loop
      vertex 96.6041 7.775 -2
      vertex 96.5494 7.66775 0
      vertex 96.5494 7.66775 -2
    endloop
  endfacet
  facet normal 0.629497 0.777003 -0
    outer loop
      vertex 96.924 6.26963 -2
      vertex 96.8305 6.34538 0
      vertex 96.924 6.26963 0
    endloop
  endfacet
  facet normal 0.629497 0.777003 0
    outer loop
      vertex 96.8305 6.34538 0
      vertex 96.924 6.26963 -2
      vertex 96.8305 6.34538 -2
    endloop
  endfacet
  facet normal 0.544463 0.838785 -0
    outer loop
      vertex 97.025 6.20407 -2
      vertex 96.924 6.26963 0
      vertex 97.025 6.20407 0
    endloop
  endfacet
  facet normal 0.544463 0.838785 0
    outer loop
      vertex 96.924 6.26963 0
      vertex 97.025 6.20407 -2
      vertex 96.924 6.26963 -2
    endloop
  endfacet
  facet normal 0.0523408 0.998629 -0
    outer loop
      vertex 97.6 6.05 -2
      vertex 97.4798 6.0563 0
      vertex 97.6 6.05 0
    endloop
  endfacet
  facet normal 0.0523408 0.998629 0
    outer loop
      vertex 97.4798 6.0563 0
      vertex 97.6 6.05 -2
      vertex 97.4798 6.0563 -2
    endloop
  endfacet
  facet normal 0.544463 -0.838785 0
    outer loop
      vertex 96.924 8.13037 -2
      vertex 97.025 8.19593 0
      vertex 96.924 8.13037 0
    endloop
  endfacet
  facet normal 0.544463 -0.838785 0
    outer loop
      vertex 97.025 8.19593 0
      vertex 96.924 8.13037 -2
      vertex 97.025 8.19593 -2
    endloop
  endfacet
  facet normal 0.99863 -0.0523365 0
    outer loop
      vertex 96.45 7.2 0
      vertex 96.4563 7.32021 -2
      vertex 96.4563 7.32021 0
    endloop
  endfacet
  facet normal 0.99863 -0.0523365 0
    outer loop
      vertex 96.4563 7.32021 -2
      vertex 96.45 7.2 0
      vertex 96.45 7.2 -2
    endloop
  endfacet
  facet normal -0.70719 0.707024 0
    outer loop
      vertex 98.4546 6.4305 -2
      vertex 98.3695 6.34538 0
      vertex 98.4546 6.4305 0
    endloop
  endfacet
  facet normal -0.70719 0.707024 0
    outer loop
      vertex 98.3695 6.34538 0
      vertex 98.4546 6.4305 -2
      vertex 98.3695 6.34538 -2
    endloop
  endfacet
  facet normal -0.629497 0.777003 0
    outer loop
      vertex 98.3695 6.34538 -2
      vertex 98.276 6.26963 0
      vertex 98.3695 6.34538 0
    endloop
  endfacet
  facet normal -0.629497 0.777003 0
    outer loop
      vertex 98.276 6.26963 0
      vertex 98.3695 6.34538 -2
      vertex 98.276 6.26963 -2
    endloop
  endfacet
  facet normal -0.987729 -0.156176 0
    outer loop
      vertex 98.7437 70.2202 -2
      vertex 98.7249 70.3391 0
      vertex 98.7249 70.3391 -2
    endloop
  endfacet
  facet normal -0.987729 -0.156176 0
    outer loop
      vertex 98.7249 70.3391 0
      vertex 98.7437 70.2202 -2
      vertex 98.7437 70.2202 0
    endloop
  endfacet
  facet normal -0.998629 -0.0523408 0
    outer loop
      vertex 98.75 70.1 -2
      vertex 98.7437 70.2202 0
      vertex 98.7437 70.2202 -2
    endloop
  endfacet
  facet normal -0.998629 -0.0523408 0
    outer loop
      vertex 98.7437 70.2202 0
      vertex 98.75 70.1 -2
      vertex 98.75 70.1 0
    endloop
  endfacet
  facet normal -0.965848 -0.25911 0
    outer loop
      vertex 98.7249 70.3391 -2
      vertex 98.6937 70.4554 0
      vertex 98.6937 70.4554 -2
    endloop
  endfacet
  facet normal -0.965848 -0.25911 0
    outer loop
      vertex 98.6937 70.4554 0
      vertex 98.7249 70.3391 -2
      vertex 98.7249 70.3391 0
    endloop
  endfacet
  facet normal -0.454175 -0.890913 0
    outer loop
      vertex 98.0677 71.1506 -2
      vertex 98.175 71.0959 0
      vertex 98.0677 71.1506 0
    endloop
  endfacet
  facet normal -0.454175 -0.890913 -0
    outer loop
      vertex 98.175 71.0959 0
      vertex 98.0677 71.1506 -2
      vertex 98.175 71.0959 -2
    endloop
  endfacet
  facet normal 0.998629 0.0523408 0
    outer loop
      vertex 96.4563 69.9798 0
      vertex 96.45 70.1 -2
      vertex 96.45 70.1 0
    endloop
  endfacet
  facet normal 0.998629 0.0523408 0
    outer loop
      vertex 96.45 70.1 -2
      vertex 96.4563 69.9798 0
      vertex 96.4563 69.9798 -2
    endloop
  endfacet
  facet normal -0.0523408 0.998629 0
    outer loop
      vertex 97.7202 68.9563 -2
      vertex 97.6 68.95 0
      vertex 97.7202 68.9563 0
    endloop
  endfacet
  facet normal -0.0523408 0.998629 0
    outer loop
      vertex 97.6 68.95 0
      vertex 97.7202 68.9563 -2
      vertex 97.6 68.95 -2
    endloop
  endfacet
  facet normal 0.890913 -0.454175 0
    outer loop
      vertex 96.5494 70.5677 0
      vertex 96.6041 70.675 -2
      vertex 96.6041 70.675 0
    endloop
  endfacet
  facet normal 0.890913 -0.454175 0
    outer loop
      vertex 96.6041 70.675 -2
      vertex 96.5494 70.5677 0
      vertex 96.5494 70.5677 -2
    endloop
  endfacet
  facet normal -0.156176 0.987729 0
    outer loop
      vertex 97.8391 68.9751 -2
      vertex 97.7202 68.9563 0
      vertex 97.8391 68.9751 0
    endloop
  endfacet
  facet normal -0.156176 0.987729 0
    outer loop
      vertex 97.7202 68.9563 0
      vertex 97.8391 68.9751 -2
      vertex 97.7202 68.9563 -2
    endloop
  endfacet
  facet normal -0.707107 -0.707107 0
    outer loop
      vertex 98.4546 70.8695 -2
      vertex 98.3695 70.9546 0
      vertex 98.3695 70.9546 -2
    endloop
  endfacet
  facet normal -0.707107 -0.707107 0
    outer loop
      vertex 98.3695 70.9546 0
      vertex 98.4546 70.8695 -2
      vertex 98.4546 70.8695 0
    endloop
  endfacet
  facet normal -0.25911 -0.965848 0
    outer loop
      vertex 97.8391 71.2249 -2
      vertex 97.9554 71.1937 0
      vertex 97.8391 71.2249 0
    endloop
  endfacet
  facet normal -0.25911 -0.965848 -0
    outer loop
      vertex 97.9554 71.1937 0
      vertex 97.8391 71.2249 -2
      vertex 97.9554 71.1937 -2
    endloop
  endfacet
  facet normal -0.156176 -0.987729 0
    outer loop
      vertex 97.7202 71.2437 -2
      vertex 97.8391 71.2249 0
      vertex 97.7202 71.2437 0
    endloop
  endfacet
  facet normal -0.156176 -0.987729 -0
    outer loop
      vertex 97.8391 71.2249 0
      vertex 97.7202 71.2437 -2
      vertex 97.8391 71.2249 -2
    endloop
  endfacet
  facet normal 0.933602 0.35831 0
    outer loop
      vertex 96.5494 69.6323 0
      vertex 96.5063 69.7446 -2
      vertex 96.5063 69.7446 0
    endloop
  endfacet
  facet normal 0.933602 0.35831 0
    outer loop
      vertex 96.5063 69.7446 -2
      vertex 96.5494 69.6323 0
      vertex 96.5494 69.6323 -2
    endloop
  endfacet
  facet normal 0.987729 0.156176 0
    outer loop
      vertex 96.4751 69.8609 0
      vertex 96.4563 69.9798 -2
      vertex 96.4563 69.9798 0
    endloop
  endfacet
  facet normal 0.987729 0.156176 0
    outer loop
      vertex 96.4563 69.9798 -2
      vertex 96.4751 69.8609 0
      vertex 96.4751 69.8609 -2
    endloop
  endfacet
  facet normal -0.839013 -0.544112 0
    outer loop
      vertex 98.5959 70.675 -2
      vertex 98.5304 70.776 0
      vertex 98.5304 70.776 -2
    endloop
  endfacet
  facet normal -0.839013 -0.544112 0
    outer loop
      vertex 98.5304 70.776 0
      vertex 98.5959 70.675 -2
      vertex 98.5959 70.675 0
    endloop
  endfacet
  facet normal -0.890913 -0.454175 0
    outer loop
      vertex 98.6506 70.5677 -2
      vertex 98.5959 70.675 0
      vertex 98.5959 70.675 -2
    endloop
  endfacet
  facet normal -0.890913 -0.454175 0
    outer loop
      vertex 98.5959 70.675 0
      vertex 98.6506 70.5677 -2
      vertex 98.6506 70.5677 0
    endloop
  endfacet
  facet normal 0.839013 -0.544112 0
    outer loop
      vertex 96.6041 70.675 0
      vertex 96.6696 70.776 -2
      vertex 96.6696 70.776 0
    endloop
  endfacet
  facet normal 0.839013 -0.544112 0
    outer loop
      vertex 96.6696 70.776 -2
      vertex 96.6041 70.675 0
      vertex 96.6041 70.675 -2
    endloop
  endfacet
  facet normal 0.7768 0.629748 0
    outer loop
      vertex 96.7454 69.3305 0
      vertex 96.6696 69.424 -2
      vertex 96.6696 69.424 0
    endloop
  endfacet
  facet normal 0.7768 0.629748 0
    outer loop
      vertex 96.6696 69.424 -2
      vertex 96.7454 69.3305 0
      vertex 96.7454 69.3305 -2
    endloop
  endfacet
  facet normal 0.890913 0.454175 0
    outer loop
      vertex 96.6041 69.525 0
      vertex 96.5494 69.6323 -2
      vertex 96.5494 69.6323 0
    endloop
  endfacet
  facet normal 0.890913 0.454175 0
    outer loop
      vertex 96.5494 69.6323 -2
      vertex 96.6041 69.525 0
      vertex 96.6041 69.525 -2
    endloop
  endfacet
  facet normal 0.7768 -0.629748 0
    outer loop
      vertex 96.6696 70.776 0
      vertex 96.7454 70.8695 -2
      vertex 96.7454 70.8695 0
    endloop
  endfacet
  facet normal 0.7768 -0.629748 0
    outer loop
      vertex 96.7454 70.8695 -2
      vertex 96.6696 70.776 0
      vertex 96.6696 70.776 -2
    endloop
  endfacet
  facet normal 0.25911 0.965848 -0
    outer loop
      vertex 97.3609 68.9751 -2
      vertex 97.2446 69.0063 0
      vertex 97.3609 68.9751 0
    endloop
  endfacet
  facet normal 0.25911 0.965848 0
    outer loop
      vertex 97.2446 69.0063 0
      vertex 97.3609 68.9751 -2
      vertex 97.2446 69.0063 -2
    endloop
  endfacet
  facet normal -0.7768 0.629748 0
    outer loop
      vertex 98.4546 69.3305 -2
      vertex 98.5304 69.424 0
      vertex 98.5304 69.424 -2
    endloop
  endfacet
  facet normal -0.7768 0.629748 0
    outer loop
      vertex 98.5304 69.424 0
      vertex 98.4546 69.3305 -2
      vertex 98.4546 69.3305 0
    endloop
  endfacet
  facet normal 0.0523408 0.998629 -0
    outer loop
      vertex 97.6 68.95 -2
      vertex 97.4798 68.9563 0
      vertex 97.6 68.95 0
    endloop
  endfacet
  facet normal 0.0523408 0.998629 0
    outer loop
      vertex 97.4798 68.9563 0
      vertex 97.6 68.95 -2
      vertex 97.4798 68.9563 -2
    endloop
  endfacet
  facet normal -0.7768 -0.629748 0
    outer loop
      vertex 98.5304 70.776 -2
      vertex 98.4546 70.8695 0
      vertex 98.4546 70.8695 -2
    endloop
  endfacet
  facet normal -0.7768 -0.629748 0
    outer loop
      vertex 98.4546 70.8695 0
      vertex 98.5304 70.776 -2
      vertex 98.5304 70.776 0
    endloop
  endfacet
  facet normal 0.544112 -0.839013 0
    outer loop
      vertex 96.924 71.0304 -2
      vertex 97.025 71.0959 0
      vertex 96.924 71.0304 0
    endloop
  endfacet
  facet normal 0.544112 -0.839013 0
    outer loop
      vertex 97.025 71.0959 0
      vertex 96.924 71.0304 -2
      vertex 97.025 71.0959 -2
    endloop
  endfacet
  facet normal -0.454175 0.890913 0
    outer loop
      vertex 98.175 69.1041 -2
      vertex 98.0677 69.0494 0
      vertex 98.175 69.1041 0
    endloop
  endfacet
  facet normal -0.454175 0.890913 0
    outer loop
      vertex 98.0677 69.0494 0
      vertex 98.175 69.1041 -2
      vertex 98.0677 69.0494 -2
    endloop
  endfacet
  facet normal -0.890913 0.454175 0
    outer loop
      vertex 98.5959 69.525 -2
      vertex 98.6506 69.6323 0
      vertex 98.6506 69.6323 -2
    endloop
  endfacet
  facet normal -0.890913 0.454175 0
    outer loop
      vertex 98.6506 69.6323 0
      vertex 98.5959 69.525 -2
      vertex 98.5959 69.525 0
    endloop
  endfacet
  facet normal -0.998629 0.0523408 0
    outer loop
      vertex 98.7437 69.9798 -2
      vertex 98.75 70.1 0
      vertex 98.75 70.1 -2
    endloop
  endfacet
  facet normal -0.998629 0.0523408 0
    outer loop
      vertex 98.75 70.1 0
      vertex 98.7437 69.9798 -2
      vertex 98.7437 69.9798 0
    endloop
  endfacet
  facet normal 0.707107 -0.707107 0
    outer loop
      vertex 96.7454 70.8695 0
      vertex 96.8305 70.9546 -2
      vertex 96.8305 70.9546 0
    endloop
  endfacet
  facet normal 0.707107 -0.707107 0
    outer loop
      vertex 96.8305 70.9546 -2
      vertex 96.7454 70.8695 0
      vertex 96.7454 70.8695 -2
    endloop
  endfacet
  facet normal 0.629748 -0.7768 0
    outer loop
      vertex 96.8305 70.9546 -2
      vertex 96.924 71.0304 0
      vertex 96.8305 70.9546 0
    endloop
  endfacet
  facet normal 0.629748 -0.7768 0
    outer loop
      vertex 96.924 71.0304 0
      vertex 96.8305 70.9546 -2
      vertex 96.924 71.0304 -2
    endloop
  endfacet
  facet normal -0.933602 -0.35831 0
    outer loop
      vertex 98.6937 70.4554 -2
      vertex 98.6506 70.5677 0
      vertex 98.6506 70.5677 -2
    endloop
  endfacet
  facet normal -0.933602 -0.35831 0
    outer loop
      vertex 98.6506 70.5677 0
      vertex 98.6937 70.4554 -2
      vertex 98.6937 70.4554 0
    endloop
  endfacet
  facet normal 0.965848 0.25911 0
    outer loop
      vertex 96.5063 69.7446 0
      vertex 96.4751 69.8609 -2
      vertex 96.4751 69.8609 0
    endloop
  endfacet
  facet normal 0.965848 0.25911 0
    outer loop
      vertex 96.4751 69.8609 -2
      vertex 96.5063 69.7446 0
      vertex 96.5063 69.7446 -2
    endloop
  endfacet
  facet normal 0.156176 -0.987729 0
    outer loop
      vertex 97.3609 71.2249 -2
      vertex 97.4798 71.2437 0
      vertex 97.3609 71.2249 0
    endloop
  endfacet
  facet normal 0.156176 -0.987729 0
    outer loop
      vertex 97.4798 71.2437 0
      vertex 97.3609 71.2249 -2
      vertex 97.4798 71.2437 -2
    endloop
  endfacet
  facet normal 0.544112 0.839013 -0
    outer loop
      vertex 97.025 69.1041 -2
      vertex 96.924 69.1696 0
      vertex 97.025 69.1041 0
    endloop
  endfacet
  facet normal 0.544112 0.839013 0
    outer loop
      vertex 96.924 69.1696 0
      vertex 97.025 69.1041 -2
      vertex 96.924 69.1696 -2
    endloop
  endfacet
  facet normal -0.544112 -0.839013 0
    outer loop
      vertex 98.175 71.0959 -2
      vertex 98.276 71.0304 0
      vertex 98.175 71.0959 0
    endloop
  endfacet
  facet normal -0.544112 -0.839013 -0
    outer loop
      vertex 98.276 71.0304 0
      vertex 98.175 71.0959 -2
      vertex 98.276 71.0304 -2
    endloop
  endfacet
  facet normal 0.25911 -0.965848 0
    outer loop
      vertex 97.2446 71.1937 -2
      vertex 97.3609 71.2249 0
      vertex 97.2446 71.1937 0
    endloop
  endfacet
  facet normal 0.25911 -0.965848 0
    outer loop
      vertex 97.3609 71.2249 0
      vertex 97.2446 71.1937 -2
      vertex 97.3609 71.2249 -2
    endloop
  endfacet
  facet normal -0.629748 -0.7768 0
    outer loop
      vertex 98.276 71.0304 -2
      vertex 98.3695 70.9546 0
      vertex 98.276 71.0304 0
    endloop
  endfacet
  facet normal -0.629748 -0.7768 -0
    outer loop
      vertex 98.3695 70.9546 0
      vertex 98.276 71.0304 -2
      vertex 98.3695 70.9546 -2
    endloop
  endfacet
  facet normal -0.629748 0.7768 0
    outer loop
      vertex 98.3695 69.2454 -2
      vertex 98.276 69.1696 0
      vertex 98.3695 69.2454 0
    endloop
  endfacet
  facet normal -0.629748 0.7768 0
    outer loop
      vertex 98.276 69.1696 0
      vertex 98.3695 69.2454 -2
      vertex 98.276 69.1696 -2
    endloop
  endfacet
  facet normal -0.25911 0.965848 0
    outer loop
      vertex 97.9554 69.0063 -2
      vertex 97.8391 68.9751 0
      vertex 97.9554 69.0063 0
    endloop
  endfacet
  facet normal -0.25911 0.965848 0
    outer loop
      vertex 97.8391 68.9751 0
      vertex 97.9554 69.0063 -2
      vertex 97.8391 68.9751 -2
    endloop
  endfacet
  facet normal -0.965848 0.25911 0
    outer loop
      vertex 98.6937 69.7446 -2
      vertex 98.7249 69.8609 0
      vertex 98.7249 69.8609 -2
    endloop
  endfacet
  facet normal -0.965848 0.25911 0
    outer loop
      vertex 98.7249 69.8609 0
      vertex 98.6937 69.7446 -2
      vertex 98.6937 69.7446 0
    endloop
  endfacet
  facet normal -0.839013 0.544112 0
    outer loop
      vertex 98.5304 69.424 -2
      vertex 98.5959 69.525 0
      vertex 98.5959 69.525 -2
    endloop
  endfacet
  facet normal -0.839013 0.544112 0
    outer loop
      vertex 98.5959 69.525 0
      vertex 98.5304 69.424 -2
      vertex 98.5304 69.424 0
    endloop
  endfacet
  facet normal 0.35831 -0.933602 0
    outer loop
      vertex 97.1323 71.1506 -2
      vertex 97.2446 71.1937 0
      vertex 97.1323 71.1506 0
    endloop
  endfacet
  facet normal 0.35831 -0.933602 0
    outer loop
      vertex 97.2446 71.1937 0
      vertex 97.1323 71.1506 -2
      vertex 97.2446 71.1937 -2
    endloop
  endfacet
  facet normal 0.156176 0.987729 -0
    outer loop
      vertex 97.4798 68.9563 -2
      vertex 97.3609 68.9751 0
      vertex 97.4798 68.9563 0
    endloop
  endfacet
  facet normal 0.156176 0.987729 0
    outer loop
      vertex 97.3609 68.9751 0
      vertex 97.4798 68.9563 -2
      vertex 97.3609 68.9751 -2
    endloop
  endfacet
  facet normal -0.987729 0.156176 0
    outer loop
      vertex 98.7249 69.8609 -2
      vertex 98.7437 69.9798 0
      vertex 98.7437 69.9798 -2
    endloop
  endfacet
  facet normal -0.987729 0.156176 0
    outer loop
      vertex 98.7437 69.9798 0
      vertex 98.7249 69.8609 -2
      vertex 98.7249 69.8609 0
    endloop
  endfacet
  facet normal 0.933602 -0.35831 0
    outer loop
      vertex 96.5063 70.4554 0
      vertex 96.5494 70.5677 -2
      vertex 96.5494 70.5677 0
    endloop
  endfacet
  facet normal 0.933602 -0.35831 0
    outer loop
      vertex 96.5494 70.5677 -2
      vertex 96.5063 70.4554 0
      vertex 96.5063 70.4554 -2
    endloop
  endfacet
  facet normal 0.987729 -0.156176 0
    outer loop
      vertex 96.4563 70.2202 0
      vertex 96.4751 70.3391 -2
      vertex 96.4751 70.3391 0
    endloop
  endfacet
  facet normal 0.987729 -0.156176 0
    outer loop
      vertex 96.4751 70.3391 -2
      vertex 96.4563 70.2202 0
      vertex 96.4563 70.2202 -2
    endloop
  endfacet
  facet normal -0.0523408 -0.998629 0
    outer loop
      vertex 97.6 71.25 -2
      vertex 97.7202 71.2437 0
      vertex 97.6 71.25 0
    endloop
  endfacet
  facet normal -0.0523408 -0.998629 -0
    outer loop
      vertex 97.7202 71.2437 0
      vertex 97.6 71.25 -2
      vertex 97.7202 71.2437 -2
    endloop
  endfacet
  facet normal -0.35831 -0.933602 0
    outer loop
      vertex 97.9554 71.1937 -2
      vertex 98.0677 71.1506 0
      vertex 97.9554 71.1937 0
    endloop
  endfacet
  facet normal -0.35831 -0.933602 -0
    outer loop
      vertex 98.0677 71.1506 0
      vertex 97.9554 71.1937 -2
      vertex 98.0677 71.1506 -2
    endloop
  endfacet
  facet normal -0.35831 0.933602 0
    outer loop
      vertex 98.0677 69.0494 -2
      vertex 97.9554 69.0063 0
      vertex 98.0677 69.0494 0
    endloop
  endfacet
  facet normal -0.35831 0.933602 0
    outer loop
      vertex 97.9554 69.0063 0
      vertex 98.0677 69.0494 -2
      vertex 97.9554 69.0063 -2
    endloop
  endfacet
  facet normal 0.454175 -0.890913 0
    outer loop
      vertex 97.025 71.0959 -2
      vertex 97.1323 71.1506 0
      vertex 97.025 71.0959 0
    endloop
  endfacet
  facet normal 0.454175 -0.890913 0
    outer loop
      vertex 97.1323 71.1506 0
      vertex 97.025 71.0959 -2
      vertex 97.1323 71.1506 -2
    endloop
  endfacet
  facet normal 0.0523408 -0.998629 0
    outer loop
      vertex 97.4798 71.2437 -2
      vertex 97.6 71.25 0
      vertex 97.4798 71.2437 0
    endloop
  endfacet
  facet normal 0.0523408 -0.998629 0
    outer loop
      vertex 97.6 71.25 0
      vertex 97.4798 71.2437 -2
      vertex 97.6 71.25 -2
    endloop
  endfacet
  facet normal 0.629748 0.7768 -0
    outer loop
      vertex 96.924 69.1696 -2
      vertex 96.8305 69.2454 0
      vertex 96.924 69.1696 0
    endloop
  endfacet
  facet normal 0.629748 0.7768 0
    outer loop
      vertex 96.8305 69.2454 0
      vertex 96.924 69.1696 -2
      vertex 96.8305 69.2454 -2
    endloop
  endfacet
  facet normal 0.839013 0.544112 0
    outer loop
      vertex 96.6696 69.424 0
      vertex 96.6041 69.525 -2
      vertex 96.6041 69.525 0
    endloop
  endfacet
  facet normal 0.839013 0.544112 0
    outer loop
      vertex 96.6041 69.525 -2
      vertex 96.6696 69.424 0
      vertex 96.6696 69.424 -2
    endloop
  endfacet
  facet normal 0.454175 0.890913 -0
    outer loop
      vertex 97.1323 69.0494 -2
      vertex 97.025 69.1041 0
      vertex 97.1323 69.0494 0
    endloop
  endfacet
  facet normal 0.454175 0.890913 0
    outer loop
      vertex 97.025 69.1041 0
      vertex 97.1323 69.0494 -2
      vertex 97.025 69.1041 -2
    endloop
  endfacet
  facet normal -0.544112 0.839013 0
    outer loop
      vertex 98.276 69.1696 -2
      vertex 98.175 69.1041 0
      vertex 98.276 69.1696 0
    endloop
  endfacet
  facet normal -0.544112 0.839013 0
    outer loop
      vertex 98.175 69.1041 0
      vertex 98.276 69.1696 -2
      vertex 98.175 69.1041 -2
    endloop
  endfacet
  facet normal -0.933602 0.35831 0
    outer loop
      vertex 98.6506 69.6323 -2
      vertex 98.6937 69.7446 0
      vertex 98.6937 69.7446 -2
    endloop
  endfacet
  facet normal -0.933602 0.35831 0
    outer loop
      vertex 98.6937 69.7446 0
      vertex 98.6506 69.6323 -2
      vertex 98.6506 69.6323 0
    endloop
  endfacet
  facet normal 0.965848 -0.25911 0
    outer loop
      vertex 96.4751 70.3391 0
      vertex 96.5063 70.4554 -2
      vertex 96.5063 70.4554 0
    endloop
  endfacet
  facet normal 0.965848 -0.25911 0
    outer loop
      vertex 96.5063 70.4554 -2
      vertex 96.4751 70.3391 0
      vertex 96.4751 70.3391 -2
    endloop
  endfacet
  facet normal 0.998629 -0.0523408 0
    outer loop
      vertex 96.45 70.1 0
      vertex 96.4563 70.2202 -2
      vertex 96.4563 70.2202 0
    endloop
  endfacet
  facet normal 0.998629 -0.0523408 0
    outer loop
      vertex 96.4563 70.2202 -2
      vertex 96.45 70.1 0
      vertex 96.45 70.1 -2
    endloop
  endfacet
  facet normal 0.35831 0.933602 -0
    outer loop
      vertex 97.2446 69.0063 -2
      vertex 97.1323 69.0494 0
      vertex 97.2446 69.0063 0
    endloop
  endfacet
  facet normal 0.35831 0.933602 0
    outer loop
      vertex 97.1323 69.0494 0
      vertex 97.2446 69.0063 -2
      vertex 97.1323 69.0494 -2
    endloop
  endfacet
  facet normal -0.707107 0.707107 0
    outer loop
      vertex 98.4546 69.3305 -2
      vertex 98.3695 69.2454 0
      vertex 98.4546 69.3305 0
    endloop
  endfacet
  facet normal -0.707107 0.707107 0
    outer loop
      vertex 98.3695 69.2454 0
      vertex 98.4546 69.3305 -2
      vertex 98.3695 69.2454 -2
    endloop
  endfacet
  facet normal 0.707107 0.707107 0
    outer loop
      vertex 96.8305 69.2454 0
      vertex 96.7454 69.3305 -2
      vertex 96.7454 69.3305 0
    endloop
  endfacet
  facet normal 0.707107 0.707107 0
    outer loop
      vertex 96.7454 69.3305 -2
      vertex 96.8305 69.2454 0
      vertex 96.8305 69.2454 -2
    endloop
  endfacet
  facet normal -0.987691 0.156419 0
    outer loop
      vertex 7.52487 69.8609 -2
      vertex 7.5437 69.9798 0
      vertex 7.5437 69.9798 -2
    endloop
  endfacet
  facet normal -0.987691 0.156419 0
    outer loop
      vertex 7.5437 69.9798 0
      vertex 7.52487 69.8609 -2
      vertex 7.52487 69.8609 0
    endloop
  endfacet
  facet normal -0.987691 -0.156419 0
    outer loop
      vertex 7.5437 70.2202 -2
      vertex 7.52487 70.3391 0
      vertex 7.52487 70.3391 -2
    endloop
  endfacet
  facet normal -0.987691 -0.156419 0
    outer loop
      vertex 7.52487 70.3391 0
      vertex 7.5437 70.2202 -2
      vertex 7.5437 70.2202 0
    endloop
  endfacet
  facet normal -0.998629 -0.0523408 0
    outer loop
      vertex 7.55 70.1 -2
      vertex 7.5437 70.2202 0
      vertex 7.5437 70.2202 -2
    endloop
  endfacet
  facet normal -0.998629 -0.0523408 0
    outer loop
      vertex 7.5437 70.2202 0
      vertex 7.55 70.1 -2
      vertex 7.55 70.1 0
    endloop
  endfacet
  facet normal -0.629545 -0.776964 0
    outer loop
      vertex 7.07595 71.0304 -2
      vertex 7.1695 70.9546 0
      vertex 7.07595 71.0304 0
    endloop
  endfacet
  facet normal -0.629545 -0.776964 -0
    outer loop
      vertex 7.1695 70.9546 0
      vertex 7.07595 71.0304 -2
      vertex 7.1695 70.9546 -2
    endloop
  endfacet
  facet normal -0.358088 0.933688 0
    outer loop
      vertex 6.86775 69.0494 -2
      vertex 6.75537 69.0063 0
      vertex 6.86775 69.0494 0
    endloop
  endfacet
  facet normal -0.358088 0.933688 0
    outer loop
      vertex 6.75537 69.0063 0
      vertex 6.86775 69.0494 -2
      vertex 6.75537 69.0063 -2
    endloop
  endfacet
  facet normal -0.259172 -0.965831 0
    outer loop
      vertex 6.6391 71.2249 -2
      vertex 6.75537 71.1937 0
      vertex 6.6391 71.2249 0
    endloop
  endfacet
  facet normal -0.259172 -0.965831 -0
    outer loop
      vertex 6.75537 71.1937 0
      vertex 6.6391 71.2249 -2
      vertex 6.75537 71.1937 -2
    endloop
  endfacet
  facet normal -0.777003 -0.629497 0
    outer loop
      vertex 7.33037 70.776 -2
      vertex 7.25462 70.8695 0
      vertex 7.25462 70.8695 -2
    endloop
  endfacet
  facet normal -0.777003 -0.629497 0
    outer loop
      vertex 7.25462 70.8695 0
      vertex 7.33037 70.776 -2
      vertex 7.33037 70.776 0
    endloop
  endfacet
  facet normal -0.707024 -0.70719 0
    outer loop
      vertex 7.25462 70.8695 -2
      vertex 7.1695 70.9546 0
      vertex 7.1695 70.9546 -2
    endloop
  endfacet
  facet normal -0.707024 -0.70719 0
    outer loop
      vertex 7.1695 70.9546 0
      vertex 7.25462 70.8695 -2
      vertex 7.25462 70.8695 0
    endloop
  endfacet
  facet normal 0.259172 0.965831 -0
    outer loop
      vertex 6.1609 68.9751 -2
      vertex 6.04463 69.0063 0
      vertex 6.1609 68.9751 0
    endloop
  endfacet
  facet normal 0.259172 0.965831 0
    outer loop
      vertex 6.04463 69.0063 0
      vertex 6.1609 68.9751 -2
      vertex 6.04463 69.0063 -2
    endloop
  endfacet
  facet normal 0.454343 -0.890827 0
    outer loop
      vertex 5.825 71.0959 -2
      vertex 5.93225 71.1506 0
      vertex 5.825 71.0959 0
    endloop
  endfacet
  facet normal 0.454343 -0.890827 0
    outer loop
      vertex 5.93225 71.1506 0
      vertex 5.825 71.0959 -2
      vertex 5.93225 71.1506 -2
    endloop
  endfacet
  facet normal -0.156189 0.987727 0
    outer loop
      vertex 6.6391 68.9751 -2
      vertex 6.52021 68.9563 0
      vertex 6.6391 68.9751 0
    endloop
  endfacet
  facet normal -0.156189 0.987727 0
    outer loop
      vertex 6.52021 68.9563 0
      vertex 6.6391 68.9751 -2
      vertex 6.52021 68.9563 -2
    endloop
  endfacet
  facet normal -0.998629 0.0523408 0
    outer loop
      vertex 7.5437 69.9798 -2
      vertex 7.55 70.1 0
      vertex 7.55 70.1 -2
    endloop
  endfacet
  facet normal -0.998629 0.0523408 0
    outer loop
      vertex 7.55 70.1 0
      vertex 7.5437 69.9798 -2
      vertex 7.5437 69.9798 0
    endloop
  endfacet
  facet normal 0.454343 0.890827 -0
    outer loop
      vertex 5.93225 69.0494 -2
      vertex 5.825 69.1041 0
      vertex 5.93225 69.0494 0
    endloop
  endfacet
  facet normal 0.454343 0.890827 0
    outer loop
      vertex 5.825 69.1041 0
      vertex 5.93225 69.0494 -2
      vertex 5.825 69.1041 -2
    endloop
  endfacet
  facet normal -0.707024 0.70719 0
    outer loop
      vertex 7.25462 69.3305 -2
      vertex 7.1695 69.2454 0
      vertex 7.25462 69.3305 0
    endloop
  endfacet
  facet normal -0.707024 0.70719 0
    outer loop
      vertex 7.1695 69.2454 0
      vertex 7.25462 69.3305 -2
      vertex 7.1695 69.2454 -2
    endloop
  endfacet
  facet normal -0.544302 0.83889 0
    outer loop
      vertex 7.07595 69.1696 -2
      vertex 6.975 69.1041 0
      vertex 7.07595 69.1696 0
    endloop
  endfacet
  facet normal -0.544302 0.83889 0
    outer loop
      vertex 6.975 69.1041 0
      vertex 7.07595 69.1696 -2
      vertex 6.975 69.1041 -2
    endloop
  endfacet
  facet normal 0.0523365 -0.99863 0
    outer loop
      vertex 6.27979 71.2437 -2
      vertex 6.4 71.25 0
      vertex 6.27979 71.2437 0
    endloop
  endfacet
  facet normal 0.0523365 -0.99863 0
    outer loop
      vertex 6.4 71.25 0
      vertex 6.27979 71.2437 -2
      vertex 6.4 71.25 -2
    endloop
  endfacet
  facet normal -0.454343 0.890827 0
    outer loop
      vertex 6.975 69.1041 -2
      vertex 6.86775 69.0494 0
      vertex 6.975 69.1041 0
    endloop
  endfacet
  facet normal -0.454343 0.890827 0
    outer loop
      vertex 6.86775 69.0494 0
      vertex 6.975 69.1041 -2
      vertex 6.86775 69.0494 -2
    endloop
  endfacet
  facet normal 0.965952 -0.258722 0
    outer loop
      vertex 5.27513 70.3391 0
      vertex 5.30628 70.4554 -2
      vertex 5.30628 70.4554 0
    endloop
  endfacet
  facet normal 0.965952 -0.258722 0
    outer loop
      vertex 5.30628 70.4554 -2
      vertex 5.27513 70.3391 0
      vertex 5.27513 70.3391 -2
    endloop
  endfacet
  facet normal -0.454343 -0.890827 0
    outer loop
      vertex 6.86775 71.1506 -2
      vertex 6.975 71.0959 0
      vertex 6.86775 71.1506 0
    endloop
  endfacet
  facet normal -0.454343 -0.890827 -0
    outer loop
      vertex 6.975 71.0959 0
      vertex 6.86775 71.1506 -2
      vertex 6.975 71.0959 -2
    endloop
  endfacet
  facet normal -0.838785 -0.544463 0
    outer loop
      vertex 7.39593 70.675 -2
      vertex 7.33037 70.776 0
      vertex 7.33037 70.776 -2
    endloop
  endfacet
  facet normal -0.838785 -0.544463 0
    outer loop
      vertex 7.33037 70.776 0
      vertex 7.39593 70.675 -2
      vertex 7.39593 70.675 0
    endloop
  endfacet
  facet normal 0.965952 0.258722 0
    outer loop
      vertex 5.30628 69.7446 0
      vertex 5.27513 69.8609 -2
      vertex 5.27513 69.8609 0
    endloop
  endfacet
  facet normal 0.965952 0.258722 0
    outer loop
      vertex 5.27513 69.8609 -2
      vertex 5.30628 69.7446 0
      vertex 5.30628 69.7446 -2
    endloop
  endfacet
  facet normal 0.707024 -0.70719 0
    outer loop
      vertex 5.54538 70.8695 0
      vertex 5.6305 70.9546 -2
      vertex 5.6305 70.9546 0
    endloop
  endfacet
  facet normal 0.707024 -0.70719 0
    outer loop
      vertex 5.6305 70.9546 -2
      vertex 5.54538 70.8695 0
      vertex 5.54538 70.8695 -2
    endloop
  endfacet
  facet normal -0.891081 0.453845 0
    outer loop
      vertex 7.39593 69.525 -2
      vertex 7.45058 69.6323 0
      vertex 7.45058 69.6323 -2
    endloop
  endfacet
  facet normal -0.891081 0.453845 0
    outer loop
      vertex 7.45058 69.6323 0
      vertex 7.39593 69.525 -2
      vertex 7.39593 69.525 0
    endloop
  endfacet
  facet normal 0.259172 -0.965831 0
    outer loop
      vertex 6.04463 71.1937 -2
      vertex 6.1609 71.2249 0
      vertex 6.04463 71.1937 0
    endloop
  endfacet
  facet normal 0.259172 -0.965831 0
    outer loop
      vertex 6.1609 71.2249 0
      vertex 6.04463 71.1937 -2
      vertex 6.1609 71.2249 -2
    endloop
  endfacet
  facet normal -0.358088 -0.933688 0
    outer loop
      vertex 6.75537 71.1937 -2
      vertex 6.86775 71.1506 0
      vertex 6.75537 71.1937 0
    endloop
  endfacet
  facet normal -0.358088 -0.933688 -0
    outer loop
      vertex 6.86775 71.1506 0
      vertex 6.75537 71.1937 -2
      vertex 6.86775 71.1506 -2
    endloop
  endfacet
  facet normal 0.933491 -0.3586 0
    outer loop
      vertex 5.30628 70.4554 0
      vertex 5.34942 70.5677 -2
      vertex 5.34942 70.5677 0
    endloop
  endfacet
  facet normal 0.933491 -0.3586 0
    outer loop
      vertex 5.34942 70.5677 -2
      vertex 5.30628 70.4554 0
      vertex 5.30628 70.4554 -2
    endloop
  endfacet
  facet normal 0.987691 -0.156419 0
    outer loop
      vertex 5.2563 70.2202 0
      vertex 5.27513 70.3391 -2
      vertex 5.27513 70.3391 0
    endloop
  endfacet
  facet normal 0.987691 -0.156419 0
    outer loop
      vertex 5.27513 70.3391 -2
      vertex 5.2563 70.2202 0
      vertex 5.2563 70.2202 -2
    endloop
  endfacet
  facet normal 0.358088 -0.933688 0
    outer loop
      vertex 5.93225 71.1506 -2
      vertex 6.04463 71.1937 0
      vertex 5.93225 71.1506 0
    endloop
  endfacet
  facet normal 0.358088 -0.933688 0
    outer loop
      vertex 6.04463 71.1937 0
      vertex 5.93225 71.1506 -2
      vertex 6.04463 71.1937 -2
    endloop
  endfacet
  facet normal -0.259172 0.965831 0
    outer loop
      vertex 6.75537 69.0063 -2
      vertex 6.6391 68.9751 0
      vertex 6.75537 69.0063 0
    endloop
  endfacet
  facet normal -0.259172 0.965831 0
    outer loop
      vertex 6.6391 68.9751 0
      vertex 6.75537 69.0063 -2
      vertex 6.6391 68.9751 -2
    endloop
  endfacet
  facet normal 0.838785 0.544463 0
    outer loop
      vertex 5.46963 69.424 0
      vertex 5.40407 69.525 -2
      vertex 5.40407 69.525 0
    endloop
  endfacet
  facet normal 0.838785 0.544463 0
    outer loop
      vertex 5.40407 69.525 -2
      vertex 5.46963 69.424 0
      vertex 5.46963 69.424 -2
    endloop
  endfacet
  facet normal 0.838785 -0.544463 0
    outer loop
      vertex 5.40407 70.675 0
      vertex 5.46963 70.776 -2
      vertex 5.46963 70.776 0
    endloop
  endfacet
  facet normal 0.838785 -0.544463 0
    outer loop
      vertex 5.46963 70.776 -2
      vertex 5.40407 70.675 0
      vertex 5.40407 70.675 -2
    endloop
  endfacet
  facet normal 0.891081 0.453845 0
    outer loop
      vertex 5.40407 69.525 0
      vertex 5.34942 69.6323 -2
      vertex 5.34942 69.6323 0
    endloop
  endfacet
  facet normal 0.891081 0.453845 0
    outer loop
      vertex 5.34942 69.6323 -2
      vertex 5.40407 69.525 0
      vertex 5.40407 69.525 -2
    endloop
  endfacet
  facet normal 0.544302 0.83889 -0
    outer loop
      vertex 5.825 69.1041 -2
      vertex 5.72405 69.1696 0
      vertex 5.825 69.1041 0
    endloop
  endfacet
  facet normal 0.544302 0.83889 0
    outer loop
      vertex 5.72405 69.1696 0
      vertex 5.825 69.1041 -2
      vertex 5.72405 69.1696 -2
    endloop
  endfacet
  facet normal 0.707024 0.70719 -0
    outer loop
      vertex 5.6305 69.2454 -2
      vertex 5.54538 69.3305 0
      vertex 5.6305 69.2454 0
    endloop
  endfacet
  facet normal 0.707024 0.70719 0
    outer loop
      vertex 5.54538 69.3305 0
      vertex 5.6305 69.2454 -2
      vertex 5.54538 69.3305 -2
    endloop
  endfacet
  facet normal -0.933519 -0.358528 0
    outer loop
      vertex 7.49371 70.4554 -2
      vertex 7.45058 70.5677 0
      vertex 7.45058 70.5677 -2
    endloop
  endfacet
  facet normal -0.933519 -0.358528 0
    outer loop
      vertex 7.45058 70.5677 0
      vertex 7.49371 70.4554 -2
      vertex 7.49371 70.4554 0
    endloop
  endfacet
  facet normal 0.777003 -0.629497 0
    outer loop
      vertex 5.46963 70.776 0
      vertex 5.54538 70.8695 -2
      vertex 5.54538 70.8695 0
    endloop
  endfacet
  facet normal 0.777003 -0.629497 0
    outer loop
      vertex 5.54538 70.8695 -2
      vertex 5.46963 70.776 0
      vertex 5.46963 70.776 -2
    endloop
  endfacet
  facet normal 0.544302 -0.83889 0
    outer loop
      vertex 5.72405 71.0304 -2
      vertex 5.825 71.0959 0
      vertex 5.72405 71.0304 0
    endloop
  endfacet
  facet normal 0.544302 -0.83889 0
    outer loop
      vertex 5.825 71.0959 0
      vertex 5.72405 71.0304 -2
      vertex 5.825 71.0959 -2
    endloop
  endfacet
  facet normal -0.544302 -0.83889 0
    outer loop
      vertex 6.975 71.0959 -2
      vertex 7.07595 71.0304 0
      vertex 6.975 71.0959 0
    endloop
  endfacet
  facet normal -0.544302 -0.83889 -0
    outer loop
      vertex 7.07595 71.0304 0
      vertex 6.975 71.0959 -2
      vertex 7.07595 71.0304 -2
    endloop
  endfacet
  facet normal -0.0523365 -0.99863 0
    outer loop
      vertex 6.4 71.25 -2
      vertex 6.52021 71.2437 0
      vertex 6.4 71.25 0
    endloop
  endfacet
  facet normal -0.0523365 -0.99863 -0
    outer loop
      vertex 6.52021 71.2437 0
      vertex 6.4 71.25 -2
      vertex 6.52021 71.2437 -2
    endloop
  endfacet
  facet normal -0.891081 -0.453845 0
    outer loop
      vertex 7.45058 70.5677 -2
      vertex 7.39593 70.675 0
      vertex 7.39593 70.675 -2
    endloop
  endfacet
  facet normal -0.891081 -0.453845 0
    outer loop
      vertex 7.39593 70.675 0
      vertex 7.45058 70.5677 -2
      vertex 7.45058 70.5677 0
    endloop
  endfacet
  facet normal -0.933519 0.358528 0
    outer loop
      vertex 7.45058 69.6323 -2
      vertex 7.49371 69.7446 0
      vertex 7.49371 69.7446 -2
    endloop
  endfacet
  facet normal -0.933519 0.358528 0
    outer loop
      vertex 7.49371 69.7446 0
      vertex 7.45058 69.6323 -2
      vertex 7.45058 69.6323 0
    endloop
  endfacet
  facet normal 0.358088 0.933688 -0
    outer loop
      vertex 6.04463 69.0063 -2
      vertex 5.93225 69.0494 0
      vertex 6.04463 69.0063 0
    endloop
  endfacet
  facet normal 0.358088 0.933688 0
    outer loop
      vertex 5.93225 69.0494 0
      vertex 6.04463 69.0063 -2
      vertex 5.93225 69.0494 -2
    endloop
  endfacet
  facet normal -0.156189 -0.987727 0
    outer loop
      vertex 6.52021 71.2437 -2
      vertex 6.6391 71.2249 0
      vertex 6.52021 71.2437 0
    endloop
  endfacet
  facet normal -0.156189 -0.987727 -0
    outer loop
      vertex 6.6391 71.2249 0
      vertex 6.52021 71.2437 -2
      vertex 6.6391 71.2249 -2
    endloop
  endfacet
  facet normal -0.965931 -0.2588 0
    outer loop
      vertex 7.52487 70.3391 -2
      vertex 7.49371 70.4554 0
      vertex 7.49371 70.4554 -2
    endloop
  endfacet
  facet normal -0.965931 -0.2588 0
    outer loop
      vertex 7.49371 70.4554 0
      vertex 7.52487 70.3391 -2
      vertex 7.52487 70.3391 0
    endloop
  endfacet
  facet normal 0.987691 0.156419 0
    outer loop
      vertex 5.27513 69.8609 0
      vertex 5.2563 69.9798 -2
      vertex 5.2563 69.9798 0
    endloop
  endfacet
  facet normal 0.987691 0.156419 0
    outer loop
      vertex 5.2563 69.9798 -2
      vertex 5.27513 69.8609 0
      vertex 5.27513 69.8609 -2
    endloop
  endfacet
  facet normal -0.965931 0.2588 0
    outer loop
      vertex 7.49371 69.7446 -2
      vertex 7.52487 69.8609 0
      vertex 7.52487 69.8609 -2
    endloop
  endfacet
  facet normal -0.965931 0.2588 0
    outer loop
      vertex 7.52487 69.8609 0
      vertex 7.49371 69.7446 -2
      vertex 7.49371 69.7446 0
    endloop
  endfacet
  facet normal 0.0523365 0.99863 -0
    outer loop
      vertex 6.4 68.95 -2
      vertex 6.27979 68.9563 0
      vertex 6.4 68.95 0
    endloop
  endfacet
  facet normal 0.0523365 0.99863 0
    outer loop
      vertex 6.27979 68.9563 0
      vertex 6.4 68.95 -2
      vertex 6.27979 68.9563 -2
    endloop
  endfacet
  facet normal 0.156189 -0.987727 0
    outer loop
      vertex 6.1609 71.2249 -2
      vertex 6.27979 71.2437 0
      vertex 6.1609 71.2249 0
    endloop
  endfacet
  facet normal 0.156189 -0.987727 0
    outer loop
      vertex 6.27979 71.2437 0
      vertex 6.1609 71.2249 -2
      vertex 6.27979 71.2437 -2
    endloop
  endfacet
  facet normal -0.777003 0.629497 0
    outer loop
      vertex 7.25462 69.3305 -2
      vertex 7.33037 69.424 0
      vertex 7.33037 69.424 -2
    endloop
  endfacet
  facet normal -0.777003 0.629497 0
    outer loop
      vertex 7.33037 69.424 0
      vertex 7.25462 69.3305 -2
      vertex 7.25462 69.3305 0
    endloop
  endfacet
  facet normal -0.0523365 0.99863 0
    outer loop
      vertex 6.52021 68.9563 -2
      vertex 6.4 68.95 0
      vertex 6.52021 68.9563 0
    endloop
  endfacet
  facet normal -0.0523365 0.99863 0
    outer loop
      vertex 6.4 68.95 0
      vertex 6.52021 68.9563 -2
      vertex 6.4 68.95 -2
    endloop
  endfacet
  facet normal 0.933491 0.3586 0
    outer loop
      vertex 5.34942 69.6323 0
      vertex 5.30628 69.7446 -2
      vertex 5.30628 69.7446 0
    endloop
  endfacet
  facet normal 0.933491 0.3586 0
    outer loop
      vertex 5.30628 69.7446 -2
      vertex 5.34942 69.6323 0
      vertex 5.34942 69.6323 -2
    endloop
  endfacet
  facet normal 0.629545 -0.776964 0
    outer loop
      vertex 5.6305 70.9546 -2
      vertex 5.72405 71.0304 0
      vertex 5.6305 70.9546 0
    endloop
  endfacet
  facet normal 0.629545 -0.776964 0
    outer loop
      vertex 5.72405 71.0304 0
      vertex 5.6305 70.9546 -2
      vertex 5.72405 71.0304 -2
    endloop
  endfacet
  facet normal -0.838785 0.544463 0
    outer loop
      vertex 7.33037 69.424 -2
      vertex 7.39593 69.525 0
      vertex 7.39593 69.525 -2
    endloop
  endfacet
  facet normal -0.838785 0.544463 0
    outer loop
      vertex 7.39593 69.525 0
      vertex 7.33037 69.424 -2
      vertex 7.33037 69.424 0
    endloop
  endfacet
  facet normal 0.777003 0.629497 0
    outer loop
      vertex 5.54538 69.3305 0
      vertex 5.46963 69.424 -2
      vertex 5.46963 69.424 0
    endloop
  endfacet
  facet normal 0.777003 0.629497 0
    outer loop
      vertex 5.46963 69.424 -2
      vertex 5.54538 69.3305 0
      vertex 5.54538 69.3305 -2
    endloop
  endfacet
  facet normal -0.629545 0.776964 0
    outer loop
      vertex 7.1695 69.2454 -2
      vertex 7.07595 69.1696 0
      vertex 7.1695 69.2454 0
    endloop
  endfacet
  facet normal -0.629545 0.776964 0
    outer loop
      vertex 7.07595 69.1696 0
      vertex 7.1695 69.2454 -2
      vertex 7.07595 69.1696 -2
    endloop
  endfacet
  facet normal 0.629545 0.776964 -0
    outer loop
      vertex 5.72405 69.1696 -2
      vertex 5.6305 69.2454 0
      vertex 5.72405 69.1696 0
    endloop
  endfacet
  facet normal 0.629545 0.776964 0
    outer loop
      vertex 5.6305 69.2454 0
      vertex 5.72405 69.1696 -2
      vertex 5.6305 69.2454 -2
    endloop
  endfacet
  facet normal 0.998629 -0.0523408 0
    outer loop
      vertex 5.25 70.1 0
      vertex 5.2563 70.2202 -2
      vertex 5.2563 70.2202 0
    endloop
  endfacet
  facet normal 0.998629 -0.0523408 0
    outer loop
      vertex 5.2563 70.2202 -2
      vertex 5.25 70.1 0
      vertex 5.25 70.1 -2
    endloop
  endfacet
  facet normal 0.998629 0.0523408 0
    outer loop
      vertex 5.2563 69.9798 0
      vertex 5.25 70.1 -2
      vertex 5.25 70.1 0
    endloop
  endfacet
  facet normal 0.998629 0.0523408 0
    outer loop
      vertex 5.25 70.1 -2
      vertex 5.2563 69.9798 0
      vertex 5.2563 69.9798 -2
    endloop
  endfacet
  facet normal 0.891081 -0.453845 0
    outer loop
      vertex 5.34942 70.5677 0
      vertex 5.40407 70.675 -2
      vertex 5.40407 70.675 0
    endloop
  endfacet
  facet normal 0.891081 -0.453845 0
    outer loop
      vertex 5.40407 70.675 -2
      vertex 5.34942 70.5677 0
      vertex 5.34942 70.5677 -2
    endloop
  endfacet
  facet normal 0.156189 0.987727 -0
    outer loop
      vertex 6.27979 68.9563 -2
      vertex 6.1609 68.9751 0
      vertex 6.27979 68.9563 0
    endloop
  endfacet
  facet normal 0.156189 0.987727 0
    outer loop
      vertex 6.1609 68.9751 0
      vertex 6.27979 68.9563 -2
      vertex 6.1609 68.9751 -2
    endloop
  endfacet
  facet normal 0.987685 0.155601 -0.0163537
    outer loop
      vertex 2.26556 4.56325 16.0134
      vertex 2.21643 4.64174 13.793
      vertex 2.21643 4.8717 15.981
    endloop
  endfacet
  facet normal 0.987686 0.155591 -0.0163541
    outer loop
      vertex 2.21643 4.64174 13.793
      vertex 2.26556 4.56325 16.0134
      vertex 2.26556 4.33328 13.8255
    endloop
  endfacet
  facet normal 0.00112979 0.104814 0.994491
    outer loop
      vertex 2.34683 4.03163 13.8572
      vertex 2.45936 3.74008 13.8878
      vertex 2.26556 4.33328 13.8255
    endloop
  endfacet
  facet normal -0 0.104532 0.994522
    outer loop
      vertex 5.2 74.57 6.44328
      vertex 101.734 72.2068 6.69167
      vertex 98.8 74.57 6.44328
    endloop
  endfacet
  facet normal 0 0.104532 0.994522
    outer loop
      vertex 101.734 72.2068 6.69167
      vertex 5.2 74.57 6.44328
      vertex 2.26556 72.2068 6.69167
    endloop
  endfacet
  facet normal 0.629264 -0.772933 0.081252
    outer loop
      vertex 3.19261 73.8037 6.52383
      vertex 3.43664 74.2302 8.69112
      vertex 3.19261 74.0337 8.71177
    endloop
  endfacet
  facet normal 0.629266 -0.772931 0.0812515
    outer loop
      vertex 3.43664 74.2302 8.69112
      vertex 3.19261 73.8037 6.52383
      vertex 3.43664 74.0002 6.50317
    endloop
  endfacet
  facet normal 0.99863 0.0520455 -0.0054705
    outer loop
      vertex 2.21347 4.92794 15.9751
      vertex 2.2 4.9536 13.7603
      vertex 2.2 5.18357 15.9482
    endloop
  endfacet
  facet normal 0.99863 0.0520381 -0.00547058
    outer loop
      vertex 2.2 4.9536 13.7603
      vertex 2.21347 4.92794 15.9751
      vertex 2.21643 4.64174 13.793
    endloop
  endfacet
  facet normal -0.548976 -0.831258 0.0873829
    outer loop
      vertex 100.563 74.0002 6.50317
      vertex 100.563 74.2302 8.69112
      vertex 100.516 74.2609 8.68789
    endloop
  endfacet
  facet normal -0.998599 -0.0526308 0.00553023
    outer loop
      vertex 101.8 71.5865 6.75687
      vertex 101.8 71.8164 8.94481
      vertex 101.797 71.8727 8.9389
    endloop
  endfacet
  facet normal -2.14734e-05 0.104529 0.994522
    outer loop
      vertex 2.26556 4.33328 13.8255
      vertex 2.26556 72.2068 6.69167
      vertex 2.2 4.9536 13.7603
    endloop
  endfacet
  facet normal -0.987257 -0.158261 0.0166366
    outer loop
      vertex 101.734 72.2068 6.69167
      vertex 101.784 72.1283 8.91203
      vertex 101.734 72.4368 8.87962
    endloop
  endfacet
  facet normal -0.987257 -0.158261 0.0166367
    outer loop
      vertex 101.784 72.1283 8.91203
      vertex 101.734 72.2068 6.69167
      vertex 101.784 71.8983 6.72409
    endloop
  endfacet
  facet normal -1.57743e-05 0.104518 0.994523
    outer loop
      vertex 101.734 72.2068 6.69167
      vertex 101.029 73.5829 6.54704
      vertex 100.02 74.3121 6.47039
    endloop
  endfacet
  facet normal -0.629343 0.77287 -0.0812328
    outer loop
      vertex 100.563 2.76981 16.2019
      vertex 100.607 2.80525 16.1982
      vertex 100.563 2.53985 14.014
    endloop
  endfacet
  facet normal 7.86453e-05 0.10447 0.994528
    outer loop
      vertex 2.97056 73.5829 6.54704
      vertex 2.77295 73.3402 6.57255
      vertex 2.45936 72.8 6.62932
    endloop
  endfacet
  facet normal 1 0 0
    outer loop
      vertex 2.2 5.18357 15.9482
      vertex 2.2 71.5865 6.75687
      vertex 2.2 71.8164 8.94481
    endloop
  endfacet
  facet normal 1 0 0
    outer loop
      vertex 2.2 71.5865 6.75687
      vertex 2.2 5.18357 15.9482
      vertex 2.2 4.9536 13.7603
    endloop
  endfacet
  facet normal 5.03741e-05 0.104554 0.994519
    outer loop
      vertex 2.60192 3.46182 13.9171
      vertex 5.2 1.97004 14.0738
      vertex 2.26556 4.33328 13.8255
    endloop
  endfacet
  facet normal -0.838702 0.541608 -0.0569259
    outer loop
      vertex 101.398 3.46182 13.9171
      vertex 101.227 3.42987 16.1325
      vertex 101.398 3.69178 16.105
    endloop
  endfacet
  facet normal -0.838702 0.541608 -0.0569259
    outer loop
      vertex 101.227 3.42987 16.1325
      vertex 101.398 3.46182 13.9171
      vertex 101.227 3.19991 13.9446
    endloop
  endfacet
  facet normal 1.17055e-05 0.104597 0.994515
    outer loop
      vertex 100.02 74.3121 6.47039
      vertex 99.4237 74.5048 6.45013
      vertex 98.8 74.57 6.44328
    endloop
  endfacet
  facet normal -3.07323e-06 0.104528 0.994522
    outer loop
      vertex 101.734 72.2068 6.69167
      vertex 100.02 74.3121 6.47039
      vertex 98.8 74.57 6.44328
    endloop
  endfacet
  facet normal -5.03608e-05 0.104554 0.994519
    outer loop
      vertex 101.398 3.46182 13.9171
      vertex 101.734 4.33328 13.8255
      vertex 98.8 1.97004 14.0738
    endloop
  endfacet
  facet normal 0.998636 -0.051931 0.0054567
    outer loop
      vertex 2.20296 71.8727 8.9389
      vertex 2.2 71.8164 8.94481
      vertex 2.2 71.5865 6.75687
    endloop
  endfacet
  facet normal 0.258989 -0.960591 0.100942
    outer loop
      vertex 4.27295 74.424 6.45863
      vertex 4.57626 74.7348 8.63808
      vertex 4.32764 74.6685 8.64504
    endloop
  endfacet
  facet normal 0.258742 -0.960653 0.100985
    outer loop
      vertex 4.57626 74.7348 8.63808
      vertex 4.27295 74.424 6.45863
      vertex 4.57626 74.5048 6.45013
    endloop
  endfacet
  facet normal -0.450183 0.888045 -0.093334
    outer loop
      vertex 100.02 2.45794 16.2347
      vertex 100.071 2.48351 16.232
      vertex 100.02 2.22798 14.0467
    endloop
  endfacet
  facet normal 0.998633 0.0519864 -0.0054638
    outer loop
      vertex 2.21643 4.8717 15.981
      vertex 2.21643 4.64174 13.793
      vertex 2.21347 4.92794 15.9751
    endloop
  endfacet
  facet normal -0.00473416 0.104035 0.994562
    outer loop
      vertex 2.21643 4.64174 13.793
      vertex 2.26556 4.33328 13.8255
      vertex 2.2 4.9536 13.7603
    endloop
  endfacet
  facet normal 1.57686e-05 0.104518 0.994523
    outer loop
      vertex 3.97979 74.3121 6.47039
      vertex 2.97056 73.5829 6.54704
      vertex 2.26556 72.2068 6.69167
    endloop
  endfacet
  facet normal 0.707212 -0.703127 0.073914
    outer loop
      vertex 2.97056 73.8128 8.73498
      vertex 3.19261 73.8037 6.52383
      vertex 3.19261 74.0337 8.71177
    endloop
  endfacet
  facet normal 0.707053 -0.703288 0.0738987
    outer loop
      vertex 3.19261 73.8037 6.52383
      vertex 2.97056 73.8128 8.73498
      vertex 2.97056 73.5829 6.54704
    endloop
  endfacet
  facet normal 0.777249 -0.625748 0.0657511
    outer loop
      vertex 2.77295 73.3402 6.57255
      vertex 2.93493 73.7691 8.73958
      vertex 2.77295 73.5701 8.76049
    endloop
  endfacet
  facet normal 0.777157 -0.625859 0.0657799
    outer loop
      vertex 2.93493 73.7691 8.73958
      vertex 2.77295 73.3402 6.57255
      vertex 2.97056 73.5829 6.54704
    endloop
  endfacet
  facet normal 5.40581e-05 0.104529 0.994522
    outer loop
      vertex 2.26556 72.2068 6.69167
      vertex 2.2 71.5865 6.75687
      vertex 2.2 4.9536 13.7603
    endloop
  endfacet
  facet normal -1.54558e-05 0.104441 0.994531
    outer loop
      vertex 3.7 2.36976 14.0318
      vertex 5.2 1.97004 14.0738
      vertex 2.60192 3.46182 13.9171
    endloop
  endfacet
  facet normal 0.052363 0.993158 -0.104381
    outer loop
      vertex 5.2 2.2 16.2618
      vertex 5.2 1.97004 14.0738
      vertex 5.14345 2.20295 16.2615
    endloop
  endfacet
  facet normal 0 0.994522 -0.104525
    outer loop
      vertex 98.8 1.97004 14.0738
      vertex 5.2 2.2 16.2618
      vertex 98.8 2.2 16.2618
    endloop
  endfacet
  facet normal 0 0.994522 -0.104525
    outer loop
      vertex 5.2 2.2 16.2618
      vertex 98.8 1.97004 14.0738
      vertex 5.2 1.97004 14.0738
    endloop
  endfacet
  facet normal 0.838521 -0.541886 0.0569392
    outer loop
      vertex 2.77295 73.3402 6.57255
      vertex 2.77295 73.5701 8.76049
      vertex 2.74211 73.5229 8.76546
    endloop
  endfacet
  facet normal 0.358255 -0.928508 0.0976059
    outer loop
      vertex 3.97979 74.3121 6.47039
      vertex 4.22008 74.6338 8.6487
      vertex 3.97979 74.5421 8.65834
    endloop
  endfacet
  facet normal 0.35832 -0.928484 0.0975952
    outer loop
      vertex 4.22008 74.6338 8.6487
      vertex 3.97979 74.3121 6.47039
      vertex 4.27295 74.424 6.45863
    endloop
  endfacet
  facet normal 4.84597e-05 0.104606 0.994514
    outer loop
      vertex 101.029 73.5829 6.54704
      vertex 100.563 74.0002 6.50317
      vertex 100.02 74.3121 6.47039
    endloop
  endfacet
  facet normal -0.966142 0.256625 -0.0267057
    outer loop
      vertex 101.653 4.03163 13.8572
      vertex 101.72 4.50885 16.0191
      vertex 101.734 4.33328 13.8255
    endloop
  endfacet
  facet normal -0.965554 0.258776 -0.0271988
    outer loop
      vertex 101.72 4.50885 16.0191
      vertex 101.653 4.03163 13.8572
      vertex 101.653 4.26159 16.0451
    endloop
  endfacet
  facet normal 3.46606e-05 0.104543 0.99452
    outer loop
      vertex 101.734 72.2068 6.69167
      vertex 101.541 72.8 6.62932
      vertex 101.029 73.5829 6.54704
    endloop
  endfacet
  facet normal -7.8361e-05 0.10447 0.994528
    outer loop
      vertex 101.541 72.8 6.62932
      vertex 101.227 73.3402 6.57255
      vertex 101.029 73.5829 6.54704
    endloop
  endfacet
  facet normal 0 -0.99452 0.104545
    outer loop
      vertex 5.2 74.57 6.44328
      vertex 98.8 74.8 8.63123
      vertex 5.2 74.8 8.63123
    endloop
  endfacet
  facet normal 0 -0.99452 0.104545
    outer loop
      vertex 98.8 74.8 8.63123
      vertex 5.2 74.57 6.44328
      vertex 98.8 74.57 6.44328
    endloop
  endfacet
  facet normal -0.544354 -0.834244 0.0878386
    outer loop
      vertex 100.3 74.4003 8.67324
      vertex 100.563 74.0002 6.50317
      vertex 100.516 74.2609 8.68789
    endloop
  endfacet
  facet normal -0.545184 -0.833723 0.087642
    outer loop
      vertex 100.563 74.0002 6.50317
      vertex 100.3 74.4003 8.67324
      vertex 100.3 74.1703 6.48529
    endloop
  endfacet
  facet normal -0.000257828 0.104257 0.99455
    outer loop
      vertex 2.77295 3.19991 13.9446
      vertex 3.19261 2.73638 13.9933
      vertex 2.60192 3.46182 13.9171
    endloop
  endfacet
  facet normal 0.965953 0.257299 -0.0270447
    outer loop
      vertex 2.26556 4.56325 16.0134
      vertex 2.28021 4.50885 16.0191
      vertex 2.26556 4.33328 13.8255
    endloop
  endfacet
  facet normal 0.965924 0.257407 -0.0270549
    outer loop
      vertex 2.34683 4.03163 13.8572
      vertex 2.28021 4.50885 16.0191
      vertex 2.34683 4.26159 16.0451
    endloop
  endfacet
  facet normal 0.965927 0.257396 -0.0270522
    outer loop
      vertex 2.28021 4.50885 16.0191
      vertex 2.34683 4.03163 13.8572
      vertex 2.26556 4.33328 13.8255
    endloop
  endfacet
  facet normal 0.891027 -0.451466 0.047438
    outer loop
      vertex 2.48507 73.0801 8.81199
      vertex 2.60192 73.0783 6.60007
      vertex 2.60192 73.3082 8.78802
    endloop
  endfacet
  facet normal 0.891035 -0.451449 0.0474384
    outer loop
      vertex 2.60192 73.0783 6.60007
      vertex 2.48507 73.0801 8.81199
      vertex 2.45936 72.8 6.62932
    endloop
  endfacet
  facet normal 0.998629 -0.0520521 0.0054718
    outer loop
      vertex 2.20296 71.8727 8.9389
      vertex 2.21643 71.8983 6.72409
      vertex 2.21643 72.1283 8.91203
    endloop
  endfacet
  facet normal 0.99863 -0.0520466 0.00547187
    outer loop
      vertex 2.21643 71.8983 6.72409
      vertex 2.20296 71.8727 8.9389
      vertex 2.2 71.5865 6.75687
    endloop
  endfacet
  facet normal 0.891005 0.451506 -0.0474535
    outer loop
      vertex 2.60192 3.69178 16.105
      vertex 2.45936 3.74008 13.8878
      vertex 2.45936 3.97004 16.0758
    endloop
  endfacet
  facet normal 0.891012 0.451492 -0.0474543
    outer loop
      vertex 2.45936 3.74008 13.8878
      vertex 2.60192 3.69178 16.105
      vertex 2.60192 3.46182 13.9171
    endloop
  endfacet
  facet normal -0.00146597 0.103975 0.994579
    outer loop
      vertex 2.45936 3.74008 13.8878
      vertex 2.60192 3.46182 13.9171
      vertex 2.26556 4.33328 13.8255
    endloop
  endfacet
  facet normal -0.933893 0.355595 -0.0373749
    outer loop
      vertex 101.653 4.03163 13.8572
      vertex 101.561 4.02261 16.0702
      vertex 101.653 4.26159 16.0451
    endloop
  endfacet
  facet normal -0.934145 0.354931 -0.0373881
    outer loop
      vertex 101.561 4.02261 16.0702
      vertex 101.653 4.03163 13.8572
      vertex 101.541 3.74008 13.8878
    endloop
  endfacet
  facet normal -2.97516e-05 0.104529 0.994522
    outer loop
      vertex 101.734 4.33328 13.8255
      vertex 101.734 72.2068 6.69167
      vertex 98.8 1.97004 14.0738
    endloop
  endfacet
  facet normal -0.258993 0.960587 -0.100967
    outer loop
      vertex 99.7271 2.34603 16.2464
      vertex 99.7271 2.11606 14.0585
      vertex 99.6724 2.33145 16.248
    endloop
  endfacet
  facet normal -0.000150147 0.105153 0.994456
    outer loop
      vertex 99.4237 2.03524 14.067
      vertex 99.7271 2.11606 14.0585
      vertex 98.8 1.97004 14.0738
    endloop
  endfacet
  facet normal -0.0522931 0.993162 -0.104382
    outer loop
      vertex 99.1136 1.98638 14.0721
      vertex 98.8565 2.20295 16.2615
      vertex 99.1136 2.21634 16.2601
    endloop
  endfacet
  facet normal -0.0523141 0.99316 -0.104384
    outer loop
      vertex 98.8565 2.20295 16.2615
      vertex 99.1136 1.98638 14.0721
      vertex 98.8 1.97004 14.0738
    endloop
  endfacet
  facet normal 3.07268e-06 0.104528 0.994522
    outer loop
      vertex 5.2 74.57 6.44328
      vertex 3.97979 74.3121 6.47039
      vertex 2.26556 72.2068 6.69167
    endloop
  endfacet
  facet normal -4.84373e-05 0.104606 0.994514
    outer loop
      vertex 3.97979 74.3121 6.47039
      vertex 3.43664 74.0002 6.50317
      vertex 2.97056 73.5829 6.54704
    endloop
  endfacet
  facet normal 9.13741e-05 0.104281 0.994548
    outer loop
      vertex 4.57626 74.5048 6.45013
      vertex 4.27295 74.424 6.45863
      vertex 3.97979 74.3121 6.47039
    endloop
  endfacet
  facet normal -0.77655 -0.626593 0.0659634
    outer loop
      vertex 101.227 73.3402 6.57255
      vertex 101.065 73.7691 8.73958
      vertex 101.029 73.5829 6.54704
    endloop
  endfacet
  facet normal -0.777211 -0.625795 0.065756
    outer loop
      vertex 101.065 73.7691 8.73958
      vertex 101.227 73.3402 6.57255
      vertex 101.227 73.5701 8.76049
    endloop
  endfacet
  facet normal -0.773544 -0.630273 0.0662266
    outer loop
      vertex 101.065 73.7691 8.73958
      vertex 101.029 73.8128 8.73498
      vertex 101.029 73.5829 6.54704
    endloop
  endfacet
  facet normal 0.000549347 0.104709 0.994503
    outer loop
      vertex 101.734 72.2068 6.69167
      vertex 101.653 72.5084 6.65996
      vertex 101.541 72.8 6.62932
    endloop
  endfacet
  facet normal 0.157994 -0.982029 0.103232
    outer loop
      vertex 4.88641 74.5537 6.445
      vertex 4.88641 74.7837 8.63295
      vertex 4.83049 74.7748 8.63387
    endloop
  endfacet
  facet normal 0.965917 -0.257434 0.0270617
    outer loop
      vertex 2.26556 72.4368 8.87962
      vertex 2.34683 72.5084 6.65996
      vertex 2.34683 72.7384 8.84791
    endloop
  endfacet
  facet normal 0.965917 -0.257434 0.0270617
    outer loop
      vertex 2.34683 72.5084 6.65996
      vertex 2.26556 72.4368 8.87962
      vertex 2.26556 72.2068 6.69167
    endloop
  endfacet
  facet normal -0.935309 0.351894 -0.0369843
    outer loop
      vertex 101.541 3.97004 16.0758
      vertex 101.561 4.02261 16.0702
      vertex 101.541 3.74008 13.8878
    endloop
  endfacet
  facet normal -0.707468 0.702874 -0.0738758
    outer loop
      vertex 101.029 3.18717 16.158
      vertex 101.029 2.95721 13.9701
      vertex 100.989 3.14735 16.1622
    endloop
  endfacet
  facet normal 0 0.104528 0.994522
    outer loop
      vertex 101.734 72.2068 6.69167
      vertex 5.2 1.97004 14.0738
      vertex 98.8 1.97004 14.0738
    endloop
  endfacet
  facet normal 0 0.104528 0.994522
    outer loop
      vertex 5.2 1.97004 14.0738
      vertex 101.734 72.2068 6.69167
      vertex 2.26556 72.2068 6.69167
    endloop
  endfacet
  facet normal 2.97471e-05 0.104529 0.994522
    outer loop
      vertex 5.2 1.97004 14.0738
      vertex 2.26556 72.2068 6.69167
      vertex 2.26556 4.33328 13.8255
    endloop
  endfacet
  facet normal 0.933603 0.356345 -0.0374521
    outer loop
      vertex 2.45936 3.97004 16.0758
      vertex 2.45936 3.74008 13.8878
      vertex 2.43907 4.02261 16.0702
    endloop
  endfacet
  facet normal 0.933581 0.356403 -0.0374599
    outer loop
      vertex 2.43907 4.02261 16.0702
      vertex 2.34683 4.03163 13.8572
      vertex 2.34683 4.26159 16.0451
    endloop
  endfacet
  facet normal 0.933581 0.356404 -0.0374599
    outer loop
      vertex 2.34683 4.03163 13.8572
      vertex 2.43907 4.02261 16.0702
      vertex 2.45936 3.74008 13.8878
    endloop
  endfacet
  facet normal 0.629343 0.77287 -0.0812328
    outer loop
      vertex 3.43664 2.76981 16.2019
      vertex 3.43664 2.53985 14.014
      vertex 3.39264 2.80525 16.1982
    endloop
  endfacet
  facet normal 2.13302e-05 0.104529 0.994522
    outer loop
      vertex 101.8 4.9536 13.7603
      vertex 101.734 72.2068 6.69167
      vertex 101.734 4.33328 13.8255
    endloop
  endfacet
  facet normal -0.987253 0.158287 -0.0166361
    outer loop
      vertex 101.784 4.64174 13.793
      vertex 101.734 4.56325 16.0134
      vertex 101.784 4.8717 15.981
    endloop
  endfacet
  facet normal -0.987255 0.158277 -0.0166365
    outer loop
      vertex 101.734 4.56325 16.0134
      vertex 101.784 4.64174 13.793
      vertex 101.734 4.33328 13.8255
    endloop
  endfacet
  facet normal -0.968771 0.2466 -0.0259201
    outer loop
      vertex 101.734 4.56325 16.0134
      vertex 101.734 4.33328 13.8255
      vertex 101.72 4.50885 16.0191
    endloop
  endfacet
  facet normal -0.00220883 0.10746 0.994207
    outer loop
      vertex 100.563 2.53985 14.014
      vertex 100.807 2.73638 13.9933
      vertex 100.3 2.36976 14.0318
    endloop
  endfacet
  facet normal 0.000526708 0.103488 0.994631
    outer loop
      vertex 100.02 2.22798 14.0467
      vertex 100.3 2.36976 14.0318
      vertex 99.7271 2.11606 14.0585
    endloop
  endfacet
  facet normal -0.000112369 0.104915 0.994481
    outer loop
      vertex 99.7271 2.11606 14.0585
      vertex 100.3 2.36976 14.0318
      vertex 98.8 1.97004 14.0738
    endloop
  endfacet
  facet normal -0.000523605 0.103495 0.99463
    outer loop
      vertex 3.97979 2.22798 14.0467
      vertex 4.27295 2.11606 14.0585
      vertex 3.7 2.36976 14.0318
    endloop
  endfacet
  facet normal -0.156499 0.982268 -0.103237
    outer loop
      vertex 99.4237 2.2652 16.2549
      vertex 99.1136 1.98638 14.0721
      vertex 99.1136 2.21634 16.2601
    endloop
  endfacet
  facet normal -0.156467 0.982272 -0.103242
    outer loop
      vertex 99.1136 1.98638 14.0721
      vertex 99.4237 2.2652 16.2549
      vertex 99.4237 2.03524 14.067
    endloop
  endfacet
  facet normal 0.358329 0.928481 -0.0975925
    outer loop
      vertex 4.27295 2.11606 14.0585
      vertex 4.03265 2.43776 16.2368
      vertex 4.27295 2.34603 16.2464
    endloop
  endfacet
  facet normal 0.358387 0.928459 -0.097583
    outer loop
      vertex 4.03265 2.43776 16.2368
      vertex 4.27295 2.11606 14.0585
      vertex 3.97979 2.22798 14.0467
    endloop
  endfacet
  facet normal 0.000112383 0.104915 0.994481
    outer loop
      vertex 4.27295 2.11606 14.0585
      vertex 5.2 1.97004 14.0738
      vertex 3.7 2.36976 14.0318
    endloop
  endfacet
  facet normal -0.358459 0.928431 -0.0975873
    outer loop
      vertex 99.9673 2.43776 16.2368
      vertex 99.7271 2.11606 14.0585
      vertex 99.7271 2.34603 16.2464
    endloop
  endfacet
  facet normal -0.358664 0.928355 -0.0975535
    outer loop
      vertex 99.7271 2.11606 14.0585
      vertex 99.9673 2.43776 16.2368
      vertex 100.02 2.22798 14.0467
    endloop
  endfacet
  facet normal 1.54554e-05 0.104441 0.994531
    outer loop
      vertex 100.3 2.36976 14.0318
      vertex 101.398 3.46182 13.9171
      vertex 98.8 1.97004 14.0738
    endloop
  endfacet
  facet normal -1.17059e-05 0.104597 0.994515
    outer loop
      vertex 5.2 74.57 6.44328
      vertex 4.57626 74.5048 6.45013
      vertex 3.97979 74.3121 6.47039
    endloop
  endfacet
  facet normal 0.77674 -0.626373 0.0658168
    outer loop
      vertex 2.97056 73.5829 6.54704
      vertex 2.97056 73.8128 8.73498
      vertex 2.93493 73.7691 8.73958
    endloop
  endfacet
  facet normal -3.49124e-05 0.104543 0.99452
    outer loop
      vertex 2.97056 73.5829 6.54704
      vertex 2.45936 72.8 6.62932
      vertex 2.26556 72.2068 6.69167
    endloop
  endfacet
  facet normal 0.454042 -0.886098 0.0931477
    outer loop
      vertex 3.7 74.1703 6.48529
      vertex 3.97979 74.5421 8.65834
      vertex 3.7 74.4003 8.67324
    endloop
  endfacet
  facet normal 0.454042 -0.886098 0.0931477
    outer loop
      vertex 3.97979 74.5421 8.65834
      vertex 3.7 74.1703 6.48529
      vertex 3.97979 74.3121 6.47039
    endloop
  endfacet
  facet normal -0.052356 -0.993156 0.104402
    outer loop
      vertex 98.8 74.57 6.44328
      vertex 99.057 74.7866 8.63264
      vertex 98.8 74.8 8.63123
    endloop
  endfacet
  facet normal -0.0521944 -0.993167 0.104384
    outer loop
      vertex 99.057 74.7866 8.63264
      vertex 98.8 74.57 6.44328
      vertex 99.1136 74.5537 6.445
    endloop
  endfacet
  facet normal 8.60303e-05 0.10467 0.994507
    outer loop
      vertex 100.563 74.0002 6.50317
      vertex 100.3 74.1703 6.48529
      vertex 100.02 74.3121 6.47039
    endloop
  endfacet
  facet normal -0.890791 -0.451926 0.0474863
    outer loop
      vertex 101.398 73.0783 6.60007
      vertex 101.515 73.0801 8.81199
      vertex 101.398 73.3082 8.78802
    endloop
  endfacet
  facet normal -0.890468 -0.452563 0.0474698
    outer loop
      vertex 101.515 73.0801 8.81199
      vertex 101.398 73.0783 6.60007
      vertex 101.541 72.8 6.62932
    endloop
  endfacet
  facet normal -0.88863 -0.456112 0.0479471
    outer loop
      vertex 101.541 72.8 6.62932
      vertex 101.541 73.03 8.81727
      vertex 101.515 73.0801 8.81199
    endloop
  endfacet
  facet normal -0.934166 -0.354882 0.0373056
    outer loop
      vertex 101.541 72.8 6.62932
      vertex 101.653 72.7384 8.84791
      vertex 101.541 73.03 8.81727
    endloop
  endfacet
  facet normal -0.934166 -0.354882 0.0373056
    outer loop
      vertex 101.653 72.7384 8.84791
      vertex 101.541 72.8 6.62932
      vertex 101.653 72.5084 6.65996
    endloop
  endfacet
  facet normal -5.14151e-05 0.104534 0.994521
    outer loop
      vertex 101.029 2.95721 13.9701
      vertex 101.227 3.19991 13.9446
      vertex 100.807 2.73638 13.9933
    endloop
  endfacet
  facet normal 0.000256964 0.104258 0.99455
    outer loop
      vertex 101.227 3.19991 13.9446
      vertex 101.398 3.46182 13.9171
      vertex 100.807 2.73638 13.9933
    endloop
  endfacet
  facet normal 0.987689 -0.155576 0.0163543
    outer loop
      vertex 2.21643 72.1283 8.91203
      vertex 2.26556 72.2068 6.69167
      vertex 2.26556 72.4368 8.87962
    endloop
  endfacet
  facet normal 0.987689 -0.155575 0.0163543
    outer loop
      vertex 2.26556 72.2068 6.69167
      vertex 2.21643 72.1283 8.91203
      vertex 2.21643 71.8983 6.72409
    endloop
  endfacet
  facet normal -0.000395281 0.104576 0.994517
    outer loop
      vertex 2.26556 72.2068 6.69167
      vertex 2.21643 71.8983 6.72409
      vertex 2.2 71.5865 6.75687
    endloop
  endfacet
  facet normal -0.000544996 0.104708 0.994503
    outer loop
      vertex 2.45936 72.8 6.62932
      vertex 2.34683 72.5084 6.65996
      vertex 2.26556 72.2068 6.69167
    endloop
  endfacet
  facet normal 0.89071 -0.452081 0.0475233
    outer loop
      vertex 2.48507 73.0801 8.81199
      vertex 2.45936 73.03 8.81727
      vertex 2.45936 72.8 6.62932
    endloop
  endfacet
  facet normal -8.67588e-05 0.104672 0.994507
    outer loop
      vertex 3.97979 74.3121 6.47039
      vertex 3.7 74.1703 6.48529
      vertex 3.43664 74.0002 6.50317
    endloop
  endfacet
  facet normal -0.156281 -0.9823 0.103261
    outer loop
      vertex 99.1695 74.7748 8.63387
      vertex 99.4237 74.5048 6.45013
      vertex 99.4237 74.7348 8.63808
    endloop
  endfacet
  facet normal -0.1566 -0.982254 0.103218
    outer loop
      vertex 99.4237 74.5048 6.45013
      vertex 99.1695 74.7748 8.63387
      vertex 99.1136 74.5537 6.445
    endloop
  endfacet
  facet normal 0.707115 0.703224 -0.0739127
    outer loop
      vertex 3.19261 2.73638 13.9933
      vertex 3.01061 3.14735 16.1622
      vertex 3.19261 2.96634 16.1812
    endloop
  endfacet
  facet normal 0.707099 0.70324 -0.073917
    outer loop
      vertex 3.01061 3.14735 16.1622
      vertex 3.19261 2.73638 13.9933
      vertex 2.97056 2.95721 13.9701
    endloop
  endfacet
  facet normal 0.629328 0.772882 -0.0812345
    outer loop
      vertex 3.43664 2.53985 14.014
      vertex 3.19261 2.96634 16.1812
      vertex 3.39264 2.80525 16.1982
    endloop
  endfacet
  facet normal 0.629331 0.77288 -0.0812338
    outer loop
      vertex 3.19261 2.96634 16.1812
      vertex 3.43664 2.53985 14.014
      vertex 3.19261 2.73638 13.9933
    endloop
  endfacet
  facet normal 4.59711e-05 0.104502 0.994525
    outer loop
      vertex 3.19261 2.73638 13.9933
      vertex 3.7 2.36976 14.0318
      vertex 2.60192 3.46182 13.9171
    endloop
  endfacet
  facet normal -1 0 0
    outer loop
      vertex 101.8 71.5865 6.75687
      vertex 101.8 5.18357 15.9482
      vertex 101.8 71.8164 8.94481
    endloop
  endfacet
  facet normal -1 0 -0
    outer loop
      vertex 101.8 5.18357 15.9482
      vertex 101.8 71.5865 6.75687
      vertex 101.8 4.9536 13.7603
    endloop
  endfacet
  facet normal -5.36977e-05 0.104529 0.994522
    outer loop
      vertex 101.8 4.9536 13.7603
      vertex 101.8 71.5865 6.75687
      vertex 101.734 72.2068 6.69167
    endloop
  endfacet
  facet normal 0.00455472 0.104051 0.994562
    outer loop
      vertex 101.784 4.64174 13.793
      vertex 101.8 4.9536 13.7603
      vertex 101.734 4.33328 13.8255
    endloop
  endfacet
  facet normal -0.998724 0.0502342 -0.00528011
    outer loop
      vertex 101.8 4.9536 13.7603
      vertex 101.787 4.92794 15.9751
      vertex 101.8 5.18357 15.9482
    endloop
  endfacet
  facet normal -0.998701 0.0506853 -0.00527475
    outer loop
      vertex 101.787 4.92794 15.9751
      vertex 101.8 4.9536 13.7603
      vertex 101.784 4.64174 13.793
    endloop
  endfacet
  facet normal -4.60918e-05 0.104502 0.994525
    outer loop
      vertex 100.807 2.73638 13.9933
      vertex 101.398 3.46182 13.9171
      vertex 100.3 2.36976 14.0318
    endloop
  endfacet
  facet normal -0.454507 0.885877 -0.0929796
    outer loop
      vertex 100.3 2.59972 16.2198
      vertex 100.02 2.22798 14.0467
      vertex 100.071 2.48351 16.232
    endloop
  endfacet
  facet normal -0.453722 0.886262 -0.0931466
    outer loop
      vertex 100.02 2.22798 14.0467
      vertex 100.3 2.59972 16.2198
      vertex 100.3 2.36976 14.0318
    endloop
  endfacet
  facet normal 0.00144319 0.103985 0.994578
    outer loop
      vertex 101.541 3.74008 13.8878
      vertex 101.734 4.33328 13.8255
      vertex 101.398 3.46182 13.9171
    endloop
  endfacet
  facet normal -0.00113881 0.104816 0.994491
    outer loop
      vertex 101.653 4.03163 13.8572
      vertex 101.734 4.33328 13.8255
      vertex 101.541 3.74008 13.8878
    endloop
  endfacet
  facet normal -0.707179 0.703162 -0.0738956
    outer loop
      vertex 100.807 2.73638 13.9933
      vertex 100.989 3.14735 16.1622
      vertex 101.029 2.95721 13.9701
    endloop
  endfacet
  facet normal -0.707115 0.703224 -0.0739127
    outer loop
      vertex 100.989 3.14735 16.1622
      vertex 100.807 2.73638 13.9933
      vertex 100.807 2.96634 16.1812
    endloop
  endfacet
  facet normal -0.629385 0.772836 -0.0812278
    outer loop
      vertex 100.807 2.96634 16.1812
      vertex 100.563 2.53985 14.014
      vertex 100.607 2.80525 16.1982
    endloop
  endfacet
  facet normal -0.629378 0.772842 -0.0812299
    outer loop
      vertex 100.563 2.53985 14.014
      vertex 100.807 2.96634 16.1812
      vertex 100.807 2.73638 13.9933
    endloop
  endfacet
  facet normal 0.544642 0.834075 -0.0876617
    outer loop
      vertex 3.7 2.36976 14.0318
      vertex 3.43664 2.76981 16.2019
      vertex 3.7 2.59972 16.2198
    endloop
  endfacet
  facet normal 0.544619 0.834089 -0.0876673
    outer loop
      vertex 3.43664 2.76981 16.2019
      vertex 3.7 2.36976 14.0318
      vertex 3.43664 2.53985 14.014
    endloop
  endfacet
  facet normal 0.259037 0.960576 -0.100966
    outer loop
      vertex 4.27295 2.34603 16.2464
      vertex 4.32764 2.33145 16.248
      vertex 4.27295 2.11606 14.0585
    endloop
  endfacet
  facet normal 0.0523157 0.99316 -0.104383
    outer loop
      vertex 4.88641 1.98638 14.0721
      vertex 5.14345 2.20295 16.2615
      vertex 5.2 1.97004 14.0738
    endloop
  endfacet
  facet normal 0.0523053 0.993161 -0.104382
    outer loop
      vertex 5.14345 2.20295 16.2615
      vertex 4.88641 1.98638 14.0721
      vertex 4.88641 2.21634 16.2601
    endloop
  endfacet
  facet normal -2.63787e-05 0.103981 0.994579
    outer loop
      vertex 99.1136 1.98638 14.0721
      vertex 99.4237 2.03524 14.067
      vertex 98.8 1.97004 14.0738
    endloop
  endfacet
  facet normal -0.837229 -0.543858 0.0571464
    outer loop
      vertex 101.258 73.5229 8.76546
      vertex 101.227 73.5701 8.76049
      vertex 101.227 73.3402 6.57255
    endloop
  endfacet
  facet normal 0.052196 -0.993166 0.104385
    outer loop
      vertex 5.2 74.57 6.44328
      vertex 4.94296 74.7866 8.63264
      vertex 4.88641 74.5537 6.445
    endloop
  endfacet
  facet normal 0.0523479 -0.993157 0.104402
    outer loop
      vertex 4.94296 74.7866 8.63264
      vertex 5.2 74.57 6.44328
      vertex 5.2 74.8 8.63123
    endloop
  endfacet
  facet normal -0.158049 -0.98202 0.103231
    outer loop
      vertex 99.1695 74.7748 8.63387
      vertex 99.1136 74.7837 8.63295
      vertex 99.1136 74.5537 6.445
    endloop
  endfacet
  facet normal -4.73081e-05 0.104039 0.994573
    outer loop
      vertex 99.4237 74.5048 6.45013
      vertex 99.1136 74.5537 6.445
      vertex 98.8 74.57 6.44328
    endloop
  endfacet
  facet normal -9.34173e-05 0.104449 0.99453
    outer loop
      vertex 101.029 73.5829 6.54704
      vertex 100.807 73.8037 6.52383
      vertex 100.563 74.0002 6.50317
    endloop
  endfacet
  facet normal -0.707291 -0.703048 0.0739056
    outer loop
      vertex 100.807 73.8037 6.52383
      vertex 101.029 73.8128 8.73498
      vertex 100.807 74.0337 8.71177
    endloop
  endfacet
  facet normal -0.707133 -0.703209 0.0738904
    outer loop
      vertex 101.029 73.8128 8.73498
      vertex 100.807 73.8037 6.52383
      vertex 101.029 73.5829 6.54704
    endloop
  endfacet
  facet normal 0.00017256 0.104614 0.994513
    outer loop
      vertex 101.541 72.8 6.62932
      vertex 101.398 73.0783 6.60007
      vertex 101.227 73.3402 6.57255
    endloop
  endfacet
  facet normal -0.838694 -0.541614 0.0569801
    outer loop
      vertex 101.398 73.0783 6.60007
      vertex 101.258 73.5229 8.76546
      vertex 101.227 73.3402 6.57255
    endloop
  endfacet
  facet normal -0.839017 -0.541126 0.0568591
    outer loop
      vertex 101.258 73.5229 8.76546
      vertex 101.398 73.0783 6.60007
      vertex 101.398 73.3082 8.78802
    endloop
  endfacet
  facet normal 0.544585 -0.834109 0.0876954
    outer loop
      vertex 3.43664 74.0002 6.50317
      vertex 3.7 74.4003 8.67324
      vertex 3.48413 74.2609 8.68789
    endloop
  endfacet
  facet normal 0.54466 -0.834062 0.0876776
    outer loop
      vertex 3.7 74.4003 8.67324
      vertex 3.43664 74.0002 6.50317
      vertex 3.7 74.1703 6.48529
    endloop
  endfacet
  facet normal 0.545 -0.833841 0.0876544
    outer loop
      vertex 3.48413 74.2609 8.68789
      vertex 3.43664 74.2302 8.69112
      vertex 3.43664 74.0002 6.50317
    endloop
  endfacet
  facet normal -0.000170482 0.104613 0.994513
    outer loop
      vertex 2.77295 73.3402 6.57255
      vertex 2.60192 73.0783 6.60007
      vertex 2.45936 72.8 6.62932
    endloop
  endfacet
  facet normal 0.83868 -0.541642 0.0569134
    outer loop
      vertex 2.60192 73.0783 6.60007
      vertex 2.74211 73.5229 8.76546
      vertex 2.60192 73.3082 8.78802
    endloop
  endfacet
  facet normal 0.838651 -0.541687 0.0569245
    outer loop
      vertex 2.74211 73.5229 8.76546
      vertex 2.60192 73.0783 6.60007
      vertex 2.77295 73.3402 6.57255
    endloop
  endfacet
  facet normal 0.933603 -0.356346 0.0374596
    outer loop
      vertex 2.34683 72.7384 8.84791
      vertex 2.45936 72.8 6.62932
      vertex 2.45936 73.03 8.81727
    endloop
  endfacet
  facet normal 0.933603 -0.356346 0.0374596
    outer loop
      vertex 2.45936 72.8 6.62932
      vertex 2.34683 72.7384 8.84791
      vertex 2.34683 72.5084 6.65996
    endloop
  endfacet
  facet normal 5.09224e-05 0.104534 0.994521
    outer loop
      vertex 2.97056 2.95721 13.9701
      vertex 3.19261 2.73638 13.9933
      vertex 2.77295 3.19991 13.9446
    endloop
  endfacet
  facet normal 0.838658 0.541675 -0.0569329
    outer loop
      vertex 2.77295 3.42987 16.1325
      vertex 2.60192 3.46182 13.9171
      vertex 2.60192 3.69178 16.105
    endloop
  endfacet
  facet normal 0.838658 0.541675 -0.0569329
    outer loop
      vertex 2.60192 3.46182 13.9171
      vertex 2.77295 3.42987 16.1325
      vertex 2.77295 3.19991 13.9446
    endloop
  endfacet
  facet normal 0.777228 0.625773 -0.065772
    outer loop
      vertex 2.77295 3.42987 16.1325
      vertex 2.80858 3.3861 16.1371
      vertex 2.77295 3.19991 13.9446
    endloop
  endfacet
  facet normal 0.77714 0.62588 -0.0657833
    outer loop
      vertex 2.97056 2.95721 13.9701
      vertex 2.80858 3.3861 16.1371
      vertex 2.97056 3.18717 16.158
    endloop
  endfacet
  facet normal 0.777156 0.625861 -0.0657784
    outer loop
      vertex 2.80858 3.3861 16.1371
      vertex 2.97056 2.95721 13.9701
      vertex 2.77295 3.19991 13.9446
    endloop
  endfacet
  facet normal 0.00219469 0.107443 0.994209
    outer loop
      vertex 3.43664 2.53985 14.014
      vertex 3.7 2.36976 14.0318
      vertex 3.19261 2.73638 13.9933
    endloop
  endfacet
  facet normal -0.998723 -0.0502406 0.00528138
    outer loop
      vertex 101.784 71.8983 6.72409
      vertex 101.797 71.8727 8.9389
      vertex 101.784 72.1283 8.91203
    endloop
  endfacet
  facet normal -0.9987 -0.0506936 0.005276
    outer loop
      vertex 101.797 71.8727 8.9389
      vertex 101.784 71.8983 6.72409
      vertex 101.8 71.5865 6.75687
    endloop
  endfacet
  facet normal 0.000380295 0.104575 0.994517
    outer loop
      vertex 101.8 71.5865 6.75687
      vertex 101.784 71.8983 6.72409
      vertex 101.734 72.2068 6.69167
    endloop
  endfacet
  facet normal -0.998596 0.052687 -0.00553743
    outer loop
      vertex 101.784 4.8717 15.981
      vertex 101.787 4.92794 15.9751
      vertex 101.784 4.64174 13.793
    endloop
  endfacet
  facet normal -0.545166 0.833736 -0.0876261
    outer loop
      vertex 100.563 2.76981 16.2019
      vertex 100.3 2.36976 14.0318
      vertex 100.3 2.59972 16.2198
    endloop
  endfacet
  facet normal -0.545143 0.833751 -0.0876317
    outer loop
      vertex 100.3 2.36976 14.0318
      vertex 100.563 2.76981 16.2019
      vertex 100.563 2.53985 14.014
    endloop
  endfacet
  facet normal -0.774035 0.629674 -0.0661821
    outer loop
      vertex 101.227 3.42987 16.1325
      vertex 101.227 3.19991 13.9446
      vertex 101.191 3.3861 16.1371
    endloop
  endfacet
  facet normal -0.776549 0.626595 -0.0659619
    outer loop
      vertex 101.029 2.95721 13.9701
      vertex 101.191 3.3861 16.1371
      vertex 101.227 3.19991 13.9446
    endloop
  endfacet
  facet normal -0.777102 0.625927 -0.0657882
    outer loop
      vertex 101.191 3.3861 16.1371
      vertex 101.029 2.95721 13.9701
      vertex 101.029 3.18717 16.158
    endloop
  endfacet
  facet normal -0.890438 0.452611 -0.0475697
    outer loop
      vertex 101.541 3.74008 13.8878
      vertex 101.398 3.69178 16.105
      vertex 101.541 3.97004 16.0758
    endloop
  endfacet
  facet normal -0.890445 0.452598 -0.0475704
    outer loop
      vertex 101.398 3.69178 16.105
      vertex 101.541 3.74008 13.8878
      vertex 101.398 3.46182 13.9171
    endloop
  endfacet
  facet normal 0.453972 0.886135 -0.0931365
    outer loop
      vertex 3.97979 2.22798 14.0467
      vertex 3.7 2.59972 16.2198
      vertex 3.92934 2.48351 16.232
    endloop
  endfacet
  facet normal 0.453992 0.886125 -0.0931322
    outer loop
      vertex 3.7 2.59972 16.2198
      vertex 3.97979 2.22798 14.0467
      vertex 3.7 2.36976 14.0318
    endloop
  endfacet
  facet normal 0.258786 0.960643 -0.100969
    outer loop
      vertex 4.57626 2.03524 14.067
      vertex 4.32764 2.33145 16.248
      vertex 4.57626 2.2652 16.2549
    endloop
  endfacet
  facet normal 0.258801 0.960639 -0.100966
    outer loop
      vertex 4.32764 2.33145 16.248
      vertex 4.57626 2.03524 14.067
      vertex 4.27295 2.11606 14.0585
    endloop
  endfacet
  facet normal 0.000150102 0.105152 0.994456
    outer loop
      vertex 4.57626 2.03524 14.067
      vertex 5.2 1.97004 14.0738
      vertex 4.27295 2.11606 14.0585
    endloop
  endfacet
  facet normal -9.10979e-05 0.104282 0.994548
    outer loop
      vertex 100.02 74.3121 6.47039
      vertex 99.7271 74.424 6.45863
      vertex 99.4237 74.5048 6.45013
    endloop
  endfacet
  facet normal 0.0515057 -0.9932 0.104406
    outer loop
      vertex 4.94296 74.7866 8.63264
      vertex 4.88641 74.7837 8.63295
      vertex 4.88641 74.5537 6.445
    endloop
  endfacet
  facet normal 0.156263 -0.982303 0.103261
    outer loop
      vertex 4.57626 74.5048 6.45013
      vertex 4.83049 74.7748 8.63387
      vertex 4.57626 74.7348 8.63808
    endloop
  endfacet
  facet normal 0.156576 -0.982258 0.103219
    outer loop
      vertex 4.83049 74.7748 8.63387
      vertex 4.57626 74.5048 6.45013
      vertex 4.88641 74.5537 6.445
    endloop
  endfacet
  facet normal 4.73141e-05 0.104039 0.994573
    outer loop
      vertex 5.2 74.57 6.44328
      vertex 4.88641 74.5537 6.445
      vertex 4.57626 74.5048 6.45013
    endloop
  endfacet
  facet normal -0.62931 -0.772895 0.0812481
    outer loop
      vertex 100.563 74.2302 8.69112
      vertex 100.807 73.8037 6.52383
      vertex 100.807 74.0337 8.71177
    endloop
  endfacet
  facet normal -0.629312 -0.772894 0.0812475
    outer loop
      vertex 100.807 73.8037 6.52383
      vertex 100.563 74.2302 8.69112
      vertex 100.563 74.0002 6.50317
    endloop
  endfacet
  facet normal -0.966132 -0.256635 0.0269778
    outer loop
      vertex 101.653 72.5084 6.65996
      vertex 101.734 72.4368 8.87962
      vertex 101.653 72.7384 8.84791
    endloop
  endfacet
  facet normal -0.966132 -0.256635 0.0269778
    outer loop
      vertex 101.734 72.4368 8.87962
      vertex 101.653 72.5084 6.65996
      vertex 101.734 72.2068 6.69167
    endloop
  endfacet
  facet normal 0.358615 -0.92837 0.0975914
    outer loop
      vertex 4.27295 74.424 6.45863
      vertex 4.27295 74.654 8.64658
      vertex 4.22008 74.6338 8.6487
    endloop
  endfacet
  facet normal 9.34465e-05 0.104449 0.99453
    outer loop
      vertex 3.43664 74.0002 6.50317
      vertex 3.19261 73.8037 6.52383
      vertex 2.97056 73.5829 6.54704
    endloop
  endfacet
  facet normal 0.707026 0.703313 -0.073922
    outer loop
      vertex 2.97056 3.18717 16.158
      vertex 3.01061 3.14735 16.1622
      vertex 2.97056 2.95721 13.9701
    endloop
  endfacet
  facet normal -0.359283 0.928117 -0.0975456
    outer loop
      vertex 100.02 2.45794 16.2347
      vertex 100.02 2.22798 14.0467
      vertex 99.9673 2.43776 16.2368
    endloop
  endfacet
  facet normal 0.454083 0.886079 -0.0931274
    outer loop
      vertex 3.97979 2.45794 16.2347
      vertex 3.97979 2.22798 14.0467
      vertex 3.92934 2.48351 16.232
    endloop
  endfacet
  facet normal 0.358336 0.928479 -0.0975836
    outer loop
      vertex 3.97979 2.45794 16.2347
      vertex 4.03265 2.43776 16.2368
      vertex 3.97979 2.22798 14.0467
    endloop
  endfacet
  facet normal -0.0524093 0.993155 -0.104381
    outer loop
      vertex 98.8 2.2 16.2618
      vertex 98.8565 2.20295 16.2615
      vertex 98.8 1.97004 14.0738
    endloop
  endfacet
  facet normal 0.156475 0.982272 -0.103237
    outer loop
      vertex 4.88641 1.98638 14.0721
      vertex 4.57626 2.2652 16.2549
      vertex 4.88641 2.21634 16.2601
    endloop
  endfacet
  facet normal 0.156442 0.982276 -0.103243
    outer loop
      vertex 4.57626 2.2652 16.2549
      vertex 4.88641 1.98638 14.0721
      vertex 4.57626 2.03524 14.067
    endloop
  endfacet
  facet normal 2.6382e-05 0.103982 0.994579
    outer loop
      vertex 4.88641 1.98638 14.0721
      vertex 5.2 1.97004 14.0738
      vertex 4.57626 2.03524 14.067
    endloop
  endfacet
  facet normal -0.0514603 -0.993202 0.104407
    outer loop
      vertex 99.1136 74.5537 6.445
      vertex 99.1136 74.7837 8.63295
      vertex 99.057 74.7866 8.63264
    endloop
  endfacet
  facet normal -0.453772 -0.886235 0.0931621
    outer loop
      vertex 100.02 74.5421 8.65834
      vertex 100.3 74.1703 6.48529
      vertex 100.3 74.4003 8.67324
    endloop
  endfacet
  facet normal -0.453772 -0.886235 0.0931621
    outer loop
      vertex 100.3 74.1703 6.48529
      vertex 100.02 74.5421 8.65834
      vertex 100.02 74.3121 6.47039
    endloop
  endfacet
  facet normal -0.359029 -0.928212 0.0975748
    outer loop
      vertex 99.7799 74.6338 8.6487
      vertex 99.7271 74.654 8.64658
      vertex 99.7271 74.424 6.45863
    endloop
  endfacet
  facet normal -0.358502 -0.928413 0.097596
    outer loop
      vertex 99.7799 74.6338 8.6487
      vertex 100.02 74.3121 6.47039
      vertex 100.02 74.5421 8.65834
    endloop
  endfacet
  facet normal -0.358597 -0.928378 0.0975803
    outer loop
      vertex 100.02 74.3121 6.47039
      vertex 99.7799 74.6338 8.6487
      vertex 99.7271 74.424 6.45863
    endloop
  endfacet
  facet normal 0.257622 -0.960951 0.101016
    outer loop
      vertex 4.32764 74.6685 8.64504
      vertex 4.27295 74.654 8.64658
      vertex 4.27295 74.424 6.45863
    endloop
  endfacet
  facet normal -0.258708 0.960664 -0.100971
    outer loop
      vertex 99.6724 2.33145 16.248
      vertex 99.4237 2.03524 14.067
      vertex 99.4237 2.2652 16.2549
    endloop
  endfacet
  facet normal -0.25873 0.960658 -0.100968
    outer loop
      vertex 99.4237 2.03524 14.067
      vertex 99.6724 2.33145 16.248
      vertex 99.7271 2.11606 14.0585
    endloop
  endfacet
  facet normal -0.257578 -0.960963 0.101018
    outer loop
      vertex 99.7271 74.424 6.45863
      vertex 99.7271 74.654 8.64658
      vertex 99.6724 74.6685 8.64504
    endloop
  endfacet
  facet normal -0.258911 -0.960612 0.100945
    outer loop
      vertex 99.4237 74.7348 8.63808
      vertex 99.7271 74.424 6.45863
      vertex 99.6724 74.6685 8.64504
    endloop
  endfacet
  facet normal -0.258671 -0.960672 0.100987
    outer loop
      vertex 99.7271 74.424 6.45863
      vertex 99.4237 74.7348 8.63808
      vertex 99.4237 74.5048 6.45013
    endloop
  endfacet
  facet normal 0.628927 0 -0.777464
    outer loop
      vertex 33.5316 74.6 2.9202
      vertex 33.5886 77 2.96631
      vertex 33.5886 74.6 2.96631
    endloop
  endfacet
  facet normal 0.628927 0 -0.777464
    outer loop
      vertex 33.5886 77 2.96631
      vertex 33.5316 74.6 2.9202
      vertex 33.5316 77 2.9202
    endloop
  endfacet
  facet normal -0 0 1
    outer loop
      vertex 34 77 1.7
      vertex 70 74.6 1.7
      vertex 70 77 1.7
    endloop
  endfacet
  facet normal 0 0 1
    outer loop
      vertex 70 74.6 1.7
      vertex 34 77 1.7
      vertex 34 74.6 1.7
    endloop
  endfacet
  facet normal -0.0522509 0 0.998634
    outer loop
      vertex 70 77 1.7
      vertex 70.0732 74.6 1.70383
      vertex 70.0732 77 1.70383
    endloop
  endfacet
  facet normal -0.0522509 0 0.998634
    outer loop
      vertex 70.0732 74.6 1.70383
      vertex 70 77 1.7
      vertex 70 74.6 1.7
    endloop
  endfacet
  facet normal 0 0 -1
    outer loop
      vertex 34 74.6 3.1
      vertex 70 77 3.1
      vertex 70 74.6 3.1
    endloop
  endfacet
  facet normal -0 0 -1
    outer loop
      vertex 70 77 3.1
      vertex 34 74.6 3.1
      vertex 34 77 3.1
    endloop
  endfacet
  facet normal 0.45386 0 0.891073
    outer loop
      vertex 33.65 77 1.79378
      vertex 33.7153 74.6 1.76052
      vertex 33.7153 77 1.76052
    endloop
  endfacet
  facet normal 0.45386 0 0.891073
    outer loop
      vertex 33.7153 74.6 1.76052
      vertex 33.65 77 1.79378
      vertex 33.65 74.6 1.79378
    endloop
  endfacet
  facet normal 0.777207 0 -0.629245
    outer loop
      vertex 33.4798 74.6 2.86839
      vertex 33.4337 77 2.81145
      vertex 33.4798 77 2.86839
    endloop
  endfacet
  facet normal 0.777207 0 -0.629245
    outer loop
      vertex 33.4337 77 2.81145
      vertex 33.4798 74.6 2.86839
      vertex 33.4337 74.6 2.81145
    endloop
  endfacet
  facet normal -0.052387 0 -0.998627
    outer loop
      vertex 70 74.6 3.1
      vertex 70.0732 77 3.09616
      vertex 70.0732 74.6 3.09616
    endloop
  endfacet
  facet normal -0.052387 0 -0.998627
    outer loop
      vertex 70.0732 77 3.09616
      vertex 70 74.6 3.1
      vertex 70 77 3.1
    endloop
  endfacet
  facet normal 0.156552 0 -0.98767
    outer loop
      vertex 33.8545 74.6 3.0847
      vertex 33.9268 77 3.09616
      vertex 33.9268 74.6 3.09616
    endloop
  endfacet
  facet normal 0.156552 0 -0.98767
    outer loop
      vertex 33.9268 77 3.09616
      vertex 33.8545 74.6 3.0847
      vertex 33.8545 77 3.0847
    endloop
  endfacet
  facet normal -0.987609 0 -0.156937
    outer loop
      vertex 70.6962 74.6 2.47317
      vertex 70.6847 77 2.54554
      vertex 70.6962 77 2.47317
    endloop
  endfacet
  facet normal -0.987609 -0 -0.156937
    outer loop
      vertex 70.6847 77 2.54554
      vertex 70.6962 74.6 2.47317
      vertex 70.6847 74.6 2.54554
    endloop
  endfacet
  facet normal 0.544988 0 -0.838444
    outer loop
      vertex 33.5886 74.6 2.96631
      vertex 33.65 77 3.00622
      vertex 33.65 74.6 3.00622
    endloop
  endfacet
  facet normal 0.544988 0 -0.838444
    outer loop
      vertex 33.65 77 3.00622
      vertex 33.5886 74.6 2.96631
      vertex 33.5886 77 2.96631
    endloop
  endfacet
  facet normal 0.933855 -0 0.357652
    outer loop
      vertex 33.3343 74.6 2.18369
      vertex 33.3605 77 2.11528
      vertex 33.3343 77 2.18369
    endloop
  endfacet
  facet normal 0.933855 0 0.357652
    outer loop
      vertex 33.3605 77 2.11528
      vertex 33.3343 74.6 2.18369
      vertex 33.3605 74.6 2.11528
    endloop
  endfacet
  facet normal 0.838709 -0 0.544581
    outer loop
      vertex 33.3938 74.6 2.05
      vertex 33.4337 77 1.98855
      vertex 33.3938 77 2.05
    endloop
  endfacet
  facet normal 0.838709 0 0.544581
    outer loop
      vertex 33.4337 77 1.98855
      vertex 33.3938 74.6 2.05
      vertex 33.4337 74.6 1.98855
    endloop
  endfacet
  facet normal 0.156685 0 0.987649
    outer loop
      vertex 33.8545 77 1.7153
      vertex 33.9268 74.6 1.70383
      vertex 33.9268 77 1.70383
    endloop
  endfacet
  facet normal 0.156685 0 0.987649
    outer loop
      vertex 33.9268 74.6 1.70383
      vertex 33.8545 77 1.7153
      vertex 33.8545 74.6 1.7153
    endloop
  endfacet
  facet normal -0.156552 0 -0.98767
    outer loop
      vertex 70.0732 74.6 3.09616
      vertex 70.1455 77 3.0847
      vertex 70.1455 74.6 3.0847
    endloop
  endfacet
  facet normal -0.156552 0 -0.98767
    outer loop
      vertex 70.1455 77 3.0847
      vertex 70.0732 74.6 3.09616
      vertex 70.0732 77 3.09616
    endloop
  endfacet
  facet normal -0.707175 0 -0.707039
    outer loop
      vertex 70.4684 74.6 2.9202
      vertex 70.5202 77 2.86839
      vertex 70.5202 74.6 2.86839
    endloop
  endfacet
  facet normal -0.707175 0 -0.707039
    outer loop
      vertex 70.5202 77 2.86839
      vertex 70.4684 74.6 2.9202
      vertex 70.4684 77 2.9202
    endloop
  endfacet
  facet normal 0.998654 0 -0.051864
    outer loop
      vertex 33.3038 74.6 2.47317
      vertex 33.3 77 2.4
      vertex 33.3038 77 2.47317
    endloop
  endfacet
  facet normal 0.998654 0 -0.051864
    outer loop
      vertex 33.3 77 2.4
      vertex 33.3038 74.6 2.47317
      vertex 33.3 74.6 2.4
    endloop
  endfacet
  facet normal -0.45386 0 0.891073
    outer loop
      vertex 70.2847 77 1.76052
      vertex 70.35 74.6 1.79378
      vertex 70.35 77 1.79378
    endloop
  endfacet
  facet normal -0.45386 0 0.891073
    outer loop
      vertex 70.35 74.6 1.79378
      vertex 70.2847 77 1.76052
      vertex 70.2847 74.6 1.76052
    endloop
  endfacet
  facet normal 0.052387 0 -0.998627
    outer loop
      vertex 33.9268 74.6 3.09616
      vertex 34 77 3.1
      vertex 34 74.6 3.1
    endloop
  endfacet
  facet normal 0.052387 0 -0.998627
    outer loop
      vertex 34 77 3.1
      vertex 33.9268 74.6 3.09616
      vertex 33.9268 77 3.09616
    endloop
  endfacet
  facet normal -0.629595 0 0.776924
    outer loop
      vertex 70.4115 77 1.83369
      vertex 70.4684 74.6 1.8798
      vertex 70.4684 77 1.8798
    endloop
  endfacet
  facet normal -0.629595 0 0.776924
    outer loop
      vertex 70.4684 74.6 1.8798
      vertex 70.4115 77 1.83369
      vertex 70.4115 74.6 1.83369
    endloop
  endfacet
  facet normal 0.258682 0 0.965963
    outer loop
      vertex 33.7837 77 1.73426
      vertex 33.8545 74.6 1.7153
      vertex 33.8545 77 1.7153
    endloop
  endfacet
  facet normal 0.258682 0 0.965963
    outer loop
      vertex 33.8545 74.6 1.7153
      vertex 33.7837 77 1.73426
      vertex 33.7837 74.6 1.73426
    endloop
  endfacet
  facet normal 0.838709 0 -0.544581
    outer loop
      vertex 33.4337 74.6 2.81145
      vertex 33.3938 77 2.75
      vertex 33.4337 77 2.81145
    endloop
  endfacet
  facet normal 0.838709 0 -0.544581
    outer loop
      vertex 33.3938 77 2.75
      vertex 33.4337 74.6 2.81145
      vertex 33.3938 74.6 2.75
    endloop
  endfacet
  facet normal -0.933855 0 -0.357652
    outer loop
      vertex 70.6657 74.6 2.61631
      vertex 70.6395 77 2.68472
      vertex 70.6657 77 2.61631
    endloop
  endfacet
  facet normal -0.933855 -0 -0.357652
    outer loop
      vertex 70.6395 77 2.68472
      vertex 70.6657 74.6 2.61631
      vertex 70.6395 74.6 2.68472
    endloop
  endfacet
  facet normal 0.998654 -0 0.051864
    outer loop
      vertex 33.3 74.6 2.4
      vertex 33.3038 77 2.32683
      vertex 33.3 77 2.4
    endloop
  endfacet
  facet normal 0.998654 0 0.051864
    outer loop
      vertex 33.3038 77 2.32683
      vertex 33.3 74.6 2.4
      vertex 33.3038 74.6 2.32683
    endloop
  endfacet
  facet normal -0.838709 0 -0.544581
    outer loop
      vertex 70.6062 74.6 2.75
      vertex 70.5663 77 2.81145
      vertex 70.6062 77 2.75
    endloop
  endfacet
  facet normal -0.838709 -0 -0.544581
    outer loop
      vertex 70.5663 77 2.81145
      vertex 70.6062 74.6 2.75
      vertex 70.5663 74.6 2.81145
    endloop
  endfacet
  facet normal -0.933855 0 0.357652
    outer loop
      vertex 70.6395 74.6 2.11528
      vertex 70.6657 77 2.18369
      vertex 70.6395 77 2.11528
    endloop
  endfacet
  facet normal -0.933855 0 0.357652
    outer loop
      vertex 70.6657 77 2.18369
      vertex 70.6395 74.6 2.11528
      vertex 70.6657 74.6 2.18369
    endloop
  endfacet
  facet normal 0.628927 0 0.777464
    outer loop
      vertex 33.5316 77 1.8798
      vertex 33.5886 74.6 1.83369
      vertex 33.5886 77 1.83369
    endloop
  endfacet
  facet normal 0.628927 0 0.777464
    outer loop
      vertex 33.5886 74.6 1.83369
      vertex 33.5316 77 1.8798
      vertex 33.5316 74.6 1.8798
    endloop
  endfacet
  facet normal 0.987609 0 -0.156937
    outer loop
      vertex 33.3153 74.6 2.54554
      vertex 33.3038 77 2.47317
      vertex 33.3153 77 2.54554
    endloop
  endfacet
  facet normal 0.987609 0 -0.156937
    outer loop
      vertex 33.3038 77 2.47317
      vertex 33.3153 74.6 2.54554
      vertex 33.3038 74.6 2.47317
    endloop
  endfacet
  facet normal 0.544988 0 0.838444
    outer loop
      vertex 33.5886 77 1.83369
      vertex 33.65 74.6 1.79378
      vertex 33.65 77 1.79378
    endloop
  endfacet
  facet normal 0.544988 0 0.838444
    outer loop
      vertex 33.65 74.6 1.79378
      vertex 33.5886 77 1.83369
      vertex 33.5886 74.6 1.83369
    endloop
  endfacet
  facet normal 0.987609 -0 0.156937
    outer loop
      vertex 33.3038 74.6 2.32683
      vertex 33.3153 77 2.25446
      vertex 33.3038 77 2.32683
    endloop
  endfacet
  facet normal 0.987609 0 0.156937
    outer loop
      vertex 33.3153 77 2.25446
      vertex 33.3038 74.6 2.32683
      vertex 33.3153 74.6 2.25446
    endloop
  endfacet
  facet normal 0.707175 0 0.707039
    outer loop
      vertex 33.4798 77 1.93161
      vertex 33.5316 74.6 1.8798
      vertex 33.5316 77 1.8798
    endloop
  endfacet
  facet normal 0.707175 0 0.707039
    outer loop
      vertex 33.5316 74.6 1.8798
      vertex 33.4798 77 1.93161
      vertex 33.4798 74.6 1.93161
    endloop
  endfacet
  facet normal -0.629595 0 -0.776924
    outer loop
      vertex 70.4115 74.6 2.96631
      vertex 70.4684 77 2.9202
      vertex 70.4684 74.6 2.9202
    endloop
  endfacet
  facet normal -0.629595 0 -0.776924
    outer loop
      vertex 70.4684 77 2.9202
      vertex 70.4115 74.6 2.96631
      vertex 70.4115 77 2.96631
    endloop
  endfacet
  facet normal -0.998654 0 -0.051864
    outer loop
      vertex 70.7 74.6 2.4
      vertex 70.6962 77 2.47317
      vertex 70.7 77 2.4
    endloop
  endfacet
  facet normal -0.998654 -0 -0.051864
    outer loop
      vertex 70.6962 77 2.47317
      vertex 70.7 74.6 2.4
      vertex 70.6962 74.6 2.47317
    endloop
  endfacet
  facet normal 0.965799 -0 0.259293
    outer loop
      vertex 33.3153 74.6 2.25446
      vertex 33.3343 77 2.18369
      vertex 33.3153 77 2.25446
    endloop
  endfacet
  facet normal 0.965799 0 0.259293
    outer loop
      vertex 33.3343 77 2.18369
      vertex 33.3153 74.6 2.25446
      vertex 33.3343 74.6 2.18369
    endloop
  endfacet
  facet normal -0.258682 0 -0.965963
    outer loop
      vertex 70.1455 74.6 3.0847
      vertex 70.2163 77 3.06574
      vertex 70.2163 74.6 3.06574
    endloop
  endfacet
  facet normal -0.258682 0 -0.965963
    outer loop
      vertex 70.2163 77 3.06574
      vertex 70.1455 74.6 3.0847
      vertex 70.1455 77 3.0847
    endloop
  endfacet
  facet normal -0.544365 0 -0.838849
    outer loop
      vertex 70.35 74.6 3.00622
      vertex 70.4115 77 2.96631
      vertex 70.4115 74.6 2.96631
    endloop
  endfacet
  facet normal -0.544365 0 -0.838849
    outer loop
      vertex 70.4115 77 2.96631
      vertex 70.35 74.6 3.00622
      vertex 70.35 77 3.00622
    endloop
  endfacet
  facet normal 0.933855 0 -0.357652
    outer loop
      vertex 33.3605 74.6 2.68472
      vertex 33.3343 77 2.61631
      vertex 33.3605 77 2.68472
    endloop
  endfacet
  facet normal 0.933855 0 -0.357652
    outer loop
      vertex 33.3343 77 2.61631
      vertex 33.3605 74.6 2.68472
      vertex 33.3343 74.6 2.61631
    endloop
  endfacet
  facet normal -0.965799 0 0.259293
    outer loop
      vertex 70.6657 74.6 2.18369
      vertex 70.6847 77 2.25446
      vertex 70.6657 77 2.18369
    endloop
  endfacet
  facet normal -0.965799 0 0.259293
    outer loop
      vertex 70.6847 77 2.25446
      vertex 70.6657 74.6 2.18369
      vertex 70.6847 74.6 2.25446
    endloop
  endfacet
  facet normal 0.258682 0 -0.965963
    outer loop
      vertex 33.7837 74.6 3.06574
      vertex 33.8545 77 3.0847
      vertex 33.8545 74.6 3.0847
    endloop
  endfacet
  facet normal 0.258682 0 -0.965963
    outer loop
      vertex 33.8545 77 3.0847
      vertex 33.7837 74.6 3.06574
      vertex 33.7837 77 3.06574
    endloop
  endfacet
  facet normal -0.258682 0 0.965963
    outer loop
      vertex 70.1455 77 1.7153
      vertex 70.2163 74.6 1.73426
      vertex 70.2163 77 1.73426
    endloop
  endfacet
  facet normal -0.258682 0 0.965963
    outer loop
      vertex 70.2163 74.6 1.73426
      vertex 70.1455 77 1.7153
      vertex 70.1455 74.6 1.7153
    endloop
  endfacet
  facet normal 0.890796 0 -0.454404
    outer loop
      vertex 33.3938 74.6 2.75
      vertex 33.3605 77 2.68472
      vertex 33.3938 77 2.75
    endloop
  endfacet
  facet normal 0.890796 0 -0.454404
    outer loop
      vertex 33.3605 77 2.68472
      vertex 33.3938 74.6 2.75
      vertex 33.3605 74.6 2.68472
    endloop
  endfacet
  facet normal -0.998654 0 0.051864
    outer loop
      vertex 70.6962 74.6 2.32683
      vertex 70.7 77 2.4
      vertex 70.6962 77 2.32683
    endloop
  endfacet
  facet normal -0.998654 0 0.051864
    outer loop
      vertex 70.7 77 2.4
      vertex 70.6962 74.6 2.32683
      vertex 70.7 74.6 2.4
    endloop
  endfacet
  facet normal -0.987609 0 0.156937
    outer loop
      vertex 70.6847 74.6 2.25446
      vertex 70.6962 77 2.32683
      vertex 70.6847 77 2.25446
    endloop
  endfacet
  facet normal -0.987609 0 0.156937
    outer loop
      vertex 70.6962 77 2.32683
      vertex 70.6847 74.6 2.25446
      vertex 70.6962 74.6 2.32683
    endloop
  endfacet
  facet normal -0.838709 0 0.544581
    outer loop
      vertex 70.5663 74.6 1.98855
      vertex 70.6062 77 2.05
      vertex 70.5663 77 1.98855
    endloop
  endfacet
  facet normal -0.838709 0 0.544581
    outer loop
      vertex 70.6062 77 2.05
      vertex 70.5663 74.6 1.98855
      vertex 70.6062 74.6 2.05
    endloop
  endfacet
  facet normal -0.890796 0 -0.454404
    outer loop
      vertex 70.6395 74.6 2.68472
      vertex 70.6062 77 2.75
      vertex 70.6395 77 2.68472
    endloop
  endfacet
  facet normal -0.890796 -0 -0.454404
    outer loop
      vertex 70.6062 77 2.75
      vertex 70.6395 74.6 2.68472
      vertex 70.6062 74.6 2.75
    endloop
  endfacet
  facet normal -0.890796 0 0.454404
    outer loop
      vertex 70.6062 74.6 2.05
      vertex 70.6395 77 2.11528
      vertex 70.6062 77 2.05
    endloop
  endfacet
  facet normal -0.890796 0 0.454404
    outer loop
      vertex 70.6395 77 2.11528
      vertex 70.6062 74.6 2.05
      vertex 70.6395 74.6 2.11528
    endloop
  endfacet
  facet normal -0.544365 0 0.838849
    outer loop
      vertex 70.35 77 1.79378
      vertex 70.4115 74.6 1.83369
      vertex 70.4115 77 1.83369
    endloop
  endfacet
  facet normal -0.544365 0 0.838849
    outer loop
      vertex 70.4115 74.6 1.83369
      vertex 70.35 77 1.79378
      vertex 70.35 74.6 1.79378
    endloop
  endfacet
  facet normal -0.965799 0 -0.259293
    outer loop
      vertex 70.6847 74.6 2.54554
      vertex 70.6657 77 2.61631
      vertex 70.6847 77 2.54554
    endloop
  endfacet
  facet normal -0.965799 -0 -0.259293
    outer loop
      vertex 70.6657 77 2.61631
      vertex 70.6847 74.6 2.54554
      vertex 70.6657 74.6 2.61631
    endloop
  endfacet
  facet normal 0.358412 0 0.933564
    outer loop
      vertex 33.7153 77 1.76052
      vertex 33.7837 74.6 1.73426
      vertex 33.7837 77 1.73426
    endloop
  endfacet
  facet normal 0.358412 0 0.933564
    outer loop
      vertex 33.7837 74.6 1.73426
      vertex 33.7153 77 1.76052
      vertex 33.7153 74.6 1.76052
    endloop
  endfacet
  facet normal -0.707175 0 0.707039
    outer loop
      vertex 70.4684 77 1.8798
      vertex 70.5202 74.6 1.93161
      vertex 70.5202 77 1.93161
    endloop
  endfacet
  facet normal -0.707175 0 0.707039
    outer loop
      vertex 70.5202 74.6 1.93161
      vertex 70.4684 77 1.8798
      vertex 70.4684 74.6 1.8798
    endloop
  endfacet
  facet normal -0.358412 0 -0.933564
    outer loop
      vertex 70.2163 74.6 3.06574
      vertex 70.2847 77 3.03948
      vertex 70.2847 74.6 3.03948
    endloop
  endfacet
  facet normal -0.358412 0 -0.933564
    outer loop
      vertex 70.2847 77 3.03948
      vertex 70.2163 74.6 3.06574
      vertex 70.2163 77 3.06574
    endloop
  endfacet
  facet normal 0.0522509 0 0.998634
    outer loop
      vertex 33.9268 77 1.70383
      vertex 34 74.6 1.7
      vertex 34 77 1.7
    endloop
  endfacet
  facet normal 0.0522509 0 0.998634
    outer loop
      vertex 34 74.6 1.7
      vertex 33.9268 77 1.70383
      vertex 33.9268 74.6 1.70383
    endloop
  endfacet
  facet normal -0.45386 0 -0.891073
    outer loop
      vertex 70.2847 74.6 3.03948
      vertex 70.35 77 3.00622
      vertex 70.35 74.6 3.00622
    endloop
  endfacet
  facet normal -0.45386 0 -0.891073
    outer loop
      vertex 70.35 77 3.00622
      vertex 70.2847 74.6 3.03948
      vertex 70.2847 77 3.03948
    endloop
  endfacet
  facet normal -0.777207 0 0.629245
    outer loop
      vertex 70.5202 74.6 1.93161
      vertex 70.5663 77 1.98855
      vertex 70.5202 77 1.93161
    endloop
  endfacet
  facet normal -0.777207 0 0.629245
    outer loop
      vertex 70.5663 77 1.98855
      vertex 70.5202 74.6 1.93161
      vertex 70.5663 74.6 1.98855
    endloop
  endfacet
  facet normal 0.707175 0 -0.707039
    outer loop
      vertex 33.4798 74.6 2.86839
      vertex 33.5316 77 2.9202
      vertex 33.5316 74.6 2.9202
    endloop
  endfacet
  facet normal 0.707175 0 -0.707039
    outer loop
      vertex 33.5316 77 2.9202
      vertex 33.4798 74.6 2.86839
      vertex 33.4798 77 2.86839
    endloop
  endfacet
  facet normal -0.777207 0 -0.629245
    outer loop
      vertex 70.5663 74.6 2.81145
      vertex 70.5202 77 2.86839
      vertex 70.5663 77 2.81145
    endloop
  endfacet
  facet normal -0.777207 -0 -0.629245
    outer loop
      vertex 70.5202 77 2.86839
      vertex 70.5663 74.6 2.81145
      vertex 70.5202 74.6 2.86839
    endloop
  endfacet
  facet normal 0.965799 0 -0.259293
    outer loop
      vertex 33.3343 74.6 2.61631
      vertex 33.3153 77 2.54554
      vertex 33.3343 77 2.61631
    endloop
  endfacet
  facet normal 0.965799 0 -0.259293
    outer loop
      vertex 33.3153 77 2.54554
      vertex 33.3343 74.6 2.61631
      vertex 33.3153 74.6 2.54554
    endloop
  endfacet
  facet normal 0.358412 0 -0.933564
    outer loop
      vertex 33.7153 74.6 3.03948
      vertex 33.7837 77 3.06574
      vertex 33.7837 74.6 3.06574
    endloop
  endfacet
  facet normal 0.358412 0 -0.933564
    outer loop
      vertex 33.7837 77 3.06574
      vertex 33.7153 74.6 3.03948
      vertex 33.7153 77 3.03948
    endloop
  endfacet
  facet normal 0.45386 0 -0.891073
    outer loop
      vertex 33.65 74.6 3.00622
      vertex 33.7153 77 3.03948
      vertex 33.7153 74.6 3.03948
    endloop
  endfacet
  facet normal 0.45386 0 -0.891073
    outer loop
      vertex 33.7153 77 3.03948
      vertex 33.65 74.6 3.00622
      vertex 33.65 77 3.00622
    endloop
  endfacet
  facet normal 0.777207 -0 0.629245
    outer loop
      vertex 33.4337 74.6 1.98855
      vertex 33.4798 77 1.93161
      vertex 33.4337 77 1.98855
    endloop
  endfacet
  facet normal 0.777207 0 0.629245
    outer loop
      vertex 33.4798 77 1.93161
      vertex 33.4337 74.6 1.98855
      vertex 33.4798 74.6 1.93161
    endloop
  endfacet
  facet normal 0.890796 -0 0.454404
    outer loop
      vertex 33.3605 74.6 2.11528
      vertex 33.3938 77 2.05
      vertex 33.3605 77 2.11528
    endloop
  endfacet
  facet normal 0.890796 0 0.454404
    outer loop
      vertex 33.3938 77 2.05
      vertex 33.3605 74.6 2.11528
      vertex 33.3938 74.6 2.05
    endloop
  endfacet
  facet normal -0.358412 0 0.933564
    outer loop
      vertex 70.2163 77 1.73426
      vertex 70.2847 74.6 1.76052
      vertex 70.2847 77 1.76052
    endloop
  endfacet
  facet normal -0.358412 0 0.933564
    outer loop
      vertex 70.2847 74.6 1.76052
      vertex 70.2163 77 1.73426
      vertex 70.2163 74.6 1.73426
    endloop
  endfacet
  facet normal -0.156685 0 0.987649
    outer loop
      vertex 70.0732 77 1.70383
      vertex 70.1455 74.6 1.7153
      vertex 70.1455 77 1.7153
    endloop
  endfacet
  facet normal -0.156685 0 0.987649
    outer loop
      vertex 70.1455 74.6 1.7153
      vertex 70.0732 77 1.70383
      vertex 70.0732 74.6 1.70383
    endloop
  endfacet
endsolid OpenSCAD_Model
