ISO-10303-21;
HEADER;
FILE_DESCRIPTION(('Open CASCADE Model'),'2;1');
FILE_NAME('Open CASCADE Shape Model','2026-10-08T01:23:30',('Author'),(
    'Open CASCADE'),'Open CASCADE STEP processor 7.9','Open CASCADE 7.9'
  ,'Unknown');
FILE_SCHEMA(('AUTOMOTIVE_DESIGN { 1 0 10303 214 1 1 1 1 }'));
ENDSEC;
DATA;
#1 = APPLICATION_PROTOCOL_DEFINITION('international standard',
  'automotive_design',2000,#2);
#2 = APPLICATION_CONTEXT(
  'core data for automotive mechanical design processes');
#3 = SHAPE_DEFINITION_REPRESENTATION(#4,#10);
#4 = PRODUCT_DEFINITION_SHAPE('','',#5);
#5 = PRODUCT_DEFINITION('design','',#6,#9);
#6 = PRODUCT_DEFINITION_FORMATION('','',#7);
#7 = PRODUCT('Open CASCADE STEP translator 7.9 1',
  'Open CASCADE STEP translator 7.9 1','',(#8));
#8 = PRODUCT_CONTEXT('',#2,'mechanical');
#9 = PRODUCT_DEFINITION_CONTEXT('part definition',#2,'design');
#10 = ADVANCED_BREP_SHAPE_REPRESENTATION('',(#11,#15),#2506);
#11 = AXIS2_PLACEMENT_3D('',#12,#13,#14);
#12 = CARTESIAN_POINT('',(0.,0.,0.));
#13 = DIRECTION('',(0.,0.,1.));
#14 = DIRECTION('',(1.,0.,-0.));
#15 = MANIFOLD_SOLID_BREP('',#16);
#16 = CLOSED_SHELL('',(#17,#137,#725,#779,#829,#1526,#1553,#1580,#1607,
    #1634,#1641,#1801,#1919,#1946,#1993,#2020,#2047,#2054,#2269,#2296,
    #2323,#2350,#2486,#2491,#2496,#2501));
#17 = ADVANCED_FACE('',(#18),#32,.F.);
#18 = FACE_BOUND('',#19,.F.);
#19 = EDGE_LOOP('',(#20,#55,#83,#111));
#20 = ORIENTED_EDGE('',*,*,#21,.F.);
#21 = EDGE_CURVE('',#22,#24,#26,.T.);
#22 = VERTEX_POINT('',#23);
#23 = CARTESIAN_POINT('',(-48.5,-38.5,0.));
#24 = VERTEX_POINT('',#25);
#25 = CARTESIAN_POINT('',(48.5,-38.5,0.));
#26 = SURFACE_CURVE('',#27,(#31,#43),.PCURVE_S1.);
#27 = LINE('',#28,#29);
#28 = CARTESIAN_POINT('',(-52.,-38.5,0.));
#29 = VECTOR('',#30,1.);
#30 = DIRECTION('',(1.,0.,0.));
#31 = PCURVE('',#32,#37);
#32 = PLANE('',#33);
#33 = AXIS2_PLACEMENT_3D('',#34,#35,#36);
#34 = CARTESIAN_POINT('',(-52.,-38.5,0.));
#35 = DIRECTION('',(0.,1.,0.));
#36 = DIRECTION('',(1.,0.,0.));
#37 = DEFINITIONAL_REPRESENTATION('',(#38),#42);
#38 = LINE('',#39,#40);
#39 = CARTESIAN_POINT('',(0.,0.));
#40 = VECTOR('',#41,1.);
#41 = DIRECTION('',(1.,0.));
#42 = ( GEOMETRIC_REPRESENTATION_CONTEXT(2) 
PARAMETRIC_REPRESENTATION_CONTEXT() REPRESENTATION_CONTEXT('2D SPACE',''
  ) );
#43 = PCURVE('',#44,#49);
#44 = PLANE('',#45);
#45 = AXIS2_PLACEMENT_3D('',#46,#47,#48);
#46 = CARTESIAN_POINT('',(0.,0.,0.));
#47 = DIRECTION('',(0.,0.,1.));
#48 = DIRECTION('',(1.,0.,-0.));
#49 = DEFINITIONAL_REPRESENTATION('',(#50),#54);
#50 = LINE('',#51,#52);
#51 = CARTESIAN_POINT('',(-52.,-38.5));
#52 = VECTOR('',#53,1.);
#53 = DIRECTION('',(1.,0.));
#54 = ( GEOMETRIC_REPRESENTATION_CONTEXT(2) 
PARAMETRIC_REPRESENTATION_CONTEXT() REPRESENTATION_CONTEXT('2D SPACE',''
  ) );
#55 = ORIENTED_EDGE('',*,*,#56,.T.);
#56 = EDGE_CURVE('',#22,#57,#59,.T.);
#57 = VERTEX_POINT('',#58);
#58 = CARTESIAN_POINT('',(-48.5,-38.5,1.5));
#59 = SURFACE_CURVE('',#60,(#64,#71),.PCURVE_S1.);
#60 = LINE('',#61,#62);
#61 = CARTESIAN_POINT('',(-48.5,-38.5,0.));
#62 = VECTOR('',#63,1.);
#63 = DIRECTION('',(0.,0.,1.));
#64 = PCURVE('',#32,#65);
#65 = DEFINITIONAL_REPRESENTATION('',(#66),#70);
#66 = LINE('',#67,#68);
#67 = CARTESIAN_POINT('',(3.5,0.));
#68 = VECTOR('',#69,1.);
#69 = DIRECTION('',(0.,-1.));
#70 = ( GEOMETRIC_REPRESENTATION_CONTEXT(2) 
PARAMETRIC_REPRESENTATION_CONTEXT() REPRESENTATION_CONTEXT('2D SPACE',''
  ) );
#71 = PCURVE('',#72,#77);
#72 = CYLINDRICAL_SURFACE('',#73,3.5);
#73 = AXIS2_PLACEMENT_3D('',#74,#75,#76);
#74 = CARTESIAN_POINT('',(-48.5,-35.,0.));
#75 = DIRECTION('',(0.,0.,1.));
#76 = DIRECTION('',(0.,-1.,0.));
#77 = DEFINITIONAL_REPRESENTATION('',(#78),#82);
#78 = LINE('',#79,#80);
#79 = CARTESIAN_POINT('',(-0.,0.));
#80 = VECTOR('',#81,1.);
#81 = DIRECTION('',(-0.,1.));
#82 = ( GEOMETRIC_REPRESENTATION_CONTEXT(2) 
PARAMETRIC_REPRESENTATION_CONTEXT() REPRESENTATION_CONTEXT('2D SPACE',''
  ) );
#83 = ORIENTED_EDGE('',*,*,#84,.T.);
#84 = EDGE_CURVE('',#57,#85,#87,.T.);
#85 = VERTEX_POINT('',#86);
#86 = CARTESIAN_POINT('',(48.5,-38.5,1.5));
#87 = SURFACE_CURVE('',#88,(#92,#99),.PCURVE_S1.);
#88 = LINE('',#89,#90);
#89 = CARTESIAN_POINT('',(-52.,-38.5,1.5));
#90 = VECTOR('',#91,1.);
#91 = DIRECTION('',(1.,0.,0.));
#92 = PCURVE('',#32,#93);
#93 = DEFINITIONAL_REPRESENTATION('',(#94),#98);
#94 = LINE('',#95,#96);
#95 = CARTESIAN_POINT('',(0.,-1.5));
#96 = VECTOR('',#97,1.);
#97 = DIRECTION('',(1.,0.));
#98 = ( GEOMETRIC_REPRESENTATION_CONTEXT(2) 
PARAMETRIC_REPRESENTATION_CONTEXT() REPRESENTATION_CONTEXT('2D SPACE',''
  ) );
#99 = PCURVE('',#100,#105);
#100 = PLANE('',#101);
#101 = AXIS2_PLACEMENT_3D('',#102,#103,#104);
#102 = CARTESIAN_POINT('',(0.,0.,1.5));
#103 = DIRECTION('',(0.,0.,1.));
#104 = DIRECTION('',(1.,0.,-0.));
#105 = DEFINITIONAL_REPRESENTATION('',(#106),#110);
#106 = LINE('',#107,#108);
#107 = CARTESIAN_POINT('',(-52.,-38.5));
#108 = VECTOR('',#109,1.);
#109 = DIRECTION('',(1.,0.));
#110 = ( GEOMETRIC_REPRESENTATION_CONTEXT(2) 
PARAMETRIC_REPRESENTATION_CONTEXT() REPRESENTATION_CONTEXT('2D SPACE',''
  ) );
#111 = ORIENTED_EDGE('',*,*,#112,.F.);
#112 = EDGE_CURVE('',#24,#85,#113,.T.);
#113 = SURFACE_CURVE('',#114,(#118,#125),.PCURVE_S1.);
#114 = LINE('',#115,#116);
#115 = CARTESIAN_POINT('',(48.5,-38.5,0.));
#116 = VECTOR('',#117,1.);
#117 = DIRECTION('',(0.,0.,1.));
#118 = PCURVE('',#32,#119);
#119 = DEFINITIONAL_REPRESENTATION('',(#120),#124);
#120 = LINE('',#121,#122);
#121 = CARTESIAN_POINT('',(100.5,0.));
#122 = VECTOR('',#123,1.);
#123 = DIRECTION('',(0.,-1.));
#124 = ( GEOMETRIC_REPRESENTATION_CONTEXT(2) 
PARAMETRIC_REPRESENTATION_CONTEXT() REPRESENTATION_CONTEXT('2D SPACE',''
  ) );
#125 = PCURVE('',#126,#131);
#126 = CYLINDRICAL_SURFACE('',#127,3.5);
#127 = AXIS2_PLACEMENT_3D('',#128,#129,#130);
#128 = CARTESIAN_POINT('',(48.5,-35.,0.));
#129 = DIRECTION('',(0.,0.,1.));
#130 = DIRECTION('',(0.,-1.,0.));
#131 = DEFINITIONAL_REPRESENTATION('',(#132),#136);
#132 = LINE('',#133,#134);
#133 = CARTESIAN_POINT('',(0.,0.));
#134 = VECTOR('',#135,1.);
#135 = DIRECTION('',(0.,1.));
#136 = ( GEOMETRIC_REPRESENTATION_CONTEXT(2) 
PARAMETRIC_REPRESENTATION_CONTEXT() REPRESENTATION_CONTEXT('2D SPACE',''
  ) );
#137 = ADVANCED_FACE('',(#138,#333,#368,#403,#438,#550,#585,#620,#655,
    #690),#44,.F.);
#138 = FACE_BOUND('',#139,.F.);
#139 = EDGE_LOOP('',(#140,#141,#165,#193,#222,#250,#279,#307));
#140 = ORIENTED_EDGE('',*,*,#21,.T.);
#141 = ORIENTED_EDGE('',*,*,#142,.T.);
#142 = EDGE_CURVE('',#24,#143,#145,.T.);
#143 = VERTEX_POINT('',#144);
#144 = CARTESIAN_POINT('',(52.,-35.,0.));
#145 = SURFACE_CURVE('',#146,(#151,#158),.PCURVE_S1.);
#146 = CIRCLE('',#147,3.5);
#147 = AXIS2_PLACEMENT_3D('',#148,#149,#150);
#148 = CARTESIAN_POINT('',(48.5,-35.,0.));
#149 = DIRECTION('',(0.,0.,1.));
#150 = DIRECTION('',(0.,-1.,0.));
#151 = PCURVE('',#44,#152);
#152 = DEFINITIONAL_REPRESENTATION('',(#153),#157);
#153 = CIRCLE('',#154,3.5);
#154 = AXIS2_PLACEMENT_2D('',#155,#156);
#155 = CARTESIAN_POINT('',(48.5,-35.));
#156 = DIRECTION('',(0.,-1.));
#157 = ( GEOMETRIC_REPRESENTATION_CONTEXT(2) 
PARAMETRIC_REPRESENTATION_CONTEXT() REPRESENTATION_CONTEXT('2D SPACE',''
  ) );
#158 = PCURVE('',#126,#159);
#159 = DEFINITIONAL_REPRESENTATION('',(#160),#164);
#160 = LINE('',#161,#162);
#161 = CARTESIAN_POINT('',(0.,0.));
#162 = VECTOR('',#163,1.);
#163 = DIRECTION('',(1.,0.));
#164 = ( GEOMETRIC_REPRESENTATION_CONTEXT(2) 
PARAMETRIC_REPRESENTATION_CONTEXT() REPRESENTATION_CONTEXT('2D SPACE',''
  ) );
#165 = ORIENTED_EDGE('',*,*,#166,.T.);
#166 = EDGE_CURVE('',#143,#167,#169,.T.);
#167 = VERTEX_POINT('',#168);
#168 = CARTESIAN_POINT('',(52.,35.,0.));
#169 = SURFACE_CURVE('',#170,(#174,#181),.PCURVE_S1.);
#170 = LINE('',#171,#172);
#171 = CARTESIAN_POINT('',(52.,-38.5,0.));
#172 = VECTOR('',#173,1.);
#173 = DIRECTION('',(0.,1.,0.));
#174 = PCURVE('',#44,#175);
#175 = DEFINITIONAL_REPRESENTATION('',(#176),#180);
#176 = LINE('',#177,#178);
#177 = CARTESIAN_POINT('',(52.,-38.5));
#178 = VECTOR('',#179,1.);
#179 = DIRECTION('',(0.,1.));
#180 = ( GEOMETRIC_REPRESENTATION_CONTEXT(2) 
PARAMETRIC_REPRESENTATION_CONTEXT() REPRESENTATION_CONTEXT('2D SPACE',''
  ) );
#181 = PCURVE('',#182,#187);
#182 = PLANE('',#183);
#183 = AXIS2_PLACEMENT_3D('',#184,#185,#186);
#184 = CARTESIAN_POINT('',(52.,-38.5,0.));
#185 = DIRECTION('',(-1.,0.,0.));
#186 = DIRECTION('',(0.,1.,0.));
#187 = DEFINITIONAL_REPRESENTATION('',(#188),#192);
#188 = LINE('',#189,#190);
#189 = CARTESIAN_POINT('',(0.,0.));
#190 = VECTOR('',#191,1.);
#191 = DIRECTION('',(1.,0.));
#192 = ( GEOMETRIC_REPRESENTATION_CONTEXT(2) 
PARAMETRIC_REPRESENTATION_CONTEXT() REPRESENTATION_CONTEXT('2D SPACE',''
  ) );
#193 = ORIENTED_EDGE('',*,*,#194,.T.);
#194 = EDGE_CURVE('',#167,#195,#197,.T.);
#195 = VERTEX_POINT('',#196);
#196 = CARTESIAN_POINT('',(48.5,38.5,0.));
#197 = SURFACE_CURVE('',#198,(#203,#210),.PCURVE_S1.);
#198 = CIRCLE('',#199,3.5);
#199 = AXIS2_PLACEMENT_3D('',#200,#201,#202);
#200 = CARTESIAN_POINT('',(48.5,35.,0.));
#201 = DIRECTION('',(0.,0.,1.));
#202 = DIRECTION('',(0.,-1.,0.));
#203 = PCURVE('',#44,#204);
#204 = DEFINITIONAL_REPRESENTATION('',(#205),#209);
#205 = CIRCLE('',#206,3.5);
#206 = AXIS2_PLACEMENT_2D('',#207,#208);
#207 = CARTESIAN_POINT('',(48.5,35.));
#208 = DIRECTION('',(0.,-1.));
#209 = ( GEOMETRIC_REPRESENTATION_CONTEXT(2) 
PARAMETRIC_REPRESENTATION_CONTEXT() REPRESENTATION_CONTEXT('2D SPACE',''
  ) );
#210 = PCURVE('',#211,#216);
#211 = CYLINDRICAL_SURFACE('',#212,3.5);
#212 = AXIS2_PLACEMENT_3D('',#213,#214,#215);
#213 = CARTESIAN_POINT('',(48.5,35.,0.));
#214 = DIRECTION('',(0.,0.,1.));
#215 = DIRECTION('',(1.,0.,-0.));
#216 = DEFINITIONAL_REPRESENTATION('',(#217),#221);
#217 = LINE('',#218,#219);
#218 = CARTESIAN_POINT('',(-1.570796326795,0.));
#219 = VECTOR('',#220,1.);
#220 = DIRECTION('',(1.,0.));
#221 = ( GEOMETRIC_REPRESENTATION_CONTEXT(2) 
PARAMETRIC_REPRESENTATION_CONTEXT() REPRESENTATION_CONTEXT('2D SPACE',''
  ) );
#222 = ORIENTED_EDGE('',*,*,#223,.T.);
#223 = EDGE_CURVE('',#195,#224,#226,.T.);
#224 = VERTEX_POINT('',#225);
#225 = CARTESIAN_POINT('',(-48.5,38.5,0.));
#226 = SURFACE_CURVE('',#227,(#231,#238),.PCURVE_S1.);
#227 = LINE('',#228,#229);
#228 = CARTESIAN_POINT('',(52.,38.5,0.));
#229 = VECTOR('',#230,1.);
#230 = DIRECTION('',(-1.,0.,0.));
#231 = PCURVE('',#44,#232);
#232 = DEFINITIONAL_REPRESENTATION('',(#233),#237);
#233 = LINE('',#234,#235);
#234 = CARTESIAN_POINT('',(52.,38.5));
#235 = VECTOR('',#236,1.);
#236 = DIRECTION('',(-1.,0.));
#237 = ( GEOMETRIC_REPRESENTATION_CONTEXT(2) 
PARAMETRIC_REPRESENTATION_CONTEXT() REPRESENTATION_CONTEXT('2D SPACE',''
  ) );
#238 = PCURVE('',#239,#244);
#239 = PLANE('',#240);
#240 = AXIS2_PLACEMENT_3D('',#241,#242,#243);
#241 = CARTESIAN_POINT('',(52.,38.5,0.));
#242 = DIRECTION('',(0.,-1.,0.));
#243 = DIRECTION('',(-1.,0.,0.));
#244 = DEFINITIONAL_REPRESENTATION('',(#245),#249);
#245 = LINE('',#246,#247);
#246 = CARTESIAN_POINT('',(0.,-0.));
#247 = VECTOR('',#248,1.);
#248 = DIRECTION('',(1.,0.));
#249 = ( GEOMETRIC_REPRESENTATION_CONTEXT(2) 
PARAMETRIC_REPRESENTATION_CONTEXT() REPRESENTATION_CONTEXT('2D SPACE',''
  ) );
#250 = ORIENTED_EDGE('',*,*,#251,.T.);
#251 = EDGE_CURVE('',#224,#252,#254,.T.);
#252 = VERTEX_POINT('',#253);
#253 = CARTESIAN_POINT('',(-52.,35.,0.));
#254 = SURFACE_CURVE('',#255,(#260,#267),.PCURVE_S1.);
#255 = CIRCLE('',#256,3.5);
#256 = AXIS2_PLACEMENT_3D('',#257,#258,#259);
#257 = CARTESIAN_POINT('',(-48.5,35.,0.));
#258 = DIRECTION('',(0.,0.,1.));
#259 = DIRECTION('',(0.,-1.,0.));
#260 = PCURVE('',#44,#261);
#261 = DEFINITIONAL_REPRESENTATION('',(#262),#266);
#262 = CIRCLE('',#263,3.5);
#263 = AXIS2_PLACEMENT_2D('',#264,#265);
#264 = CARTESIAN_POINT('',(-48.5,35.));
#265 = DIRECTION('',(0.,-1.));
#266 = ( GEOMETRIC_REPRESENTATION_CONTEXT(2) 
PARAMETRIC_REPRESENTATION_CONTEXT() REPRESENTATION_CONTEXT('2D SPACE',''
  ) );
#267 = PCURVE('',#268,#273);
#268 = CYLINDRICAL_SURFACE('',#269,3.5);
#269 = AXIS2_PLACEMENT_3D('',#270,#271,#272);
#270 = CARTESIAN_POINT('',(-48.5,35.,0.));
#271 = DIRECTION('',(0.,0.,1.));
#272 = DIRECTION('',(-0.,1.,0.));
#273 = DEFINITIONAL_REPRESENTATION('',(#274),#278);
#274 = LINE('',#275,#276);
#275 = CARTESIAN_POINT('',(-3.14159265359,0.));
#276 = VECTOR('',#277,1.);
#277 = DIRECTION('',(1.,0.));
#278 = ( GEOMETRIC_REPRESENTATION_CONTEXT(2) 
PARAMETRIC_REPRESENTATION_CONTEXT() REPRESENTATION_CONTEXT('2D SPACE',''
  ) );
#279 = ORIENTED_EDGE('',*,*,#280,.T.);
#280 = EDGE_CURVE('',#252,#281,#283,.T.);
#281 = VERTEX_POINT('',#282);
#282 = CARTESIAN_POINT('',(-52.,-35.,0.));
#283 = SURFACE_CURVE('',#284,(#288,#295),.PCURVE_S1.);
#284 = LINE('',#285,#286);
#285 = CARTESIAN_POINT('',(-52.,38.5,0.));
#286 = VECTOR('',#287,1.);
#287 = DIRECTION('',(0.,-1.,0.));
#288 = PCURVE('',#44,#289);
#289 = DEFINITIONAL_REPRESENTATION('',(#290),#294);
#290 = LINE('',#291,#292);
#291 = CARTESIAN_POINT('',(-52.,38.5));
#292 = VECTOR('',#293,1.);
#293 = DIRECTION('',(0.,-1.));
#294 = ( GEOMETRIC_REPRESENTATION_CONTEXT(2) 
PARAMETRIC_REPRESENTATION_CONTEXT() REPRESENTATION_CONTEXT('2D SPACE',''
  ) );
#295 = PCURVE('',#296,#301);
#296 = PLANE('',#297);
#297 = AXIS2_PLACEMENT_3D('',#298,#299,#300);
#298 = CARTESIAN_POINT('',(-52.,38.5,0.));
#299 = DIRECTION('',(1.,0.,-0.));
#300 = DIRECTION('',(0.,-1.,0.));
#301 = DEFINITIONAL_REPRESENTATION('',(#302),#306);
#302 = LINE('',#303,#304);
#303 = CARTESIAN_POINT('',(0.,0.));
#304 = VECTOR('',#305,1.);
#305 = DIRECTION('',(1.,0.));
#306 = ( GEOMETRIC_REPRESENTATION_CONTEXT(2) 
PARAMETRIC_REPRESENTATION_CONTEXT() REPRESENTATION_CONTEXT('2D SPACE',''
  ) );
#307 = ORIENTED_EDGE('',*,*,#308,.F.);
#308 = EDGE_CURVE('',#22,#281,#309,.T.);
#309 = SURFACE_CURVE('',#310,(#315,#326),.PCURVE_S1.);
#310 = CIRCLE('',#311,3.5);
#311 = AXIS2_PLACEMENT_3D('',#312,#313,#314);
#312 = CARTESIAN_POINT('',(-48.5,-35.,0.));
#313 = DIRECTION('',(-0.,-0.,-1.));
#314 = DIRECTION('',(0.,-1.,0.));
#315 = PCURVE('',#44,#316);
#316 = DEFINITIONAL_REPRESENTATION('',(#317),#325);
#317 = ( BOUNDED_CURVE() B_SPLINE_CURVE(2,(#318,#319,#320,#321,#322,#323
,#324),.UNSPECIFIED.,.T.,.F.) B_SPLINE_CURVE_WITH_KNOTS((1,2,2,2,2,1),(
    -2.094395102393,0.,2.094395102393,4.188790204786,6.28318530718,
8.377580409573),.UNSPECIFIED.) CURVE() GEOMETRIC_REPRESENTATION_ITEM() 
RATIONAL_B_SPLINE_CURVE((1.,0.5,1.,0.5,1.,0.5,1.)) REPRESENTATION_ITEM(
  '') );
#318 = CARTESIAN_POINT('',(-48.5,-38.5));
#319 = CARTESIAN_POINT('',(-54.56217782649,-38.5));
#320 = CARTESIAN_POINT('',(-51.53108891324,-33.25));
#321 = CARTESIAN_POINT('',(-48.5,-28.));
#322 = CARTESIAN_POINT('',(-45.46891108675,-33.25));
#323 = CARTESIAN_POINT('',(-42.4378221735,-38.5));
#324 = CARTESIAN_POINT('',(-48.5,-38.5));
#325 = ( GEOMETRIC_REPRESENTATION_CONTEXT(2) 
PARAMETRIC_REPRESENTATION_CONTEXT() REPRESENTATION_CONTEXT('2D SPACE',''
  ) );
#326 = PCURVE('',#72,#327);
#327 = DEFINITIONAL_REPRESENTATION('',(#328),#332);
#328 = LINE('',#329,#330);
#329 = CARTESIAN_POINT('',(-0.,0.));
#330 = VECTOR('',#331,1.);
#331 = DIRECTION('',(-1.,0.));
#332 = ( GEOMETRIC_REPRESENTATION_CONTEXT(2) 
PARAMETRIC_REPRESENTATION_CONTEXT() REPRESENTATION_CONTEXT('2D SPACE',''
  ) );
#333 = FACE_BOUND('',#334,.F.);
#334 = EDGE_LOOP('',(#335));
#335 = ORIENTED_EDGE('',*,*,#336,.T.);
#336 = EDGE_CURVE('',#337,#337,#339,.T.);
#337 = VERTEX_POINT('',#338);
#338 = CARTESIAN_POINT('',(-48.25,-30.5,0.));
#339 = SURFACE_CURVE('',#340,(#345,#356),.PCURVE_S1.);
#340 = CIRCLE('',#341,4.25);
#341 = AXIS2_PLACEMENT_3D('',#342,#343,#344);
#342 = CARTESIAN_POINT('',(-44.,-30.5,0.));
#343 = DIRECTION('',(0.,0.,-1.));
#344 = DIRECTION('',(-1.,0.,0.));
#345 = PCURVE('',#44,#346);
#346 = DEFINITIONAL_REPRESENTATION('',(#347),#355);
#347 = ( BOUNDED_CURVE() B_SPLINE_CURVE(2,(#348,#349,#350,#351,#352,#353
,#354),.UNSPECIFIED.,.T.,.F.) B_SPLINE_CURVE_WITH_KNOTS((1,2,2,2,2,1),(
    -2.094395102393,0.,2.094395102393,4.188790204786,6.28318530718,
8.377580409573),.UNSPECIFIED.) CURVE() GEOMETRIC_REPRESENTATION_ITEM() 
RATIONAL_B_SPLINE_CURVE((1.,0.5,1.,0.5,1.,0.5,1.)) REPRESENTATION_ITEM(
  '') );
#348 = CARTESIAN_POINT('',(-48.25,-30.5));
#349 = CARTESIAN_POINT('',(-48.25,-23.13878406783));
#350 = CARTESIAN_POINT('',(-41.875,-26.81939203391));
#351 = CARTESIAN_POINT('',(-35.5,-30.5));
#352 = CARTESIAN_POINT('',(-41.875,-34.18060796608));
#353 = CARTESIAN_POINT('',(-48.25,-37.86121593216));
#354 = CARTESIAN_POINT('',(-48.25,-30.5));
#355 = ( GEOMETRIC_REPRESENTATION_CONTEXT(2) 
PARAMETRIC_REPRESENTATION_CONTEXT() REPRESENTATION_CONTEXT('2D SPACE',''
  ) );
#356 = PCURVE('',#357,#362);
#357 = CYLINDRICAL_SURFACE('',#358,4.25);
#358 = AXIS2_PLACEMENT_3D('',#359,#360,#361);
#359 = CARTESIAN_POINT('',(-44.,-30.5,1.5));
#360 = DIRECTION('',(0.,0.,-1.));
#361 = DIRECTION('',(-1.,0.,0.));
#362 = DEFINITIONAL_REPRESENTATION('',(#363),#367);
#363 = LINE('',#364,#365);
#364 = CARTESIAN_POINT('',(0.,1.5));
#365 = VECTOR('',#366,1.);
#366 = DIRECTION('',(1.,0.));
#367 = ( GEOMETRIC_REPRESENTATION_CONTEXT(2) 
PARAMETRIC_REPRESENTATION_CONTEXT() REPRESENTATION_CONTEXT('2D SPACE',''
  ) );
#368 = FACE_BOUND('',#369,.F.);
#369 = EDGE_LOOP('',(#370));
#370 = ORIENTED_EDGE('',*,*,#371,.T.);
#371 = EDGE_CURVE('',#372,#372,#374,.T.);
#372 = VERTEX_POINT('',#373);
#373 = CARTESIAN_POINT('',(39.75,-30.5,0.));
#374 = SURFACE_CURVE('',#375,(#380,#391),.PCURVE_S1.);
#375 = CIRCLE('',#376,4.25);
#376 = AXIS2_PLACEMENT_3D('',#377,#378,#379);
#377 = CARTESIAN_POINT('',(44.,-30.5,0.));
#378 = DIRECTION('',(0.,0.,-1.));
#379 = DIRECTION('',(-1.,0.,0.));
#380 = PCURVE('',#44,#381);
#381 = DEFINITIONAL_REPRESENTATION('',(#382),#390);
#382 = ( BOUNDED_CURVE() B_SPLINE_CURVE(2,(#383,#384,#385,#386,#387,#388
,#389),.UNSPECIFIED.,.T.,.F.) B_SPLINE_CURVE_WITH_KNOTS((1,2,2,2,2,1),(
    -2.094395102393,0.,2.094395102393,4.188790204786,6.28318530718,
8.377580409573),.UNSPECIFIED.) CURVE() GEOMETRIC_REPRESENTATION_ITEM() 
RATIONAL_B_SPLINE_CURVE((1.,0.5,1.,0.5,1.,0.5,1.)) REPRESENTATION_ITEM(
  '') );
#383 = CARTESIAN_POINT('',(39.75,-30.5));
#384 = CARTESIAN_POINT('',(39.75,-23.13878406783));
#385 = CARTESIAN_POINT('',(46.125,-26.81939203391));
#386 = CARTESIAN_POINT('',(52.5,-30.5));
#387 = CARTESIAN_POINT('',(46.125,-34.18060796608));
#388 = CARTESIAN_POINT('',(39.75,-37.86121593216));
#389 = CARTESIAN_POINT('',(39.75,-30.5));
#390 = ( GEOMETRIC_REPRESENTATION_CONTEXT(2) 
PARAMETRIC_REPRESENTATION_CONTEXT() REPRESENTATION_CONTEXT('2D SPACE',''
  ) );
#391 = PCURVE('',#392,#397);
#392 = CYLINDRICAL_SURFACE('',#393,4.25);
#393 = AXIS2_PLACEMENT_3D('',#394,#395,#396);
#394 = CARTESIAN_POINT('',(44.,-30.5,1.5));
#395 = DIRECTION('',(0.,0.,-1.));
#396 = DIRECTION('',(-1.,0.,0.));
#397 = DEFINITIONAL_REPRESENTATION('',(#398),#402);
#398 = LINE('',#399,#400);
#399 = CARTESIAN_POINT('',(0.,1.5));
#400 = VECTOR('',#401,1.);
#401 = DIRECTION('',(1.,0.));
#402 = ( GEOMETRIC_REPRESENTATION_CONTEXT(2) 
PARAMETRIC_REPRESENTATION_CONTEXT() REPRESENTATION_CONTEXT('2D SPACE',''
  ) );
#403 = FACE_BOUND('',#404,.F.);
#404 = EDGE_LOOP('',(#405));
#405 = ORIENTED_EDGE('',*,*,#406,.T.);
#406 = EDGE_CURVE('',#407,#407,#409,.T.);
#407 = VERTEX_POINT('',#408);
#408 = CARTESIAN_POINT('',(-38.4,8.1,0.));
#409 = SURFACE_CURVE('',#410,(#415,#426),.PCURVE_S1.);
#410 = CIRCLE('',#411,1.4);
#411 = AXIS2_PLACEMENT_3D('',#412,#413,#414);
#412 = CARTESIAN_POINT('',(-37.,8.1,0.));
#413 = DIRECTION('',(0.,0.,-1.));
#414 = DIRECTION('',(-1.,0.,0.));
#415 = PCURVE('',#44,#416);
#416 = DEFINITIONAL_REPRESENTATION('',(#417),#425);
#417 = ( BOUNDED_CURVE() B_SPLINE_CURVE(2,(#418,#419,#420,#421,#422,#423
,#424),.UNSPECIFIED.,.T.,.F.) B_SPLINE_CURVE_WITH_KNOTS((1,2,2,2,2,1),(
    -2.094395102393,0.,2.094395102393,4.188790204786,6.28318530718,
8.377580409573),.UNSPECIFIED.) CURVE() GEOMETRIC_REPRESENTATION_ITEM() 
RATIONAL_B_SPLINE_CURVE((1.,0.5,1.,0.5,1.,0.5,1.)) REPRESENTATION_ITEM(
  '') );
#418 = CARTESIAN_POINT('',(-38.4,8.1));
#419 = CARTESIAN_POINT('',(-38.4,10.524871130596));
#420 = CARTESIAN_POINT('',(-36.3,9.312435565298));
#421 = CARTESIAN_POINT('',(-34.2,8.1));
#422 = CARTESIAN_POINT('',(-36.3,6.887564434702));
#423 = CARTESIAN_POINT('',(-38.4,5.675128869404));
#424 = CARTESIAN_POINT('',(-38.4,8.1));
#425 = ( GEOMETRIC_REPRESENTATION_CONTEXT(2) 
PARAMETRIC_REPRESENTATION_CONTEXT() REPRESENTATION_CONTEXT('2D SPACE',''
  ) );
#426 = PCURVE('',#427,#432);
#427 = CYLINDRICAL_SURFACE('',#428,1.4);
#428 = AXIS2_PLACEMENT_3D('',#429,#430,#431);
#429 = CARTESIAN_POINT('',(-37.,8.1,1.5));
#430 = DIRECTION('',(0.,0.,-1.));
#431 = DIRECTION('',(-1.,0.,0.));
#432 = DEFINITIONAL_REPRESENTATION('',(#433),#437);
#433 = LINE('',#434,#435);
#434 = CARTESIAN_POINT('',(0.,1.5));
#435 = VECTOR('',#436,1.);
#436 = DIRECTION('',(1.,0.));
#437 = ( GEOMETRIC_REPRESENTATION_CONTEXT(2) 
PARAMETRIC_REPRESENTATION_CONTEXT() REPRESENTATION_CONTEXT('2D SPACE',''
  ) );
#438 = FACE_BOUND('',#439,.F.);
#439 = EDGE_LOOP('',(#440,#471,#497,#526));
#440 = ORIENTED_EDGE('',*,*,#441,.F.);
#441 = EDGE_CURVE('',#442,#444,#446,.T.);
#442 = VERTEX_POINT('',#443);
#443 = CARTESIAN_POINT('',(-28.4,10.7,0.));
#444 = VERTEX_POINT('',#445);
#445 = CARTESIAN_POINT('',(-26.6,10.7,0.));
#446 = SURFACE_CURVE('',#447,(#452,#459),.PCURVE_S1.);
#447 = CIRCLE('',#448,0.9);
#448 = AXIS2_PLACEMENT_3D('',#449,#450,#451);
#449 = CARTESIAN_POINT('',(-27.5,10.7,0.));
#450 = DIRECTION('',(0.,-0.,1.));
#451 = DIRECTION('',(1.,-1.110223024625E-16,-0.));
#452 = PCURVE('',#44,#453);
#453 = DEFINITIONAL_REPRESENTATION('',(#454),#458);
#454 = CIRCLE('',#455,0.9);
#455 = AXIS2_PLACEMENT_2D('',#456,#457);
#456 = CARTESIAN_POINT('',(-27.5,10.7));
#457 = DIRECTION('',(1.,-1.110223024625E-16));
#458 = ( GEOMETRIC_REPRESENTATION_CONTEXT(2) 
PARAMETRIC_REPRESENTATION_CONTEXT() REPRESENTATION_CONTEXT('2D SPACE',''
  ) );
#459 = PCURVE('',#460,#465);
#460 = CYLINDRICAL_SURFACE('',#461,0.9);
#461 = AXIS2_PLACEMENT_3D('',#462,#463,#464);
#462 = CARTESIAN_POINT('',(-27.5,10.7,105.5000002));
#463 = DIRECTION('',(0.,-0.,1.));
#464 = DIRECTION('',(1.,-1.110223024625E-16,-0.));
#465 = DEFINITIONAL_REPRESENTATION('',(#466),#470);
#466 = LINE('',#467,#468);
#467 = CARTESIAN_POINT('',(-6.28318530718,-105.5000002));
#468 = VECTOR('',#469,1.);
#469 = DIRECTION('',(1.,-0.));
#470 = ( GEOMETRIC_REPRESENTATION_CONTEXT(2) 
PARAMETRIC_REPRESENTATION_CONTEXT() REPRESENTATION_CONTEXT('2D SPACE',''
  ) );
#471 = ORIENTED_EDGE('',*,*,#472,.T.);
#472 = EDGE_CURVE('',#442,#473,#475,.T.);
#473 = VERTEX_POINT('',#474);
#474 = CARTESIAN_POINT('',(-28.4,12.5,0.));
#475 = SURFACE_CURVE('',#476,(#480,#486),.PCURVE_S1.);
#476 = LINE('',#477,#478);
#477 = CARTESIAN_POINT('',(-28.4,5.35,0.));
#478 = VECTOR('',#479,1.);
#479 = DIRECTION('',(1.110223024625E-16,1.,-0.));
#480 = PCURVE('',#44,#481);
#481 = DEFINITIONAL_REPRESENTATION('',(#482),#485);
#482 = B_SPLINE_CURVE_WITH_KNOTS('',1,(#483,#484),.UNSPECIFIED.,.F.,.F.,
  (2,2),(5.35,7.15),.PIECEWISE_BEZIER_KNOTS.);
#483 = CARTESIAN_POINT('',(-28.4,10.7));
#484 = CARTESIAN_POINT('',(-28.4,12.5));
#485 = ( GEOMETRIC_REPRESENTATION_CONTEXT(2) 
PARAMETRIC_REPRESENTATION_CONTEXT() REPRESENTATION_CONTEXT('2D SPACE',''
  ) );
#486 = PCURVE('',#487,#492);
#487 = PLANE('',#488);
#488 = AXIS2_PLACEMENT_3D('',#489,#490,#491);
#489 = CARTESIAN_POINT('',(-28.4,10.7,105.5000002));
#490 = DIRECTION('',(1.,-1.110223024625E-16,-0.));
#491 = DIRECTION('',(1.110223024625E-16,1.,0.));
#492 = DEFINITIONAL_REPRESENTATION('',(#493),#496);
#493 = B_SPLINE_CURVE_WITH_KNOTS('',1,(#494,#495),.UNSPECIFIED.,.F.,.F.,
  (2,2),(5.35,7.15),.PIECEWISE_BEZIER_KNOTS.);
#494 = CARTESIAN_POINT('',(0.,-105.5000002));
#495 = CARTESIAN_POINT('',(1.8,-105.5000002));
#496 = ( GEOMETRIC_REPRESENTATION_CONTEXT(2) 
PARAMETRIC_REPRESENTATION_CONTEXT() REPRESENTATION_CONTEXT('2D SPACE',''
  ) );
#497 = ORIENTED_EDGE('',*,*,#498,.F.);
#498 = EDGE_CURVE('',#499,#473,#501,.T.);
#499 = VERTEX_POINT('',#500);
#500 = CARTESIAN_POINT('',(-26.6,12.5,0.));
#501 = SURFACE_CURVE('',#502,(#507,#514),.PCURVE_S1.);
#502 = CIRCLE('',#503,0.9);
#503 = AXIS2_PLACEMENT_3D('',#504,#505,#506);
#504 = CARTESIAN_POINT('',(-27.5,12.5,0.));
#505 = DIRECTION('',(0.,0.,1.));
#506 = DIRECTION('',(-1.,1.110223024625E-16,0.));
#507 = PCURVE('',#44,#508);
#508 = DEFINITIONAL_REPRESENTATION('',(#509),#513);
#509 = CIRCLE('',#510,0.9);
#510 = AXIS2_PLACEMENT_2D('',#511,#512);
#511 = CARTESIAN_POINT('',(-27.5,12.5));
#512 = DIRECTION('',(-1.,1.110223024625E-16));
#513 = ( GEOMETRIC_REPRESENTATION_CONTEXT(2) 
PARAMETRIC_REPRESENTATION_CONTEXT() REPRESENTATION_CONTEXT('2D SPACE',''
  ) );
#514 = PCURVE('',#515,#520);
#515 = CYLINDRICAL_SURFACE('',#516,0.9);
#516 = AXIS2_PLACEMENT_3D('',#517,#518,#519);
#517 = CARTESIAN_POINT('',(-27.5,12.5,105.5000002));
#518 = DIRECTION('',(0.,0.,1.));
#519 = DIRECTION('',(-1.,1.110223024625E-16,0.));
#520 = DEFINITIONAL_REPRESENTATION('',(#521),#525);
#521 = LINE('',#522,#523);
#522 = CARTESIAN_POINT('',(-6.28318530718,-105.5000002));
#523 = VECTOR('',#524,1.);
#524 = DIRECTION('',(1.,-0.));
#525 = ( GEOMETRIC_REPRESENTATION_CONTEXT(2) 
PARAMETRIC_REPRESENTATION_CONTEXT() REPRESENTATION_CONTEXT('2D SPACE',''
  ) );
#526 = ORIENTED_EDGE('',*,*,#527,.T.);
#527 = EDGE_CURVE('',#499,#444,#528,.T.);
#528 = SURFACE_CURVE('',#529,(#533,#539),.PCURVE_S1.);
#529 = LINE('',#530,#531);
#530 = CARTESIAN_POINT('',(-26.6,6.25,0.));
#531 = VECTOR('',#532,1.);
#532 = DIRECTION('',(-1.110223024625E-16,-1.,0.));
#533 = PCURVE('',#44,#534);
#534 = DEFINITIONAL_REPRESENTATION('',(#535),#538);
#535 = B_SPLINE_CURVE_WITH_KNOTS('',1,(#536,#537),.UNSPECIFIED.,.F.,.F.,
  (2,2),(-6.25,-4.45),.PIECEWISE_BEZIER_KNOTS.);
#536 = CARTESIAN_POINT('',(-26.6,12.5));
#537 = CARTESIAN_POINT('',(-26.6,10.7));
#538 = ( GEOMETRIC_REPRESENTATION_CONTEXT(2) 
PARAMETRIC_REPRESENTATION_CONTEXT() REPRESENTATION_CONTEXT('2D SPACE',''
  ) );
#539 = PCURVE('',#540,#545);
#540 = PLANE('',#541);
#541 = AXIS2_PLACEMENT_3D('',#542,#543,#544);
#542 = CARTESIAN_POINT('',(-26.6,12.5,105.5000002));
#543 = DIRECTION('',(-1.,1.110223024625E-16,0.));
#544 = DIRECTION('',(-1.110223024625E-16,-1.,0.));
#545 = DEFINITIONAL_REPRESENTATION('',(#546),#549);
#546 = B_SPLINE_CURVE_WITH_KNOTS('',1,(#547,#548),.UNSPECIFIED.,.F.,.F.,
  (2,2),(-6.25,-4.45),.PIECEWISE_BEZIER_KNOTS.);
#547 = CARTESIAN_POINT('',(0.,-105.5000002));
#548 = CARTESIAN_POINT('',(1.8,-105.5000002));
#549 = ( GEOMETRIC_REPRESENTATION_CONTEXT(2) 
PARAMETRIC_REPRESENTATION_CONTEXT() REPRESENTATION_CONTEXT('2D SPACE',''
  ) );
#550 = FACE_BOUND('',#551,.F.);
#551 = EDGE_LOOP('',(#552));
#552 = ORIENTED_EDGE('',*,*,#553,.T.);
#553 = EDGE_CURVE('',#554,#554,#556,.T.);
#554 = VERTEX_POINT('',#555);
#555 = CARTESIAN_POINT('',(-48.25,30.5,0.));
#556 = SURFACE_CURVE('',#557,(#562,#573),.PCURVE_S1.);
#557 = CIRCLE('',#558,4.25);
#558 = AXIS2_PLACEMENT_3D('',#559,#560,#561);
#559 = CARTESIAN_POINT('',(-44.,30.5,0.));
#560 = DIRECTION('',(0.,0.,-1.));
#561 = DIRECTION('',(-1.,0.,0.));
#562 = PCURVE('',#44,#563);
#563 = DEFINITIONAL_REPRESENTATION('',(#564),#572);
#564 = ( BOUNDED_CURVE() B_SPLINE_CURVE(2,(#565,#566,#567,#568,#569,#570
,#571),.UNSPECIFIED.,.T.,.F.) B_SPLINE_CURVE_WITH_KNOTS((1,2,2,2,2,1),(
    -2.094395102393,0.,2.094395102393,4.188790204786,6.28318530718,
8.377580409573),.UNSPECIFIED.) CURVE() GEOMETRIC_REPRESENTATION_ITEM() 
RATIONAL_B_SPLINE_CURVE((1.,0.5,1.,0.5,1.,0.5,1.)) REPRESENTATION_ITEM(
  '') );
#565 = CARTESIAN_POINT('',(-48.25,30.5));
#566 = CARTESIAN_POINT('',(-48.25,37.861215932168));
#567 = CARTESIAN_POINT('',(-41.875,34.180607966084));
#568 = CARTESIAN_POINT('',(-35.5,30.5));
#569 = CARTESIAN_POINT('',(-41.875,26.819392033916));
#570 = CARTESIAN_POINT('',(-48.25,23.138784067832));
#571 = CARTESIAN_POINT('',(-48.25,30.5));
#572 = ( GEOMETRIC_REPRESENTATION_CONTEXT(2) 
PARAMETRIC_REPRESENTATION_CONTEXT() REPRESENTATION_CONTEXT('2D SPACE',''
  ) );
#573 = PCURVE('',#574,#579);
#574 = CYLINDRICAL_SURFACE('',#575,4.25);
#575 = AXIS2_PLACEMENT_3D('',#576,#577,#578);
#576 = CARTESIAN_POINT('',(-44.,30.5,1.5));
#577 = DIRECTION('',(0.,0.,-1.));
#578 = DIRECTION('',(-1.,0.,0.));
#579 = DEFINITIONAL_REPRESENTATION('',(#580),#584);
#580 = LINE('',#581,#582);
#581 = CARTESIAN_POINT('',(0.,1.5));
#582 = VECTOR('',#583,1.);
#583 = DIRECTION('',(1.,0.));
#584 = ( GEOMETRIC_REPRESENTATION_CONTEXT(2) 
PARAMETRIC_REPRESENTATION_CONTEXT() REPRESENTATION_CONTEXT('2D SPACE',''
  ) );
#585 = FACE_BOUND('',#586,.F.);
#586 = EDGE_LOOP('',(#587));
#587 = ORIENTED_EDGE('',*,*,#588,.T.);
#588 = EDGE_CURVE('',#589,#589,#591,.T.);
#589 = VERTEX_POINT('',#590);
#590 = CARTESIAN_POINT('',(-38.4,31.1,0.));
#591 = SURFACE_CURVE('',#592,(#597,#608),.PCURVE_S1.);
#592 = CIRCLE('',#593,1.4);
#593 = AXIS2_PLACEMENT_3D('',#594,#595,#596);
#594 = CARTESIAN_POINT('',(-37.,31.1,0.));
#595 = DIRECTION('',(0.,0.,-1.));
#596 = DIRECTION('',(-1.,0.,0.));
#597 = PCURVE('',#44,#598);
#598 = DEFINITIONAL_REPRESENTATION('',(#599),#607);
#599 = ( BOUNDED_CURVE() B_SPLINE_CURVE(2,(#600,#601,#602,#603,#604,#605
,#606),.UNSPECIFIED.,.T.,.F.) B_SPLINE_CURVE_WITH_KNOTS((1,2,2,2,2,1),(
    -2.094395102393,0.,2.094395102393,4.188790204786,6.28318530718,
8.377580409573),.UNSPECIFIED.) CURVE() GEOMETRIC_REPRESENTATION_ITEM() 
RATIONAL_B_SPLINE_CURVE((1.,0.5,1.,0.5,1.,0.5,1.)) REPRESENTATION_ITEM(
  '') );
#600 = CARTESIAN_POINT('',(-38.4,31.1));
#601 = CARTESIAN_POINT('',(-38.4,33.524871130596));
#602 = CARTESIAN_POINT('',(-36.3,32.312435565298));
#603 = CARTESIAN_POINT('',(-34.2,31.1));
#604 = CARTESIAN_POINT('',(-36.3,29.887564434702));
#605 = CARTESIAN_POINT('',(-38.4,28.675128869404));
#606 = CARTESIAN_POINT('',(-38.4,31.1));
#607 = ( GEOMETRIC_REPRESENTATION_CONTEXT(2) 
PARAMETRIC_REPRESENTATION_CONTEXT() REPRESENTATION_CONTEXT('2D SPACE',''
  ) );
#608 = PCURVE('',#609,#614);
#609 = CYLINDRICAL_SURFACE('',#610,1.4);
#610 = AXIS2_PLACEMENT_3D('',#611,#612,#613);
#611 = CARTESIAN_POINT('',(-37.,31.1,1.5));
#612 = DIRECTION('',(0.,0.,-1.));
#613 = DIRECTION('',(-1.,0.,0.));
#614 = DEFINITIONAL_REPRESENTATION('',(#615),#619);
#615 = LINE('',#616,#617);
#616 = CARTESIAN_POINT('',(0.,1.5));
#617 = VECTOR('',#618,1.);
#618 = DIRECTION('',(1.,0.));
#619 = ( GEOMETRIC_REPRESENTATION_CONTEXT(2) 
PARAMETRIC_REPRESENTATION_CONTEXT() REPRESENTATION_CONTEXT('2D SPACE',''
  ) );
#620 = FACE_BOUND('',#621,.F.);
#621 = EDGE_LOOP('',(#622));
#622 = ORIENTED_EDGE('',*,*,#623,.T.);
#623 = EDGE_CURVE('',#624,#624,#626,.T.);
#624 = VERTEX_POINT('',#625);
#625 = CARTESIAN_POINT('',(19.6,8.1,0.));
#626 = SURFACE_CURVE('',#627,(#632,#643),.PCURVE_S1.);
#627 = CIRCLE('',#628,1.4);
#628 = AXIS2_PLACEMENT_3D('',#629,#630,#631);
#629 = CARTESIAN_POINT('',(21.,8.1,0.));
#630 = DIRECTION('',(0.,0.,-1.));
#631 = DIRECTION('',(-1.,0.,0.));
#632 = PCURVE('',#44,#633);
#633 = DEFINITIONAL_REPRESENTATION('',(#634),#642);
#634 = ( BOUNDED_CURVE() B_SPLINE_CURVE(2,(#635,#636,#637,#638,#639,#640
,#641),.UNSPECIFIED.,.T.,.F.) B_SPLINE_CURVE_WITH_KNOTS((1,2,2,2,2,1),(
    -2.094395102393,0.,2.094395102393,4.188790204786,6.28318530718,
8.377580409573),.UNSPECIFIED.) CURVE() GEOMETRIC_REPRESENTATION_ITEM() 
RATIONAL_B_SPLINE_CURVE((1.,0.5,1.,0.5,1.,0.5,1.)) REPRESENTATION_ITEM(
  '') );
#635 = CARTESIAN_POINT('',(19.6,8.1));
#636 = CARTESIAN_POINT('',(19.6,10.524871130596));
#637 = CARTESIAN_POINT('',(21.7,9.312435565298));
#638 = CARTESIAN_POINT('',(23.8,8.1));
#639 = CARTESIAN_POINT('',(21.7,6.887564434702));
#640 = CARTESIAN_POINT('',(19.6,5.675128869404));
#641 = CARTESIAN_POINT('',(19.6,8.1));
#642 = ( GEOMETRIC_REPRESENTATION_CONTEXT(2) 
PARAMETRIC_REPRESENTATION_CONTEXT() REPRESENTATION_CONTEXT('2D SPACE',''
  ) );
#643 = PCURVE('',#644,#649);
#644 = CYLINDRICAL_SURFACE('',#645,1.4);
#645 = AXIS2_PLACEMENT_3D('',#646,#647,#648);
#646 = CARTESIAN_POINT('',(21.,8.1,1.5));
#647 = DIRECTION('',(0.,0.,-1.));
#648 = DIRECTION('',(-1.,0.,0.));
#649 = DEFINITIONAL_REPRESENTATION('',(#650),#654);
#650 = LINE('',#651,#652);
#651 = CARTESIAN_POINT('',(0.,1.5));
#652 = VECTOR('',#653,1.);
#653 = DIRECTION('',(1.,0.));
#654 = ( GEOMETRIC_REPRESENTATION_CONTEXT(2) 
PARAMETRIC_REPRESENTATION_CONTEXT() REPRESENTATION_CONTEXT('2D SPACE',''
  ) );
#655 = FACE_BOUND('',#656,.F.);
#656 = EDGE_LOOP('',(#657));
#657 = ORIENTED_EDGE('',*,*,#658,.T.);
#658 = EDGE_CURVE('',#659,#659,#661,.T.);
#659 = VERTEX_POINT('',#660);
#660 = CARTESIAN_POINT('',(19.6,31.1,0.));
#661 = SURFACE_CURVE('',#662,(#667,#678),.PCURVE_S1.);
#662 = CIRCLE('',#663,1.4);
#663 = AXIS2_PLACEMENT_3D('',#664,#665,#666);
#664 = CARTESIAN_POINT('',(21.,31.1,0.));
#665 = DIRECTION('',(0.,0.,-1.));
#666 = DIRECTION('',(-1.,0.,0.));
#667 = PCURVE('',#44,#668);
#668 = DEFINITIONAL_REPRESENTATION('',(#669),#677);
#669 = ( BOUNDED_CURVE() B_SPLINE_CURVE(2,(#670,#671,#672,#673,#674,#675
,#676),.UNSPECIFIED.,.T.,.F.) B_SPLINE_CURVE_WITH_KNOTS((1,2,2,2,2,1),(
    -2.094395102393,0.,2.094395102393,4.188790204786,6.28318530718,
8.377580409573),.UNSPECIFIED.) CURVE() GEOMETRIC_REPRESENTATION_ITEM() 
RATIONAL_B_SPLINE_CURVE((1.,0.5,1.,0.5,1.,0.5,1.)) REPRESENTATION_ITEM(
  '') );
#670 = CARTESIAN_POINT('',(19.6,31.1));
#671 = CARTESIAN_POINT('',(19.6,33.524871130596));
#672 = CARTESIAN_POINT('',(21.7,32.312435565298));
#673 = CARTESIAN_POINT('',(23.8,31.1));
#674 = CARTESIAN_POINT('',(21.7,29.887564434702));
#675 = CARTESIAN_POINT('',(19.6,28.675128869404));
#676 = CARTESIAN_POINT('',(19.6,31.1));
#677 = ( GEOMETRIC_REPRESENTATION_CONTEXT(2) 
PARAMETRIC_REPRESENTATION_CONTEXT() REPRESENTATION_CONTEXT('2D SPACE',''
  ) );
#678 = PCURVE('',#679,#684);
#679 = CYLINDRICAL_SURFACE('',#680,1.4);
#680 = AXIS2_PLACEMENT_3D('',#681,#682,#683);
#681 = CARTESIAN_POINT('',(21.,31.1,1.5));
#682 = DIRECTION('',(0.,0.,-1.));
#683 = DIRECTION('',(-1.,0.,0.));
#684 = DEFINITIONAL_REPRESENTATION('',(#685),#689);
#685 = LINE('',#686,#687);
#686 = CARTESIAN_POINT('',(0.,1.5));
#687 = VECTOR('',#688,1.);
#688 = DIRECTION('',(1.,0.));
#689 = ( GEOMETRIC_REPRESENTATION_CONTEXT(2) 
PARAMETRIC_REPRESENTATION_CONTEXT() REPRESENTATION_CONTEXT('2D SPACE',''
  ) );
#690 = FACE_BOUND('',#691,.F.);
#691 = EDGE_LOOP('',(#692));
#692 = ORIENTED_EDGE('',*,*,#693,.T.);
#693 = EDGE_CURVE('',#694,#694,#696,.T.);
#694 = VERTEX_POINT('',#695);
#695 = CARTESIAN_POINT('',(39.75,30.5,0.));
#696 = SURFACE_CURVE('',#697,(#702,#713),.PCURVE_S1.);
#697 = CIRCLE('',#698,4.25);
#698 = AXIS2_PLACEMENT_3D('',#699,#700,#701);
#699 = CARTESIAN_POINT('',(44.,30.5,0.));
#700 = DIRECTION('',(0.,0.,-1.));
#701 = DIRECTION('',(-1.,0.,0.));
#702 = PCURVE('',#44,#703);
#703 = DEFINITIONAL_REPRESENTATION('',(#704),#712);
#704 = ( BOUNDED_CURVE() B_SPLINE_CURVE(2,(#705,#706,#707,#708,#709,#710
,#711),.UNSPECIFIED.,.T.,.F.) B_SPLINE_CURVE_WITH_KNOTS((1,2,2,2,2,1),(
    -2.094395102393,0.,2.094395102393,4.188790204786,6.28318530718,
8.377580409573),.UNSPECIFIED.) CURVE() GEOMETRIC_REPRESENTATION_ITEM() 
RATIONAL_B_SPLINE_CURVE((1.,0.5,1.,0.5,1.,0.5,1.)) REPRESENTATION_ITEM(
  '') );
#705 = CARTESIAN_POINT('',(39.75,30.5));
#706 = CARTESIAN_POINT('',(39.75,37.861215932168));
#707 = CARTESIAN_POINT('',(46.125,34.180607966084));
#708 = CARTESIAN_POINT('',(52.5,30.5));
#709 = CARTESIAN_POINT('',(46.125,26.819392033916));
#710 = CARTESIAN_POINT('',(39.75,23.138784067832));
#711 = CARTESIAN_POINT('',(39.75,30.5));
#712 = ( GEOMETRIC_REPRESENTATION_CONTEXT(2) 
PARAMETRIC_REPRESENTATION_CONTEXT() REPRESENTATION_CONTEXT('2D SPACE',''
  ) );
#713 = PCURVE('',#714,#719);
#714 = CYLINDRICAL_SURFACE('',#715,4.25);
#715 = AXIS2_PLACEMENT_3D('',#716,#717,#718);
#716 = CARTESIAN_POINT('',(44.,30.5,1.5));
#717 = DIRECTION('',(0.,0.,-1.));
#718 = DIRECTION('',(-1.,0.,0.));
#719 = DEFINITIONAL_REPRESENTATION('',(#720),#724);
#720 = LINE('',#721,#722);
#721 = CARTESIAN_POINT('',(0.,1.5));
#722 = VECTOR('',#723,1.);
#723 = DIRECTION('',(1.,0.));
#724 = ( GEOMETRIC_REPRESENTATION_CONTEXT(2) 
PARAMETRIC_REPRESENTATION_CONTEXT() REPRESENTATION_CONTEXT('2D SPACE',''
  ) );
#725 = ADVANCED_FACE('',(#726),#72,.T.);
#726 = FACE_BOUND('',#727,.F.);
#727 = EDGE_LOOP('',(#728,#729,#752,#778));
#728 = ORIENTED_EDGE('',*,*,#308,.T.);
#729 = ORIENTED_EDGE('',*,*,#730,.T.);
#730 = EDGE_CURVE('',#281,#731,#733,.T.);
#731 = VERTEX_POINT('',#732);
#732 = CARTESIAN_POINT('',(-52.,-35.,1.5));
#733 = SURFACE_CURVE('',#734,(#738,#745),.PCURVE_S1.);
#734 = LINE('',#735,#736);
#735 = CARTESIAN_POINT('',(-52.,-35.,0.));
#736 = VECTOR('',#737,1.);
#737 = DIRECTION('',(0.,0.,1.));
#738 = PCURVE('',#72,#739);
#739 = DEFINITIONAL_REPRESENTATION('',(#740),#744);
#740 = LINE('',#741,#742);
#741 = CARTESIAN_POINT('',(-1.570796326795,0.));
#742 = VECTOR('',#743,1.);
#743 = DIRECTION('',(-0.,1.));
#744 = ( GEOMETRIC_REPRESENTATION_CONTEXT(2) 
PARAMETRIC_REPRESENTATION_CONTEXT() REPRESENTATION_CONTEXT('2D SPACE',''
  ) );
#745 = PCURVE('',#296,#746);
#746 = DEFINITIONAL_REPRESENTATION('',(#747),#751);
#747 = LINE('',#748,#749);
#748 = CARTESIAN_POINT('',(73.5,0.));
#749 = VECTOR('',#750,1.);
#750 = DIRECTION('',(0.,-1.));
#751 = ( GEOMETRIC_REPRESENTATION_CONTEXT(2) 
PARAMETRIC_REPRESENTATION_CONTEXT() REPRESENTATION_CONTEXT('2D SPACE',''
  ) );
#752 = ORIENTED_EDGE('',*,*,#753,.F.);
#753 = EDGE_CURVE('',#57,#731,#754,.T.);
#754 = SURFACE_CURVE('',#755,(#760,#767),.PCURVE_S1.);
#755 = CIRCLE('',#756,3.5);
#756 = AXIS2_PLACEMENT_3D('',#757,#758,#759);
#757 = CARTESIAN_POINT('',(-48.5,-35.,1.5));
#758 = DIRECTION('',(-0.,-0.,-1.));
#759 = DIRECTION('',(0.,-1.,0.));
#760 = PCURVE('',#72,#761);
#761 = DEFINITIONAL_REPRESENTATION('',(#762),#766);
#762 = LINE('',#763,#764);
#763 = CARTESIAN_POINT('',(-0.,1.5));
#764 = VECTOR('',#765,1.);
#765 = DIRECTION('',(-1.,0.));
#766 = ( GEOMETRIC_REPRESENTATION_CONTEXT(2) 
PARAMETRIC_REPRESENTATION_CONTEXT() REPRESENTATION_CONTEXT('2D SPACE',''
  ) );
#767 = PCURVE('',#100,#768);
#768 = DEFINITIONAL_REPRESENTATION('',(#769),#777);
#769 = ( BOUNDED_CURVE() B_SPLINE_CURVE(2,(#770,#771,#772,#773,#774,#775
,#776),.UNSPECIFIED.,.T.,.F.) B_SPLINE_CURVE_WITH_KNOTS((1,2,2,2,2,1),(
    -2.094395102393,0.,2.094395102393,4.188790204786,6.28318530718,
8.377580409573),.UNSPECIFIED.) CURVE() GEOMETRIC_REPRESENTATION_ITEM() 
RATIONAL_B_SPLINE_CURVE((1.,0.5,1.,0.5,1.,0.5,1.)) REPRESENTATION_ITEM(
  '') );
#770 = CARTESIAN_POINT('',(-48.5,-38.5));
#771 = CARTESIAN_POINT('',(-54.56217782649,-38.5));
#772 = CARTESIAN_POINT('',(-51.53108891324,-33.25));
#773 = CARTESIAN_POINT('',(-48.5,-28.));
#774 = CARTESIAN_POINT('',(-45.46891108675,-33.25));
#775 = CARTESIAN_POINT('',(-42.4378221735,-38.5));
#776 = CARTESIAN_POINT('',(-48.5,-38.5));
#777 = ( GEOMETRIC_REPRESENTATION_CONTEXT(2) 
PARAMETRIC_REPRESENTATION_CONTEXT() REPRESENTATION_CONTEXT('2D SPACE',''
  ) );
#778 = ORIENTED_EDGE('',*,*,#56,.F.);
#779 = ADVANCED_FACE('',(#780),#126,.T.);
#780 = FACE_BOUND('',#781,.T.);
#781 = EDGE_LOOP('',(#782,#783,#806,#828));
#782 = ORIENTED_EDGE('',*,*,#142,.T.);
#783 = ORIENTED_EDGE('',*,*,#784,.T.);
#784 = EDGE_CURVE('',#143,#785,#787,.T.);
#785 = VERTEX_POINT('',#786);
#786 = CARTESIAN_POINT('',(52.,-35.,1.5));
#787 = SURFACE_CURVE('',#788,(#792,#799),.PCURVE_S1.);
#788 = LINE('',#789,#790);
#789 = CARTESIAN_POINT('',(52.,-35.,0.));
#790 = VECTOR('',#791,1.);
#791 = DIRECTION('',(0.,0.,1.));
#792 = PCURVE('',#126,#793);
#793 = DEFINITIONAL_REPRESENTATION('',(#794),#798);
#794 = LINE('',#795,#796);
#795 = CARTESIAN_POINT('',(1.570796326795,0.));
#796 = VECTOR('',#797,1.);
#797 = DIRECTION('',(0.,1.));
#798 = ( GEOMETRIC_REPRESENTATION_CONTEXT(2) 
PARAMETRIC_REPRESENTATION_CONTEXT() REPRESENTATION_CONTEXT('2D SPACE',''
  ) );
#799 = PCURVE('',#182,#800);
#800 = DEFINITIONAL_REPRESENTATION('',(#801),#805);
#801 = LINE('',#802,#803);
#802 = CARTESIAN_POINT('',(3.5,0.));
#803 = VECTOR('',#804,1.);
#804 = DIRECTION('',(0.,-1.));
#805 = ( GEOMETRIC_REPRESENTATION_CONTEXT(2) 
PARAMETRIC_REPRESENTATION_CONTEXT() REPRESENTATION_CONTEXT('2D SPACE',''
  ) );
#806 = ORIENTED_EDGE('',*,*,#807,.F.);
#807 = EDGE_CURVE('',#85,#785,#808,.T.);
#808 = SURFACE_CURVE('',#809,(#814,#821),.PCURVE_S1.);
#809 = CIRCLE('',#810,3.5);
#810 = AXIS2_PLACEMENT_3D('',#811,#812,#813);
#811 = CARTESIAN_POINT('',(48.5,-35.,1.5));
#812 = DIRECTION('',(0.,0.,1.));
#813 = DIRECTION('',(0.,-1.,0.));
#814 = PCURVE('',#126,#815);
#815 = DEFINITIONAL_REPRESENTATION('',(#816),#820);
#816 = LINE('',#817,#818);
#817 = CARTESIAN_POINT('',(0.,1.5));
#818 = VECTOR('',#819,1.);
#819 = DIRECTION('',(1.,0.));
#820 = ( GEOMETRIC_REPRESENTATION_CONTEXT(2) 
PARAMETRIC_REPRESENTATION_CONTEXT() REPRESENTATION_CONTEXT('2D SPACE',''
  ) );
#821 = PCURVE('',#100,#822);
#822 = DEFINITIONAL_REPRESENTATION('',(#823),#827);
#823 = CIRCLE('',#824,3.5);
#824 = AXIS2_PLACEMENT_2D('',#825,#826);
#825 = CARTESIAN_POINT('',(48.5,-35.));
#826 = DIRECTION('',(0.,-1.));
#827 = ( GEOMETRIC_REPRESENTATION_CONTEXT(2) 
PARAMETRIC_REPRESENTATION_CONTEXT() REPRESENTATION_CONTEXT('2D SPACE',''
  ) );
#828 = ORIENTED_EDGE('',*,*,#112,.F.);
#829 = ADVANCED_FACE('',(#830,#950,#1041,#1132,#1162,#1254,#1345,#1375,
    #1405,#1435),#100,.T.);
#830 = FACE_BOUND('',#831,.T.);
#831 = EDGE_LOOP('',(#832,#833,#834,#857,#881,#904,#928,#949));
#832 = ORIENTED_EDGE('',*,*,#84,.T.);
#833 = ORIENTED_EDGE('',*,*,#807,.T.);
#834 = ORIENTED_EDGE('',*,*,#835,.T.);
#835 = EDGE_CURVE('',#785,#836,#838,.T.);
#836 = VERTEX_POINT('',#837);
#837 = CARTESIAN_POINT('',(52.,35.,1.5));
#838 = SURFACE_CURVE('',#839,(#843,#850),.PCURVE_S1.);
#839 = LINE('',#840,#841);
#840 = CARTESIAN_POINT('',(52.,-38.5,1.5));
#841 = VECTOR('',#842,1.);
#842 = DIRECTION('',(0.,1.,0.));
#843 = PCURVE('',#100,#844);
#844 = DEFINITIONAL_REPRESENTATION('',(#845),#849);
#845 = LINE('',#846,#847);
#846 = CARTESIAN_POINT('',(52.,-38.5));
#847 = VECTOR('',#848,1.);
#848 = DIRECTION('',(0.,1.));
#849 = ( GEOMETRIC_REPRESENTATION_CONTEXT(2) 
PARAMETRIC_REPRESENTATION_CONTEXT() REPRESENTATION_CONTEXT('2D SPACE',''
  ) );
#850 = PCURVE('',#182,#851);
#851 = DEFINITIONAL_REPRESENTATION('',(#852),#856);
#852 = LINE('',#853,#854);
#853 = CARTESIAN_POINT('',(0.,-1.5));
#854 = VECTOR('',#855,1.);
#855 = DIRECTION('',(1.,0.));
#856 = ( GEOMETRIC_REPRESENTATION_CONTEXT(2) 
PARAMETRIC_REPRESENTATION_CONTEXT() REPRESENTATION_CONTEXT('2D SPACE',''
  ) );
#857 = ORIENTED_EDGE('',*,*,#858,.T.);
#858 = EDGE_CURVE('',#836,#859,#861,.T.);
#859 = VERTEX_POINT('',#860);
#860 = CARTESIAN_POINT('',(48.5,38.5,1.5));
#861 = SURFACE_CURVE('',#862,(#867,#874),.PCURVE_S1.);
#862 = CIRCLE('',#863,3.5);
#863 = AXIS2_PLACEMENT_3D('',#864,#865,#866);
#864 = CARTESIAN_POINT('',(48.5,35.,1.5));
#865 = DIRECTION('',(0.,0.,1.));
#866 = DIRECTION('',(0.,-1.,0.));
#867 = PCURVE('',#100,#868);
#868 = DEFINITIONAL_REPRESENTATION('',(#869),#873);
#869 = CIRCLE('',#870,3.5);
#870 = AXIS2_PLACEMENT_2D('',#871,#872);
#871 = CARTESIAN_POINT('',(48.5,35.));
#872 = DIRECTION('',(0.,-1.));
#873 = ( GEOMETRIC_REPRESENTATION_CONTEXT(2) 
PARAMETRIC_REPRESENTATION_CONTEXT() REPRESENTATION_CONTEXT('2D SPACE',''
  ) );
#874 = PCURVE('',#211,#875);
#875 = DEFINITIONAL_REPRESENTATION('',(#876),#880);
#876 = LINE('',#877,#878);
#877 = CARTESIAN_POINT('',(-1.570796326795,1.5));
#878 = VECTOR('',#879,1.);
#879 = DIRECTION('',(1.,0.));
#880 = ( GEOMETRIC_REPRESENTATION_CONTEXT(2) 
PARAMETRIC_REPRESENTATION_CONTEXT() REPRESENTATION_CONTEXT('2D SPACE',''
  ) );
#881 = ORIENTED_EDGE('',*,*,#882,.T.);
#882 = EDGE_CURVE('',#859,#883,#885,.T.);
#883 = VERTEX_POINT('',#884);
#884 = CARTESIAN_POINT('',(-48.5,38.5,1.5));
#885 = SURFACE_CURVE('',#886,(#890,#897),.PCURVE_S1.);
#886 = LINE('',#887,#888);
#887 = CARTESIAN_POINT('',(52.,38.5,1.5));
#888 = VECTOR('',#889,1.);
#889 = DIRECTION('',(-1.,0.,0.));
#890 = PCURVE('',#100,#891);
#891 = DEFINITIONAL_REPRESENTATION('',(#892),#896);
#892 = LINE('',#893,#894);
#893 = CARTESIAN_POINT('',(52.,38.5));
#894 = VECTOR('',#895,1.);
#895 = DIRECTION('',(-1.,0.));
#896 = ( GEOMETRIC_REPRESENTATION_CONTEXT(2) 
PARAMETRIC_REPRESENTATION_CONTEXT() REPRESENTATION_CONTEXT('2D SPACE',''
  ) );
#897 = PCURVE('',#239,#898);
#898 = DEFINITIONAL_REPRESENTATION('',(#899),#903);
#899 = LINE('',#900,#901);
#900 = CARTESIAN_POINT('',(0.,-1.5));
#901 = VECTOR('',#902,1.);
#902 = DIRECTION('',(1.,0.));
#903 = ( GEOMETRIC_REPRESENTATION_CONTEXT(2) 
PARAMETRIC_REPRESENTATION_CONTEXT() REPRESENTATION_CONTEXT('2D SPACE',''
  ) );
#904 = ORIENTED_EDGE('',*,*,#905,.T.);
#905 = EDGE_CURVE('',#883,#906,#908,.T.);
#906 = VERTEX_POINT('',#907);
#907 = CARTESIAN_POINT('',(-52.,35.,1.5));
#908 = SURFACE_CURVE('',#909,(#914,#921),.PCURVE_S1.);
#909 = CIRCLE('',#910,3.5);
#910 = AXIS2_PLACEMENT_3D('',#911,#912,#913);
#911 = CARTESIAN_POINT('',(-48.5,35.,1.5));
#912 = DIRECTION('',(0.,0.,1.));
#913 = DIRECTION('',(0.,-1.,0.));
#914 = PCURVE('',#100,#915);
#915 = DEFINITIONAL_REPRESENTATION('',(#916),#920);
#916 = CIRCLE('',#917,3.5);
#917 = AXIS2_PLACEMENT_2D('',#918,#919);
#918 = CARTESIAN_POINT('',(-48.5,35.));
#919 = DIRECTION('',(0.,-1.));
#920 = ( GEOMETRIC_REPRESENTATION_CONTEXT(2) 
PARAMETRIC_REPRESENTATION_CONTEXT() REPRESENTATION_CONTEXT('2D SPACE',''
  ) );
#921 = PCURVE('',#268,#922);
#922 = DEFINITIONAL_REPRESENTATION('',(#923),#927);
#923 = LINE('',#924,#925);
#924 = CARTESIAN_POINT('',(-3.14159265359,1.5));
#925 = VECTOR('',#926,1.);
#926 = DIRECTION('',(1.,0.));
#927 = ( GEOMETRIC_REPRESENTATION_CONTEXT(2) 
PARAMETRIC_REPRESENTATION_CONTEXT() REPRESENTATION_CONTEXT('2D SPACE',''
  ) );
#928 = ORIENTED_EDGE('',*,*,#929,.T.);
#929 = EDGE_CURVE('',#906,#731,#930,.T.);
#930 = SURFACE_CURVE('',#931,(#935,#942),.PCURVE_S1.);
#931 = LINE('',#932,#933);
#932 = CARTESIAN_POINT('',(-52.,38.5,1.5));
#933 = VECTOR('',#934,1.);
#934 = DIRECTION('',(0.,-1.,0.));
#935 = PCURVE('',#100,#936);
#936 = DEFINITIONAL_REPRESENTATION('',(#937),#941);
#937 = LINE('',#938,#939);
#938 = CARTESIAN_POINT('',(-52.,38.5));
#939 = VECTOR('',#940,1.);
#940 = DIRECTION('',(0.,-1.));
#941 = ( GEOMETRIC_REPRESENTATION_CONTEXT(2) 
PARAMETRIC_REPRESENTATION_CONTEXT() REPRESENTATION_CONTEXT('2D SPACE',''
  ) );
#942 = PCURVE('',#296,#943);
#943 = DEFINITIONAL_REPRESENTATION('',(#944),#948);
#944 = LINE('',#945,#946);
#945 = CARTESIAN_POINT('',(0.,-1.5));
#946 = VECTOR('',#947,1.);
#947 = DIRECTION('',(1.,0.));
#948 = ( GEOMETRIC_REPRESENTATION_CONTEXT(2) 
PARAMETRIC_REPRESENTATION_CONTEXT() REPRESENTATION_CONTEXT('2D SPACE',''
  ) );
#949 = ORIENTED_EDGE('',*,*,#753,.F.);
#950 = FACE_BOUND('',#951,.T.);
#951 = EDGE_LOOP('',(#952,#987,#1015));
#952 = ORIENTED_EDGE('',*,*,#953,.T.);
#953 = EDGE_CURVE('',#954,#956,#958,.T.);
#954 = VERTEX_POINT('',#955);
#955 = CARTESIAN_POINT('',(-46.74344544606,-33.74592160787,1.5));
#956 = VERTEX_POINT('',#957);
#957 = CARTESIAN_POINT('',(-48.24280455393,-30.74720339212,1.5));
#958 = SURFACE_CURVE('',#959,(#964,#975),.PCURVE_S1.);
#959 = CIRCLE('',#960,2.7);
#960 = AXIS2_PLACEMENT_3D('',#961,#962,#963);
#961 = CARTESIAN_POINT('',(-45.6,-31.3,1.5));
#962 = DIRECTION('',(-0.,0.,-1.));
#963 = DIRECTION('',(-0.423498313356,-0.905896891806,0.));
#964 = PCURVE('',#100,#965);
#965 = DEFINITIONAL_REPRESENTATION('',(#966),#974);
#966 = ( BOUNDED_CURVE() B_SPLINE_CURVE(2,(#967,#968,#969,#970,#971,#972
,#973),.UNSPECIFIED.,.T.,.F.) B_SPLINE_CURVE_WITH_KNOTS((1,2,2,2,2,1),(
    -2.094395102393,0.,2.094395102393,4.188790204786,6.28318530718,
8.377580409573),.UNSPECIFIED.) CURVE() GEOMETRIC_REPRESENTATION_ITEM() 
RATIONAL_B_SPLINE_CURVE((1.,0.5,1.,0.5,1.,0.5,1.)) REPRESENTATION_ITEM(
  '') );
#967 = CARTESIAN_POINT('',(-46.74344544606,-33.74592160787));
#968 = CARTESIAN_POINT('',(-50.97990594223,-31.76541599961));
#969 = CARTESIAN_POINT('',(-47.14650752505,-29.08678639193));
#970 = CARTESIAN_POINT('',(-43.31310910787,-26.40815678424));
#971 = CARTESIAN_POINT('',(-42.91004702888,-31.06729200019));
#972 = CARTESIAN_POINT('',(-42.50698494988,-35.72642721613));
#973 = CARTESIAN_POINT('',(-46.74344544606,-33.74592160787));
#974 = ( GEOMETRIC_REPRESENTATION_CONTEXT(2) 
PARAMETRIC_REPRESENTATION_CONTEXT() REPRESENTATION_CONTEXT('2D SPACE',''
  ) );
#975 = PCURVE('',#976,#981);
#976 = CONICAL_SURFACE('',#977,2.7,0.785398163397);
#977 = AXIS2_PLACEMENT_3D('',#978,#979,#980);
#978 = CARTESIAN_POINT('',(-45.6,-31.3,1.5));
#979 = DIRECTION('',(-0.,-0.,1.));
#980 = DIRECTION('',(-1.,0.,0.));
#981 = DEFINITIONAL_REPRESENTATION('',(#982),#986);
#982 = LINE('',#983,#984);
#983 = CARTESIAN_POINT('',(-5.149692542996,-0.));
#984 = VECTOR('',#985,1.);
#985 = DIRECTION('',(-1.,-0.));
#986 = ( GEOMETRIC_REPRESENTATION_CONTEXT(2) 
PARAMETRIC_REPRESENTATION_CONTEXT() REPRESENTATION_CONTEXT('2D SPACE',''
  ) );
#987 = ORIENTED_EDGE('',*,*,#988,.T.);
#988 = EDGE_CURVE('',#956,#989,#991,.T.);
#989 = VERTEX_POINT('',#990);
#990 = CARTESIAN_POINT('',(-48.25,-30.5,1.5));
#991 = SURFACE_CURVE('',#992,(#997,#1008),.PCURVE_S1.);
#992 = CIRCLE('',#993,4.25);
#993 = AXIS2_PLACEMENT_3D('',#994,#995,#996);
#994 = CARTESIAN_POINT('',(-44.,-30.5,1.5));
#995 = DIRECTION('',(0.,0.,-1.));
#996 = DIRECTION('',(-1.,0.,0.));
#997 = PCURVE('',#100,#998);
#998 = DEFINITIONAL_REPRESENTATION('',(#999),#1007);
#999 = ( BOUNDED_CURVE() B_SPLINE_CURVE(2,(#1000,#1001,#1002,#1003,#1004
,#1005,#1006),.UNSPECIFIED.,.T.,.F.) B_SPLINE_CURVE_WITH_KNOTS((1,2,2,2,
    2,1),(-2.094395102393,0.,2.094395102393,4.188790204786,6.28318530718
,8.377580409573),.UNSPECIFIED.) CURVE() GEOMETRIC_REPRESENTATION_ITEM() 
RATIONAL_B_SPLINE_CURVE((1.,0.5,1.,0.5,1.,0.5,1.)) REPRESENTATION_ITEM(
  '') );
#1000 = CARTESIAN_POINT('',(-48.25,-30.5));
#1001 = CARTESIAN_POINT('',(-48.25,-23.13878406783));
#1002 = CARTESIAN_POINT('',(-41.875,-26.81939203391));
#1003 = CARTESIAN_POINT('',(-35.5,-30.5));
#1004 = CARTESIAN_POINT('',(-41.875,-34.18060796608));
#1005 = CARTESIAN_POINT('',(-48.25,-37.86121593216));
#1006 = CARTESIAN_POINT('',(-48.25,-30.5));
#1007 = ( GEOMETRIC_REPRESENTATION_CONTEXT(2) 
PARAMETRIC_REPRESENTATION_CONTEXT() REPRESENTATION_CONTEXT('2D SPACE',''
  ) );
#1008 = PCURVE('',#357,#1009);
#1009 = DEFINITIONAL_REPRESENTATION('',(#1010),#1014);
#1010 = LINE('',#1011,#1012);
#1011 = CARTESIAN_POINT('',(0.,0.));
#1012 = VECTOR('',#1013,1.);
#1013 = DIRECTION('',(1.,0.));
#1014 = ( GEOMETRIC_REPRESENTATION_CONTEXT(2) 
PARAMETRIC_REPRESENTATION_CONTEXT() REPRESENTATION_CONTEXT('2D SPACE',''
  ) );
#1015 = ORIENTED_EDGE('',*,*,#1016,.T.);
#1016 = EDGE_CURVE('',#989,#954,#1017,.T.);
#1017 = SURFACE_CURVE('',#1018,(#1023,#1034),.PCURVE_S1.);
#1018 = CIRCLE('',#1019,4.25);
#1019 = AXIS2_PLACEMENT_3D('',#1020,#1021,#1022);
#1020 = CARTESIAN_POINT('',(-44.,-30.5,1.5));
#1021 = DIRECTION('',(0.,0.,-1.));
#1022 = DIRECTION('',(-1.,0.,0.));
#1023 = PCURVE('',#100,#1024);
#1024 = DEFINITIONAL_REPRESENTATION('',(#1025),#1033);
#1025 = ( BOUNDED_CURVE() B_SPLINE_CURVE(2,(#1026,#1027,#1028,#1029,
#1030,#1031,#1032),.UNSPECIFIED.,.T.,.F.) B_SPLINE_CURVE_WITH_KNOTS((1,2
    ,2,2,2,1),(-2.094395102393,0.,2.094395102393,4.188790204786,
6.28318530718,8.377580409573),.UNSPECIFIED.) CURVE() 
GEOMETRIC_REPRESENTATION_ITEM() RATIONAL_B_SPLINE_CURVE((1.,0.5,1.,0.5,
1.,0.5,1.)) REPRESENTATION_ITEM('') );
#1026 = CARTESIAN_POINT('',(-48.25,-30.5));
#1027 = CARTESIAN_POINT('',(-48.25,-23.13878406783));
#1028 = CARTESIAN_POINT('',(-41.875,-26.81939203391));
#1029 = CARTESIAN_POINT('',(-35.5,-30.5));
#1030 = CARTESIAN_POINT('',(-41.875,-34.18060796608));
#1031 = CARTESIAN_POINT('',(-48.25,-37.86121593216));
#1032 = CARTESIAN_POINT('',(-48.25,-30.5));
#1033 = ( GEOMETRIC_REPRESENTATION_CONTEXT(2) 
PARAMETRIC_REPRESENTATION_CONTEXT() REPRESENTATION_CONTEXT('2D SPACE',''
  ) );
#1034 = PCURVE('',#357,#1035);
#1035 = DEFINITIONAL_REPRESENTATION('',(#1036),#1040);
#1036 = LINE('',#1037,#1038);
#1037 = CARTESIAN_POINT('',(0.,0.));
#1038 = VECTOR('',#1039,1.);
#1039 = DIRECTION('',(1.,0.));
#1040 = ( GEOMETRIC_REPRESENTATION_CONTEXT(2) 
PARAMETRIC_REPRESENTATION_CONTEXT() REPRESENTATION_CONTEXT('2D SPACE',''
  ) );
#1041 = FACE_BOUND('',#1042,.T.);
#1042 = EDGE_LOOP('',(#1043,#1073,#1106));
#1043 = ORIENTED_EDGE('',*,*,#1044,.T.);
#1044 = EDGE_CURVE('',#1045,#1047,#1049,.T.);
#1045 = VERTEX_POINT('',#1046);
#1046 = CARTESIAN_POINT('',(39.75,-30.5,1.5));
#1047 = VERTEX_POINT('',#1048);
#1048 = CARTESIAN_POINT('',(48.242804553939,-30.74720339212,1.5));
#1049 = SURFACE_CURVE('',#1050,(#1055,#1066),.PCURVE_S1.);
#1050 = CIRCLE('',#1051,4.25);
#1051 = AXIS2_PLACEMENT_3D('',#1052,#1053,#1054);
#1052 = CARTESIAN_POINT('',(44.,-30.5,1.5));
#1053 = DIRECTION('',(0.,0.,-1.));
#1054 = DIRECTION('',(-1.,0.,0.));
#1055 = PCURVE('',#100,#1056);
#1056 = DEFINITIONAL_REPRESENTATION('',(#1057),#1065);
#1057 = ( BOUNDED_CURVE() B_SPLINE_CURVE(2,(#1058,#1059,#1060,#1061,
#1062,#1063,#1064),.UNSPECIFIED.,.T.,.F.) B_SPLINE_CURVE_WITH_KNOTS((1,2
    ,2,2,2,1),(-2.094395102393,0.,2.094395102393,4.188790204786,
6.28318530718,8.377580409573),.UNSPECIFIED.) CURVE() 
GEOMETRIC_REPRESENTATION_ITEM() RATIONAL_B_SPLINE_CURVE((1.,0.5,1.,0.5,
1.,0.5,1.)) REPRESENTATION_ITEM('') );
#1058 = CARTESIAN_POINT('',(39.75,-30.5));
#1059 = CARTESIAN_POINT('',(39.75,-23.13878406783));
#1060 = CARTESIAN_POINT('',(46.125,-26.81939203391));
#1061 = CARTESIAN_POINT('',(52.5,-30.5));
#1062 = CARTESIAN_POINT('',(46.125,-34.18060796608));
#1063 = CARTESIAN_POINT('',(39.75,-37.86121593216));
#1064 = CARTESIAN_POINT('',(39.75,-30.5));
#1065 = ( GEOMETRIC_REPRESENTATION_CONTEXT(2) 
PARAMETRIC_REPRESENTATION_CONTEXT() REPRESENTATION_CONTEXT('2D SPACE',''
  ) );
#1066 = PCURVE('',#392,#1067);
#1067 = DEFINITIONAL_REPRESENTATION('',(#1068),#1072);
#1068 = LINE('',#1069,#1070);
#1069 = CARTESIAN_POINT('',(0.,0.));
#1070 = VECTOR('',#1071,1.);
#1071 = DIRECTION('',(1.,0.));
#1072 = ( GEOMETRIC_REPRESENTATION_CONTEXT(2) 
PARAMETRIC_REPRESENTATION_CONTEXT() REPRESENTATION_CONTEXT('2D SPACE',''
  ) );
#1073 = ORIENTED_EDGE('',*,*,#1074,.T.);
#1074 = EDGE_CURVE('',#1047,#1075,#1077,.T.);
#1075 = VERTEX_POINT('',#1076);
#1076 = CARTESIAN_POINT('',(46.743445446061,-33.74592160787,1.5));
#1077 = SURFACE_CURVE('',#1078,(#1083,#1094),.PCURVE_S1.);
#1078 = CIRCLE('',#1079,2.7);
#1079 = AXIS2_PLACEMENT_3D('',#1080,#1081,#1082);
#1080 = CARTESIAN_POINT('',(45.6,-31.3,1.5));
#1081 = DIRECTION('',(0.,0.,-1.));
#1082 = DIRECTION('',(-1.,0.,0.));
#1083 = PCURVE('',#100,#1084);
#1084 = DEFINITIONAL_REPRESENTATION('',(#1085),#1093);
#1085 = ( BOUNDED_CURVE() B_SPLINE_CURVE(2,(#1086,#1087,#1088,#1089,
#1090,#1091,#1092),.UNSPECIFIED.,.T.,.F.) B_SPLINE_CURVE_WITH_KNOTS((1,2
    ,2,2,2,1),(-2.094395102393,0.,2.094395102393,4.188790204786,
6.28318530718,8.377580409573),.UNSPECIFIED.) CURVE() 
GEOMETRIC_REPRESENTATION_ITEM() RATIONAL_B_SPLINE_CURVE((1.,0.5,1.,0.5,
1.,0.5,1.)) REPRESENTATION_ITEM('') );
#1086 = CARTESIAN_POINT('',(42.9,-31.3));
#1087 = CARTESIAN_POINT('',(42.9,-26.62346281956));
#1088 = CARTESIAN_POINT('',(46.95,-28.96173140978));
#1089 = CARTESIAN_POINT('',(51.,-31.3));
#1090 = CARTESIAN_POINT('',(46.95,-33.63826859021));
#1091 = CARTESIAN_POINT('',(42.9,-35.97653718043));
#1092 = CARTESIAN_POINT('',(42.9,-31.3));
#1093 = ( GEOMETRIC_REPRESENTATION_CONTEXT(2) 
PARAMETRIC_REPRESENTATION_CONTEXT() REPRESENTATION_CONTEXT('2D SPACE',''
  ) );
#1094 = PCURVE('',#1095,#1100);
#1095 = CONICAL_SURFACE('',#1096,2.7,0.785398163397);
#1096 = AXIS2_PLACEMENT_3D('',#1097,#1098,#1099);
#1097 = CARTESIAN_POINT('',(45.6,-31.3,1.5));
#1098 = DIRECTION('',(0.,0.,1.));
#1099 = DIRECTION('',(-1.,0.,0.));
#1100 = DEFINITIONAL_REPRESENTATION('',(#1101),#1105);
#1101 = LINE('',#1102,#1103);
#1102 = CARTESIAN_POINT('',(-0.,-0.));
#1103 = VECTOR('',#1104,1.);
#1104 = DIRECTION('',(-1.,-0.));
#1105 = ( GEOMETRIC_REPRESENTATION_CONTEXT(2) 
PARAMETRIC_REPRESENTATION_CONTEXT() REPRESENTATION_CONTEXT('2D SPACE',''
  ) );
#1106 = ORIENTED_EDGE('',*,*,#1107,.T.);
#1107 = EDGE_CURVE('',#1075,#1045,#1108,.T.);
#1108 = SURFACE_CURVE('',#1109,(#1114,#1125),.PCURVE_S1.);
#1109 = CIRCLE('',#1110,4.25);
#1110 = AXIS2_PLACEMENT_3D('',#1111,#1112,#1113);
#1111 = CARTESIAN_POINT('',(44.,-30.5,1.5));
#1112 = DIRECTION('',(0.,0.,-1.));
#1113 = DIRECTION('',(-1.,0.,0.));
#1114 = PCURVE('',#100,#1115);
#1115 = DEFINITIONAL_REPRESENTATION('',(#1116),#1124);
#1116 = ( BOUNDED_CURVE() B_SPLINE_CURVE(2,(#1117,#1118,#1119,#1120,
#1121,#1122,#1123),.UNSPECIFIED.,.T.,.F.) B_SPLINE_CURVE_WITH_KNOTS((1,2
    ,2,2,2,1),(-2.094395102393,0.,2.094395102393,4.188790204786,
6.28318530718,8.377580409573),.UNSPECIFIED.) CURVE() 
GEOMETRIC_REPRESENTATION_ITEM() RATIONAL_B_SPLINE_CURVE((1.,0.5,1.,0.5,
1.,0.5,1.)) REPRESENTATION_ITEM('') );
#1117 = CARTESIAN_POINT('',(39.75,-30.5));
#1118 = CARTESIAN_POINT('',(39.75,-23.13878406783));
#1119 = CARTESIAN_POINT('',(46.125,-26.81939203391));
#1120 = CARTESIAN_POINT('',(52.5,-30.5));
#1121 = CARTESIAN_POINT('',(46.125,-34.18060796608));
#1122 = CARTESIAN_POINT('',(39.75,-37.86121593216));
#1123 = CARTESIAN_POINT('',(39.75,-30.5));
#1124 = ( GEOMETRIC_REPRESENTATION_CONTEXT(2) 
PARAMETRIC_REPRESENTATION_CONTEXT() REPRESENTATION_CONTEXT('2D SPACE',''
  ) );
#1125 = PCURVE('',#392,#1126);
#1126 = DEFINITIONAL_REPRESENTATION('',(#1127),#1131);
#1127 = LINE('',#1128,#1129);
#1128 = CARTESIAN_POINT('',(0.,0.));
#1129 = VECTOR('',#1130,1.);
#1130 = DIRECTION('',(1.,0.));
#1131 = ( GEOMETRIC_REPRESENTATION_CONTEXT(2) 
PARAMETRIC_REPRESENTATION_CONTEXT() REPRESENTATION_CONTEXT('2D SPACE',''
  ) );
#1132 = FACE_BOUND('',#1133,.T.);
#1133 = EDGE_LOOP('',(#1134));
#1134 = ORIENTED_EDGE('',*,*,#1135,.T.);
#1135 = EDGE_CURVE('',#1136,#1136,#1138,.T.);
#1136 = VERTEX_POINT('',#1137);
#1137 = CARTESIAN_POINT('',(-38.4,8.1,1.5));
#1138 = SURFACE_CURVE('',#1139,(#1144,#1155),.PCURVE_S1.);
#1139 = CIRCLE('',#1140,1.4);
#1140 = AXIS2_PLACEMENT_3D('',#1141,#1142,#1143);
#1141 = CARTESIAN_POINT('',(-37.,8.1,1.5));
#1142 = DIRECTION('',(0.,0.,-1.));
#1143 = DIRECTION('',(-1.,0.,0.));
#1144 = PCURVE('',#100,#1145);
#1145 = DEFINITIONAL_REPRESENTATION('',(#1146),#1154);
#1146 = ( BOUNDED_CURVE() B_SPLINE_CURVE(2,(#1147,#1148,#1149,#1150,
#1151,#1152,#1153),.UNSPECIFIED.,.T.,.F.) B_SPLINE_CURVE_WITH_KNOTS((1,2
    ,2,2,2,1),(-2.094395102393,0.,2.094395102393,4.188790204786,
6.28318530718,8.377580409573),.UNSPECIFIED.) CURVE() 
GEOMETRIC_REPRESENTATION_ITEM() RATIONAL_B_SPLINE_CURVE((1.,0.5,1.,0.5,
1.,0.5,1.)) REPRESENTATION_ITEM('') );
#1147 = CARTESIAN_POINT('',(-38.4,8.1));
#1148 = CARTESIAN_POINT('',(-38.4,10.524871130596));
#1149 = CARTESIAN_POINT('',(-36.3,9.312435565298));
#1150 = CARTESIAN_POINT('',(-34.2,8.1));
#1151 = CARTESIAN_POINT('',(-36.3,6.887564434702));
#1152 = CARTESIAN_POINT('',(-38.4,5.675128869404));
#1153 = CARTESIAN_POINT('',(-38.4,8.1));
#1154 = ( GEOMETRIC_REPRESENTATION_CONTEXT(2) 
PARAMETRIC_REPRESENTATION_CONTEXT() REPRESENTATION_CONTEXT('2D SPACE',''
  ) );
#1155 = PCURVE('',#427,#1156);
#1156 = DEFINITIONAL_REPRESENTATION('',(#1157),#1161);
#1157 = LINE('',#1158,#1159);
#1158 = CARTESIAN_POINT('',(0.,0.));
#1159 = VECTOR('',#1160,1.);
#1160 = DIRECTION('',(1.,0.));
#1161 = ( GEOMETRIC_REPRESENTATION_CONTEXT(2) 
PARAMETRIC_REPRESENTATION_CONTEXT() REPRESENTATION_CONTEXT('2D SPACE',''
  ) );
#1162 = FACE_BOUND('',#1163,.T.);
#1163 = EDGE_LOOP('',(#1164,#1190,#1211,#1235));
#1164 = ORIENTED_EDGE('',*,*,#1165,.F.);
#1165 = EDGE_CURVE('',#1166,#1168,#1170,.T.);
#1166 = VERTEX_POINT('',#1167);
#1167 = CARTESIAN_POINT('',(-28.4,10.7,1.5));
#1168 = VERTEX_POINT('',#1169);
#1169 = CARTESIAN_POINT('',(-26.6,10.7,1.5));
#1170 = SURFACE_CURVE('',#1171,(#1176,#1183),.PCURVE_S1.);
#1171 = CIRCLE('',#1172,0.9);
#1172 = AXIS2_PLACEMENT_3D('',#1173,#1174,#1175);
#1173 = CARTESIAN_POINT('',(-27.5,10.7,1.5));
#1174 = DIRECTION('',(0.,-0.,1.));
#1175 = DIRECTION('',(1.,-1.110223024625E-16,-0.));
#1176 = PCURVE('',#100,#1177);
#1177 = DEFINITIONAL_REPRESENTATION('',(#1178),#1182);
#1178 = CIRCLE('',#1179,0.9);
#1179 = AXIS2_PLACEMENT_2D('',#1180,#1181);
#1180 = CARTESIAN_POINT('',(-27.5,10.7));
#1181 = DIRECTION('',(1.,-1.110223024625E-16));
#1182 = ( GEOMETRIC_REPRESENTATION_CONTEXT(2) 
PARAMETRIC_REPRESENTATION_CONTEXT() REPRESENTATION_CONTEXT('2D SPACE',''
  ) );
#1183 = PCURVE('',#460,#1184);
#1184 = DEFINITIONAL_REPRESENTATION('',(#1185),#1189);
#1185 = LINE('',#1186,#1187);
#1186 = CARTESIAN_POINT('',(-6.28318530718,-104.0000002));
#1187 = VECTOR('',#1188,1.);
#1188 = DIRECTION('',(1.,-0.));
#1189 = ( GEOMETRIC_REPRESENTATION_CONTEXT(2) 
PARAMETRIC_REPRESENTATION_CONTEXT() REPRESENTATION_CONTEXT('2D SPACE',''
  ) );
#1190 = ORIENTED_EDGE('',*,*,#1191,.T.);
#1191 = EDGE_CURVE('',#1166,#1192,#1194,.T.);
#1192 = VERTEX_POINT('',#1193);
#1193 = CARTESIAN_POINT('',(-28.4,12.5,1.5));
#1194 = SURFACE_CURVE('',#1195,(#1199,#1205),.PCURVE_S1.);
#1195 = LINE('',#1196,#1197);
#1196 = CARTESIAN_POINT('',(-28.4,5.35,1.5));
#1197 = VECTOR('',#1198,1.);
#1198 = DIRECTION('',(1.110223024625E-16,1.,-0.));
#1199 = PCURVE('',#100,#1200);
#1200 = DEFINITIONAL_REPRESENTATION('',(#1201),#1204);
#1201 = B_SPLINE_CURVE_WITH_KNOTS('',1,(#1202,#1203),.UNSPECIFIED.,.F.,
  .F.,(2,2),(5.35,7.15),.PIECEWISE_BEZIER_KNOTS.);
#1202 = CARTESIAN_POINT('',(-28.4,10.7));
#1203 = CARTESIAN_POINT('',(-28.4,12.5));
#1204 = ( GEOMETRIC_REPRESENTATION_CONTEXT(2) 
PARAMETRIC_REPRESENTATION_CONTEXT() REPRESENTATION_CONTEXT('2D SPACE',''
  ) );
#1205 = PCURVE('',#487,#1206);
#1206 = DEFINITIONAL_REPRESENTATION('',(#1207),#1210);
#1207 = B_SPLINE_CURVE_WITH_KNOTS('',1,(#1208,#1209),.UNSPECIFIED.,.F.,
  .F.,(2,2),(5.35,7.15),.PIECEWISE_BEZIER_KNOTS.);
#1208 = CARTESIAN_POINT('',(0.,-104.0000002));
#1209 = CARTESIAN_POINT('',(1.8,-104.0000002));
#1210 = ( GEOMETRIC_REPRESENTATION_CONTEXT(2) 
PARAMETRIC_REPRESENTATION_CONTEXT() REPRESENTATION_CONTEXT('2D SPACE',''
  ) );
#1211 = ORIENTED_EDGE('',*,*,#1212,.F.);
#1212 = EDGE_CURVE('',#1213,#1192,#1215,.T.);
#1213 = VERTEX_POINT('',#1214);
#1214 = CARTESIAN_POINT('',(-26.6,12.5,1.5));
#1215 = SURFACE_CURVE('',#1216,(#1221,#1228),.PCURVE_S1.);
#1216 = CIRCLE('',#1217,0.9);
#1217 = AXIS2_PLACEMENT_3D('',#1218,#1219,#1220);
#1218 = CARTESIAN_POINT('',(-27.5,12.5,1.5));
#1219 = DIRECTION('',(0.,0.,1.));
#1220 = DIRECTION('',(-1.,1.110223024625E-16,0.));
#1221 = PCURVE('',#100,#1222);
#1222 = DEFINITIONAL_REPRESENTATION('',(#1223),#1227);
#1223 = CIRCLE('',#1224,0.9);
#1224 = AXIS2_PLACEMENT_2D('',#1225,#1226);
#1225 = CARTESIAN_POINT('',(-27.5,12.5));
#1226 = DIRECTION('',(-1.,1.110223024625E-16));
#1227 = ( GEOMETRIC_REPRESENTATION_CONTEXT(2) 
PARAMETRIC_REPRESENTATION_CONTEXT() REPRESENTATION_CONTEXT('2D SPACE',''
  ) );
#1228 = PCURVE('',#515,#1229);
#1229 = DEFINITIONAL_REPRESENTATION('',(#1230),#1234);
#1230 = LINE('',#1231,#1232);
#1231 = CARTESIAN_POINT('',(-6.28318530718,-104.0000002));
#1232 = VECTOR('',#1233,1.);
#1233 = DIRECTION('',(1.,-0.));
#1234 = ( GEOMETRIC_REPRESENTATION_CONTEXT(2) 
PARAMETRIC_REPRESENTATION_CONTEXT() REPRESENTATION_CONTEXT('2D SPACE',''
  ) );
#1235 = ORIENTED_EDGE('',*,*,#1236,.T.);
#1236 = EDGE_CURVE('',#1213,#1168,#1237,.T.);
#1237 = SURFACE_CURVE('',#1238,(#1242,#1248),.PCURVE_S1.);
#1238 = LINE('',#1239,#1240);
#1239 = CARTESIAN_POINT('',(-26.6,6.25,1.5));
#1240 = VECTOR('',#1241,1.);
#1241 = DIRECTION('',(-1.110223024625E-16,-1.,0.));
#1242 = PCURVE('',#100,#1243);
#1243 = DEFINITIONAL_REPRESENTATION('',(#1244),#1247);
#1244 = B_SPLINE_CURVE_WITH_KNOTS('',1,(#1245,#1246),.UNSPECIFIED.,.F.,
  .F.,(2,2),(-6.25,-4.45),.PIECEWISE_BEZIER_KNOTS.);
#1245 = CARTESIAN_POINT('',(-26.6,12.5));
#1246 = CARTESIAN_POINT('',(-26.6,10.7));
#1247 = ( GEOMETRIC_REPRESENTATION_CONTEXT(2) 
PARAMETRIC_REPRESENTATION_CONTEXT() REPRESENTATION_CONTEXT('2D SPACE',''
  ) );
#1248 = PCURVE('',#540,#1249);
#1249 = DEFINITIONAL_REPRESENTATION('',(#1250),#1253);
#1250 = B_SPLINE_CURVE_WITH_KNOTS('',1,(#1251,#1252),.UNSPECIFIED.,.F.,
  .F.,(2,2),(-6.25,-4.45),.PIECEWISE_BEZIER_KNOTS.);
#1251 = CARTESIAN_POINT('',(0.,-104.0000002));
#1252 = CARTESIAN_POINT('',(1.8,-104.0000002));
#1253 = ( GEOMETRIC_REPRESENTATION_CONTEXT(2) 
PARAMETRIC_REPRESENTATION_CONTEXT() REPRESENTATION_CONTEXT('2D SPACE',''
  ) );
#1254 = FACE_BOUND('',#1255,.T.);
#1255 = EDGE_LOOP('',(#1256,#1291,#1319));
#1256 = ORIENTED_EDGE('',*,*,#1257,.T.);
#1257 = EDGE_CURVE('',#1258,#1260,#1262,.T.);
#1258 = VERTEX_POINT('',#1259);
#1259 = CARTESIAN_POINT('',(-48.2244167672,30.965621065891,1.5));
#1260 = VERTEX_POINT('',#1261);
#1261 = CARTESIAN_POINT('',(-45.94746652192,34.277548695382,1.5));
#1262 = SURFACE_CURVE('',#1263,(#1268,#1279),.PCURVE_S1.);
#1263 = CIRCLE('',#1264,2.7);
#1264 = AXIS2_PLACEMENT_3D('',#1265,#1266,#1267);
#1265 = CARTESIAN_POINT('',(-45.6,31.6,1.5));
#1266 = DIRECTION('',(-0.,0.,-1.));
#1267 = DIRECTION('',(-0.972006210074,-0.234955160781,0.));
#1268 = PCURVE('',#100,#1269);
#1269 = DEFINITIONAL_REPRESENTATION('',(#1270),#1278);
#1270 = ( BOUNDED_CURVE() B_SPLINE_CURVE(2,(#1271,#1272,#1273,#1274,
#1275,#1276,#1277),.UNSPECIFIED.,.T.,.F.) B_SPLINE_CURVE_WITH_KNOTS((1,2
    ,2,2,2,1),(-2.094395102393,0.,2.094395102393,4.188790204786,
6.28318530718,8.377580409573),.UNSPECIFIED.) CURVE() 
GEOMETRIC_REPRESENTATION_ITEM() RATIONAL_B_SPLINE_CURVE((1.,0.5,1.,0.5,
1.,0.5,1.)) REPRESENTATION_ITEM('') );
#1271 = CARTESIAN_POINT('',(-48.2244167672,30.965621065891));
#1272 = CARTESIAN_POINT('',(-49.32319331232,35.511244246917));
#1273 = CARTESIAN_POINT('',(-44.83717988896,34.190001057567));
#1274 = CARTESIAN_POINT('',(-40.3511664656,32.868757868217));
#1275 = CARTESIAN_POINT('',(-43.73840334383,29.644377876541));
#1276 = CARTESIAN_POINT('',(-47.12564022207,26.419997884866));
#1277 = CARTESIAN_POINT('',(-48.2244167672,30.965621065891));
#1278 = ( GEOMETRIC_REPRESENTATION_CONTEXT(2) 
PARAMETRIC_REPRESENTATION_CONTEXT() REPRESENTATION_CONTEXT('2D SPACE',''
  ) );
#1279 = PCURVE('',#1280,#1285);
#1280 = CONICAL_SURFACE('',#1281,2.7,0.785398163397);
#1281 = AXIS2_PLACEMENT_3D('',#1282,#1283,#1284);
#1282 = CARTESIAN_POINT('',(-45.6,31.6,1.5));
#1283 = DIRECTION('',(-0.,-0.,1.));
#1284 = DIRECTION('',(-1.,0.,0.));
#1285 = DEFINITIONAL_REPRESENTATION('',(#1286),#1290);
#1286 = LINE('',#1287,#1288);
#1287 = CARTESIAN_POINT('',(-6.046012869931,-0.));
#1288 = VECTOR('',#1289,1.);
#1289 = DIRECTION('',(-1.,-0.));
#1290 = ( GEOMETRIC_REPRESENTATION_CONTEXT(2) 
PARAMETRIC_REPRESENTATION_CONTEXT() REPRESENTATION_CONTEXT('2D SPACE',''
  ) );
#1291 = ORIENTED_EDGE('',*,*,#1292,.T.);
#1292 = EDGE_CURVE('',#1260,#1293,#1295,.T.);
#1293 = VERTEX_POINT('',#1294);
#1294 = CARTESIAN_POINT('',(-48.25,30.5,1.5));
#1295 = SURFACE_CURVE('',#1296,(#1301,#1312),.PCURVE_S1.);
#1296 = CIRCLE('',#1297,4.25);
#1297 = AXIS2_PLACEMENT_3D('',#1298,#1299,#1300);
#1298 = CARTESIAN_POINT('',(-44.,30.5,1.5));
#1299 = DIRECTION('',(0.,0.,-1.));
#1300 = DIRECTION('',(-1.,0.,0.));
#1301 = PCURVE('',#100,#1302);
#1302 = DEFINITIONAL_REPRESENTATION('',(#1303),#1311);
#1303 = ( BOUNDED_CURVE() B_SPLINE_CURVE(2,(#1304,#1305,#1306,#1307,
#1308,#1309,#1310),.UNSPECIFIED.,.T.,.F.) B_SPLINE_CURVE_WITH_KNOTS((1,2
    ,2,2,2,1),(-2.094395102393,0.,2.094395102393,4.188790204786,
6.28318530718,8.377580409573),.UNSPECIFIED.) CURVE() 
GEOMETRIC_REPRESENTATION_ITEM() RATIONAL_B_SPLINE_CURVE((1.,0.5,1.,0.5,
1.,0.5,1.)) REPRESENTATION_ITEM('') );
#1304 = CARTESIAN_POINT('',(-48.25,30.5));
#1305 = CARTESIAN_POINT('',(-48.25,37.861215932168));
#1306 = CARTESIAN_POINT('',(-41.875,34.180607966084));
#1307 = CARTESIAN_POINT('',(-35.5,30.5));
#1308 = CARTESIAN_POINT('',(-41.875,26.819392033916));
#1309 = CARTESIAN_POINT('',(-48.25,23.138784067832));
#1310 = CARTESIAN_POINT('',(-48.25,30.5));
#1311 = ( GEOMETRIC_REPRESENTATION_CONTEXT(2) 
PARAMETRIC_REPRESENTATION_CONTEXT() REPRESENTATION_CONTEXT('2D SPACE',''
  ) );
#1312 = PCURVE('',#574,#1313);
#1313 = DEFINITIONAL_REPRESENTATION('',(#1314),#1318);
#1314 = LINE('',#1315,#1316);
#1315 = CARTESIAN_POINT('',(0.,0.));
#1316 = VECTOR('',#1317,1.);
#1317 = DIRECTION('',(1.,0.));
#1318 = ( GEOMETRIC_REPRESENTATION_CONTEXT(2) 
PARAMETRIC_REPRESENTATION_CONTEXT() REPRESENTATION_CONTEXT('2D SPACE',''
  ) );
#1319 = ORIENTED_EDGE('',*,*,#1320,.T.);
#1320 = EDGE_CURVE('',#1293,#1258,#1321,.T.);
#1321 = SURFACE_CURVE('',#1322,(#1327,#1338),.PCURVE_S1.);
#1322 = CIRCLE('',#1323,4.25);
#1323 = AXIS2_PLACEMENT_3D('',#1324,#1325,#1326);
#1324 = CARTESIAN_POINT('',(-44.,30.5,1.5));
#1325 = DIRECTION('',(0.,0.,-1.));
#1326 = DIRECTION('',(-1.,0.,0.));
#1327 = PCURVE('',#100,#1328);
#1328 = DEFINITIONAL_REPRESENTATION('',(#1329),#1337);
#1329 = ( BOUNDED_CURVE() B_SPLINE_CURVE(2,(#1330,#1331,#1332,#1333,
#1334,#1335,#1336),.UNSPECIFIED.,.T.,.F.) B_SPLINE_CURVE_WITH_KNOTS((1,2
    ,2,2,2,1),(-2.094395102393,0.,2.094395102393,4.188790204786,
6.28318530718,8.377580409573),.UNSPECIFIED.) CURVE() 
GEOMETRIC_REPRESENTATION_ITEM() RATIONAL_B_SPLINE_CURVE((1.,0.5,1.,0.5,
1.,0.5,1.)) REPRESENTATION_ITEM('') );
#1330 = CARTESIAN_POINT('',(-48.25,30.5));
#1331 = CARTESIAN_POINT('',(-48.25,37.861215932168));
#1332 = CARTESIAN_POINT('',(-41.875,34.180607966084));
#1333 = CARTESIAN_POINT('',(-35.5,30.5));
#1334 = CARTESIAN_POINT('',(-41.875,26.819392033916));
#1335 = CARTESIAN_POINT('',(-48.25,23.138784067832));
#1336 = CARTESIAN_POINT('',(-48.25,30.5));
#1337 = ( GEOMETRIC_REPRESENTATION_CONTEXT(2) 
PARAMETRIC_REPRESENTATION_CONTEXT() REPRESENTATION_CONTEXT('2D SPACE',''
  ) );
#1338 = PCURVE('',#574,#1339);
#1339 = DEFINITIONAL_REPRESENTATION('',(#1340),#1344);
#1340 = LINE('',#1341,#1342);
#1341 = CARTESIAN_POINT('',(0.,0.));
#1342 = VECTOR('',#1343,1.);
#1343 = DIRECTION('',(1.,0.));
#1344 = ( GEOMETRIC_REPRESENTATION_CONTEXT(2) 
PARAMETRIC_REPRESENTATION_CONTEXT() REPRESENTATION_CONTEXT('2D SPACE',''
  ) );
#1345 = FACE_BOUND('',#1346,.T.);
#1346 = EDGE_LOOP('',(#1347));
#1347 = ORIENTED_EDGE('',*,*,#1348,.T.);
#1348 = EDGE_CURVE('',#1349,#1349,#1351,.T.);
#1349 = VERTEX_POINT('',#1350);
#1350 = CARTESIAN_POINT('',(-38.4,31.1,1.5));
#1351 = SURFACE_CURVE('',#1352,(#1357,#1368),.PCURVE_S1.);
#1352 = CIRCLE('',#1353,1.4);
#1353 = AXIS2_PLACEMENT_3D('',#1354,#1355,#1356);
#1354 = CARTESIAN_POINT('',(-37.,31.1,1.5));
#1355 = DIRECTION('',(0.,0.,-1.));
#1356 = DIRECTION('',(-1.,0.,0.));
#1357 = PCURVE('',#100,#1358);
#1358 = DEFINITIONAL_REPRESENTATION('',(#1359),#1367);
#1359 = ( BOUNDED_CURVE() B_SPLINE_CURVE(2,(#1360,#1361,#1362,#1363,
#1364,#1365,#1366),.UNSPECIFIED.,.T.,.F.) B_SPLINE_CURVE_WITH_KNOTS((1,2
    ,2,2,2,1),(-2.094395102393,0.,2.094395102393,4.188790204786,
6.28318530718,8.377580409573),.UNSPECIFIED.) CURVE() 
GEOMETRIC_REPRESENTATION_ITEM() RATIONAL_B_SPLINE_CURVE((1.,0.5,1.,0.5,
1.,0.5,1.)) REPRESENTATION_ITEM('') );
#1360 = CARTESIAN_POINT('',(-38.4,31.1));
#1361 = CARTESIAN_POINT('',(-38.4,33.524871130596));
#1362 = CARTESIAN_POINT('',(-36.3,32.312435565298));
#1363 = CARTESIAN_POINT('',(-34.2,31.1));
#1364 = CARTESIAN_POINT('',(-36.3,29.887564434702));
#1365 = CARTESIAN_POINT('',(-38.4,28.675128869404));
#1366 = CARTESIAN_POINT('',(-38.4,31.1));
#1367 = ( GEOMETRIC_REPRESENTATION_CONTEXT(2) 
PARAMETRIC_REPRESENTATION_CONTEXT() REPRESENTATION_CONTEXT('2D SPACE',''
  ) );
#1368 = PCURVE('',#609,#1369);
#1369 = DEFINITIONAL_REPRESENTATION('',(#1370),#1374);
#1370 = LINE('',#1371,#1372);
#1371 = CARTESIAN_POINT('',(0.,0.));
#1372 = VECTOR('',#1373,1.);
#1373 = DIRECTION('',(1.,0.));
#1374 = ( GEOMETRIC_REPRESENTATION_CONTEXT(2) 
PARAMETRIC_REPRESENTATION_CONTEXT() REPRESENTATION_CONTEXT('2D SPACE',''
  ) );
#1375 = FACE_BOUND('',#1376,.T.);
#1376 = EDGE_LOOP('',(#1377));
#1377 = ORIENTED_EDGE('',*,*,#1378,.T.);
#1378 = EDGE_CURVE('',#1379,#1379,#1381,.T.);
#1379 = VERTEX_POINT('',#1380);
#1380 = CARTESIAN_POINT('',(19.6,8.1,1.5));
#1381 = SURFACE_CURVE('',#1382,(#1387,#1398),.PCURVE_S1.);
#1382 = CIRCLE('',#1383,1.4);
#1383 = AXIS2_PLACEMENT_3D('',#1384,#1385,#1386);
#1384 = CARTESIAN_POINT('',(21.,8.1,1.5));
#1385 = DIRECTION('',(0.,0.,-1.));
#1386 = DIRECTION('',(-1.,0.,0.));
#1387 = PCURVE('',#100,#1388);
#1388 = DEFINITIONAL_REPRESENTATION('',(#1389),#1397);
#1389 = ( BOUNDED_CURVE() B_SPLINE_CURVE(2,(#1390,#1391,#1392,#1393,
#1394,#1395,#1396),.UNSPECIFIED.,.T.,.F.) B_SPLINE_CURVE_WITH_KNOTS((1,2
    ,2,2,2,1),(-2.094395102393,0.,2.094395102393,4.188790204786,
6.28318530718,8.377580409573),.UNSPECIFIED.) CURVE() 
GEOMETRIC_REPRESENTATION_ITEM() RATIONAL_B_SPLINE_CURVE((1.,0.5,1.,0.5,
1.,0.5,1.)) REPRESENTATION_ITEM('') );
#1390 = CARTESIAN_POINT('',(19.6,8.1));
#1391 = CARTESIAN_POINT('',(19.6,10.524871130596));
#1392 = CARTESIAN_POINT('',(21.7,9.312435565298));
#1393 = CARTESIAN_POINT('',(23.8,8.1));
#1394 = CARTESIAN_POINT('',(21.7,6.887564434702));
#1395 = CARTESIAN_POINT('',(19.6,5.675128869404));
#1396 = CARTESIAN_POINT('',(19.6,8.1));
#1397 = ( GEOMETRIC_REPRESENTATION_CONTEXT(2) 
PARAMETRIC_REPRESENTATION_CONTEXT() REPRESENTATION_CONTEXT('2D SPACE',''
  ) );
#1398 = PCURVE('',#644,#1399);
#1399 = DEFINITIONAL_REPRESENTATION('',(#1400),#1404);
#1400 = LINE('',#1401,#1402);
#1401 = CARTESIAN_POINT('',(0.,0.));
#1402 = VECTOR('',#1403,1.);
#1403 = DIRECTION('',(1.,0.));
#1404 = ( GEOMETRIC_REPRESENTATION_CONTEXT(2) 
PARAMETRIC_REPRESENTATION_CONTEXT() REPRESENTATION_CONTEXT('2D SPACE',''
  ) );
#1405 = FACE_BOUND('',#1406,.T.);
#1406 = EDGE_LOOP('',(#1407));
#1407 = ORIENTED_EDGE('',*,*,#1408,.T.);
#1408 = EDGE_CURVE('',#1409,#1409,#1411,.T.);
#1409 = VERTEX_POINT('',#1410);
#1410 = CARTESIAN_POINT('',(19.6,31.1,1.5));
#1411 = SURFACE_CURVE('',#1412,(#1417,#1428),.PCURVE_S1.);
#1412 = CIRCLE('',#1413,1.4);
#1413 = AXIS2_PLACEMENT_3D('',#1414,#1415,#1416);
#1414 = CARTESIAN_POINT('',(21.,31.1,1.5));
#1415 = DIRECTION('',(0.,0.,-1.));
#1416 = DIRECTION('',(-1.,0.,0.));
#1417 = PCURVE('',#100,#1418);
#1418 = DEFINITIONAL_REPRESENTATION('',(#1419),#1427);
#1419 = ( BOUNDED_CURVE() B_SPLINE_CURVE(2,(#1420,#1421,#1422,#1423,
#1424,#1425,#1426),.UNSPECIFIED.,.T.,.F.) B_SPLINE_CURVE_WITH_KNOTS((1,2
    ,2,2,2,1),(-2.094395102393,0.,2.094395102393,4.188790204786,
6.28318530718,8.377580409573),.UNSPECIFIED.) CURVE() 
GEOMETRIC_REPRESENTATION_ITEM() RATIONAL_B_SPLINE_CURVE((1.,0.5,1.,0.5,
1.,0.5,1.)) REPRESENTATION_ITEM('') );
#1420 = CARTESIAN_POINT('',(19.6,31.1));
#1421 = CARTESIAN_POINT('',(19.6,33.524871130596));
#1422 = CARTESIAN_POINT('',(21.7,32.312435565298));
#1423 = CARTESIAN_POINT('',(23.8,31.1));
#1424 = CARTESIAN_POINT('',(21.7,29.887564434702));
#1425 = CARTESIAN_POINT('',(19.6,28.675128869404));
#1426 = CARTESIAN_POINT('',(19.6,31.1));
#1427 = ( GEOMETRIC_REPRESENTATION_CONTEXT(2) 
PARAMETRIC_REPRESENTATION_CONTEXT() REPRESENTATION_CONTEXT('2D SPACE',''
  ) );
#1428 = PCURVE('',#679,#1429);
#1429 = DEFINITIONAL_REPRESENTATION('',(#1430),#1434);
#1430 = LINE('',#1431,#1432);
#1431 = CARTESIAN_POINT('',(0.,0.));
#1432 = VECTOR('',#1433,1.);
#1433 = DIRECTION('',(1.,0.));
#1434 = ( GEOMETRIC_REPRESENTATION_CONTEXT(2) 
PARAMETRIC_REPRESENTATION_CONTEXT() REPRESENTATION_CONTEXT('2D SPACE',''
  ) );
#1435 = FACE_BOUND('',#1436,.T.);
#1436 = EDGE_LOOP('',(#1437,#1467,#1500));
#1437 = ORIENTED_EDGE('',*,*,#1438,.T.);
#1438 = EDGE_CURVE('',#1439,#1441,#1443,.T.);
#1439 = VERTEX_POINT('',#1440);
#1440 = CARTESIAN_POINT('',(39.75,30.5,1.5));
#1441 = VERTEX_POINT('',#1442);
#1442 = CARTESIAN_POINT('',(45.947466521925,34.277548695382,1.5));
#1443 = SURFACE_CURVE('',#1444,(#1449,#1460),.PCURVE_S1.);
#1444 = CIRCLE('',#1445,4.25);
#1445 = AXIS2_PLACEMENT_3D('',#1446,#1447,#1448);
#1446 = CARTESIAN_POINT('',(44.,30.5,1.5));
#1447 = DIRECTION('',(0.,0.,-1.));
#1448 = DIRECTION('',(-1.,0.,0.));
#1449 = PCURVE('',#100,#1450);
#1450 = DEFINITIONAL_REPRESENTATION('',(#1451),#1459);
#1451 = ( BOUNDED_CURVE() B_SPLINE_CURVE(2,(#1452,#1453,#1454,#1455,
#1456,#1457,#1458),.UNSPECIFIED.,.T.,.F.) B_SPLINE_CURVE_WITH_KNOTS((1,2
    ,2,2,2,1),(-2.094395102393,0.,2.094395102393,4.188790204786,
6.28318530718,8.377580409573),.UNSPECIFIED.) CURVE() 
GEOMETRIC_REPRESENTATION_ITEM() RATIONAL_B_SPLINE_CURVE((1.,0.5,1.,0.5,
1.,0.5,1.)) REPRESENTATION_ITEM('') );
#1452 = CARTESIAN_POINT('',(39.75,30.5));
#1453 = CARTESIAN_POINT('',(39.75,37.861215932168));
#1454 = CARTESIAN_POINT('',(46.125,34.180607966084));
#1455 = CARTESIAN_POINT('',(52.5,30.5));
#1456 = CARTESIAN_POINT('',(46.125,26.819392033916));
#1457 = CARTESIAN_POINT('',(39.75,23.138784067832));
#1458 = CARTESIAN_POINT('',(39.75,30.5));
#1459 = ( GEOMETRIC_REPRESENTATION_CONTEXT(2) 
PARAMETRIC_REPRESENTATION_CONTEXT() REPRESENTATION_CONTEXT('2D SPACE',''
  ) );
#1460 = PCURVE('',#714,#1461);
#1461 = DEFINITIONAL_REPRESENTATION('',(#1462),#1466);
#1462 = LINE('',#1463,#1464);
#1463 = CARTESIAN_POINT('',(0.,0.));
#1464 = VECTOR('',#1465,1.);
#1465 = DIRECTION('',(1.,0.));
#1466 = ( GEOMETRIC_REPRESENTATION_CONTEXT(2) 
PARAMETRIC_REPRESENTATION_CONTEXT() REPRESENTATION_CONTEXT('2D SPACE',''
  ) );
#1467 = ORIENTED_EDGE('',*,*,#1468,.T.);
#1468 = EDGE_CURVE('',#1441,#1469,#1471,.T.);
#1469 = VERTEX_POINT('',#1470);
#1470 = CARTESIAN_POINT('',(48.2244167672,30.965621065891,1.5));
#1471 = SURFACE_CURVE('',#1472,(#1477,#1488),.PCURVE_S1.);
#1472 = CIRCLE('',#1473,2.7);
#1473 = AXIS2_PLACEMENT_3D('',#1474,#1475,#1476);
#1474 = CARTESIAN_POINT('',(45.6,31.6,1.5));
#1475 = DIRECTION('',(0.,0.,-1.));
#1476 = DIRECTION('',(-1.,0.,0.));
#1477 = PCURVE('',#100,#1478);
#1478 = DEFINITIONAL_REPRESENTATION('',(#1479),#1487);
#1479 = ( BOUNDED_CURVE() B_SPLINE_CURVE(2,(#1480,#1481,#1482,#1483,
#1484,#1485,#1486),.UNSPECIFIED.,.T.,.F.) B_SPLINE_CURVE_WITH_KNOTS((1,2
    ,2,2,2,1),(-2.094395102393,0.,2.094395102393,4.188790204786,
6.28318530718,8.377580409573),.UNSPECIFIED.) CURVE() 
GEOMETRIC_REPRESENTATION_ITEM() RATIONAL_B_SPLINE_CURVE((1.,0.5,1.,0.5,
1.,0.5,1.)) REPRESENTATION_ITEM('') );
#1480 = CARTESIAN_POINT('',(42.9,31.6));
#1481 = CARTESIAN_POINT('',(42.9,36.276537180436));
#1482 = CARTESIAN_POINT('',(46.95,33.938268590218));
#1483 = CARTESIAN_POINT('',(51.,31.6));
#1484 = CARTESIAN_POINT('',(46.95,29.261731409782));
#1485 = CARTESIAN_POINT('',(42.9,26.923462819564));
#1486 = CARTESIAN_POINT('',(42.9,31.6));
#1487 = ( GEOMETRIC_REPRESENTATION_CONTEXT(2) 
PARAMETRIC_REPRESENTATION_CONTEXT() REPRESENTATION_CONTEXT('2D SPACE',''
  ) );
#1488 = PCURVE('',#1489,#1494);
#1489 = CONICAL_SURFACE('',#1490,2.7,0.785398163397);
#1490 = AXIS2_PLACEMENT_3D('',#1491,#1492,#1493);
#1491 = CARTESIAN_POINT('',(45.6,31.6,1.5));
#1492 = DIRECTION('',(0.,0.,1.));
#1493 = DIRECTION('',(-1.,0.,0.));
#1494 = DEFINITIONAL_REPRESENTATION('',(#1495),#1499);
#1495 = LINE('',#1496,#1497);
#1496 = CARTESIAN_POINT('',(-0.,-0.));
#1497 = VECTOR('',#1498,1.);
#1498 = DIRECTION('',(-1.,-0.));
#1499 = ( GEOMETRIC_REPRESENTATION_CONTEXT(2) 
PARAMETRIC_REPRESENTATION_CONTEXT() REPRESENTATION_CONTEXT('2D SPACE',''
  ) );
#1500 = ORIENTED_EDGE('',*,*,#1501,.T.);
#1501 = EDGE_CURVE('',#1469,#1439,#1502,.T.);
#1502 = SURFACE_CURVE('',#1503,(#1508,#1519),.PCURVE_S1.);
#1503 = CIRCLE('',#1504,4.25);
#1504 = AXIS2_PLACEMENT_3D('',#1505,#1506,#1507);
#1505 = CARTESIAN_POINT('',(44.,30.5,1.5));
#1506 = DIRECTION('',(0.,0.,-1.));
#1507 = DIRECTION('',(-1.,0.,0.));
#1508 = PCURVE('',#100,#1509);
#1509 = DEFINITIONAL_REPRESENTATION('',(#1510),#1518);
#1510 = ( BOUNDED_CURVE() B_SPLINE_CURVE(2,(#1511,#1512,#1513,#1514,
#1515,#1516,#1517),.UNSPECIFIED.,.T.,.F.) B_SPLINE_CURVE_WITH_KNOTS((1,2
    ,2,2,2,1),(-2.094395102393,0.,2.094395102393,4.188790204786,
6.28318530718,8.377580409573),.UNSPECIFIED.) CURVE() 
GEOMETRIC_REPRESENTATION_ITEM() RATIONAL_B_SPLINE_CURVE((1.,0.5,1.,0.5,
1.,0.5,1.)) REPRESENTATION_ITEM('') );
#1511 = CARTESIAN_POINT('',(39.75,30.5));
#1512 = CARTESIAN_POINT('',(39.75,37.861215932168));
#1513 = CARTESIAN_POINT('',(46.125,34.180607966084));
#1514 = CARTESIAN_POINT('',(52.5,30.5));
#1515 = CARTESIAN_POINT('',(46.125,26.819392033916));
#1516 = CARTESIAN_POINT('',(39.75,23.138784067832));
#1517 = CARTESIAN_POINT('',(39.75,30.5));
#1518 = ( GEOMETRIC_REPRESENTATION_CONTEXT(2) 
PARAMETRIC_REPRESENTATION_CONTEXT() REPRESENTATION_CONTEXT('2D SPACE',''
  ) );
#1519 = PCURVE('',#714,#1520);
#1520 = DEFINITIONAL_REPRESENTATION('',(#1521),#1525);
#1521 = LINE('',#1522,#1523);
#1522 = CARTESIAN_POINT('',(0.,0.));
#1523 = VECTOR('',#1524,1.);
#1524 = DIRECTION('',(1.,0.));
#1525 = ( GEOMETRIC_REPRESENTATION_CONTEXT(2) 
PARAMETRIC_REPRESENTATION_CONTEXT() REPRESENTATION_CONTEXT('2D SPACE',''
  ) );
#1526 = ADVANCED_FACE('',(#1527),#296,.F.);
#1527 = FACE_BOUND('',#1528,.F.);
#1528 = EDGE_LOOP('',(#1529,#1530,#1551,#1552));
#1529 = ORIENTED_EDGE('',*,*,#280,.F.);
#1530 = ORIENTED_EDGE('',*,*,#1531,.T.);
#1531 = EDGE_CURVE('',#252,#906,#1532,.T.);
#1532 = SURFACE_CURVE('',#1533,(#1537,#1544),.PCURVE_S1.);
#1533 = LINE('',#1534,#1535);
#1534 = CARTESIAN_POINT('',(-52.,35.,0.));
#1535 = VECTOR('',#1536,1.);
#1536 = DIRECTION('',(0.,0.,1.));
#1537 = PCURVE('',#296,#1538);
#1538 = DEFINITIONAL_REPRESENTATION('',(#1539),#1543);
#1539 = LINE('',#1540,#1541);
#1540 = CARTESIAN_POINT('',(3.5,0.));
#1541 = VECTOR('',#1542,1.);
#1542 = DIRECTION('',(0.,-1.));
#1543 = ( GEOMETRIC_REPRESENTATION_CONTEXT(2) 
PARAMETRIC_REPRESENTATION_CONTEXT() REPRESENTATION_CONTEXT('2D SPACE',''
  ) );
#1544 = PCURVE('',#268,#1545);
#1545 = DEFINITIONAL_REPRESENTATION('',(#1546),#1550);
#1546 = LINE('',#1547,#1548);
#1547 = CARTESIAN_POINT('',(1.570796326795,0.));
#1548 = VECTOR('',#1549,1.);
#1549 = DIRECTION('',(0.,1.));
#1550 = ( GEOMETRIC_REPRESENTATION_CONTEXT(2) 
PARAMETRIC_REPRESENTATION_CONTEXT() REPRESENTATION_CONTEXT('2D SPACE',''
  ) );
#1551 = ORIENTED_EDGE('',*,*,#929,.T.);
#1552 = ORIENTED_EDGE('',*,*,#730,.F.);
#1553 = ADVANCED_FACE('',(#1554),#182,.F.);
#1554 = FACE_BOUND('',#1555,.F.);
#1555 = EDGE_LOOP('',(#1556,#1557,#1558,#1559));
#1556 = ORIENTED_EDGE('',*,*,#166,.F.);
#1557 = ORIENTED_EDGE('',*,*,#784,.T.);
#1558 = ORIENTED_EDGE('',*,*,#835,.T.);
#1559 = ORIENTED_EDGE('',*,*,#1560,.F.);
#1560 = EDGE_CURVE('',#167,#836,#1561,.T.);
#1561 = SURFACE_CURVE('',#1562,(#1566,#1573),.PCURVE_S1.);
#1562 = LINE('',#1563,#1564);
#1563 = CARTESIAN_POINT('',(52.,35.,0.));
#1564 = VECTOR('',#1565,1.);
#1565 = DIRECTION('',(0.,0.,1.));
#1566 = PCURVE('',#182,#1567);
#1567 = DEFINITIONAL_REPRESENTATION('',(#1568),#1572);
#1568 = LINE('',#1569,#1570);
#1569 = CARTESIAN_POINT('',(73.5,0.));
#1570 = VECTOR('',#1571,1.);
#1571 = DIRECTION('',(0.,-1.));
#1572 = ( GEOMETRIC_REPRESENTATION_CONTEXT(2) 
PARAMETRIC_REPRESENTATION_CONTEXT() REPRESENTATION_CONTEXT('2D SPACE',''
  ) );
#1573 = PCURVE('',#211,#1574);
#1574 = DEFINITIONAL_REPRESENTATION('',(#1575),#1579);
#1575 = LINE('',#1576,#1577);
#1576 = CARTESIAN_POINT('',(0.,0.));
#1577 = VECTOR('',#1578,1.);
#1578 = DIRECTION('',(0.,1.));
#1579 = ( GEOMETRIC_REPRESENTATION_CONTEXT(2) 
PARAMETRIC_REPRESENTATION_CONTEXT() REPRESENTATION_CONTEXT('2D SPACE',''
  ) );
#1580 = ADVANCED_FACE('',(#1581),#268,.T.);
#1581 = FACE_BOUND('',#1582,.T.);
#1582 = EDGE_LOOP('',(#1583,#1584,#1585,#1586));
#1583 = ORIENTED_EDGE('',*,*,#251,.T.);
#1584 = ORIENTED_EDGE('',*,*,#1531,.T.);
#1585 = ORIENTED_EDGE('',*,*,#905,.F.);
#1586 = ORIENTED_EDGE('',*,*,#1587,.F.);
#1587 = EDGE_CURVE('',#224,#883,#1588,.T.);
#1588 = SURFACE_CURVE('',#1589,(#1593,#1600),.PCURVE_S1.);
#1589 = LINE('',#1590,#1591);
#1590 = CARTESIAN_POINT('',(-48.5,38.5,0.));
#1591 = VECTOR('',#1592,1.);
#1592 = DIRECTION('',(0.,0.,1.));
#1593 = PCURVE('',#268,#1594);
#1594 = DEFINITIONAL_REPRESENTATION('',(#1595),#1599);
#1595 = LINE('',#1596,#1597);
#1596 = CARTESIAN_POINT('',(0.,0.));
#1597 = VECTOR('',#1598,1.);
#1598 = DIRECTION('',(0.,1.));
#1599 = ( GEOMETRIC_REPRESENTATION_CONTEXT(2) 
PARAMETRIC_REPRESENTATION_CONTEXT() REPRESENTATION_CONTEXT('2D SPACE',''
  ) );
#1600 = PCURVE('',#239,#1601);
#1601 = DEFINITIONAL_REPRESENTATION('',(#1602),#1606);
#1602 = LINE('',#1603,#1604);
#1603 = CARTESIAN_POINT('',(100.5,0.));
#1604 = VECTOR('',#1605,1.);
#1605 = DIRECTION('',(0.,-1.));
#1606 = ( GEOMETRIC_REPRESENTATION_CONTEXT(2) 
PARAMETRIC_REPRESENTATION_CONTEXT() REPRESENTATION_CONTEXT('2D SPACE',''
  ) );
#1607 = ADVANCED_FACE('',(#1608),#211,.T.);
#1608 = FACE_BOUND('',#1609,.T.);
#1609 = EDGE_LOOP('',(#1610,#1611,#1632,#1633));
#1610 = ORIENTED_EDGE('',*,*,#194,.T.);
#1611 = ORIENTED_EDGE('',*,*,#1612,.T.);
#1612 = EDGE_CURVE('',#195,#859,#1613,.T.);
#1613 = SURFACE_CURVE('',#1614,(#1618,#1625),.PCURVE_S1.);
#1614 = LINE('',#1615,#1616);
#1615 = CARTESIAN_POINT('',(48.5,38.5,0.));
#1616 = VECTOR('',#1617,1.);
#1617 = DIRECTION('',(0.,0.,1.));
#1618 = PCURVE('',#211,#1619);
#1619 = DEFINITIONAL_REPRESENTATION('',(#1620),#1624);
#1620 = LINE('',#1621,#1622);
#1621 = CARTESIAN_POINT('',(1.570796326795,0.));
#1622 = VECTOR('',#1623,1.);
#1623 = DIRECTION('',(0.,1.));
#1624 = ( GEOMETRIC_REPRESENTATION_CONTEXT(2) 
PARAMETRIC_REPRESENTATION_CONTEXT() REPRESENTATION_CONTEXT('2D SPACE',''
  ) );
#1625 = PCURVE('',#239,#1626);
#1626 = DEFINITIONAL_REPRESENTATION('',(#1627),#1631);
#1627 = LINE('',#1628,#1629);
#1628 = CARTESIAN_POINT('',(3.5,0.));
#1629 = VECTOR('',#1630,1.);
#1630 = DIRECTION('',(0.,-1.));
#1631 = ( GEOMETRIC_REPRESENTATION_CONTEXT(2) 
PARAMETRIC_REPRESENTATION_CONTEXT() REPRESENTATION_CONTEXT('2D SPACE',''
  ) );
#1632 = ORIENTED_EDGE('',*,*,#858,.F.);
#1633 = ORIENTED_EDGE('',*,*,#1560,.F.);
#1634 = ADVANCED_FACE('',(#1635),#239,.F.);
#1635 = FACE_BOUND('',#1636,.F.);
#1636 = EDGE_LOOP('',(#1637,#1638,#1639,#1640));
#1637 = ORIENTED_EDGE('',*,*,#223,.F.);
#1638 = ORIENTED_EDGE('',*,*,#1612,.T.);
#1639 = ORIENTED_EDGE('',*,*,#882,.T.);
#1640 = ORIENTED_EDGE('',*,*,#1587,.F.);
#1641 = ADVANCED_FACE('',(#1642),#357,.F.);
#1642 = FACE_BOUND('',#1643,.F.);
#1643 = EDGE_LOOP('',(#1644,#1645,#1666,#1667,#1799,#1800));
#1644 = ORIENTED_EDGE('',*,*,#336,.F.);
#1645 = ORIENTED_EDGE('',*,*,#1646,.F.);
#1646 = EDGE_CURVE('',#989,#337,#1647,.T.);
#1647 = SEAM_CURVE('',#1648,(#1652,#1659),.PCURVE_S1.);
#1648 = LINE('',#1649,#1650);
#1649 = CARTESIAN_POINT('',(-48.25,-30.5,1.5));
#1650 = VECTOR('',#1651,1.);
#1651 = DIRECTION('',(0.,0.,-1.));
#1652 = PCURVE('',#357,#1653);
#1653 = DEFINITIONAL_REPRESENTATION('',(#1654),#1658);
#1654 = LINE('',#1655,#1656);
#1655 = CARTESIAN_POINT('',(0.,-0.));
#1656 = VECTOR('',#1657,1.);
#1657 = DIRECTION('',(0.,1.));
#1658 = ( GEOMETRIC_REPRESENTATION_CONTEXT(2) 
PARAMETRIC_REPRESENTATION_CONTEXT() REPRESENTATION_CONTEXT('2D SPACE',''
  ) );
#1659 = PCURVE('',#357,#1660);
#1660 = DEFINITIONAL_REPRESENTATION('',(#1661),#1665);
#1661 = LINE('',#1662,#1663);
#1662 = CARTESIAN_POINT('',(6.28318530718,-0.));
#1663 = VECTOR('',#1664,1.);
#1664 = DIRECTION('',(0.,1.));
#1665 = ( GEOMETRIC_REPRESENTATION_CONTEXT(2) 
PARAMETRIC_REPRESENTATION_CONTEXT() REPRESENTATION_CONTEXT('2D SPACE',''
  ) );
#1666 = ORIENTED_EDGE('',*,*,#1016,.T.);
#1667 = ORIENTED_EDGE('',*,*,#1668,.F.);
#1668 = EDGE_CURVE('',#956,#954,#1669,.T.);
#1669 = SURFACE_CURVE('',#1670,(#1697,#1748),.PCURVE_S1.);
#1670 = B_SPLINE_CURVE_WITH_KNOTS('',5,(#1671,#1672,#1673,#1674,#1675,
    #1676,#1677,#1678,#1679,#1680,#1681,#1682,#1683,#1684,#1685,#1686,
    #1687,#1688,#1689,#1690,#1691,#1692,#1693,#1694,#1695,#1696),
  .UNSPECIFIED.,.F.,.F.,(6,4,4,4,4,4,6),(0.,0.999995796442,
    1.687348223349,2.988402262247,4.17515674481,4.777333716708,
    5.974503080241),.UNSPECIFIED.);
#1671 = CARTESIAN_POINT('',(-48.24280455393,-30.74720339212,1.5));
#1672 = CARTESIAN_POINT('',(-48.23645059191,-30.85625779773,
    1.471452894351));
#1673 = CARTESIAN_POINT('',(-48.22652925582,-30.96619767557,
    1.444380205481));
#1674 = CARTESIAN_POINT('',(-48.21290637446,-31.07692014192,
    1.418969453007));
#1675 = CARTESIAN_POINT('',(-48.19544227922,-31.18826418941,
    1.395442279222));
#1676 = CARTESIAN_POINT('',(-48.15930681166,-31.37680220341,
    1.359306811664));
#1677 = CARTESIAN_POINT('',(-48.14272016101,-31.45378845342,
    1.345584658136));
#1678 = CARTESIAN_POINT('',(-48.12423190266,-31.5308815936,
    1.332934584964));
#1679 = CARTESIAN_POINT('',(-48.10381473243,-31.60798626001,
    1.321432262393));
#1680 = CARTESIAN_POINT('',(-48.03914232,-31.83073788007,1.291674755062)
  );
#1681 = CARTESIAN_POINT('',(-47.98986940327,-31.97614954887,
    1.276555172549));
#1682 = CARTESIAN_POINT('',(-47.93359324581,-32.12036002711,
    1.266262242524));
#1683 = CARTESIAN_POINT('',(-47.87046492647,-32.26241512531,
    1.261127391079));
#1684 = CARTESIAN_POINT('',(-47.73765267132,-32.52793217593,
    1.261162321047));
#1685 = CARTESIAN_POINT('',(-47.66901408323,-32.65196705277,
    1.265466465314));
#1686 = CARTESIAN_POINT('',(-47.59548298858,-32.77259388967,
    1.274060525176));
#1687 = CARTESIAN_POINT('',(-47.51756031512,-32.88926102298,
    1.286716200423));
#1688 = CARTESIAN_POINT('',(-47.39430057045,-33.05855281358,
    1.311398555031));
#1689 = CARTESIAN_POINT('',(-47.35181601067,-33.11442018302,
    1.32066524657));
#1690 = CARTESIAN_POINT('',(-47.30840504086,-33.16912328282,
    1.33084553777));
#1691 = CARTESIAN_POINT('',(-47.26413133854,-33.2226297663,
    1.341891572894));
#1692 = CARTESIAN_POINT('',(-47.12943982837,-33.37887904111,
    1.377332361351));
#1693 = CARTESIAN_POINT('',(-47.03665510509,-33.47802803012,
    1.404132863455));
#1694 = CARTESIAN_POINT('',(-46.94115642617,-33.57223010266,
    1.433761545952));
#1695 = CARTESIAN_POINT('',(-46.84332747454,-33.66150154809,
    1.465824000833));
#1696 = CARTESIAN_POINT('',(-46.74344544606,-33.74592160787,1.5));
#1697 = PCURVE('',#357,#1698);
#1698 = DEFINITIONAL_REPRESENTATION('',(#1699),#1747);
#1699 = B_SPLINE_CURVE_WITH_KNOTS('',3,(#1700,#1701,#1702,#1703,#1704,
    #1705,#1706,#1707,#1708,#1709,#1710,#1711,#1712,#1713,#1714,#1715,
    #1716,#1717,#1718,#1719,#1720,#1721,#1722,#1723,#1724,#1725,#1726,
    #1727,#1728,#1729,#1730,#1731,#1732,#1733,#1734,#1735,#1736,#1737,
    #1738,#1739,#1740,#1741,#1742,#1743,#1744,#1745,#1746),
  .UNSPECIFIED.,.F.,.F.,(4,1,1,1,1,1,1,1,1,1,1,1,1,1,1,1,1,1,1,1,1,1,1,1
    ,1,1,1,1,1,1,1,1,1,1,1,1,1,1,1,1,1,1,1,1,4),(0.,0.135784160915,
    0.271568321829,0.407352482744,0.543136643658,0.678920804573,
    0.814704965487,0.950489126402,1.086273287317,1.222057448231,
    1.357841609146,1.49362577006,1.629409930975,1.76519409189,
    1.900978252804,2.036762413719,2.172546574633,2.308330735548,
    2.444114896462,2.579899057377,2.715683218292,2.851467379206,
    2.987251540121,3.123035701035,3.25881986195,3.394604022864,
    3.530388183779,3.666172344694,3.801956505608,3.937740666523,
    4.073524827437,4.209308988352,4.345093149266,4.480877310181,
    4.616661471096,4.75244563201,4.888229792925,5.024013953839,
    5.159798114754,5.295582275669,5.431366436583,5.567150597498,
    5.702934758412,5.838718919327,5.974503080241),
  .QUASI_UNIFORM_KNOTS.);
#1700 = CARTESIAN_POINT('',(6.224986955277,-1.012523398458E-13));
#1701 = CARTESIAN_POINT('',(6.219170111172,6.460334435165E-03));
#1702 = CARTESIAN_POINT('',(6.207504731485,1.920015949475E-02));
#1703 = CARTESIAN_POINT('',(6.189910252006,3.773719157418E-02));
#1704 = CARTESIAN_POINT('',(6.172217869679,5.567178279367E-02));
#1705 = CARTESIAN_POINT('',(6.154426642414,7.297266225823E-02));
#1706 = CARTESIAN_POINT('',(6.136536008014,8.960774636626E-02));
#1707 = CARTESIAN_POINT('',(6.118545847536,0.105544139542));
#1708 = CARTESIAN_POINT('',(6.100456504075,0.12074832628));
#1709 = CARTESIAN_POINT('',(6.082268758196,0.135186320047));
#1710 = CARTESIAN_POINT('',(6.063984349189,0.148823622417));
#1711 = CARTESIAN_POINT('',(6.045605534531,0.161625821903));
#1712 = CARTESIAN_POINT('',(6.027135288886,0.173558757962));
#1713 = CARTESIAN_POINT('',(6.00857733911,0.184588865403));
#1714 = CARTESIAN_POINT('',(5.989936152883,0.194683561713));
#1715 = CARTESIAN_POINT('',(5.971215725877,0.203812137336));
#1716 = CARTESIAN_POINT('',(5.952423433825,0.211944270847));
#1717 = CARTESIAN_POINT('',(5.93356649619,0.219052462243));
#1718 = CARTESIAN_POINT('',(5.914652689916,0.225111909251));
#1719 = CARTESIAN_POINT('',(5.8956902206,0.230100903105));
#1720 = CARTESIAN_POINT('',(5.87668781026,0.234001085239));
#1721 = CARTESIAN_POINT('',(5.857654783709,0.236797740878));
#1722 = CARTESIAN_POINT('',(5.838600964775,0.238480084116));
#1723 = CARTESIAN_POINT('',(5.819537353618,0.239041540124));
#1724 = CARTESIAN_POINT('',(5.800473887015,0.238480047392));
#1725 = CARTESIAN_POINT('',(5.78142026272,0.236797694514));
#1726 = CARTESIAN_POINT('',(5.762387408655,0.234001049713));
#1727 = CARTESIAN_POINT('',(5.743385094531,0.230100882563));
#1728 = CARTESIAN_POINT('',(5.72442265089,0.225111895034));
#1729 = CARTESIAN_POINT('',(5.705508838563,0.21905244206));
#1730 = CARTESIAN_POINT('',(5.686651992528,0.211944284683));
#1731 = CARTESIAN_POINT('',(5.66785989892,0.203812223391));
#1732 = CARTESIAN_POINT('',(5.649140444507,0.194684178084));
#1733 = CARTESIAN_POINT('',(5.630499144499,0.184589414628));
#1734 = CARTESIAN_POINT('',(5.611940955901,0.17355929425));
#1735 = CARTESIAN_POINT('',(5.593470490829,0.161626319089));
#1736 = CARTESIAN_POINT('',(5.575091442803,0.148823901943));
#1737 = CARTESIAN_POINT('',(5.55680694893,0.13518654811));
#1738 = CARTESIAN_POINT('',(5.538619363749,0.120748678286));
#1739 = CARTESIAN_POINT('',(5.520529994794,0.105544531114));
#1740 = CARTESIAN_POINT('',(5.502539751452,8.960809900051E-02));
#1741 = CARTESIAN_POINT('',(5.48464901251,7.297292351669E-02));
#1742 = CARTESIAN_POINT('',(5.466857694258,5.567194301101E-02));
#1743 = CARTESIAN_POINT('',(5.449165245563,3.773727574888E-02));
#1744 = CARTESIAN_POINT('',(5.431570720797,1.920020874781E-02));
#1745 = CARTESIAN_POINT('',(5.419905306792,6.460355116292E-03));
#1746 = CARTESIAN_POINT('',(5.41408844108,-5.329070518201E-14));
#1747 = ( GEOMETRIC_REPRESENTATION_CONTEXT(2) 
PARAMETRIC_REPRESENTATION_CONTEXT() REPRESENTATION_CONTEXT('2D SPACE',''
  ) );
#1748 = PCURVE('',#976,#1749);
#1749 = DEFINITIONAL_REPRESENTATION('',(#1750),#1798);
#1750 = B_SPLINE_CURVE_WITH_KNOTS('',3,(#1751,#1752,#1753,#1754,#1755,
    #1756,#1757,#1758,#1759,#1760,#1761,#1762,#1763,#1764,#1765,#1766,
    #1767,#1768,#1769,#1770,#1771,#1772,#1773,#1774,#1775,#1776,#1777,
    #1778,#1779,#1780,#1781,#1782,#1783,#1784,#1785,#1786,#1787,#1788,
    #1789,#1790,#1791,#1792,#1793,#1794,#1795,#1796,#1797),
  .UNSPECIFIED.,.F.,.F.,(4,1,1,1,1,1,1,1,1,1,1,1,1,1,1,1,1,1,1,1,1,1,1,1
    ,1,1,1,1,1,1,1,1,1,1,1,1,1,1,1,1,1,1,1,1,4),(0.,0.135784160915,
    0.271568321829,0.407352482744,0.543136643658,0.678920804573,
    0.814704965487,0.950489126402,1.086273287317,1.222057448231,
    1.357841609146,1.49362577006,1.629409930975,1.76519409189,
    1.900978252804,2.036762413719,2.172546574633,2.308330735548,
    2.444114896462,2.579899057377,2.715683218292,2.851467379206,
    2.987251540121,3.123035701035,3.25881986195,3.394604022864,
    3.530388183779,3.666172344694,3.801956505608,3.937740666523,
    4.073524827437,4.209308988352,4.345093149266,4.480877310181,
    4.616661471096,4.75244563201,4.888229792925,5.024013953839,
    5.159798114754,5.295582275669,5.431366436583,5.567150597498,
    5.702934758412,5.838718919327,5.974503080241),
  .QUASI_UNIFORM_KNOTS.);
#1751 = CARTESIAN_POINT('',(-6.489382853362,2.553512956638E-14));
#1752 = CARTESIAN_POINT('',(-6.480544942256,-6.460337248763E-03));
#1753 = CARTESIAN_POINT('',(-6.462735610624,-1.920016553445E-02));
#1754 = CARTESIAN_POINT('',(-6.435619073867,-3.773719719395E-02));
#1755 = CARTESIAN_POINT('',(-6.408097436518,-5.567177889318E-02));
#1756 = CARTESIAN_POINT('',(-6.38017006309,-7.297265614337E-02));
#1757 = CARTESIAN_POINT('',(-6.351837732761,-8.960774772068E-02));
#1758 = CARTESIAN_POINT('',(-6.323102927337,-0.105544148248));
#1759 = CARTESIAN_POINT('',(-6.293969933587,-0.120748325893));
#1760 = CARTESIAN_POINT('',(-6.264444900842,-0.135186321284));
#1761 = CARTESIAN_POINT('',(-6.234536773192,-0.148823622926));
#1762 = CARTESIAN_POINT('',(-6.204256667124,-0.161625820183));
#1763 = CARTESIAN_POINT('',(-6.173618260354,-0.173558759336));
#1764 = CARTESIAN_POINT('',(-6.142637902714,-0.184588865202));
#1765 = CARTESIAN_POINT('',(-6.111334640405,-0.194683564349));
#1766 = CARTESIAN_POINT('',(-6.079728159559,-0.203812156377));
#1767 = CARTESIAN_POINT('',(-6.047845276595,-0.211944282692));
#1768 = CARTESIAN_POINT('',(-6.015713975858,-0.219052457918));
#1769 = CARTESIAN_POINT('',(-5.983364501467,-0.225111894856));
#1770 = CARTESIAN_POINT('',(-5.950829026129,-0.230100893488));
#1771 = CARTESIAN_POINT('',(-5.918141656183,-0.234001090625));
#1772 = CARTESIAN_POINT('',(-5.885338414751,-0.236797757638));
#1773 = CARTESIAN_POINT('',(-5.852456872058,-0.238480095218));
#1774 = CARTESIAN_POINT('',(-5.819537103103,-0.239041535689));
#1775 = CARTESIAN_POINT('',(-5.786617584219,-0.238480054039));
#1776 = CARTESIAN_POINT('',(-5.753736378415,-0.236797702327));
#1777 = CARTESIAN_POINT('',(-5.720933434987,-0.23400105025));
#1778 = CARTESIAN_POINT('',(-5.688246230672,-0.23010087597));
#1779 = CARTESIAN_POINT('',(-5.655710799163,-0.225111889239));
#1780 = CARTESIAN_POINT('',(-5.623361314919,-0.219052444589));
#1781 = CARTESIAN_POINT('',(-5.591230170849,-0.211944293639));
#1782 = CARTESIAN_POINT('',(-5.559347626852,-0.203812229627));
#1783 = CARTESIAN_POINT('',(-5.527742780997,-0.194684168358));
#1784 = CARTESIAN_POINT('',(-5.496439309409,-0.184589486313));
#1785 = CARTESIAN_POINT('',(-5.465458547465,-0.173559289129));
#1786 = CARTESIAN_POINT('',(-5.434819772328,-0.161626250077));
#1787 = CARTESIAN_POINT('',(-5.404539271336,-0.148823911709));
#1788 = CARTESIAN_POINT('',(-5.374631001979,-0.135186556416));
#1789 = CARTESIAN_POINT('',(-5.345106224188,-0.120748702915));
#1790 = CARTESIAN_POINT('',(-5.315973184206,-0.105544535589));
#1791 = CARTESIAN_POINT('',(-5.287238241731,-8.960808342619E-02));
#1792 = CARTESIAN_POINT('',(-5.258905741181,-7.297290656783E-02));
#1793 = CARTESIAN_POINT('',(-5.230978220961,-5.567194493934E-02));
#1794 = CARTESIAN_POINT('',(-5.203456477808,-3.773729809051E-02));
#1795 = CARTESIAN_POINT('',(-5.176339870604,-1.920022385234E-02));
#1796 = CARTESIAN_POINT('',(-5.158530486851,-6.460360330513E-03));
#1797 = CARTESIAN_POINT('',(-5.149692542996,6.772360450213E-14));
#1798 = ( GEOMETRIC_REPRESENTATION_CONTEXT(2) 
PARAMETRIC_REPRESENTATION_CONTEXT() REPRESENTATION_CONTEXT('2D SPACE',''
  ) );
#1799 = ORIENTED_EDGE('',*,*,#988,.T.);
#1800 = ORIENTED_EDGE('',*,*,#1646,.T.);
#1801 = ADVANCED_FACE('',(#1802),#392,.F.);
#1802 = FACE_BOUND('',#1803,.F.);
#1803 = EDGE_LOOP('',(#1804,#1805,#1826,#1827,#1917,#1918));
#1804 = ORIENTED_EDGE('',*,*,#371,.F.);
#1805 = ORIENTED_EDGE('',*,*,#1806,.F.);
#1806 = EDGE_CURVE('',#1045,#372,#1807,.T.);
#1807 = SEAM_CURVE('',#1808,(#1812,#1819),.PCURVE_S1.);
#1808 = LINE('',#1809,#1810);
#1809 = CARTESIAN_POINT('',(39.75,-30.5,1.5));
#1810 = VECTOR('',#1811,1.);
#1811 = DIRECTION('',(0.,0.,-1.));
#1812 = PCURVE('',#392,#1813);
#1813 = DEFINITIONAL_REPRESENTATION('',(#1814),#1818);
#1814 = LINE('',#1815,#1816);
#1815 = CARTESIAN_POINT('',(6.28318530718,-0.));
#1816 = VECTOR('',#1817,1.);
#1817 = DIRECTION('',(0.,1.));
#1818 = ( GEOMETRIC_REPRESENTATION_CONTEXT(2) 
PARAMETRIC_REPRESENTATION_CONTEXT() REPRESENTATION_CONTEXT('2D SPACE',''
  ) );
#1819 = PCURVE('',#392,#1820);
#1820 = DEFINITIONAL_REPRESENTATION('',(#1821),#1825);
#1821 = LINE('',#1822,#1823);
#1822 = CARTESIAN_POINT('',(0.,-0.));
#1823 = VECTOR('',#1824,1.);
#1824 = DIRECTION('',(0.,1.));
#1825 = ( GEOMETRIC_REPRESENTATION_CONTEXT(2) 
PARAMETRIC_REPRESENTATION_CONTEXT() REPRESENTATION_CONTEXT('2D SPACE',''
  ) );
#1826 = ORIENTED_EDGE('',*,*,#1044,.T.);
#1827 = ORIENTED_EDGE('',*,*,#1828,.T.);
#1828 = EDGE_CURVE('',#1047,#1075,#1829,.T.);
#1829 = SURFACE_CURVE('',#1830,(#1857,#1887),.PCURVE_S1.);
#1830 = B_SPLINE_CURVE_WITH_KNOTS('',5,(#1831,#1832,#1833,#1834,#1835,
    #1836,#1837,#1838,#1839,#1840,#1841,#1842,#1843,#1844,#1845,#1846,
    #1847,#1848,#1849,#1850,#1851,#1852,#1853,#1854,#1855,#1856),
  .UNSPECIFIED.,.F.,.F.,(6,4,4,4,4,4,6),(0.,0.200854807682,
    0.301654149601,0.500601919862,0.699573162257,0.80039836358,1.),
  .UNSPECIFIED.);
#1831 = CARTESIAN_POINT('',(48.242804553939,-30.74720339212,1.5));
#1832 = CARTESIAN_POINT('',(48.235179679557,-30.87807073771,
    1.465742934272));
#1833 = CARTESIAN_POINT('',(48.222417564001,-31.01021247109,
    1.433609456365));
#1834 = CARTESIAN_POINT('',(48.204286866812,-31.14345316835,
    1.40392205482));
#1835 = CARTESIAN_POINT('',(48.180542552825,-31.27749322675,
    1.377078166989));
#1836 = CARTESIAN_POINT('',(48.136204974309,-31.47932449739,
    1.341626491595));
#1837 = CARTESIAN_POINT('',(48.119934825707,-31.5468537434,
    1.330595697291));
#1838 = CARTESIAN_POINT('',(48.102189274225,-31.6144098293,
    1.320431496271));
#1839 = CARTESIAN_POINT('',(48.082956070453,-31.68192227955,
    1.311181726342));
#1840 = CARTESIAN_POINT('',(48.021327714117,-31.8823118917,
    1.286527708828));
#1841 = CARTESIAN_POINT('',(47.97460876854,-32.01484800384,
    1.273896764661));
#1842 = CARTESIAN_POINT('',(47.922069600281,-32.14623652568,
    1.265342774635));
#1843 = CARTESIAN_POINT('',(47.863853001542,-32.27574191298,
    1.261093930959));
#1844 = CARTESIAN_POINT('',(47.736849355297,-32.52942873798,1.2611980995
    ));
#1845 = CARTESIAN_POINT('',(47.668044784427,-32.65364205589,
    1.265552143761));
#1846 = CARTESIAN_POINT('',(47.594334851384,-32.77443031811,
    1.274209689702));
#1847 = CARTESIAN_POINT('',(47.516223557899,-32.89124040155,
    1.286940051281));
#1848 = CARTESIAN_POINT('',(47.392724606258,-33.06064262419,
    1.31173697043));
#1849 = CARTESIAN_POINT('',(47.350197439042,-33.1164944745,
    1.321034456954));
#1850 = CARTESIAN_POINT('',(47.306744706789,-33.17118044347,
    1.331245093018));
#1851 = CARTESIAN_POINT('',(47.262430093095,-33.2246683594,
    1.342320927465));
#1852 = CARTESIAN_POINT('',(47.127997281808,-33.38041986053,
    1.377749206921));
#1853 = CARTESIAN_POINT('',(47.035541230602,-33.47912649519,
    1.404478518143));
#1854 = CARTESIAN_POINT('',(46.940395222152,-33.5729246983,
    1.434011022591));
#1855 = CARTESIAN_POINT('',(46.842938033376,-33.66183079501,
    1.465957233708));
#1856 = CARTESIAN_POINT('',(46.743443692515,-33.74592308997,1.5000006));
#1857 = PCURVE('',#392,#1858);
#1858 = DEFINITIONAL_REPRESENTATION('',(#1859),#1886);
#1859 = B_SPLINE_CURVE_WITH_KNOTS('',5,(#1860,#1861,#1862,#1863,#1864,
    #1865,#1866,#1867,#1868,#1869,#1870,#1871,#1872,#1873,#1874,#1875,
    #1876,#1877,#1878,#1879,#1880,#1881,#1882,#1883,#1884,#1885),
  .UNSPECIFIED.,.F.,.F.,(6,4,4,4,4,4,6),(0.,0.200854807682,
    0.301654149601,0.500601919862,0.699573162257,0.80039836358,1.),
  .UNSPECIFIED.);
#1860 = CARTESIAN_POINT('',(3.199791005492,-5.417888360171E-14));
#1861 = CARTESIAN_POINT('',(3.230635543328,3.425706572777E-02));
#1862 = CARTESIAN_POINT('',(3.261849775047,6.639054363517E-02));
#1863 = CARTESIAN_POINT('',(3.293456562548,9.607794518026E-02));
#1864 = CARTESIAN_POINT('',(3.325459576399,0.122921833011));
#1865 = CARTESIAN_POINT('',(3.374081659852,0.158373508405));
#1866 = CARTESIAN_POINT('',(3.390422229018,0.169404302709));
#1867 = CARTESIAN_POINT('',(3.406852419133,0.179568503729));
#1868 = CARTESIAN_POINT('',(3.423366150431,0.188818273658));
#1869 = CARTESIAN_POINT('',(3.472696083207,0.213472291172));
#1870 = CARTESIAN_POINT('',(3.505734681829,0.226103235339));
#1871 = CARTESIAN_POINT('',(3.538990615173,0.234657225365));
#1872 = CARTESIAN_POINT('',(3.57237067197,0.238906069041));
#1873 = CARTESIAN_POINT('',(3.639124127913,0.2388019005));
#1874 = CARTESIAN_POINT('',(3.672505994603,0.234447856239));
#1875 = CARTESIAN_POINT('',(3.705761640633,0.225790310298));
#1876 = CARTESIAN_POINT('',(3.738798146844,0.213059948719));
#1877 = CARTESIAN_POINT('',(3.788125303591,0.18826302957));
#1878 = CARTESIAN_POINT('',(3.804639272629,0.178965543046));
#1879 = CARTESIAN_POINT('',(3.821069405086,0.168754906982));
#1880 = CARTESIAN_POINT('',(3.837409678856,0.157679072535));
#1881 = CARTESIAN_POINT('',(3.885820098882,0.122250793079));
#1882 = CARTESIAN_POINT('',(3.917616056163,9.552148185723E-02));
#1883 = CARTESIAN_POINT('',(3.949020772125,6.598897740869E-02));
#1884 = CARTESIAN_POINT('',(3.980037965553,3.404276629219E-02));
#1885 = CARTESIAN_POINT('',(4.01069005992,-6.E-07));
#1886 = ( GEOMETRIC_REPRESENTATION_CONTEXT(2) 
PARAMETRIC_REPRESENTATION_CONTEXT() REPRESENTATION_CONTEXT('2D SPACE',''
  ) );
#1887 = PCURVE('',#1095,#1888);
#1888 = DEFINITIONAL_REPRESENTATION('',(#1889),#1916);
#1889 = B_SPLINE_CURVE_WITH_KNOTS('',5,(#1890,#1891,#1892,#1893,#1894,
    #1895,#1896,#1897,#1898,#1899,#1900,#1901,#1902,#1903,#1904,#1905,
    #1906,#1907,#1908,#1909,#1910,#1911,#1912,#1913,#1914,#1915),
  .UNSPECIFIED.,.F.,.F.,(6,4,4,4,4,4,6),(0.,0.200854807682,
    0.301654149601,0.500601919862,0.699573162257,0.80039836358,1.),
  .UNSPECIFIED.);
#1890 = CARTESIAN_POINT('',(-2.935395107408,6.794564910467E-14));
#1891 = CARTESIAN_POINT('',(-2.982259553526,-3.425706572776E-02));
#1892 = CARTESIAN_POINT('',(-3.03068300195,-6.639054363516E-02));
#1893 = CARTESIAN_POINT('',(-3.080713080261,-9.607794518025E-02));
#1894 = CARTESIAN_POINT('',(-3.132336475397,-0.122921833011));
#1895 = CARTESIAN_POINT('',(-3.212063232571,-0.158373508405));
#1896 = CARTESIAN_POINT('',(-3.239071992197,-0.169404302709));
#1897 = CARTESIAN_POINT('',(-3.266431099977,-0.179568503729));
#1898 = CARTESIAN_POINT('',(-3.294114489841,-0.188818273658));
#1899 = CARTESIAN_POINT('',(-3.377297325957,-0.213472291172));
#1900 = CARTESIAN_POINT('',(-3.433643304966,-0.226103235339));
#1901 = CARTESIAN_POINT('',(-3.490835399744,-0.234657225365));
#1902 = CARTESIAN_POINT('',(-3.548479814528,-0.238906069041));
#1903 = CARTESIAN_POINT('',(-3.663752198709,-0.2388019005));
#1904 = CARTESIAN_POINT('',(-3.721395409054,-0.234447856239));
#1905 = CARTESIAN_POINT('',(-3.778578241441,-0.225790310298));
#1906 = CARTESIAN_POINT('',(-3.834908032463,-0.213059948719));
#1907 = CARTESIAN_POINT('',(-3.918062515589,-0.18826302957));
#1908 = CARTESIAN_POINT('',(-3.94573751439,-0.178965543046));
#1909 = CARTESIAN_POINT('',(-3.97308700289,-0.168754906982));
#1910 = CARTESIAN_POINT('',(-4.000085113713,-0.157679072535));
#1911 = CARTESIAN_POINT('',(-4.079432921107,-0.122250793079));
#1912 = CARTESIAN_POINT('',(-4.130704557397,-9.552148185735E-02));
#1913 = CARTESIAN_POINT('',(-4.180402545119,-6.598897740844E-02));
#1914 = CARTESIAN_POINT('',(-4.228514200316,-3.404276629226E-02));
#1915 = CARTESIAN_POINT('',(-4.275086238586,5.999999219686E-07));
#1916 = ( GEOMETRIC_REPRESENTATION_CONTEXT(2) 
PARAMETRIC_REPRESENTATION_CONTEXT() REPRESENTATION_CONTEXT('2D SPACE',''
  ) );
#1917 = ORIENTED_EDGE('',*,*,#1107,.T.);
#1918 = ORIENTED_EDGE('',*,*,#1806,.T.);
#1919 = ADVANCED_FACE('',(#1920),#427,.F.);
#1920 = FACE_BOUND('',#1921,.F.);
#1921 = EDGE_LOOP('',(#1922,#1923,#1944,#1945));
#1922 = ORIENTED_EDGE('',*,*,#406,.F.);
#1923 = ORIENTED_EDGE('',*,*,#1924,.F.);
#1924 = EDGE_CURVE('',#1136,#407,#1925,.T.);
#1925 = SEAM_CURVE('',#1926,(#1930,#1937),.PCURVE_S1.);
#1926 = LINE('',#1927,#1928);
#1927 = CARTESIAN_POINT('',(-38.4,8.1,1.5));
#1928 = VECTOR('',#1929,1.);
#1929 = DIRECTION('',(0.,0.,-1.));
#1930 = PCURVE('',#427,#1931);
#1931 = DEFINITIONAL_REPRESENTATION('',(#1932),#1936);
#1932 = LINE('',#1933,#1934);
#1933 = CARTESIAN_POINT('',(6.28318530718,-0.));
#1934 = VECTOR('',#1935,1.);
#1935 = DIRECTION('',(0.,1.));
#1936 = ( GEOMETRIC_REPRESENTATION_CONTEXT(2) 
PARAMETRIC_REPRESENTATION_CONTEXT() REPRESENTATION_CONTEXT('2D SPACE',''
  ) );
#1937 = PCURVE('',#427,#1938);
#1938 = DEFINITIONAL_REPRESENTATION('',(#1939),#1943);
#1939 = LINE('',#1940,#1941);
#1940 = CARTESIAN_POINT('',(0.,-0.));
#1941 = VECTOR('',#1942,1.);
#1942 = DIRECTION('',(0.,1.));
#1943 = ( GEOMETRIC_REPRESENTATION_CONTEXT(2) 
PARAMETRIC_REPRESENTATION_CONTEXT() REPRESENTATION_CONTEXT('2D SPACE',''
  ) );
#1944 = ORIENTED_EDGE('',*,*,#1135,.T.);
#1945 = ORIENTED_EDGE('',*,*,#1924,.T.);
#1946 = ADVANCED_FACE('',(#1947),#460,.F.);
#1947 = FACE_BOUND('',#1948,.T.);
#1948 = EDGE_LOOP('',(#1949,#1950,#1971,#1972));
#1949 = ORIENTED_EDGE('',*,*,#1165,.T.);
#1950 = ORIENTED_EDGE('',*,*,#1951,.T.);
#1951 = EDGE_CURVE('',#1168,#444,#1952,.T.);
#1952 = SURFACE_CURVE('',#1953,(#1957,#1964),.PCURVE_S1.);
#1953 = LINE('',#1954,#1955);
#1954 = CARTESIAN_POINT('',(-26.6,10.7,105.5000002));
#1955 = VECTOR('',#1956,1.);
#1956 = DIRECTION('',(0.,0.,-1.));
#1957 = PCURVE('',#460,#1958);
#1958 = DEFINITIONAL_REPRESENTATION('',(#1959),#1963);
#1959 = LINE('',#1960,#1961);
#1960 = CARTESIAN_POINT('',(-0.,0.));
#1961 = VECTOR('',#1962,1.);
#1962 = DIRECTION('',(-0.,-1.));
#1963 = ( GEOMETRIC_REPRESENTATION_CONTEXT(2) 
PARAMETRIC_REPRESENTATION_CONTEXT() REPRESENTATION_CONTEXT('2D SPACE',''
  ) );
#1964 = PCURVE('',#540,#1965);
#1965 = DEFINITIONAL_REPRESENTATION('',(#1966),#1970);
#1966 = LINE('',#1967,#1968);
#1967 = CARTESIAN_POINT('',(1.8,0.));
#1968 = VECTOR('',#1969,1.);
#1969 = DIRECTION('',(0.,-1.));
#1970 = ( GEOMETRIC_REPRESENTATION_CONTEXT(2) 
PARAMETRIC_REPRESENTATION_CONTEXT() REPRESENTATION_CONTEXT('2D SPACE',''
  ) );
#1971 = ORIENTED_EDGE('',*,*,#441,.F.);
#1972 = ORIENTED_EDGE('',*,*,#1973,.F.);
#1973 = EDGE_CURVE('',#1166,#442,#1974,.T.);
#1974 = SURFACE_CURVE('',#1975,(#1979,#1986),.PCURVE_S1.);
#1975 = LINE('',#1976,#1977);
#1976 = CARTESIAN_POINT('',(-28.4,10.7,105.5000002));
#1977 = VECTOR('',#1978,1.);
#1978 = DIRECTION('',(0.,0.,-1.));
#1979 = PCURVE('',#460,#1980);
#1980 = DEFINITIONAL_REPRESENTATION('',(#1981),#1985);
#1981 = LINE('',#1982,#1983);
#1982 = CARTESIAN_POINT('',(-3.14159265359,0.));
#1983 = VECTOR('',#1984,1.);
#1984 = DIRECTION('',(-0.,-1.));
#1985 = ( GEOMETRIC_REPRESENTATION_CONTEXT(2) 
PARAMETRIC_REPRESENTATION_CONTEXT() REPRESENTATION_CONTEXT('2D SPACE',''
  ) );
#1986 = PCURVE('',#487,#1987);
#1987 = DEFINITIONAL_REPRESENTATION('',(#1988),#1992);
#1988 = LINE('',#1989,#1990);
#1989 = CARTESIAN_POINT('',(-1.110223024625E-16,-0.));
#1990 = VECTOR('',#1991,1.);
#1991 = DIRECTION('',(0.,-1.));
#1992 = ( GEOMETRIC_REPRESENTATION_CONTEXT(2) 
PARAMETRIC_REPRESENTATION_CONTEXT() REPRESENTATION_CONTEXT('2D SPACE',''
  ) );
#1993 = ADVANCED_FACE('',(#1994),#540,.T.);
#1994 = FACE_BOUND('',#1995,.T.);
#1995 = EDGE_LOOP('',(#1996,#1997,#2018,#2019));
#1996 = ORIENTED_EDGE('',*,*,#1236,.F.);
#1997 = ORIENTED_EDGE('',*,*,#1998,.T.);
#1998 = EDGE_CURVE('',#1213,#499,#1999,.T.);
#1999 = SURFACE_CURVE('',#2000,(#2004,#2011),.PCURVE_S1.);
#2000 = LINE('',#2001,#2002);
#2001 = CARTESIAN_POINT('',(-26.6,12.5,105.5000002));
#2002 = VECTOR('',#2003,1.);
#2003 = DIRECTION('',(0.,0.,-1.));
#2004 = PCURVE('',#540,#2005);
#2005 = DEFINITIONAL_REPRESENTATION('',(#2006),#2010);
#2006 = LINE('',#2007,#2008);
#2007 = CARTESIAN_POINT('',(-1.110223024625E-16,0.));
#2008 = VECTOR('',#2009,1.);
#2009 = DIRECTION('',(0.,-1.));
#2010 = ( GEOMETRIC_REPRESENTATION_CONTEXT(2) 
PARAMETRIC_REPRESENTATION_CONTEXT() REPRESENTATION_CONTEXT('2D SPACE',''
  ) );
#2011 = PCURVE('',#515,#2012);
#2012 = DEFINITIONAL_REPRESENTATION('',(#2013),#2017);
#2013 = LINE('',#2014,#2015);
#2014 = CARTESIAN_POINT('',(-3.14159265359,0.));
#2015 = VECTOR('',#2016,1.);
#2016 = DIRECTION('',(-0.,-1.));
#2017 = ( GEOMETRIC_REPRESENTATION_CONTEXT(2) 
PARAMETRIC_REPRESENTATION_CONTEXT() REPRESENTATION_CONTEXT('2D SPACE',''
  ) );
#2018 = ORIENTED_EDGE('',*,*,#527,.T.);
#2019 = ORIENTED_EDGE('',*,*,#1951,.F.);
#2020 = ADVANCED_FACE('',(#2021),#515,.F.);
#2021 = FACE_BOUND('',#2022,.T.);
#2022 = EDGE_LOOP('',(#2023,#2024,#2045,#2046));
#2023 = ORIENTED_EDGE('',*,*,#1212,.T.);
#2024 = ORIENTED_EDGE('',*,*,#2025,.T.);
#2025 = EDGE_CURVE('',#1192,#473,#2026,.T.);
#2026 = SURFACE_CURVE('',#2027,(#2031,#2038),.PCURVE_S1.);
#2027 = LINE('',#2028,#2029);
#2028 = CARTESIAN_POINT('',(-28.4,12.5,105.5000002));
#2029 = VECTOR('',#2030,1.);
#2030 = DIRECTION('',(0.,0.,-1.));
#2031 = PCURVE('',#515,#2032);
#2032 = DEFINITIONAL_REPRESENTATION('',(#2033),#2037);
#2033 = LINE('',#2034,#2035);
#2034 = CARTESIAN_POINT('',(-0.,0.));
#2035 = VECTOR('',#2036,1.);
#2036 = DIRECTION('',(-0.,-1.));
#2037 = ( GEOMETRIC_REPRESENTATION_CONTEXT(2) 
PARAMETRIC_REPRESENTATION_CONTEXT() REPRESENTATION_CONTEXT('2D SPACE',''
  ) );
#2038 = PCURVE('',#487,#2039);
#2039 = DEFINITIONAL_REPRESENTATION('',(#2040),#2044);
#2040 = LINE('',#2041,#2042);
#2041 = CARTESIAN_POINT('',(1.8,0.));
#2042 = VECTOR('',#2043,1.);
#2043 = DIRECTION('',(0.,-1.));
#2044 = ( GEOMETRIC_REPRESENTATION_CONTEXT(2) 
PARAMETRIC_REPRESENTATION_CONTEXT() REPRESENTATION_CONTEXT('2D SPACE',''
  ) );
#2045 = ORIENTED_EDGE('',*,*,#498,.F.);
#2046 = ORIENTED_EDGE('',*,*,#1998,.F.);
#2047 = ADVANCED_FACE('',(#2048),#487,.T.);
#2048 = FACE_BOUND('',#2049,.T.);
#2049 = EDGE_LOOP('',(#2050,#2051,#2052,#2053));
#2050 = ORIENTED_EDGE('',*,*,#1191,.F.);
#2051 = ORIENTED_EDGE('',*,*,#1973,.T.);
#2052 = ORIENTED_EDGE('',*,*,#472,.T.);
#2053 = ORIENTED_EDGE('',*,*,#2025,.F.);
#2054 = ADVANCED_FACE('',(#2055),#574,.F.);
#2055 = FACE_BOUND('',#2056,.F.);
#2056 = EDGE_LOOP('',(#2057,#2058,#2079,#2080,#2267,#2268));
#2057 = ORIENTED_EDGE('',*,*,#553,.F.);
#2058 = ORIENTED_EDGE('',*,*,#2059,.F.);
#2059 = EDGE_CURVE('',#1293,#554,#2060,.T.);
#2060 = SEAM_CURVE('',#2061,(#2065,#2072),.PCURVE_S1.);
#2061 = LINE('',#2062,#2063);
#2062 = CARTESIAN_POINT('',(-48.25,30.5,1.5));
#2063 = VECTOR('',#2064,1.);
#2064 = DIRECTION('',(0.,0.,-1.));
#2065 = PCURVE('',#574,#2066);
#2066 = DEFINITIONAL_REPRESENTATION('',(#2067),#2071);
#2067 = LINE('',#2068,#2069);
#2068 = CARTESIAN_POINT('',(0.,-0.));
#2069 = VECTOR('',#2070,1.);
#2070 = DIRECTION('',(0.,1.));
#2071 = ( GEOMETRIC_REPRESENTATION_CONTEXT(2) 
PARAMETRIC_REPRESENTATION_CONTEXT() REPRESENTATION_CONTEXT('2D SPACE',''
  ) );
#2072 = PCURVE('',#574,#2073);
#2073 = DEFINITIONAL_REPRESENTATION('',(#2074),#2078);
#2074 = LINE('',#2075,#2076);
#2075 = CARTESIAN_POINT('',(6.28318530718,-0.));
#2076 = VECTOR('',#2077,1.);
#2077 = DIRECTION('',(0.,1.));
#2078 = ( GEOMETRIC_REPRESENTATION_CONTEXT(2) 
PARAMETRIC_REPRESENTATION_CONTEXT() REPRESENTATION_CONTEXT('2D SPACE',''
  ) );
#2079 = ORIENTED_EDGE('',*,*,#1320,.T.);
#2080 = ORIENTED_EDGE('',*,*,#2081,.F.);
#2081 = EDGE_CURVE('',#1260,#1258,#2082,.T.);
#2082 = SURFACE_CURVE('',#2083,(#2121,#2194),.PCURVE_S1.);
#2083 = B_SPLINE_CURVE_WITH_KNOTS('',6,(#2084,#2085,#2086,#2087,#2088,
    #2089,#2090,#2091,#2092,#2093,#2094,#2095,#2096,#2097,#2098,#2099,
    #2100,#2101,#2102,#2103,#2104,#2105,#2106,#2107,#2108,#2109,#2110,
    #2111,#2112,#2113,#2114,#2115,#2116,#2117,#2118,#2119,#2120),
  .UNSPECIFIED.,.F.,.F.,(7,5,5,5,5,5,5,7),(0.,0.28066414087,
    0.39280905246,0.595776477748,0.752612887174,0.830833258341,
    0.999999453862,1.194787066469),.UNSPECIFIED.);
#2084 = CARTESIAN_POINT('',(-45.94746652192,34.277548695382,1.5));
#2085 = CARTESIAN_POINT('',(-46.08180048568,34.20829455248,
    1.448609338955));
#2086 = CARTESIAN_POINT('',(-46.21500239011,34.132368119854,
    1.399434004029));
#2087 = CARTESIAN_POINT('',(-46.34690172128,34.049487011723,
    1.352880433644));
#2088 = CARTESIAN_POINT('',(-46.47715804067,33.959376982494,
    1.30949794417));
#2089 = CARTESIAN_POINT('',(-46.60529418394,33.861803406467,
    1.269981556363));
#2090 = CARTESIAN_POINT('',(-46.78079637857,33.714645715727,
    1.221141350383));
#2091 = CARTESIAN_POINT('',(-46.83045849799,33.671428818946,
    1.207936845613));
#2092 = CARTESIAN_POINT('',(-46.87963408639,33.62700524915,
    1.195520308374));
#2093 = CARTESIAN_POINT('',(-46.92827324679,33.581378770254,
    1.183942519135));
#2094 = CARTESIAN_POINT('',(-46.97632049375,33.534561760322,
    1.173253810926));
#2095 = CARTESIAN_POINT('',(-47.10949379074,33.399732465492,
    1.145851651214));
#2096 = CARTESIAN_POINT('',(-47.19315536581,33.309043203956,
    1.131265299256));
#2097 = CARTESIAN_POINT('',(-47.27430337381,33.214684692992,
    1.120034053529));
#2098 = CARTESIAN_POINT('',(-47.35253578449,33.116912869977,
    1.112399524611));
#2099 = CARTESIAN_POINT('',(-47.42746225088,33.016099706886,
    1.108506327683));
#2100 = CARTESIAN_POINT('',(-47.55378405136,32.832922250418,
    1.108237877347));
#2101 = CARTESIAN_POINT('',(-47.60666877276,32.751555960329,
    1.110355006282));
#2102 = CARTESIAN_POINT('',(-47.65721231187,32.6689036513,1.114708668217
    ));
#2103 = CARTESIAN_POINT('',(-47.70530096811,32.585196007214,
    1.121250851856));
#2104 = CARTESIAN_POINT('',(-47.75086124737,32.50065929903,
    1.129894098994));
#2105 = CARTESIAN_POINT('',(-47.81529136019,32.373049600893,
    1.145823229403));
#2106 = CARTESIAN_POINT('',(-47.83609342264,32.330431374796,
    1.151618140788));
#2107 = CARTESIAN_POINT('',(-47.85625288023,32.287685453015,
    1.157892838491));
#2108 = CARTESIAN_POINT('',(-47.87576771626,32.244835543704,
    1.164632074553));
#2109 = CARTESIAN_POINT('',(-47.89463801171,32.201903497724,
    1.171819705731));
#2110 = CARTESIAN_POINT('',(-47.95228726387,32.065926326235,
    1.195916180811));
#2111 = CARTESIAN_POINT('',(-47.98870333071,31.972653327884,
    1.214411737884));
#2112 = CARTESIAN_POINT('',(-48.02213562245,31.879289105419,
    1.234755602596));
#2113 = CARTESIAN_POINT('',(-48.05264067191,31.785989782526,
    1.256772288492));
#2114 = CARTESIAN_POINT('',(-48.08029493456,31.692869316499,
    1.280294934562));
#2115 = CARTESIAN_POINT('',(-48.13383334244,31.493064968509,
    1.333833342442));
#2116 = CARTESIAN_POINT('',(-48.15880933269,31.386484717739,
    1.364286948322));
#2117 = CARTESIAN_POINT('',(-48.18023336439,31.280376255929,
    1.396315558675));
#2118 = CARTESIAN_POINT('',(-48.19823129392,31.174827912005,
    1.429719435391));
#2119 = CARTESIAN_POINT('',(-48.21292307983,31.069899263734,
    1.464327363763));
#2120 = CARTESIAN_POINT('',(-48.2244167672,30.965621065891,1.5));
#2121 = PCURVE('',#574,#2122);
#2122 = DEFINITIONAL_REPRESENTATION('',(#2123),#2193);
#2123 = B_SPLINE_CURVE_WITH_KNOTS('',3,(#2124,#2125,#2126,#2127,#2128,
    #2129,#2130,#2131,#2132,#2133,#2134,#2135,#2136,#2137,#2138,#2139,
    #2140,#2141,#2142,#2143,#2144,#2145,#2146,#2147,#2148,#2149,#2150,
    #2151,#2152,#2153,#2154,#2155,#2156,#2157,#2158,#2159,#2160,#2161,
    #2162,#2163,#2164,#2165,#2166,#2167,#2168,#2169,#2170,#2171,#2172,
    #2173,#2174,#2175,#2176,#2177,#2178,#2179,#2180,#2181,#2182,#2183,
    #2184,#2185,#2186,#2187,#2188,#2189,#2190,#2191,#2192),
  .UNSPECIFIED.,.F.,.F.,(4,1,1,1,1,1,1,1,1,1,1,1,1,1,1,1,1,1,1,1,1,1,1,1
    ,1,1,1,1,1,1,1,1,1,1,1,1,1,1,1,1,1,1,1,1,1,1,1,1,1,1,1,1,1,1,1,1,1,1
    ,1,1,1,1,1,1,1,1,4),(0.,1.810283434044E-02,3.620566868089E-02,
    5.430850302133E-02,7.241133736178E-02,9.051417170222E-02,
    0.108617006043,0.126719840383,0.144822674724,0.162925509064,
    0.181028343404,0.199131177745,0.217234012085,0.235336846426,
    0.253439680766,0.271542515107,0.289645349447,0.307748183788,
    0.325851018128,0.343953852468,0.362056686809,0.380159521149,
    0.39826235549,0.41636518983,0.434468024171,0.452570858511,
    0.470673692852,0.488776527192,0.506879361532,0.524982195873,
    0.543085030213,0.561187864554,0.579290698894,0.597393533235,
    0.615496367575,0.633599201916,0.651702036256,0.669804870596,
    0.687907704937,0.706010539277,0.724113373618,0.742216207958,
    0.760319042299,0.778421876639,0.79652471098,0.81462754532,
    0.83273037966,0.850833214001,0.868936048341,0.887038882682,
    0.905141717022,0.923244551363,0.941347385703,0.959450220044,
    0.977553054384,0.995655888724,1.013758723065,1.031861557405,
    1.049964391746,1.068067226086,1.086170060427,1.104272894767,
    1.122375729108,1.140478563448,1.158581397788,1.176684232129,
    1.194787066469),.QUASI_UNIFORM_KNOTS.);
#2124 = CARTESIAN_POINT('',(1.094796432731,5.240252676231E-14));
#2125 = CARTESIAN_POINT('',(1.090209057988,6.62932017918E-03));
#2126 = CARTESIAN_POINT('',(1.081014181909,1.979607886431E-02));
#2127 = CARTESIAN_POINT('',(1.067159292528,3.925606278074E-02));
#2128 = CARTESIAN_POINT('',(1.053239574952,5.84117312574E-02));
#2129 = CARTESIAN_POINT('',(1.039252977323,7.724770579386E-02));
#2130 = CARTESIAN_POINT('',(1.025197572932,9.574782067771E-02));
#2131 = CARTESIAN_POINT('',(1.01107157516,0.113895024321));
#2132 = CARTESIAN_POINT('',(0.996873329374,0.131671428144));
#2133 = CARTESIAN_POINT('',(0.982601312337,0.149058321842));
#2134 = CARTESIAN_POINT('',(0.968254131035,0.166036203525));
#2135 = CARTESIAN_POINT('',(0.953830522923,0.182584811916));
#2136 = CARTESIAN_POINT('',(0.93932935785,0.198683163418));
#2137 = CARTESIAN_POINT('',(0.924749638732,0.214309595574));
#2138 = CARTESIAN_POINT('',(0.910090512535,0.229441808035));
#2139 = CARTESIAN_POINT('',(0.895351248318,0.244056935072));
#2140 = CARTESIAN_POINT('',(0.880531343774,0.258131522327));
#2141 = CARTESIAN_POINT('',(0.86563015777,0.271641883031));
#2142 = CARTESIAN_POINT('',(0.850649392874,0.284562123981));
#2143 = CARTESIAN_POINT('',(0.835589851858,0.296867298838));
#2144 = CARTESIAN_POINT('',(0.820452862803,0.308532151325));
#2145 = CARTESIAN_POINT('',(0.805240204883,0.319531439583));
#2146 = CARTESIAN_POINT('',(0.789954043635,0.329840153544));
#2147 = CARTESIAN_POINT('',(0.774597411435,0.339433446443));
#2148 = CARTESIAN_POINT('',(0.759172093821,0.348288069349));
#2149 = CARTESIAN_POINT('',(0.743682688977,0.356380171649));
#2150 = CARTESIAN_POINT('',(0.728134105822,0.363687288982));
#2151 = CARTESIAN_POINT('',(0.712531524359,0.370188532405));
#2152 = CARTESIAN_POINT('',(0.696880439302,0.375864780855));
#2153 = CARTESIAN_POINT('',(0.68118668283,0.380698872732));
#2154 = CARTESIAN_POINT('',(0.66545645915,0.384675797731));
#2155 = CARTESIAN_POINT('',(0.649696363696,0.387782888535));
#2156 = CARTESIAN_POINT('',(0.633913462291,0.390010012809));
#2157 = CARTESIAN_POINT('',(0.618115155377,0.391349764154));
#2158 = CARTESIAN_POINT('',(0.602309850787,0.391797656905));
#2159 = CARTESIAN_POINT('',(0.586504579225,0.391352306585));
#2160 = CARTESIAN_POINT('',(0.570706691378,0.390015135735));
#2161 = CARTESIAN_POINT('',(0.554924153471,0.38779062843));
#2162 = CARTESIAN_POINT('',(0.539164259593,0.38468614698));
#2163 = CARTESIAN_POINT('',(0.523434021186,0.380711777017));
#2164 = CARTESIAN_POINT('',(0.507740097868,0.375880161057));
#2165 = CARTESIAN_POINT('',(0.49208887818,0.370206349789));
#2166 = CARTESIAN_POINT('',(0.476486410948,0.363707593964));
#2167 = CARTESIAN_POINT('',(0.460938775253,0.356403356183));
#2168 = CARTESIAN_POINT('',(0.445450315307,0.348314175213));
#2169 = CARTESIAN_POINT('',(0.430025375152,0.33946229966));
#2170 = CARTESIAN_POINT('',(0.41466780884,0.329870839138));
#2171 = CARTESIAN_POINT('',(0.399380914121,0.319563888848));
#2172 = CARTESIAN_POINT('',(0.384167538597,0.30856628209));
#2173 = CARTESIAN_POINT('',(0.3690299054,0.29690306197));
#2174 = CARTESIAN_POINT('',(0.353969743461,0.284599463105));
#2175 = CARTESIAN_POINT('',(0.338988342709,0.271680663455));
#2176 = CARTESIAN_POINT('',(0.324086559563,0.258171666511));
#2177 = CARTESIAN_POINT('',(0.309264836311,0.24409715076));
#2178 = CARTESIAN_POINT('',(0.294523206506,0.229481319681));
#2179 = CARTESIAN_POINT('',(0.279861333855,0.21434778235));
#2180 = CARTESIAN_POINT('',(0.265278422161,0.198719311082));
#2181 = CARTESIAN_POINT('',(0.250773598304,0.182618060296));
#2182 = CARTESIAN_POINT('',(0.236346985932,0.166067012212));
#2183 = CARTESIAN_POINT('',(0.221996940575,0.14908663701));
#2184 = CARTESIAN_POINT('',(0.207722129477,0.131697117812));
#2185 = CARTESIAN_POINT('',(0.193521034898,0.113917803254));
#2186 = CARTESIAN_POINT('',(0.17939208451,9.576733348617E-02));
#2187 = CARTESIAN_POINT('',(0.165333613219,7.72635833362E-02));
#2188 = CARTESIAN_POINT('',(0.151343870981,5.842366340481E-02));
#2189 = CARTESIAN_POINT('',(0.137421014063,3.926387224734E-02));
#2190 = CARTESIAN_POINT('',(0.123563115312,1.979978629474E-02));
#2191 = CARTESIAN_POINT('',(0.114366447629,6.630493916477E-03));
#2192 = CARTESIAN_POINT('',(0.109778259539,2.025046796916E-13));
#2193 = ( GEOMETRIC_REPRESENTATION_CONTEXT(2) 
PARAMETRIC_REPRESENTATION_CONTEXT() REPRESENTATION_CONTEXT('2D SPACE',''
  ) );
#2194 = PCURVE('',#1280,#2195);
#2195 = DEFINITIONAL_REPRESENTATION('',(#2196),#2266);
#2196 = B_SPLINE_CURVE_WITH_KNOTS('',3,(#2197,#2198,#2199,#2200,#2201,
    #2202,#2203,#2204,#2205,#2206,#2207,#2208,#2209,#2210,#2211,#2212,
    #2213,#2214,#2215,#2216,#2217,#2218,#2219,#2220,#2221,#2222,#2223,
    #2224,#2225,#2226,#2227,#2228,#2229,#2230,#2231,#2232,#2233,#2234,
    #2235,#2236,#2237,#2238,#2239,#2240,#2241,#2242,#2243,#2244,#2245,
    #2246,#2247,#2248,#2249,#2250,#2251,#2252,#2253,#2254,#2255,#2256,
    #2257,#2258,#2259,#2260,#2261,#2262,#2263,#2264,#2265),
  .UNSPECIFIED.,.F.,.F.,(4,1,1,1,1,1,1,1,1,1,1,1,1,1,1,1,1,1,1,1,1,1,1,1
    ,1,1,1,1,1,1,1,1,1,1,1,1,1,1,1,1,1,1,1,1,1,1,1,1,1,1,1,1,1,1,1,1,1,1
    ,1,1,1,1,1,1,1,1,4),(0.,1.810283434044E-02,3.620566868089E-02,
    5.430850302133E-02,7.241133736178E-02,9.051417170222E-02,
    0.108617006043,0.126719840383,0.144822674724,0.162925509064,
    0.181028343404,0.199131177745,0.217234012085,0.235336846426,
    0.253439680766,0.271542515107,0.289645349447,0.307748183788,
    0.325851018128,0.343953852468,0.362056686809,0.380159521149,
    0.39826235549,0.41636518983,0.434468024171,0.452570858511,
    0.470673692852,0.488776527192,0.506879361532,0.524982195873,
    0.543085030213,0.561187864554,0.579290698894,0.597393533235,
    0.615496367575,0.633599201916,0.651702036256,0.669804870596,
    0.687907704937,0.706010539277,0.724113373618,0.742216207958,
    0.760319042299,0.778421876639,0.79652471098,0.81462754532,
    0.83273037966,0.850833214001,0.868936048341,0.887038882682,
    0.905141717022,0.923244551363,0.941347385703,0.959450220044,
    0.977553054384,0.995655888724,1.013758723065,1.031861557405,
    1.049964391746,1.068067226086,1.086170060427,1.104272894767,
    1.122375729108,1.140478563448,1.158581397788,1.176684232129,
    1.194787066469),.QUASI_UNIFORM_KNOTS.);
#2197 = CARTESIAN_POINT('',(-7.724932436698,-3.042011087473E-14));
#2198 = CARTESIAN_POINT('',(-7.718141840328,-6.629319021444E-03));
#2199 = CARTESIAN_POINT('',(-7.704464574861,-1.979607400042E-02));
#2200 = CARTESIAN_POINT('',(-7.683653983363,-3.925605262603E-02));
#2201 = CARTESIAN_POINT('',(-7.662542090609,-5.84117240266E-02));
#2202 = CARTESIAN_POINT('',(-7.641122753599,-7.724770537794E-02));
#2203 = CARTESIAN_POINT('',(-7.619390175294,-9.574782633738E-02));
#2204 = CARTESIAN_POINT('',(-7.597338981886,-0.113895031851));
#2205 = CARTESIAN_POINT('',(-7.574964251925,-0.131671432771));
#2206 = CARTESIAN_POINT('',(-7.552261562909,-0.149058320795));
#2207 = CARTESIAN_POINT('',(-7.529227037963,-0.16603619744));
#2208 = CARTESIAN_POINT('',(-7.505857396924,-0.182584804543));
#2209 = CARTESIAN_POINT('',(-7.48215001194,-0.198683159702));
#2210 = CARTESIAN_POINT('',(-7.458102962391,-0.214309598795));
#2211 = CARTESIAN_POINT('',(-7.433715108807,-0.229441816956));
#2212 = CARTESIAN_POINT('',(-7.408986110709,-0.244056944008));
#2213 = CARTESIAN_POINT('',(-7.383916666716,-0.258131522542));
#2214 = CARTESIAN_POINT('',(-7.358507935611,-0.271641883674));
#2215 = CARTESIAN_POINT('',(-7.332765861423,-0.284562126615));
#2216 = CARTESIAN_POINT('',(-7.306695734199,-0.296867297442));
#2217 = CARTESIAN_POINT('',(-7.280304644972,-0.308532149402));
#2218 = CARTESIAN_POINT('',(-7.253601422531,-0.31953144124));
#2219 = CARTESIAN_POINT('',(-7.226596557702,-0.329840155964));
#2220 = CARTESIAN_POINT('',(-7.199303101067,-0.339433443396));
#2221 = CARTESIAN_POINT('',(-7.171732909405,-0.34828809068));
#2222 = CARTESIAN_POINT('',(-7.143903875563,-0.356380197882));
#2223 = CARTESIAN_POINT('',(-7.115835528846,-0.363687301013));
#2224 = CARTESIAN_POINT('',(-7.08754891093,-0.370188523902));
#2225 = CARTESIAN_POINT('',(-7.059066602797,-0.375864760418));
#2226 = CARTESIAN_POINT('',(-7.030412696129,-0.380698856232));
#2227 = CARTESIAN_POINT('',(-7.001612772504,-0.384675797996));
#2228 = CARTESIAN_POINT('',(-6.972693839004,-0.38778290668));
#2229 = CARTESIAN_POINT('',(-6.943684359131,-0.39001003682));
#2230 = CARTESIAN_POINT('',(-6.91461387287,-0.391349773768));
#2231 = CARTESIAN_POINT('',(-6.885514091422,-0.391797653874));
#2232 = CARTESIAN_POINT('',(-6.856414347556,-0.391352309237));
#2233 = CARTESIAN_POINT('',(-6.827344562745,-0.390015137805));
#2234 = CARTESIAN_POINT('',(-6.798335633543,-0.387790628368));
#2235 = CARTESIAN_POINT('',(-6.769416904618,-0.38468614481));
#2236 = CARTESIAN_POINT('',(-6.740616742426,-0.380711775449));
#2237 = CARTESIAN_POINT('',(-6.711962276641,-0.375880162105));
#2238 = CARTESIAN_POINT('',(-6.68347942919,-0.370206353265));
#2239 = CARTESIAN_POINT('',(-6.655192687338,-0.36370759351));
#2240 = CARTESIAN_POINT('',(-6.627125676597,-0.356403360057));
#2241 = CARTESIAN_POINT('',(-6.599297915527,-0.348314213121));
#2242 = CARTESIAN_POINT('',(-6.571727931164,-0.339462281732));
#2243 = CARTESIAN_POINT('',(-6.544432319861,-0.329870809736));
#2244 = CARTESIAN_POINT('',(-6.517425643618,-0.319563893425));
#2245 = CARTESIAN_POINT('',(-6.490720627524,-0.30856629466));
#2246 = CARTESIAN_POINT('',(-6.464327865933,-0.296903078759));
#2247 = CARTESIAN_POINT('',(-6.438256101654,-0.284599463034));
#2248 = CARTESIAN_POINT('',(-6.412512362656,-0.271680649431));
#2249 = CARTESIAN_POINT('',(-6.387102028197,-0.258171654281));
#2250 = CARTESIAN_POINT('',(-6.362028922685,-0.24409715565));
#2251 = CARTESIAN_POINT('',(-6.337295390702,-0.229481341449));
#2252 = CARTESIAN_POINT('',(-6.312902430281,-0.214347802517));
#2253 = CARTESIAN_POINT('',(-6.288849612981,-0.198719307263));
#2254 = CARTESIAN_POINT('',(-6.265135791065,-0.182618063378));
#2255 = CARTESIAN_POINT('',(-6.241760875113,-0.166067019371));
#2256 = CARTESIAN_POINT('',(-6.21872138319,-0.149086642198));
#2257 = CARTESIAN_POINT('',(-6.196013921715,-0.131697117223));
#2258 = CARTESIAN_POINT('',(-6.173634414931,-0.11391779807));
#2259 = CARTESIAN_POINT('',(-6.151578367523,-9.576732811678E-02));
#2260 = CARTESIAN_POINT('',(-6.129840846973,-7.726358225221E-02));
#2261 = CARTESIAN_POINT('',(-6.108416540912,-5.842366795331E-02));
#2262 = CARTESIAN_POINT('',(-6.087299781034,-3.926387952941E-02));
#2263 = CARTESIAN_POINT('',(-6.066484611473,-1.979978984901E-02));
#2264 = CARTESIAN_POINT('',(-6.052804669298,-6.630494764573E-03));
#2265 = CARTESIAN_POINT('',(-6.046012869931,-7.815970093361E-14));
#2266 = ( GEOMETRIC_REPRESENTATION_CONTEXT(2) 
PARAMETRIC_REPRESENTATION_CONTEXT() REPRESENTATION_CONTEXT('2D SPACE',''
  ) );
#2267 = ORIENTED_EDGE('',*,*,#1292,.T.);
#2268 = ORIENTED_EDGE('',*,*,#2059,.T.);
#2269 = ADVANCED_FACE('',(#2270),#609,.F.);
#2270 = FACE_BOUND('',#2271,.F.);
#2271 = EDGE_LOOP('',(#2272,#2273,#2294,#2295));
#2272 = ORIENTED_EDGE('',*,*,#588,.F.);
#2273 = ORIENTED_EDGE('',*,*,#2274,.F.);
#2274 = EDGE_CURVE('',#1349,#589,#2275,.T.);
#2275 = SEAM_CURVE('',#2276,(#2280,#2287),.PCURVE_S1.);
#2276 = LINE('',#2277,#2278);
#2277 = CARTESIAN_POINT('',(-38.4,31.1,1.5));
#2278 = VECTOR('',#2279,1.);
#2279 = DIRECTION('',(0.,0.,-1.));
#2280 = PCURVE('',#609,#2281);
#2281 = DEFINITIONAL_REPRESENTATION('',(#2282),#2286);
#2282 = LINE('',#2283,#2284);
#2283 = CARTESIAN_POINT('',(6.28318530718,-0.));
#2284 = VECTOR('',#2285,1.);
#2285 = DIRECTION('',(0.,1.));
#2286 = ( GEOMETRIC_REPRESENTATION_CONTEXT(2) 
PARAMETRIC_REPRESENTATION_CONTEXT() REPRESENTATION_CONTEXT('2D SPACE',''
  ) );
#2287 = PCURVE('',#609,#2288);
#2288 = DEFINITIONAL_REPRESENTATION('',(#2289),#2293);
#2289 = LINE('',#2290,#2291);
#2290 = CARTESIAN_POINT('',(0.,-0.));
#2291 = VECTOR('',#2292,1.);
#2292 = DIRECTION('',(0.,1.));
#2293 = ( GEOMETRIC_REPRESENTATION_CONTEXT(2) 
PARAMETRIC_REPRESENTATION_CONTEXT() REPRESENTATION_CONTEXT('2D SPACE',''
  ) );
#2294 = ORIENTED_EDGE('',*,*,#1348,.T.);
#2295 = ORIENTED_EDGE('',*,*,#2274,.T.);
#2296 = ADVANCED_FACE('',(#2297),#644,.F.);
#2297 = FACE_BOUND('',#2298,.F.);
#2298 = EDGE_LOOP('',(#2299,#2300,#2321,#2322));
#2299 = ORIENTED_EDGE('',*,*,#623,.F.);
#2300 = ORIENTED_EDGE('',*,*,#2301,.F.);
#2301 = EDGE_CURVE('',#1379,#624,#2302,.T.);
#2302 = SEAM_CURVE('',#2303,(#2307,#2314),.PCURVE_S1.);
#2303 = LINE('',#2304,#2305);
#2304 = CARTESIAN_POINT('',(19.6,8.1,1.5));
#2305 = VECTOR('',#2306,1.);
#2306 = DIRECTION('',(0.,0.,-1.));
#2307 = PCURVE('',#644,#2308);
#2308 = DEFINITIONAL_REPRESENTATION('',(#2309),#2313);
#2309 = LINE('',#2310,#2311);
#2310 = CARTESIAN_POINT('',(6.28318530718,-0.));
#2311 = VECTOR('',#2312,1.);
#2312 = DIRECTION('',(0.,1.));
#2313 = ( GEOMETRIC_REPRESENTATION_CONTEXT(2) 
PARAMETRIC_REPRESENTATION_CONTEXT() REPRESENTATION_CONTEXT('2D SPACE',''
  ) );
#2314 = PCURVE('',#644,#2315);
#2315 = DEFINITIONAL_REPRESENTATION('',(#2316),#2320);
#2316 = LINE('',#2317,#2318);
#2317 = CARTESIAN_POINT('',(0.,-0.));
#2318 = VECTOR('',#2319,1.);
#2319 = DIRECTION('',(0.,1.));
#2320 = ( GEOMETRIC_REPRESENTATION_CONTEXT(2) 
PARAMETRIC_REPRESENTATION_CONTEXT() REPRESENTATION_CONTEXT('2D SPACE',''
  ) );
#2321 = ORIENTED_EDGE('',*,*,#1378,.T.);
#2322 = ORIENTED_EDGE('',*,*,#2301,.T.);
#2323 = ADVANCED_FACE('',(#2324),#679,.F.);
#2324 = FACE_BOUND('',#2325,.F.);
#2325 = EDGE_LOOP('',(#2326,#2327,#2348,#2349));
#2326 = ORIENTED_EDGE('',*,*,#658,.F.);
#2327 = ORIENTED_EDGE('',*,*,#2328,.F.);
#2328 = EDGE_CURVE('',#1409,#659,#2329,.T.);
#2329 = SEAM_CURVE('',#2330,(#2334,#2341),.PCURVE_S1.);
#2330 = LINE('',#2331,#2332);
#2331 = CARTESIAN_POINT('',(19.6,31.1,1.5));
#2332 = VECTOR('',#2333,1.);
#2333 = DIRECTION('',(0.,0.,-1.));
#2334 = PCURVE('',#679,#2335);
#2335 = DEFINITIONAL_REPRESENTATION('',(#2336),#2340);
#2336 = LINE('',#2337,#2338);
#2337 = CARTESIAN_POINT('',(6.28318530718,-0.));
#2338 = VECTOR('',#2339,1.);
#2339 = DIRECTION('',(0.,1.));
#2340 = ( GEOMETRIC_REPRESENTATION_CONTEXT(2) 
PARAMETRIC_REPRESENTATION_CONTEXT() REPRESENTATION_CONTEXT('2D SPACE',''
  ) );
#2341 = PCURVE('',#679,#2342);
#2342 = DEFINITIONAL_REPRESENTATION('',(#2343),#2347);
#2343 = LINE('',#2344,#2345);
#2344 = CARTESIAN_POINT('',(0.,-0.));
#2345 = VECTOR('',#2346,1.);
#2346 = DIRECTION('',(0.,1.));
#2347 = ( GEOMETRIC_REPRESENTATION_CONTEXT(2) 
PARAMETRIC_REPRESENTATION_CONTEXT() REPRESENTATION_CONTEXT('2D SPACE',''
  ) );
#2348 = ORIENTED_EDGE('',*,*,#1408,.T.);
#2349 = ORIENTED_EDGE('',*,*,#2328,.T.);
#2350 = ADVANCED_FACE('',(#2351),#714,.F.);
#2351 = FACE_BOUND('',#2352,.F.);
#2352 = EDGE_LOOP('',(#2353,#2354,#2375,#2376,#2484,#2485));
#2353 = ORIENTED_EDGE('',*,*,#693,.F.);
#2354 = ORIENTED_EDGE('',*,*,#2355,.F.);
#2355 = EDGE_CURVE('',#1439,#694,#2356,.T.);
#2356 = SEAM_CURVE('',#2357,(#2361,#2368),.PCURVE_S1.);
#2357 = LINE('',#2358,#2359);
#2358 = CARTESIAN_POINT('',(39.75,30.5,1.5));
#2359 = VECTOR('',#2360,1.);
#2360 = DIRECTION('',(0.,0.,-1.));
#2361 = PCURVE('',#714,#2362);
#2362 = DEFINITIONAL_REPRESENTATION('',(#2363),#2367);
#2363 = LINE('',#2364,#2365);
#2364 = CARTESIAN_POINT('',(6.28318530718,-0.));
#2365 = VECTOR('',#2366,1.);
#2366 = DIRECTION('',(0.,1.));
#2367 = ( GEOMETRIC_REPRESENTATION_CONTEXT(2) 
PARAMETRIC_REPRESENTATION_CONTEXT() REPRESENTATION_CONTEXT('2D SPACE',''
  ) );
#2368 = PCURVE('',#714,#2369);
#2369 = DEFINITIONAL_REPRESENTATION('',(#2370),#2374);
#2370 = LINE('',#2371,#2372);
#2371 = CARTESIAN_POINT('',(0.,-0.));
#2372 = VECTOR('',#2373,1.);
#2373 = DIRECTION('',(0.,1.));
#2374 = ( GEOMETRIC_REPRESENTATION_CONTEXT(2) 
PARAMETRIC_REPRESENTATION_CONTEXT() REPRESENTATION_CONTEXT('2D SPACE',''
  ) );
#2375 = ORIENTED_EDGE('',*,*,#1438,.T.);
#2376 = ORIENTED_EDGE('',*,*,#2377,.T.);
#2377 = EDGE_CURVE('',#1441,#1469,#2378,.T.);
#2378 = SURFACE_CURVE('',#2379,(#2412,#2448),.PCURVE_S1.);
#2379 = B_SPLINE_CURVE_WITH_KNOTS('',6,(#2380,#2381,#2382,#2383,#2384,
    #2385,#2386,#2387,#2388,#2389,#2390,#2391,#2392,#2393,#2394,#2395,
    #2396,#2397,#2398,#2399,#2400,#2401,#2402,#2403,#2404,#2405,#2406,
    #2407,#2408,#2409,#2410,#2411),.UNSPECIFIED.,.F.,.F.,(7,5,5,5,5,5,7)
  ,(0.,0.234513122794,0.328253044684,0.49928330335,0.672371233213,
    0.766131069435,1.),.UNSPECIFIED.);
#2380 = CARTESIAN_POINT('',(45.947466521925,34.277548695382,1.5));
#2381 = CARTESIAN_POINT('',(46.08158088515,34.208407764701,
    1.448693349107));
#2382 = CARTESIAN_POINT('',(46.2145669817,34.132616291133,1.399594752533
    ));
#2383 = CARTESIAN_POINT('',(46.346254956698,34.049893351527,
    1.353108723075));
#2384 = CARTESIAN_POINT('',(46.476306308656,33.959966052528,
    1.309781667805));
#2385 = CARTESIAN_POINT('',(46.604246774963,33.862600763231,
    1.27030465019));
#2386 = CARTESIAN_POINT('',(46.779512596241,33.715753940805,
    1.22148619221));
#2387 = CARTESIAN_POINT('',(46.829122621481,33.672617497564,1.2082814634
    ));
#2388 = CARTESIAN_POINT('',(46.878248177494,33.628277381043,
    1.195861843828));
#2389 = CARTESIAN_POINT('',(46.92683963604,33.582737237763,
    1.184277913357));
#2390 = CARTESIAN_POINT('',(46.97484180296,33.536009262649,
    1.173579829114));
#2391 = CARTESIAN_POINT('',(47.108590447829,33.400735279799,
    1.145998799512));
#2392 = CARTESIAN_POINT('',(47.192845258589,33.309455072648,
    1.131284828499));
#2393 = CARTESIAN_POINT('',(47.274553962745,33.214453824917,
    1.119970972104));
#2394 = CARTESIAN_POINT('',(47.35330616954,33.115992398611,
    1.112304171396));
#2395 = CARTESIAN_POINT('',(47.42870363304,33.014450756545,
    1.108431657248));
#2396 = CARTESIAN_POINT('',(47.572914277177,32.805025247244,
    1.108271815788));
#2397 = CARTESIAN_POINT('',(47.641663464135,32.697041784528,
    1.112076269156));
#2398 = CARTESIAN_POINT('',(47.706240856463,32.586968839236,
    1.119770563804));
#2399 = CARTESIAN_POINT('',(47.766425308476,32.47533285106,
    1.131203365807));
#2400 = CARTESIAN_POINT('',(47.822116744397,32.362628000947,
    1.146118494034));
#2401 = CARTESIAN_POINT('',(47.901015961078,32.187930893133,
    1.17400441466));
#2402 = CARTESIAN_POINT('',(47.927417395285,32.126361540372,
    1.184734785859));
#2403 = CARTESIAN_POINT('',(47.952498363862,32.064668835191,
    1.196350040874));
#2404 = CARTESIAN_POINT('',(47.976267386789,32.002908541013,
    1.20879997026));
#2405 = CARTESIAN_POINT('',(47.998738944348,31.941128161577,
    1.222033973275));
#2406 = CARTESIAN_POINT('',(48.072791570778,31.725314377692,
    1.270847927983));
#2407 = CARTESIAN_POINT('',(48.117677547806,31.571424347536,
    1.310258664334));
#2408 = CARTESIAN_POINT('',(48.154908400105,31.418226068337,
    1.353492568437));
#2409 = CARTESIAN_POINT('',(48.18486880739,31.266074766091,
    1.399865182343));
#2410 = CARTESIAN_POINT('',(48.207931513498,31.11518656618,
    1.448834957891));
#2411 = CARTESIAN_POINT('',(48.224416960519,30.965619311972,1.5000006));
#2412 = PCURVE('',#714,#2413);
#2413 = DEFINITIONAL_REPRESENTATION('',(#2414),#2447);
#2414 = B_SPLINE_CURVE_WITH_KNOTS('',6,(#2415,#2416,#2417,#2418,#2419,
    #2420,#2421,#2422,#2423,#2424,#2425,#2426,#2427,#2428,#2429,#2430,
    #2431,#2432,#2433,#2434,#2435,#2436,#2437,#2438,#2439,#2440,#2441,
    #2442,#2443,#2444,#2445,#2446),.UNSPECIFIED.,.F.,.F.,(7,5,5,5,5,5,7)
  ,(0.,0.234513122794,0.328253044684,0.49928330335,0.672371233213,
    0.766131069435,1.),.UNSPECIFIED.);
#2415 = CARTESIAN_POINT('',(2.046796220859,0.));
#2416 = CARTESIAN_POINT('',(2.082299234596,5.130665089315E-02));
#2417 = CARTESIAN_POINT('',(2.118283328064,0.100405247467));
#2418 = CARTESIAN_POINT('',(2.154823861142,0.146891276925));
#2419 = CARTESIAN_POINT('',(2.191970800632,0.190218332195));
#2420 = CARTESIAN_POINT('',(2.229758761576,0.22969534981));
#2421 = CARTESIAN_POINT('',(2.283559417527,0.27851380779));
#2422 = CARTESIAN_POINT('',(2.29902534703,0.2917185366));
#2423 = CARTESIAN_POINT('',(2.314592308813,0.304138156172));
#2424 = CARTESIAN_POINT('',(2.330257781717,0.315722086643));
#2425 = CARTESIAN_POINT('',(2.346017342197,0.326420170886));
#2426 = CARTESIAN_POINT('',(2.390777526209,0.354001200488));
#2427 = CARTESIAN_POINT('',(2.41998893851,0.368715171501));
#2428 = CARTESIAN_POINT('',(2.449444963905,0.380029027896));
#2429 = CARTESIAN_POINT('',(2.479082726829,0.387695828604));
#2430 = CARTESIAN_POINT('',(2.508822144617,0.391568342752));
#2431 = CARTESIAN_POINT('',(2.568651546297,0.391728184212));
#2432 = CARTESIAN_POINT('',(2.598752152026,0.387923730844));
#2433 = CARTESIAN_POINT('',(2.628750313885,0.380229436196));
#2434 = CARTESIAN_POINT('',(2.658562935689,0.368796634193));
#2435 = CARTESIAN_POINT('',(2.688124858715,0.353881505966));
#2436 = CARTESIAN_POINT('',(2.733227841758,0.32599558534));
#2437 = CARTESIAN_POINT('',(2.748987593826,0.315265214141));
#2438 = CARTESIAN_POINT('',(2.764653085003,0.303649959126));
#2439 = CARTESIAN_POINT('',(2.780219929986,0.29120002974));
#2440 = CARTESIAN_POINT('',(2.795685642821,0.277966026725));
#2441 = CARTESIAN_POINT('',(2.849371583734,0.229152072017));
#2442 = CARTESIAN_POINT('',(2.887048622221,0.189741335666));
#2443 = CARTESIAN_POINT('',(2.924088438645,0.146507431563));
#2444 = CARTESIAN_POINT('',(2.960525487215,0.100134817657));
#2445 = CARTESIAN_POINT('',(2.996409389837,5.116504210922E-02));
#2446 = CARTESIAN_POINT('',(3.031814809237,-6.E-07));
#2447 = ( GEOMETRIC_REPRESENTATION_CONTEXT(2) 
PARAMETRIC_REPRESENTATION_CONTEXT() REPRESENTATION_CONTEXT('2D SPACE',''
  ) );
#2448 = PCURVE('',#1489,#2449);
#2449 = DEFINITIONAL_REPRESENTATION('',(#2450),#2483);
#2450 = B_SPLINE_CURVE_WITH_KNOTS('',6,(#2451,#2452,#2453,#2454,#2455,
    #2456,#2457,#2458,#2459,#2460,#2461,#2462,#2463,#2464,#2465,#2466,
    #2467,#2468,#2469,#2470,#2471,#2472,#2473,#2474,#2475,#2476,#2477,
    #2478,#2479,#2480,#2481,#2482),.UNSPECIFIED.,.F.,.F.,(7,5,5,5,5,5,7)
  ,(0.,0.234513122794,0.328253044684,0.49928330335,0.672371233213,
    0.766131069435,1.),.UNSPECIFIED.);
#2451 = CARTESIAN_POINT('',(-1.699845524072,0.));
#2452 = CARTESIAN_POINT('',(-1.752399968103,-5.130665089315E-02));
#2453 = CARTESIAN_POINT('',(-1.807253804815,-0.100405247467));
#2454 = CARTESIAN_POINT('',(-1.864622444619,-0.146891276925));
#2455 = CARTESIAN_POINT('',(-1.924675502571,-0.190218332195));
#2456 = CARTESIAN_POINT('',(-1.98750617133,-0.22969534981));
#2457 = CARTESIAN_POINT('',(-2.07922745149,-0.278513807789));
#2458 = CARTESIAN_POINT('',(-2.105848623575,-0.2917185366));
#2459 = CARTESIAN_POINT('',(-2.132890362296,-0.304138156172));
#2460 = CARTESIAN_POINT('',(-2.160338943422,-0.315722086643));
#2461 = CARTESIAN_POINT('',(-2.188173378667,-0.326420170886));
#2462 = CARTESIAN_POINT('',(-2.267799202423,-0.354001200488));
#2463 = CARTESIAN_POINT('',(-2.320432885252,-0.368715171501));
#2464 = CARTESIAN_POINT('',(-2.374067448848,-0.380029027896));
#2465 = CARTESIAN_POINT('',(-2.428429766771,-0.387695828604));
#2466 = CARTESIAN_POINT('',(-2.483181542204,-0.391568342752));
#2467 = CARTESIAN_POINT('',(-2.593335835519,-0.391728184212));
#2468 = CARTESIAN_POINT('',(-2.648759320402,-0.387923730844));
#2469 = CARTESIAN_POINT('',(-2.703791221958,-0.380229436196));
#2470 = CARTESIAN_POINT('',(-2.758080149417,-0.368796634192));
#2471 = CARTESIAN_POINT('',(-2.811342709047,-0.353881505966));
#2472 = CARTESIAN_POINT('',(-2.891559253598,-0.32599558534));
#2473 = CARTESIAN_POINT('',(-2.919386768615,-0.315265214141));
#2474 = CARTESIAN_POINT('',(-2.946827645635,-0.303649959126));
#2475 = CARTESIAN_POINT('',(-2.973861039941,-0.29120002974));
#2476 = CARTESIAN_POINT('',(-3.000473361208,-0.277966026725));
#2477 = CARTESIAN_POINT('',(-3.091968484585,-0.229152072017));
#2478 = CARTESIAN_POINT('',(-3.154595934159,-0.189741335666));
#2479 = CARTESIAN_POINT('',(-3.214461783763,-0.146507431564));
#2480 = CARTESIAN_POINT('',(-3.271658948966,-0.100134817656));
#2481 = CARTESIAN_POINT('',(-3.326355743887,-5.116504210919E-02));
#2482 = CARTESIAN_POINT('',(-3.37876570543,6.000000338791E-07));
#2483 = ( GEOMETRIC_REPRESENTATION_CONTEXT(2) 
PARAMETRIC_REPRESENTATION_CONTEXT() REPRESENTATION_CONTEXT('2D SPACE',''
  ) );
#2484 = ORIENTED_EDGE('',*,*,#1501,.T.);
#2485 = ORIENTED_EDGE('',*,*,#2355,.T.);
#2486 = ADVANCED_FACE('',(#2487),#976,.F.);
#2487 = FACE_BOUND('',#2488,.F.);
#2488 = EDGE_LOOP('',(#2489,#2490));
#2489 = ORIENTED_EDGE('',*,*,#953,.T.);
#2490 = ORIENTED_EDGE('',*,*,#1668,.T.);
#2491 = ADVANCED_FACE('',(#2492),#1095,.F.);
#2492 = FACE_BOUND('',#2493,.F.);
#2493 = EDGE_LOOP('',(#2494,#2495));
#2494 = ORIENTED_EDGE('',*,*,#1828,.F.);
#2495 = ORIENTED_EDGE('',*,*,#1074,.T.);
#2496 = ADVANCED_FACE('',(#2497),#1280,.F.);
#2497 = FACE_BOUND('',#2498,.F.);
#2498 = EDGE_LOOP('',(#2499,#2500));
#2499 = ORIENTED_EDGE('',*,*,#1257,.T.);
#2500 = ORIENTED_EDGE('',*,*,#2081,.T.);
#2501 = ADVANCED_FACE('',(#2502),#1489,.F.);
#2502 = FACE_BOUND('',#2503,.F.);
#2503 = EDGE_LOOP('',(#2504,#2505));
#2504 = ORIENTED_EDGE('',*,*,#2377,.F.);
#2505 = ORIENTED_EDGE('',*,*,#1468,.T.);
#2506 = ( GEOMETRIC_REPRESENTATION_CONTEXT(3) 
GLOBAL_UNCERTAINTY_ASSIGNED_CONTEXT((#2510)) 
GLOBAL_UNIT_ASSIGNED_CONTEXT((#2507,#2508,#2509)) REPRESENTATION_CONTEXT
('Context #1','3D Context with UNIT and UNCERTAINTY') );
#2507 = ( LENGTH_UNIT() NAMED_UNIT(*) SI_UNIT(.MILLI.,.METRE.) );
#2508 = ( NAMED_UNIT(*) PLANE_ANGLE_UNIT() SI_UNIT($,.RADIAN.) );
#2509 = ( NAMED_UNIT(*) SI_UNIT($,.STERADIAN.) SOLID_ANGLE_UNIT() );
#2510 = UNCERTAINTY_MEASURE_WITH_UNIT(LENGTH_MEASURE(1.E-07),#2507,
  'distance_accuracy_value','confusion accuracy');
#2511 = PRODUCT_RELATED_PRODUCT_CATEGORY('part',$,(#7));
ENDSEC;
END-ISO-10303-21;
