solid OpenSCAD_Model
  facet normal 0.368177 -0.929756 0
    outer loop
      vertex 96.5816 0.171303 3.8147e-07
      vertex 96.9902 0.333106 8.9
      vertex 96.5816 0.171303 8.9
    endloop
  endfacet
  facet normal 0.368177 -0.929756 0
    outer loop
      vertex 96.9902 0.333106 8.9
      vertex 96.5816 0.171303 3.8147e-07
      vertex 96.9902 0.333106 3.8147e-07
    endloop
  endfacet
  facet normal -0.982283 0.187402 0
    outer loop
      vertex 0.0275984 68.9387 3.8147e-07
      vertex 0.109959 69.3704 8.9
      vertex 0.109959 69.3704 3.8147e-07
    endloop
  endfacet
  facet normal -0.982283 0.187402 0
    outer loop
      vertex 0.109959 69.3704 8.9
      vertex 0.0275984 68.9387 3.8147e-07
      vertex 0.0275984 68.9387 8.9
    endloop
  endfacet
  facet normal 0.951072 -0.30897 0
    outer loop
      vertex 98.7542 2.21157 8.9
      vertex 98.89 2.62959 3.8147e-07
      vertex 98.89 2.62959 8.9
    endloop
  endfacet
  facet normal 0.951072 -0.30897 0
    outer loop
      vertex 98.89 2.62959 3.8147e-07
      vertex 98.7542 2.21157 8.9
      vertex 98.7542 2.21157 3.8147e-07
    endloop
  endfacet
  facet normal 0.481721 -0.876324 0
    outer loop
      vertex 96.9902 0.333106 3.8147e-07
      vertex 97.3754 0.544853 8.9
      vertex 96.9902 0.333106 8.9
    endloop
  endfacet
  facet normal 0.481721 -0.876324 0
    outer loop
      vertex 97.3754 0.544853 8.9
      vertex 96.9902 0.333106 3.8147e-07
      vertex 97.3754 0.544853 3.8147e-07
    endloop
  endfacet
  facet normal -0.998027 0.0627854 0
    outer loop
      vertex 0 68.5 3.8147e-07
      vertex 0.0275984 68.9387 8.9
      vertex 0.0275984 68.9387 3.8147e-07
    endloop
  endfacet
  facet normal -0.998027 0.0627854 0
    outer loop
      vertex 0.0275984 68.9387 8.9
      vertex 0 68.5 3.8147e-07
      vertex 0 68.5 8.9
    endloop
  endfacet
  facet normal -0.587786 -0.809016 0
    outer loop
      vertex 1.26902 0.803205 3.8147e-07
      vertex 1.62461 0.544853 8.9
      vertex 1.26902 0.803205 8.9
    endloop
  endfacet
  facet normal -0.587786 -0.809016 -0
    outer loop
      vertex 1.62461 0.544853 8.9
      vertex 1.26902 0.803205 3.8147e-07
      vertex 1.62461 0.544853 3.8147e-07
    endloop
  endfacet
  facet normal -0.684546 -0.72897 0
    outer loop
      vertex 0.948609 1.10409 3.8147e-07
      vertex 1.26902 0.803205 8.9
      vertex 0.948609 1.10409 8.9
    endloop
  endfacet
  facet normal -0.684546 -0.72897 -0
    outer loop
      vertex 1.26902 0.803205 8.9
      vertex 0.948609 1.10409 3.8147e-07
      vertex 1.26902 0.803205 3.8147e-07
    endloop
  endfacet
  facet normal -0.125334 -0.992115 0
    outer loop
      vertex 2.84416 0.0619955 3.8147e-07
      vertex 3.28023 0.00690651 8.9
      vertex 2.84416 0.0619955 8.9
    endloop
  endfacet
  facet normal -0.125334 -0.992115 -0
    outer loop
      vertex 3.28023 0.00690651 8.9
      vertex 2.84416 0.0619955 3.8147e-07
      vertex 3.28023 0.00690651 3.8147e-07
    endloop
  endfacet
  facet normal 1 -0 0
    outer loop
      vertex 99 3.5 8.9
      vertex 99 68.5 3.8147e-07
      vertex 99 68.5 8.9
    endloop
  endfacet
  facet normal 1 0 0
    outer loop
      vertex 99 68.5 3.8147e-07
      vertex 99 3.5 8.9
      vertex 99 3.5 3.8147e-07
    endloop
  endfacet
  facet normal 0 -1 0
    outer loop
      vertex 3.28023 0.00690651 3.8147e-07
      vertex 95.7198 0.00690651 8.9
      vertex 3.28023 0.00690651 8.9
    endloop
  endfacet
  facet normal 0 -1 -0
    outer loop
      vertex 95.7198 0.00690651 8.9
      vertex 3.28023 0.00690651 3.8147e-07
      vertex 95.7198 0.00690651 3.8147e-07
    endloop
  endfacet
  facet normal -0.982287 -0.187385 0
    outer loop
      vertex 0.109959 2.62959 3.8147e-07
      vertex 0.0275984 3.06133 8.9
      vertex 0.0275984 3.06133 3.8147e-07
    endloop
  endfacet
  facet normal -0.982287 -0.187385 0
    outer loop
      vertex 0.0275984 3.06133 8.9
      vertex 0.109959 2.62959 3.8147e-07
      vertex 0.109959 2.62959 8.9
    endloop
  endfacet
  facet normal -0.368117 0.92978 0
    outer loop
      vertex 2.41844 71.8287 3.8147e-07
      vertex 2.00977 71.6669 8.9
      vertex 2.41844 71.8287 8.9
    endloop
  endfacet
  facet normal -0.368117 0.92978 0
    outer loop
      vertex 2.00977 71.6669 8.9
      vertex 2.41844 71.8287 3.8147e-07
      vertex 2.00977 71.6669 3.8147e-07
    endloop
  endfacet
  facet normal 0.770473 -0.637473 0
    outer loop
      vertex 98.0514 1.10409 8.9
      vertex 98.3316 1.44275 3.8147e-07
      vertex 98.3316 1.44275 8.9
    endloop
  endfacet
  facet normal 0.770473 -0.637473 0
    outer loop
      vertex 98.3316 1.44275 3.8147e-07
      vertex 98.0514 1.10409 8.9
      vertex 98.0514 1.10409 3.8147e-07
    endloop
  endfacet
  facet normal -1 0 0
    outer loop
      vertex 0 3.5 3.8147e-07
      vertex 0 68.5 8.9
      vertex 0 68.5 3.8147e-07
    endloop
  endfacet
  facet normal -1 -0 0
    outer loop
      vertex 0 68.5 8.9
      vertex 0 3.5 3.8147e-07
      vertex 0 3.5 8.9
    endloop
  endfacet
  facet normal 0 1 -0
    outer loop
      vertex 95.7198 71.9931 3.8147e-07
      vertex 3.28023 71.9931 8.9
      vertex 95.7198 71.9931 8.9
    endloop
  endfacet
  facet normal 0 1 0
    outer loop
      vertex 3.28023 71.9931 8.9
      vertex 95.7198 71.9931 3.8147e-07
      vertex 3.28023 71.9931 3.8147e-07
    endloop
  endfacet
  facet normal -0.904831 -0.425772 0
    outer loop
      vertex 0.432926 1.81386 3.8147e-07
      vertex 0.245782 2.21157 8.9
      vertex 0.245782 2.21157 3.8147e-07
    endloop
  endfacet
  facet normal -0.904831 -0.425772 0
    outer loop
      vertex 0.245782 2.21157 8.9
      vertex 0.432926 1.81386 3.8147e-07
      vertex 0.432926 1.81386 8.9
    endloop
  endfacet
  facet normal -0.844386 0.535735 0
    outer loop
      vertex 0.432926 70.1861 3.8147e-07
      vertex 0.66844 70.5573 8.9
      vertex 0.66844 70.5573 3.8147e-07
    endloop
  endfacet
  facet normal -0.844386 0.535735 0
    outer loop
      vertex 0.66844 70.5573 8.9
      vertex 0.432926 70.1861 3.8147e-07
      vertex 0.432926 70.1861 8.9
    endloop
  endfacet
  facet normal -0.48176 -0.876303 0
    outer loop
      vertex 1.62461 0.544853 3.8147e-07
      vertex 2.00977 0.333106 8.9
      vertex 1.62461 0.544853 8.9
    endloop
  endfacet
  facet normal -0.48176 -0.876303 -0
    outer loop
      vertex 2.00977 0.333106 8.9
      vertex 1.62461 0.544853 3.8147e-07
      vertex 2.00977 0.333106 3.8147e-07
    endloop
  endfacet
  facet normal 0.587776 -0.809024 0
    outer loop
      vertex 97.3754 0.544853 3.8147e-07
      vertex 97.731 0.803205 8.9
      vertex 97.3754 0.544853 8.9
    endloop
  endfacet
  facet normal 0.587776 -0.809024 0
    outer loop
      vertex 97.731 0.803205 8.9
      vertex 97.3754 0.544853 3.8147e-07
      vertex 97.731 0.803205 3.8147e-07
    endloop
  endfacet
  facet normal -0.904827 0.42578 0
    outer loop
      vertex 0.245782 69.7884 3.8147e-07
      vertex 0.432926 70.1861 8.9
      vertex 0.432926 70.1861 3.8147e-07
    endloop
  endfacet
  facet normal -0.904827 0.42578 0
    outer loop
      vertex 0.432926 70.1861 8.9
      vertex 0.245782 69.7884 3.8147e-07
      vertex 0.245782 69.7884 8.9
    endloop
  endfacet
  facet normal 0.125379 0.992109 -0
    outer loop
      vertex 96.1558 71.938 3.8147e-07
      vertex 95.7198 71.9931 8.9
      vertex 96.1558 71.938 8.9
    endloop
  endfacet
  facet normal 0.125379 0.992109 0
    outer loop
      vertex 95.7198 71.9931 8.9
      vertex 96.1558 71.938 3.8147e-07
      vertex 95.7198 71.9931 3.8147e-07
    endloop
  endfacet
  facet normal -0.770508 -0.637431 0
    outer loop
      vertex 0.948609 1.10409 3.8147e-07
      vertex 0.66844 1.44275 8.9
      vertex 0.66844 1.44275 3.8147e-07
    endloop
  endfacet
  facet normal -0.770508 -0.637431 0
    outer loop
      vertex 0.66844 1.44275 8.9
      vertex 0.948609 1.10409 3.8147e-07
      vertex 0.948609 1.10409 8.9
    endloop
  endfacet
  facet normal 0.998027 -0.0627933 0
    outer loop
      vertex 98.9724 3.06133 8.9
      vertex 99 3.5 3.8147e-07
      vertex 99 3.5 8.9
    endloop
  endfacet
  facet normal 0.998027 -0.0627933 0
    outer loop
      vertex 99 3.5 3.8147e-07
      vertex 98.9724 3.06133 8.9
      vertex 98.9724 3.06133 3.8147e-07
    endloop
  endfacet
  facet normal 0.98227 -0.187472 0
    outer loop
      vertex 98.89 2.62959 8.9
      vertex 98.9724 3.06133 3.8147e-07
      vertex 98.9724 3.06133 8.9
    endloop
  endfacet
  facet normal 0.98227 -0.187472 0
    outer loop
      vertex 98.9724 3.06133 3.8147e-07
      vertex 98.89 2.62959 8.9
      vertex 98.89 2.62959 3.8147e-07
    endloop
  endfacet
  facet normal 0.684558 -0.728958 0
    outer loop
      vertex 97.731 0.803205 3.8147e-07
      vertex 98.0514 1.10409 8.9
      vertex 97.731 0.803205 8.9
    endloop
  endfacet
  facet normal 0.684558 -0.728958 0
    outer loop
      vertex 98.0514 1.10409 8.9
      vertex 97.731 0.803205 3.8147e-07
      vertex 98.0514 1.10409 3.8147e-07
    endloop
  endfacet
  facet normal 0.844342 -0.535805 0
    outer loop
      vertex 98.3316 1.44275 8.9
      vertex 98.5671 1.81386 3.8147e-07
      vertex 98.5671 1.81386 8.9
    endloop
  endfacet
  facet normal 0.844342 -0.535805 0
    outer loop
      vertex 98.5671 1.81386 3.8147e-07
      vertex 98.3316 1.44275 8.9
      vertex 98.3316 1.44275 3.8147e-07
    endloop
  endfacet
  facet normal 0.368171 0.929758 -0
    outer loop
      vertex 96.9902 71.6669 3.8147e-07
      vertex 96.5816 71.8287 8.9
      vertex 96.9902 71.6669 8.9
    endloop
  endfacet
  facet normal 0.368171 0.929758 0
    outer loop
      vertex 96.5816 71.8287 8.9
      vertex 96.9902 71.6669 3.8147e-07
      vertex 96.5816 71.8287 3.8147e-07
    endloop
  endfacet
  facet normal -0.998027 -0.0627897 0
    outer loop
      vertex 0.0275984 3.06133 3.8147e-07
      vertex 0 3.5 8.9
      vertex 0 3.5 3.8147e-07
    endloop
  endfacet
  facet normal -0.998027 -0.0627897 0
    outer loop
      vertex 0 3.5 8.9
      vertex 0.0275984 3.06133 3.8147e-07
      vertex 0.0275984 3.06133 8.9
    endloop
  endfacet
  facet normal 0.587698 0.80908 -0
    outer loop
      vertex 97.731 71.1968 3.8147e-07
      vertex 97.3754 71.4551 8.9
      vertex 97.731 71.1968 8.9
    endloop
  endfacet
  facet normal 0.587698 0.80908 0
    outer loop
      vertex 97.3754 71.4551 8.9
      vertex 97.731 71.1968 3.8147e-07
      vertex 97.3754 71.4551 3.8147e-07
    endloop
  endfacet
  facet normal 0.248633 0.968598 -0
    outer loop
      vertex 96.5816 71.8287 3.8147e-07
      vertex 96.1558 71.938 8.9
      vertex 96.5816 71.8287 8.9
    endloop
  endfacet
  facet normal 0.248633 0.968598 0
    outer loop
      vertex 96.1558 71.938 8.9
      vertex 96.5816 71.8287 3.8147e-07
      vertex 96.1558 71.938 3.8147e-07
    endloop
  endfacet
  facet normal -0.844327 -0.535827 0
    outer loop
      vertex 0.66844 1.44275 3.8147e-07
      vertex 0.432926 1.81386 8.9
      vertex 0.432926 1.81386 3.8147e-07
    endloop
  endfacet
  facet normal -0.844327 -0.535827 0
    outer loop
      vertex 0.432926 1.81386 8.9
      vertex 0.66844 1.44275 3.8147e-07
      vertex 0.66844 1.44275 8.9
    endloop
  endfacet
  facet normal 0.904869 -0.42569 0
    outer loop
      vertex 98.5671 1.81386 8.9
      vertex 98.7542 2.21157 3.8147e-07
      vertex 98.7542 2.21157 8.9
    endloop
  endfacet
  facet normal 0.904869 -0.42569 0
    outer loop
      vertex 98.7542 2.21157 3.8147e-07
      vertex 98.5671 1.81386 8.9
      vertex 98.5671 1.81386 3.8147e-07
    endloop
  endfacet
  facet normal -0.248676 0.968587 0
    outer loop
      vertex 2.84416 71.938 3.8147e-07
      vertex 2.41844 71.8287 8.9
      vertex 2.84416 71.938 8.9
    endloop
  endfacet
  facet normal -0.248676 0.968587 0
    outer loop
      vertex 2.41844 71.8287 8.9
      vertex 2.84416 71.938 3.8147e-07
      vertex 2.41844 71.8287 3.8147e-07
    endloop
  endfacet
  facet normal -0.951056 -0.309017 0
    outer loop
      vertex 0.245782 2.21157 3.8147e-07
      vertex 0.109959 2.62959 8.9
      vertex 0.109959 2.62959 3.8147e-07
    endloop
  endfacet
  facet normal -0.951056 -0.309017 0
    outer loop
      vertex 0.109959 2.62959 8.9
      vertex 0.245782 2.21157 3.8147e-07
      vertex 0.245782 2.21157 8.9
    endloop
  endfacet
  facet normal 0.904865 0.425698 0
    outer loop
      vertex 98.7542 69.7884 8.9
      vertex 98.5671 70.1861 3.8147e-07
      vertex 98.5671 70.1861 8.9
    endloop
  endfacet
  facet normal 0.904865 0.425698 0
    outer loop
      vertex 98.5671 70.1861 3.8147e-07
      vertex 98.7542 69.7884 8.9
      vertex 98.7542 69.7884 3.8147e-07
    endloop
  endfacet
  facet normal 0.248649 -0.968594 0
    outer loop
      vertex 96.1558 0.0619955 3.8147e-07
      vertex 96.5816 0.171303 8.9
      vertex 96.1558 0.0619955 8.9
    endloop
  endfacet
  facet normal 0.248649 -0.968594 0
    outer loop
      vertex 96.5816 0.171303 8.9
      vertex 96.1558 0.0619955 3.8147e-07
      vertex 96.5816 0.171303 3.8147e-07
    endloop
  endfacet
  facet normal 0.125354 -0.992112 0
    outer loop
      vertex 95.7198 0.00690651 3.8147e-07
      vertex 96.1558 0.0619955 8.9
      vertex 95.7198 0.00690651 8.9
    endloop
  endfacet
  facet normal 0.125354 -0.992112 0
    outer loop
      vertex 96.1558 0.0619955 8.9
      vertex 95.7198 0.00690651 3.8147e-07
      vertex 96.1558 0.0619955 3.8147e-07
    endloop
  endfacet
  facet normal 0.481814 0.876274 -0
    outer loop
      vertex 97.3754 71.4551 3.8147e-07
      vertex 96.9902 71.6669 8.9
      vertex 97.3754 71.4551 8.9
    endloop
  endfacet
  facet normal 0.481814 0.876274 0
    outer loop
      vertex 96.9902 71.6669 8.9
      vertex 97.3754 71.4551 3.8147e-07
      vertex 96.9902 71.6669 3.8147e-07
    endloop
  endfacet
  facet normal 0.684577 0.728941 -0
    outer loop
      vertex 98.0514 70.8959 3.8147e-07
      vertex 97.731 71.1968 8.9
      vertex 98.0514 70.8959 8.9
    endloop
  endfacet
  facet normal 0.684577 0.728941 0
    outer loop
      vertex 97.731 71.1968 8.9
      vertex 98.0514 70.8959 3.8147e-07
      vertex 97.731 71.1968 3.8147e-07
    endloop
  endfacet
  facet normal -0.770452 0.637498 0
    outer loop
      vertex 0.66844 70.5573 3.8147e-07
      vertex 0.948609 70.8959 8.9
      vertex 0.948609 70.8959 3.8147e-07
    endloop
  endfacet
  facet normal -0.770452 0.637498 0
    outer loop
      vertex 0.948609 70.8959 8.9
      vertex 0.66844 70.5573 3.8147e-07
      vertex 0.66844 70.5573 8.9
    endloop
  endfacet
  facet normal -0.248692 -0.968583 0
    outer loop
      vertex 2.41844 0.171303 3.8147e-07
      vertex 2.84416 0.0619955 8.9
      vertex 2.41844 0.171303 8.9
    endloop
  endfacet
  facet normal -0.248692 -0.968583 -0
    outer loop
      vertex 2.84416 0.0619955 8.9
      vertex 2.41844 0.171303 3.8147e-07
      vertex 2.84416 0.0619955 3.8147e-07
    endloop
  endfacet
  facet normal 0.951068 0.308983 0
    outer loop
      vertex 98.89 69.3704 8.9
      vertex 98.7542 69.7884 3.8147e-07
      vertex 98.7542 69.7884 8.9
    endloop
  endfacet
  facet normal 0.951068 0.308983 0
    outer loop
      vertex 98.7542 69.7884 3.8147e-07
      vertex 98.89 69.3704 8.9
      vertex 98.89 69.3704 3.8147e-07
    endloop
  endfacet
  facet normal 0.844401 0.535712 0
    outer loop
      vertex 98.5671 70.1861 8.9
      vertex 98.3316 70.5573 3.8147e-07
      vertex 98.3316 70.5573 8.9
    endloop
  endfacet
  facet normal 0.844401 0.535712 0
    outer loop
      vertex 98.3316 70.5573 3.8147e-07
      vertex 98.5671 70.1861 8.9
      vertex 98.5671 70.1861 3.8147e-07
    endloop
  endfacet
  facet normal 0.770417 0.63754 0
    outer loop
      vertex 98.3316 70.5573 8.9
      vertex 98.0514 70.8959 3.8147e-07
      vertex 98.0514 70.8959 8.9
    endloop
  endfacet
  facet normal 0.770417 0.63754 0
    outer loop
      vertex 98.0514 70.8959 3.8147e-07
      vertex 98.3316 70.5573 8.9
      vertex 98.3316 70.5573 3.8147e-07
    endloop
  endfacet
  facet normal -0.368123 -0.929777 0
    outer loop
      vertex 2.00977 0.333106 3.8147e-07
      vertex 2.41844 0.171303 8.9
      vertex 2.00977 0.333106 8.9
    endloop
  endfacet
  facet normal -0.368123 -0.929777 -0
    outer loop
      vertex 2.41844 0.171303 8.9
      vertex 2.00977 0.333106 3.8147e-07
      vertex 2.41844 0.171303 3.8147e-07
    endloop
  endfacet
  facet normal -0.684564 0.728953 0
    outer loop
      vertex 1.26902 71.1968 3.8147e-07
      vertex 0.948609 70.8959 8.9
      vertex 1.26902 71.1968 8.9
    endloop
  endfacet
  facet normal -0.684564 0.728953 0
    outer loop
      vertex 0.948609 70.8959 8.9
      vertex 1.26902 71.1968 3.8147e-07
      vertex 0.948609 70.8959 3.8147e-07
    endloop
  endfacet
  facet normal 0.998027 0.062789 0
    outer loop
      vertex 99 68.5 8.9
      vertex 98.9724 68.9387 3.8147e-07
      vertex 98.9724 68.9387 8.9
    endloop
  endfacet
  facet normal 0.998027 0.062789 0
    outer loop
      vertex 98.9724 68.9387 3.8147e-07
      vertex 99 68.5 8.9
      vertex 99 68.5 3.8147e-07
    endloop
  endfacet
  facet normal 0 0 -1
    outer loop
      vertex 95.9884 0.20592 1.4
      vertex 98.8 3.2 1.4
      vertex 98.7763 2.824 1.4
    endloop
  endfacet
  facet normal -0 0 -1
    outer loop
      vertex 98.8 3.2 1.4
      vertex 95.9884 0.20592 1.4
      vertex 98.8 68.8 1.4
    endloop
  endfacet
  facet normal 0 0 -1
    outer loop
      vertex 95.9884 0.20592 1.4
      vertex 98.7763 2.824 1.4
      vertex 98.7057 2.45393 1.4
    endloop
  endfacet
  facet normal 0 0 -1
    outer loop
      vertex 95.9884 71.7941 1.4
      vertex 98.8 68.8 1.4
      vertex 95.9884 0.20592 1.4
    endloop
  endfacet
  facet normal 0 0 -1
    outer loop
      vertex 95.9884 0.20592 1.4
      vertex 98.7057 2.45393 1.4
      vertex 98.5893 2.09563 1.4
    endloop
  endfacet
  facet normal 0 0 -1
    outer loop
      vertex 98.8 68.8 1.4
      vertex 95.9884 71.7941 1.4
      vertex 98.7763 69.176 1.4
    endloop
  endfacet
  facet normal 0 0 -1
    outer loop
      vertex 95.9884 0.20592 1.4
      vertex 98.5893 2.09563 1.4
      vertex 98.4289 1.75474 1.4
    endloop
  endfacet
  facet normal 0 0 -1
    outer loop
      vertex 98.7763 69.176 1.4
      vertex 95.9884 71.7941 1.4
      vertex 98.7057 69.5461 1.4
    endloop
  endfacet
  facet normal 0 0 -1
    outer loop
      vertex 95.9884 0.20592 1.4
      vertex 98.4289 1.75474 1.4
      vertex 98.2271 1.43664 1.4
    endloop
  endfacet
  facet normal 0 0 -1
    outer loop
      vertex 98.7057 69.5461 1.4
      vertex 95.9884 71.7941 1.4
      vertex 98.5893 69.9044 1.4
    endloop
  endfacet
  facet normal 0 0 -1
    outer loop
      vertex 95.9884 0.20592 1.4
      vertex 98.2271 1.43664 1.4
      vertex 97.9869 1.14636 1.4
    endloop
  endfacet
  facet normal 0 0 -1
    outer loop
      vertex 98.5893 69.9044 1.4
      vertex 95.9884 71.7941 1.4
      vertex 98.4289 70.2453 1.4
    endloop
  endfacet
  facet normal 0 0 -1
    outer loop
      vertex 95.9884 0.20592 1.4
      vertex 97.9869 1.14636 1.4
      vertex 97.7123 0.888461 1.4
    endloop
  endfacet
  facet normal 0 0 -1
    outer loop
      vertex 98.4289 70.2453 1.4
      vertex 95.9884 71.7941 1.4
      vertex 98.2271 70.5634 1.4
    endloop
  endfacet
  facet normal 0 0 -1
    outer loop
      vertex 95.9884 0.20592 1.4
      vertex 97.7123 0.888461 1.4
      vertex 97.4075 0.667017 1.4
    endloop
  endfacet
  facet normal 0 0 -1
    outer loop
      vertex 98.2271 70.5634 1.4
      vertex 95.9884 71.7941 1.4
      vertex 97.9869 70.8536 1.4
    endloop
  endfacet
  facet normal 0 0 -1
    outer loop
      vertex 95.9884 0.20592 1.4
      vertex 97.4075 0.667017 1.4
      vertex 97.0773 0.485519 1.4
    endloop
  endfacet
  facet normal 0 0 -1
    outer loop
      vertex 97.9869 70.8536 1.4
      vertex 95.9884 71.7941 1.4
      vertex 97.7123 71.1115 1.4
    endloop
  endfacet
  facet normal 0 0 -1
    outer loop
      vertex 95.9884 0.20592 1.4
      vertex 97.0773 0.485519 1.4
      vertex 96.7271 0.346831 1.4
    endloop
  endfacet
  facet normal 0 0 -1
    outer loop
      vertex 97.7123 71.1115 1.4
      vertex 95.9884 71.7941 1.4
      vertex 97.4075 71.333 1.4
    endloop
  endfacet
  facet normal 0 0 -1
    outer loop
      vertex 95.9884 0.20592 1.4
      vertex 96.7271 0.346831 1.4
      vertex 96.3621 0.253139 1.4
    endloop
  endfacet
  facet normal 0 0 -1
    outer loop
      vertex 97.4075 71.333 1.4
      vertex 95.9884 71.7941 1.4
      vertex 97.0773 71.5145 1.4
    endloop
  endfacet
  facet normal 0 0 -1
    outer loop
      vertex 97.0773 71.5145 1.4
      vertex 95.9884 71.7941 1.4
      vertex 96.7271 71.6532 1.4
    endloop
  endfacet
  facet normal 0 0 -1
    outer loop
      vertex 96.7271 71.6532 1.4
      vertex 95.9884 71.7941 1.4
      vertex 96.3621 71.7469 1.4
    endloop
  endfacet
  facet normal 0 0 -1
    outer loop
      vertex 3.01163 0.20592 1.4
      vertex 95.9884 71.7941 1.4
      vertex 95.9884 0.20592 1.4
    endloop
  endfacet
  facet normal 0 0 -1
    outer loop
      vertex 3.01163 0.20592 1.4
      vertex 3.01163 71.7941 1.4
      vertex 95.9884 71.7941 1.4
    endloop
  endfacet
  facet normal 0 0 -1
    outer loop
      vertex 0.2 3.2 1.4
      vertex 3.01163 0.20592 1.4
      vertex 2.63786 0.253139 1.4
    endloop
  endfacet
  facet normal 0 0 -1
    outer loop
      vertex 3.01163 0.20592 1.4
      vertex 0.2 3.2 1.4
      vertex 3.01163 71.7941 1.4
    endloop
  endfacet
  facet normal 0 0 -1
    outer loop
      vertex 0.2 3.2 1.4
      vertex 2.63786 0.253139 1.4
      vertex 2.27295 0.346831 1.4
    endloop
  endfacet
  facet normal 0 0 -1
    outer loop
      vertex 0.2 68.8 1.4
      vertex 3.01163 71.7941 1.4
      vertex 0.2 3.2 1.4
    endloop
  endfacet
  facet normal 0 0 -1
    outer loop
      vertex 0.2 3.2 1.4
      vertex 2.27295 0.346831 1.4
      vertex 1.92266 0.485519 1.4
    endloop
  endfacet
  facet normal 0 0 -1
    outer loop
      vertex 3.01163 71.7941 1.4
      vertex 0.2 68.8 1.4
      vertex 2.63786 71.7469 1.4
    endloop
  endfacet
  facet normal 0 0 -1
    outer loop
      vertex 0.2 3.2 1.4
      vertex 1.92266 0.485519 1.4
      vertex 1.59252 0.667017 1.4
    endloop
  endfacet
  facet normal 0 0 -1
    outer loop
      vertex 2.63786 71.7469 1.4
      vertex 0.2 68.8 1.4
      vertex 2.27295 71.6532 1.4
    endloop
  endfacet
  facet normal 0 0 -1
    outer loop
      vertex 0.2 3.2 1.4
      vertex 1.59252 0.667017 1.4
      vertex 1.28773 0.888461 1.4
    endloop
  endfacet
  facet normal 0 0 -1
    outer loop
      vertex 2.27295 71.6532 1.4
      vertex 0.2 68.8 1.4
      vertex 1.92266 71.5145 1.4
    endloop
  endfacet
  facet normal 0 0 -1
    outer loop
      vertex 0.2 3.2 1.4
      vertex 1.28773 0.888461 1.4
      vertex 1.01309 1.14636 1.4
    endloop
  endfacet
  facet normal 0 0 -1
    outer loop
      vertex 1.92266 71.5145 1.4
      vertex 0.2 68.8 1.4
      vertex 1.59252 71.333 1.4
    endloop
  endfacet
  facet normal 0 0 -1
    outer loop
      vertex 0.2 3.2 1.4
      vertex 1.01309 1.14636 1.4
      vertex 0.772948 1.43664 1.4
    endloop
  endfacet
  facet normal 0 0 -1
    outer loop
      vertex 1.59252 71.333 1.4
      vertex 0.2 68.8 1.4
      vertex 1.28773 71.1115 1.4
    endloop
  endfacet
  facet normal 0 0 -1
    outer loop
      vertex 0.2 3.2 1.4
      vertex 0.772948 1.43664 1.4
      vertex 0.571079 1.75474 1.4
    endloop
  endfacet
  facet normal 0 0 -1
    outer loop
      vertex 1.28773 71.1115 1.4
      vertex 0.2 68.8 1.4
      vertex 1.01309 70.8536 1.4
    endloop
  endfacet
  facet normal 0 0 -1
    outer loop
      vertex 0.2 3.2 1.4
      vertex 0.571079 1.75474 1.4
      vertex 0.41067 2.09563 1.4
    endloop
  endfacet
  facet normal 0 0 -1
    outer loop
      vertex 1.01309 70.8536 1.4
      vertex 0.2 68.8 1.4
      vertex 0.772948 70.5634 1.4
    endloop
  endfacet
  facet normal 0 0 -1
    outer loop
      vertex 0.2 3.2 1.4
      vertex 0.41067 2.09563 1.4
      vertex 0.29425 2.45393 1.4
    endloop
  endfacet
  facet normal 0 0 -1
    outer loop
      vertex 0.772948 70.5634 1.4
      vertex 0.2 68.8 1.4
      vertex 0.571079 70.2453 1.4
    endloop
  endfacet
  facet normal 0 0 -1
    outer loop
      vertex 0.2 3.2 1.4
      vertex 0.29425 2.45393 1.4
      vertex 0.223656 2.824 1.4
    endloop
  endfacet
  facet normal 0 0 -1
    outer loop
      vertex 0.571079 70.2453 1.4
      vertex 0.2 68.8 1.4
      vertex 0.41067 69.9044 1.4
    endloop
  endfacet
  facet normal 0 0 -1
    outer loop
      vertex 0.41067 69.9044 1.4
      vertex 0.2 68.8 1.4
      vertex 0.29425 69.5461 1.4
    endloop
  endfacet
  facet normal 0 0 -1
    outer loop
      vertex 0.29425 69.5461 1.4
      vertex 0.2 68.8 1.4
      vertex 0.223656 69.176 1.4
    endloop
  endfacet
  facet normal -0.481852 0.876252 0
    outer loop
      vertex 2.00977 71.6669 3.8147e-07
      vertex 1.62461 71.4551 8.9
      vertex 2.00977 71.6669 8.9
    endloop
  endfacet
  facet normal -0.481852 0.876252 0
    outer loop
      vertex 1.62461 71.4551 8.9
      vertex 2.00977 71.6669 3.8147e-07
      vertex 1.62461 71.4551 3.8147e-07
    endloop
  endfacet
  facet normal 0.982267 0.187488 0
    outer loop
      vertex 98.9724 68.9387 8.9
      vertex 98.89 69.3704 3.8147e-07
      vertex 98.89 69.3704 8.9
    endloop
  endfacet
  facet normal 0.982267 0.187488 0
    outer loop
      vertex 98.89 69.3704 3.8147e-07
      vertex 98.9724 68.9387 8.9
      vertex 98.9724 68.9387 3.8147e-07
    endloop
  endfacet
  facet normal -0.125359 0.992111 0
    outer loop
      vertex 3.28023 71.9931 3.8147e-07
      vertex 2.84416 71.938 8.9
      vertex 3.28023 71.9931 8.9
    endloop
  endfacet
  facet normal -0.125359 0.992111 0
    outer loop
      vertex 2.84416 71.938 8.9
      vertex 3.28023 71.9931 3.8147e-07
      vertex 2.84416 71.938 3.8147e-07
    endloop
  endfacet
  facet normal -0.587709 0.809072 0
    outer loop
      vertex 1.62461 71.4551 3.8147e-07
      vertex 1.26902 71.1968 8.9
      vertex 1.62461 71.4551 8.9
    endloop
  endfacet
  facet normal -0.587709 0.809072 0
    outer loop
      vertex 1.26902 71.1968 8.9
      vertex 1.62461 71.4551 3.8147e-07
      vertex 1.26902 71.1968 3.8147e-07
    endloop
  endfacet
  facet normal -0.951052 0.309031 0
    outer loop
      vertex 0.109959 69.3704 3.8147e-07
      vertex 0.245782 69.7884 8.9
      vertex 0.245782 69.7884 3.8147e-07
    endloop
  endfacet
  facet normal -0.951052 0.309031 0
    outer loop
      vertex 0.245782 69.7884 8.9
      vertex 0.109959 69.3704 3.8147e-07
      vertex 0.109959 69.3704 8.9
    endloop
  endfacet
  facet normal 0 0 -1
    outer loop
      vertex 98.8 3.2 3.8147e-07
      vertex 99 3.5 3.8147e-07
      vertex 98.9724 3.06133 3.8147e-07
    endloop
  endfacet
  facet normal -0 0 -1
    outer loop
      vertex 99 3.5 3.8147e-07
      vertex 98.8 3.2 3.8147e-07
      vertex 99 68.5 3.8147e-07
    endloop
  endfacet
  facet normal 0 0 -1
    outer loop
      vertex 98.7763 2.824 3.8147e-07
      vertex 98.9724 3.06133 3.8147e-07
      vertex 98.89 2.62959 3.8147e-07
    endloop
  endfacet
  facet normal 0 0 -1
    outer loop
      vertex 98.8 68.8 3.8147e-07
      vertex 99 68.5 3.8147e-07
      vertex 98.8 3.2 3.8147e-07
    endloop
  endfacet
  facet normal 0 0 -1
    outer loop
      vertex 99 68.5 3.8147e-07
      vertex 98.8 68.8 3.8147e-07
      vertex 98.9724 68.9387 3.8147e-07
    endloop
  endfacet
  facet normal -0 0 -1
    outer loop
      vertex 98.9724 3.06133 3.8147e-07
      vertex 98.7763 2.824 3.8147e-07
      vertex 98.8 3.2 3.8147e-07
    endloop
  endfacet
  facet normal 0 0 -1
    outer loop
      vertex 98.7057 2.45393 3.8147e-07
      vertex 98.89 2.62959 3.8147e-07
      vertex 98.7542 2.21157 3.8147e-07
    endloop
  endfacet
  facet normal -0 0 -1
    outer loop
      vertex 98.89 2.62959 3.8147e-07
      vertex 98.7057 2.45393 3.8147e-07
      vertex 98.7763 2.824 3.8147e-07
    endloop
  endfacet
  facet normal -0 0 -1
    outer loop
      vertex 98.7542 2.21157 3.8147e-07
      vertex 98.5893 2.09563 3.8147e-07
      vertex 98.7057 2.45393 3.8147e-07
    endloop
  endfacet
  facet normal 0 0 -1
    outer loop
      vertex 98.5671 1.81386 3.8147e-07
      vertex 98.5893 2.09563 3.8147e-07
      vertex 98.7542 2.21157 3.8147e-07
    endloop
  endfacet
  facet normal -0 0 -1
    outer loop
      vertex 98.5671 1.81386 3.8147e-07
      vertex 98.4289 1.75474 3.8147e-07
      vertex 98.5893 2.09563 3.8147e-07
    endloop
  endfacet
  facet normal 0 0 -1
    outer loop
      vertex 98.3316 1.44275 3.8147e-07
      vertex 98.4289 1.75474 3.8147e-07
      vertex 98.5671 1.81386 3.8147e-07
    endloop
  endfacet
  facet normal -0 0 -1
    outer loop
      vertex 98.3316 1.44275 3.8147e-07
      vertex 98.2271 1.43664 3.8147e-07
      vertex 98.4289 1.75474 3.8147e-07
    endloop
  endfacet
  facet normal 0 0 -1
    outer loop
      vertex 98.0514 1.10409 3.8147e-07
      vertex 98.2271 1.43664 3.8147e-07
      vertex 98.3316 1.44275 3.8147e-07
    endloop
  endfacet
  facet normal 0 0 -1
    outer loop
      vertex 98.0514 1.10409 3.8147e-07
      vertex 97.9869 1.14636 3.8147e-07
      vertex 98.2271 1.43664 3.8147e-07
    endloop
  endfacet
  facet normal 0 0 -1
    outer loop
      vertex 97.7123 0.888461 3.8147e-07
      vertex 98.0514 1.10409 3.8147e-07
      vertex 97.731 0.803205 3.8147e-07
    endloop
  endfacet
  facet normal -0 0 -1
    outer loop
      vertex 98.0514 1.10409 3.8147e-07
      vertex 97.7123 0.888461 3.8147e-07
      vertex 97.9869 1.14636 3.8147e-07
    endloop
  endfacet
  facet normal -0 0 -1
    outer loop
      vertex 97.731 0.803205 3.8147e-07
      vertex 97.4075 0.667017 3.8147e-07
      vertex 97.7123 0.888461 3.8147e-07
    endloop
  endfacet
  facet normal 0 0 -1
    outer loop
      vertex 97.3754 0.544853 3.8147e-07
      vertex 97.4075 0.667017 3.8147e-07
      vertex 97.731 0.803205 3.8147e-07
    endloop
  endfacet
  facet normal -0 0 -1
    outer loop
      vertex 97.3754 0.544853 3.8147e-07
      vertex 97.0773 0.485519 3.8147e-07
      vertex 97.4075 0.667017 3.8147e-07
    endloop
  endfacet
  facet normal 0 0 -1
    outer loop
      vertex 96.9902 0.333106 3.8147e-07
      vertex 97.0773 0.485519 3.8147e-07
      vertex 97.3754 0.544853 3.8147e-07
    endloop
  endfacet
  facet normal 0 0 -1
    outer loop
      vertex 96.9902 0.333106 3.8147e-07
      vertex 96.7271 0.346831 3.8147e-07
      vertex 97.0773 0.485519 3.8147e-07
    endloop
  endfacet
  facet normal 0 0 -1
    outer loop
      vertex 96.5816 0.171303 3.8147e-07
      vertex 96.7271 0.346831 3.8147e-07
      vertex 96.9902 0.333106 3.8147e-07
    endloop
  endfacet
  facet normal 0 0 -1
    outer loop
      vertex 96.5816 0.171303 3.8147e-07
      vertex 96.3621 0.253139 3.8147e-07
      vertex 96.7271 0.346831 3.8147e-07
    endloop
  endfacet
  facet normal 0 0 -1
    outer loop
      vertex 96.1558 0.0619955 3.8147e-07
      vertex 96.3621 0.253139 3.8147e-07
      vertex 96.5816 0.171303 3.8147e-07
    endloop
  endfacet
  facet normal 0 0 -1
    outer loop
      vertex 96.1558 0.0619955 3.8147e-07
      vertex 95.9884 0.20592 3.8147e-07
      vertex 96.3621 0.253139 3.8147e-07
    endloop
  endfacet
  facet normal 0 0 -1
    outer loop
      vertex 95.7198 0.00690651 3.8147e-07
      vertex 95.9884 0.20592 3.8147e-07
      vertex 96.1558 0.0619955 3.8147e-07
    endloop
  endfacet
  facet normal 0 0 -1
    outer loop
      vertex 3.28023 0.00690651 3.8147e-07
      vertex 95.9884 0.20592 3.8147e-07
      vertex 95.7198 0.00690651 3.8147e-07
    endloop
  endfacet
  facet normal 0 0 -1
    outer loop
      vertex 3.28023 0.00690651 3.8147e-07
      vertex 3.01163 0.20592 3.8147e-07
      vertex 95.9884 0.20592 3.8147e-07
    endloop
  endfacet
  facet normal 0 0 -1
    outer loop
      vertex 2.84416 0.0619955 3.8147e-07
      vertex 3.01163 0.20592 3.8147e-07
      vertex 3.28023 0.00690651 3.8147e-07
    endloop
  endfacet
  facet normal 0 0 -1
    outer loop
      vertex 2.84416 0.0619955 3.8147e-07
      vertex 2.63786 0.253139 3.8147e-07
      vertex 3.01163 0.20592 3.8147e-07
    endloop
  endfacet
  facet normal 0 0 -1
    outer loop
      vertex 2.41844 0.171303 3.8147e-07
      vertex 2.63786 0.253139 3.8147e-07
      vertex 2.84416 0.0619955 3.8147e-07
    endloop
  endfacet
  facet normal 0 0 -1
    outer loop
      vertex 2.41844 0.171303 3.8147e-07
      vertex 2.27295 0.346831 3.8147e-07
      vertex 2.63786 0.253139 3.8147e-07
    endloop
  endfacet
  facet normal 0 0 -1
    outer loop
      vertex 2.00977 0.333106 3.8147e-07
      vertex 2.27295 0.346831 3.8147e-07
      vertex 2.41844 0.171303 3.8147e-07
    endloop
  endfacet
  facet normal 0 0 -1
    outer loop
      vertex 2.00977 0.333106 3.8147e-07
      vertex 1.92266 0.485519 3.8147e-07
      vertex 2.27295 0.346831 3.8147e-07
    endloop
  endfacet
  facet normal 0 0 -1
    outer loop
      vertex 1.62461 0.544853 3.8147e-07
      vertex 1.92266 0.485519 3.8147e-07
      vertex 2.00977 0.333106 3.8147e-07
    endloop
  endfacet
  facet normal 0 0 -1
    outer loop
      vertex 1.62461 0.544853 3.8147e-07
      vertex 1.59252 0.667017 3.8147e-07
      vertex 1.92266 0.485519 3.8147e-07
    endloop
  endfacet
  facet normal 0 0 -1
    outer loop
      vertex 1.26902 0.803205 3.8147e-07
      vertex 1.59252 0.667017 3.8147e-07
      vertex 1.62461 0.544853 3.8147e-07
    endloop
  endfacet
  facet normal 0 0 -1
    outer loop
      vertex 1.59252 0.667017 3.8147e-07
      vertex 1.26902 0.803205 3.8147e-07
      vertex 1.28773 0.888461 3.8147e-07
    endloop
  endfacet
  facet normal 0 0 -1
    outer loop
      vertex 0.948609 1.10409 3.8147e-07
      vertex 1.28773 0.888461 3.8147e-07
      vertex 1.26902 0.803205 3.8147e-07
    endloop
  endfacet
  facet normal 0 0 -1
    outer loop
      vertex 1.28773 0.888461 3.8147e-07
      vertex 0.948609 1.10409 3.8147e-07
      vertex 1.01309 1.14636 3.8147e-07
    endloop
  endfacet
  facet normal 0 0 -1
    outer loop
      vertex 0.948609 1.10409 3.8147e-07
      vertex 0.772948 1.43664 3.8147e-07
      vertex 1.01309 1.14636 3.8147e-07
    endloop
  endfacet
  facet normal 0 0 -1
    outer loop
      vertex 0.66844 1.44275 3.8147e-07
      vertex 0.772948 1.43664 3.8147e-07
      vertex 0.948609 1.10409 3.8147e-07
    endloop
  endfacet
  facet normal 0 0 -1
    outer loop
      vertex 0.66844 1.44275 3.8147e-07
      vertex 0.571079 1.75474 3.8147e-07
      vertex 0.772948 1.43664 3.8147e-07
    endloop
  endfacet
  facet normal 0 0 -1
    outer loop
      vertex 0.432926 1.81386 3.8147e-07
      vertex 0.571079 1.75474 3.8147e-07
      vertex 0.66844 1.44275 3.8147e-07
    endloop
  endfacet
  facet normal 0 0 -1
    outer loop
      vertex 0.432926 1.81386 3.8147e-07
      vertex 0.41067 2.09563 3.8147e-07
      vertex 0.571079 1.75474 3.8147e-07
    endloop
  endfacet
  facet normal 0 0 -1
    outer loop
      vertex 0.245782 2.21157 3.8147e-07
      vertex 0.41067 2.09563 3.8147e-07
      vertex 0.432926 1.81386 3.8147e-07
    endloop
  endfacet
  facet normal 0 0 -1
    outer loop
      vertex 0.41067 2.09563 3.8147e-07
      vertex 0.245782 2.21157 3.8147e-07
      vertex 0.29425 2.45393 3.8147e-07
    endloop
  endfacet
  facet normal 0 0 -1
    outer loop
      vertex 0.109959 2.62959 3.8147e-07
      vertex 0.29425 2.45393 3.8147e-07
      vertex 0.245782 2.21157 3.8147e-07
    endloop
  endfacet
  facet normal 0 0 -1
    outer loop
      vertex 0.29425 2.45393 3.8147e-07
      vertex 0.109959 2.62959 3.8147e-07
      vertex 0.223656 2.824 3.8147e-07
    endloop
  endfacet
  facet normal 0 0 -1
    outer loop
      vertex 0.223656 2.824 3.8147e-07
      vertex 0.0275984 3.06133 3.8147e-07
      vertex 0.2 3.2 3.8147e-07
    endloop
  endfacet
  facet normal 0 0 -1
    outer loop
      vertex 0.0275984 3.06133 3.8147e-07
      vertex 0.223656 2.824 3.8147e-07
      vertex 0.109959 2.62959 3.8147e-07
    endloop
  endfacet
  facet normal 0 0 -1
    outer loop
      vertex 98.7763 69.176 3.8147e-07
      vertex 98.9724 68.9387 3.8147e-07
      vertex 98.8 68.8 3.8147e-07
    endloop
  endfacet
  facet normal 0 0 -1
    outer loop
      vertex 98.9724 68.9387 3.8147e-07
      vertex 98.7763 69.176 3.8147e-07
      vertex 98.89 69.3704 3.8147e-07
    endloop
  endfacet
  facet normal 0 0 -1
    outer loop
      vertex 98.7057 69.5461 3.8147e-07
      vertex 98.89 69.3704 3.8147e-07
      vertex 98.7763 69.176 3.8147e-07
    endloop
  endfacet
  facet normal 0 0 -1
    outer loop
      vertex 98.89 69.3704 3.8147e-07
      vertex 98.7057 69.5461 3.8147e-07
      vertex 98.7542 69.7884 3.8147e-07
    endloop
  endfacet
  facet normal 0 0 -1
    outer loop
      vertex 98.5893 69.9044 3.8147e-07
      vertex 98.7542 69.7884 3.8147e-07
      vertex 98.7057 69.5461 3.8147e-07
    endloop
  endfacet
  facet normal 0 0 -1
    outer loop
      vertex 98.5893 69.9044 3.8147e-07
      vertex 98.5671 70.1861 3.8147e-07
      vertex 98.7542 69.7884 3.8147e-07
    endloop
  endfacet
  facet normal 0 0 -1
    outer loop
      vertex 98.4289 70.2453 3.8147e-07
      vertex 98.5671 70.1861 3.8147e-07
      vertex 98.5893 69.9044 3.8147e-07
    endloop
  endfacet
  facet normal 0 0 -1
    outer loop
      vertex 98.4289 70.2453 3.8147e-07
      vertex 98.3316 70.5573 3.8147e-07
      vertex 98.5671 70.1861 3.8147e-07
    endloop
  endfacet
  facet normal 0 0 -1
    outer loop
      vertex 98.2271 70.5634 3.8147e-07
      vertex 98.3316 70.5573 3.8147e-07
      vertex 98.4289 70.2453 3.8147e-07
    endloop
  endfacet
  facet normal 0 0 -1
    outer loop
      vertex 98.2271 70.5634 3.8147e-07
      vertex 98.0514 70.8959 3.8147e-07
      vertex 98.3316 70.5573 3.8147e-07
    endloop
  endfacet
  facet normal 0 0 -1
    outer loop
      vertex 97.9869 70.8536 3.8147e-07
      vertex 98.0514 70.8959 3.8147e-07
      vertex 98.2271 70.5634 3.8147e-07
    endloop
  endfacet
  facet normal 0 0 -1
    outer loop
      vertex 97.7123 71.1115 3.8147e-07
      vertex 98.0514 70.8959 3.8147e-07
      vertex 97.9869 70.8536 3.8147e-07
    endloop
  endfacet
  facet normal 0 0 -1
    outer loop
      vertex 98.0514 70.8959 3.8147e-07
      vertex 97.7123 71.1115 3.8147e-07
      vertex 97.731 71.1968 3.8147e-07
    endloop
  endfacet
  facet normal 0 0 -1
    outer loop
      vertex 97.4075 71.333 3.8147e-07
      vertex 97.731 71.1968 3.8147e-07
      vertex 97.7123 71.1115 3.8147e-07
    endloop
  endfacet
  facet normal 0 0 -1
    outer loop
      vertex 97.4075 71.333 3.8147e-07
      vertex 97.3754 71.4551 3.8147e-07
      vertex 97.731 71.1968 3.8147e-07
    endloop
  endfacet
  facet normal 0 0 -1
    outer loop
      vertex 97.0773 71.5145 3.8147e-07
      vertex 97.3754 71.4551 3.8147e-07
      vertex 97.4075 71.333 3.8147e-07
    endloop
  endfacet
  facet normal 0 0 -1
    outer loop
      vertex 97.0773 71.5145 3.8147e-07
      vertex 96.9902 71.6669 3.8147e-07
      vertex 97.3754 71.4551 3.8147e-07
    endloop
  endfacet
  facet normal 0 0 -1
    outer loop
      vertex 96.7271 71.6532 3.8147e-07
      vertex 96.9902 71.6669 3.8147e-07
      vertex 97.0773 71.5145 3.8147e-07
    endloop
  endfacet
  facet normal 0 0 -1
    outer loop
      vertex 96.7271 71.6532 3.8147e-07
      vertex 96.5816 71.8287 3.8147e-07
      vertex 96.9902 71.6669 3.8147e-07
    endloop
  endfacet
  facet normal 0 0 -1
    outer loop
      vertex 96.3621 71.7469 3.8147e-07
      vertex 96.5816 71.8287 3.8147e-07
      vertex 96.7271 71.6532 3.8147e-07
    endloop
  endfacet
  facet normal 0 0 -1
    outer loop
      vertex 96.3621 71.7469 3.8147e-07
      vertex 96.1558 71.938 3.8147e-07
      vertex 96.5816 71.8287 3.8147e-07
    endloop
  endfacet
  facet normal 0 0 -1
    outer loop
      vertex 95.9884 71.7941 3.8147e-07
      vertex 96.1558 71.938 3.8147e-07
      vertex 96.3621 71.7469 3.8147e-07
    endloop
  endfacet
  facet normal 0 0 -1
    outer loop
      vertex 95.9884 71.7941 3.8147e-07
      vertex 95.7198 71.9931 3.8147e-07
      vertex 96.1558 71.938 3.8147e-07
    endloop
  endfacet
  facet normal 0 0 -1
    outer loop
      vertex 95.9884 71.7941 3.8147e-07
      vertex 3.28023 71.9931 3.8147e-07
      vertex 95.7198 71.9931 3.8147e-07
    endloop
  endfacet
  facet normal 0 0 -1
    outer loop
      vertex 3.01163 71.7941 3.8147e-07
      vertex 3.28023 71.9931 3.8147e-07
      vertex 95.9884 71.7941 3.8147e-07
    endloop
  endfacet
  facet normal 0 0 -1
    outer loop
      vertex 3.01163 71.7941 3.8147e-07
      vertex 2.84416 71.938 3.8147e-07
      vertex 3.28023 71.9931 3.8147e-07
    endloop
  endfacet
  facet normal 0 0 -1
    outer loop
      vertex 2.63786 71.7469 3.8147e-07
      vertex 2.84416 71.938 3.8147e-07
      vertex 3.01163 71.7941 3.8147e-07
    endloop
  endfacet
  facet normal 0 0 -1
    outer loop
      vertex 2.63786 71.7469 3.8147e-07
      vertex 2.41844 71.8287 3.8147e-07
      vertex 2.84416 71.938 3.8147e-07
    endloop
  endfacet
  facet normal 0 0 -1
    outer loop
      vertex 2.27295 71.6532 3.8147e-07
      vertex 2.41844 71.8287 3.8147e-07
      vertex 2.63786 71.7469 3.8147e-07
    endloop
  endfacet
  facet normal 0 0 -1
    outer loop
      vertex 2.27295 71.6532 3.8147e-07
      vertex 2.00977 71.6669 3.8147e-07
      vertex 2.41844 71.8287 3.8147e-07
    endloop
  endfacet
  facet normal 0 0 -1
    outer loop
      vertex 1.92266 71.5145 3.8147e-07
      vertex 2.00977 71.6669 3.8147e-07
      vertex 2.27295 71.6532 3.8147e-07
    endloop
  endfacet
  facet normal -0 0 -1
    outer loop
      vertex 1.92266 71.5145 3.8147e-07
      vertex 1.62461 71.4551 3.8147e-07
      vertex 2.00977 71.6669 3.8147e-07
    endloop
  endfacet
  facet normal 0 0 -1
    outer loop
      vertex 1.59252 71.333 3.8147e-07
      vertex 1.62461 71.4551 3.8147e-07
      vertex 1.92266 71.5145 3.8147e-07
    endloop
  endfacet
  facet normal 0 0 -1
    outer loop
      vertex 1.26902 71.1968 3.8147e-07
      vertex 1.59252 71.333 3.8147e-07
      vertex 1.28773 71.1115 3.8147e-07
    endloop
  endfacet
  facet normal -0 0 -1
    outer loop
      vertex 1.59252 71.333 3.8147e-07
      vertex 1.26902 71.1968 3.8147e-07
      vertex 1.62461 71.4551 3.8147e-07
    endloop
  endfacet
  facet normal 0 0 -1
    outer loop
      vertex 0.948609 70.8959 3.8147e-07
      vertex 1.28773 71.1115 3.8147e-07
      vertex 1.01309 70.8536 3.8147e-07
    endloop
  endfacet
  facet normal -0 0 -1
    outer loop
      vertex 1.28773 71.1115 3.8147e-07
      vertex 0.948609 70.8959 3.8147e-07
      vertex 1.26902 71.1968 3.8147e-07
    endloop
  endfacet
  facet normal 0 0 -1
    outer loop
      vertex 0.772948 70.5634 3.8147e-07
      vertex 0.948609 70.8959 3.8147e-07
      vertex 1.01309 70.8536 3.8147e-07
    endloop
  endfacet
  facet normal -0 0 -1
    outer loop
      vertex 0.772948 70.5634 3.8147e-07
      vertex 0.66844 70.5573 3.8147e-07
      vertex 0.948609 70.8959 3.8147e-07
    endloop
  endfacet
  facet normal 0 0 -1
    outer loop
      vertex 0.571079 70.2453 3.8147e-07
      vertex 0.66844 70.5573 3.8147e-07
      vertex 0.772948 70.5634 3.8147e-07
    endloop
  endfacet
  facet normal -0 0 -1
    outer loop
      vertex 0.571079 70.2453 3.8147e-07
      vertex 0.432926 70.1861 3.8147e-07
      vertex 0.66844 70.5573 3.8147e-07
    endloop
  endfacet
  facet normal 0 0 -1
    outer loop
      vertex 0.41067 69.9044 3.8147e-07
      vertex 0.432926 70.1861 3.8147e-07
      vertex 0.571079 70.2453 3.8147e-07
    endloop
  endfacet
  facet normal 0 0 -1
    outer loop
      vertex 0.245782 69.7884 3.8147e-07
      vertex 0.41067 69.9044 3.8147e-07
      vertex 0.29425 69.5461 3.8147e-07
    endloop
  endfacet
  facet normal -0 0 -1
    outer loop
      vertex 0.41067 69.9044 3.8147e-07
      vertex 0.245782 69.7884 3.8147e-07
      vertex 0.432926 70.1861 3.8147e-07
    endloop
  endfacet
  facet normal 0 0 -1
    outer loop
      vertex 0.109959 69.3704 3.8147e-07
      vertex 0.29425 69.5461 3.8147e-07
      vertex 0.223656 69.176 3.8147e-07
    endloop
  endfacet
  facet normal 0 0 -1
    outer loop
      vertex 0.0275984 68.9387 3.8147e-07
      vertex 0.223656 69.176 3.8147e-07
      vertex 0.2 68.8 3.8147e-07
    endloop
  endfacet
  facet normal -0 0 -1
    outer loop
      vertex 0.29425 69.5461 3.8147e-07
      vertex 0.109959 69.3704 3.8147e-07
      vertex 0.245782 69.7884 3.8147e-07
    endloop
  endfacet
  facet normal 0 0 -1
    outer loop
      vertex 0.2 3.2 3.8147e-07
      vertex 0 3.5 3.8147e-07
      vertex 0.2 68.8 3.8147e-07
    endloop
  endfacet
  facet normal -0 0 -1
    outer loop
      vertex 0.2 3.2 3.8147e-07
      vertex 0.0275984 3.06133 3.8147e-07
      vertex 0 3.5 3.8147e-07
    endloop
  endfacet
  facet normal 0 0 -1
    outer loop
      vertex 0 68.5 3.8147e-07
      vertex 0.2 68.8 3.8147e-07
      vertex 0 3.5 3.8147e-07
    endloop
  endfacet
  facet normal 0 -0 -1
    outer loop
      vertex 0.0275984 68.9387 3.8147e-07
      vertex 0.2 68.8 3.8147e-07
      vertex 0 68.5 3.8147e-07
    endloop
  endfacet
  facet normal -0 0 -1
    outer loop
      vertex 0.223656 69.176 3.8147e-07
      vertex 0.0275984 68.9387 3.8147e-07
      vertex 0.109959 69.3704 3.8147e-07
    endloop
  endfacet
  facet normal -0.587775 0.809025 0
    outer loop
      vertex 97.7123 0.888461 3.8147e-07
      vertex 97.4075 0.667017 1.4
      vertex 97.7123 0.888461 1.4
    endloop
  endfacet
  facet normal -0.587775 0.809025 0
    outer loop
      vertex 97.4075 0.667017 1.4
      vertex 97.7123 0.888461 3.8147e-07
      vertex 97.4075 0.667017 3.8147e-07
    endloop
  endfacet
  facet normal 0.98229 -0.187365 0
    outer loop
      vertex 0.223656 69.176 1.4
      vertex 0.29425 69.5461 3.8147e-07
      vertex 0.29425 69.5461 1.4
    endloop
  endfacet
  facet normal 0.98229 -0.187365 0
    outer loop
      vertex 0.29425 69.5461 3.8147e-07
      vertex 0.223656 69.176 1.4
      vertex 0.223656 69.176 3.8147e-07
    endloop
  endfacet
  facet normal 0.998027 -0.0627907 0
    outer loop
      vertex 0.2 68.8 1.4
      vertex 0.223656 69.176 3.8147e-07
      vertex 0.223656 69.176 1.4
    endloop
  endfacet
  facet normal 0.998027 -0.0627907 0
    outer loop
      vertex 0.223656 69.176 3.8147e-07
      vertex 0.2 68.8 1.4
      vertex 0.2 68.8 3.8147e-07
    endloop
  endfacet
  facet normal -0.998019 -0.0629071 0
    outer loop
      vertex 98.8 68.8 3.8147e-07
      vertex 98.7763 69.176 1.4
      vertex 98.7763 69.176 3.8147e-07
    endloop
  endfacet
  facet normal -0.998019 -0.0629071 0
    outer loop
      vertex 98.7763 69.176 1.4
      vertex 98.8 68.8 3.8147e-07
      vertex 98.8 68.8 1.4
    endloop
  endfacet
  facet normal -1 0 0
    outer loop
      vertex 98.8 3.2 3.8147e-07
      vertex 98.8 68.8 1.4
      vertex 98.8 68.8 3.8147e-07
    endloop
  endfacet
  facet normal -1 -0 0
    outer loop
      vertex 98.8 68.8 1.4
      vertex 98.8 3.2 3.8147e-07
      vertex 98.8 3.2 1.4
    endloop
  endfacet
  facet normal 0 1 -0
    outer loop
      vertex 95.9884 0.20592 3.8147e-07
      vertex 3.01163 0.20592 1.4
      vertex 95.9884 0.20592 1.4
    endloop
  endfacet
  facet normal 0 1 0
    outer loop
      vertex 3.01163 0.20592 1.4
      vertex 95.9884 0.20592 3.8147e-07
      vertex 3.01163 0.20592 3.8147e-07
    endloop
  endfacet
  facet normal 1 -0 0
    outer loop
      vertex 0.2 3.2 1.4
      vertex 0.2 68.8 3.8147e-07
      vertex 0.2 68.8 1.4
    endloop
  endfacet
  facet normal 1 0 0
    outer loop
      vertex 0.2 68.8 3.8147e-07
      vertex 0.2 3.2 1.4
      vertex 0.2 3.2 3.8147e-07
    endloop
  endfacet
  facet normal -0.844415 0.53569 0
    outer loop
      vertex 98.2271 1.43664 3.8147e-07
      vertex 98.4289 1.75474 1.4
      vertex 98.4289 1.75474 3.8147e-07
    endloop
  endfacet
  facet normal -0.844415 0.53569 0
    outer loop
      vertex 98.4289 1.75474 1.4
      vertex 98.2271 1.43664 3.8147e-07
      vertex 98.2271 1.43664 1.4
    endloop
  endfacet
  facet normal 0 -1 0
    outer loop
      vertex 3.01163 71.7941 3.8147e-07
      vertex 95.9884 71.7941 1.4
      vertex 3.01163 71.7941 1.4
    endloop
  endfacet
  facet normal 0 -1 -0
    outer loop
      vertex 95.9884 71.7941 1.4
      vertex 3.01163 71.7941 3.8147e-07
      vertex 95.9884 71.7941 3.8147e-07
    endloop
  endfacet
  facet normal 0.481762 -0.876302 0
    outer loop
      vertex 1.59252 71.333 3.8147e-07
      vertex 1.92266 71.5145 1.4
      vertex 1.59252 71.333 1.4
    endloop
  endfacet
  facet normal 0.481762 -0.876302 0
    outer loop
      vertex 1.92266 71.5145 1.4
      vertex 1.59252 71.333 3.8147e-07
      vertex 1.92266 71.5145 3.8147e-07
    endloop
  endfacet
  facet normal -0.951071 0.308972 0
    outer loop
      vertex 98.5893 2.09563 3.8147e-07
      vertex 98.7057 2.45393 1.4
      vertex 98.7057 2.45393 3.8147e-07
    endloop
  endfacet
  facet normal -0.951071 0.308972 0
    outer loop
      vertex 98.7057 2.45393 1.4
      vertex 98.5893 2.09563 3.8147e-07
      vertex 98.5893 2.09563 1.4
    endloop
  endfacet
  facet normal -0.998019 0.0629071 0
    outer loop
      vertex 98.7763 2.824 3.8147e-07
      vertex 98.8 3.2 1.4
      vertex 98.8 3.2 3.8147e-07
    endloop
  endfacet
  facet normal -0.998019 0.0629071 0
    outer loop
      vertex 98.8 3.2 1.4
      vertex 98.7763 2.824 3.8147e-07
      vertex 98.7763 2.824 1.4
    endloop
  endfacet
  facet normal 0.904829 0.425776 0
    outer loop
      vertex 0.571079 1.75474 1.4
      vertex 0.41067 2.09563 3.8147e-07
      vertex 0.41067 2.09563 1.4
    endloop
  endfacet
  facet normal 0.904829 0.425776 0
    outer loop
      vertex 0.41067 2.09563 3.8147e-07
      vertex 0.571079 1.75474 1.4
      vertex 0.571079 1.75474 3.8147e-07
    endloop
  endfacet
  facet normal 0.951056 -0.30902 0
    outer loop
      vertex 0.29425 69.5461 1.4
      vertex 0.41067 69.9044 3.8147e-07
      vertex 0.41067 69.9044 1.4
    endloop
  endfacet
  facet normal 0.951056 -0.30902 0
    outer loop
      vertex 0.41067 69.9044 3.8147e-07
      vertex 0.29425 69.5461 1.4
      vertex 0.29425 69.5461 3.8147e-07
    endloop
  endfacet
  facet normal -0.904838 0.425756 0
    outer loop
      vertex 98.4289 1.75474 3.8147e-07
      vertex 98.5893 2.09563 1.4
      vertex 98.5893 2.09563 3.8147e-07
    endloop
  endfacet
  facet normal -0.904838 0.425756 0
    outer loop
      vertex 98.5893 2.09563 1.4
      vertex 98.4289 1.75474 3.8147e-07
      vertex 98.4289 1.75474 1.4
    endloop
  endfacet
  facet normal 0.844332 -0.53582 0
    outer loop
      vertex 0.571079 70.2453 1.4
      vertex 0.772948 70.5634 3.8147e-07
      vertex 0.772948 70.5634 1.4
    endloop
  endfacet
  facet normal 0.844332 -0.53582 0
    outer loop
      vertex 0.772948 70.5634 3.8147e-07
      vertex 0.571079 70.2453 1.4
      vertex 0.571079 70.2453 3.8147e-07
    endloop
  endfacet
  facet normal 0.248687 0.968584 -0
    outer loop
      vertex 2.63786 0.253139 3.8147e-07
      vertex 2.27295 0.346831 1.4
      vertex 2.63786 0.253139 1.4
    endloop
  endfacet
  facet normal 0.248687 0.968584 0
    outer loop
      vertex 2.27295 0.346831 1.4
      vertex 2.63786 0.253139 3.8147e-07
      vertex 2.27295 0.346831 3.8147e-07
    endloop
  endfacet
  facet normal 0.587787 0.809016 -0
    outer loop
      vertex 1.59252 0.667017 3.8147e-07
      vertex 1.28773 0.888461 1.4
      vertex 1.59252 0.667017 1.4
    endloop
  endfacet
  facet normal 0.587787 0.809016 0
    outer loop
      vertex 1.28773 0.888461 1.4
      vertex 1.59252 0.667017 3.8147e-07
      vertex 1.28773 0.888461 3.8147e-07
    endloop
  endfacet
  facet normal 0.982288 0.18738 0
    outer loop
      vertex 0.29425 2.45393 1.4
      vertex 0.223656 2.824 3.8147e-07
      vertex 0.223656 2.824 1.4
    endloop
  endfacet
  facet normal 0.982288 0.18738 0
    outer loop
      vertex 0.223656 2.824 3.8147e-07
      vertex 0.29425 2.45393 1.4
      vertex 0.29425 2.45393 3.8147e-07
    endloop
  endfacet
  facet normal 0.68454 0.728975 -0
    outer loop
      vertex 1.28773 0.888461 3.8147e-07
      vertex 1.01309 1.14636 1.4
      vertex 1.28773 0.888461 1.4
    endloop
  endfacet
  facet normal 0.68454 0.728975 0
    outer loop
      vertex 1.01309 1.14636 1.4
      vertex 1.28773 0.888461 3.8147e-07
      vertex 1.01309 1.14636 3.8147e-07
    endloop
  endfacet
  facet normal -0.368203 0.929746 0
    outer loop
      vertex 97.0773 0.485519 3.8147e-07
      vertex 96.7271 0.346831 1.4
      vertex 97.0773 0.485519 1.4
    endloop
  endfacet
  facet normal -0.368203 0.929746 0
    outer loop
      vertex 96.7271 0.346831 1.4
      vertex 97.0773 0.485519 3.8147e-07
      vertex 96.7271 0.346831 3.8147e-07
    endloop
  endfacet
  facet normal 0.998027 0.0627907 0
    outer loop
      vertex 0.223656 2.824 1.4
      vertex 0.2 3.2 3.8147e-07
      vertex 0.2 3.2 1.4
    endloop
  endfacet
  facet normal 0.998027 0.0627907 0
    outer loop
      vertex 0.2 3.2 3.8147e-07
      vertex 0.223656 2.824 1.4
      vertex 0.223656 2.824 3.8147e-07
    endloop
  endfacet
  facet normal -0.770436 0.637518 0
    outer loop
      vertex 97.9869 1.14636 3.8147e-07
      vertex 98.2271 1.43664 1.4
      vertex 98.2271 1.43664 3.8147e-07
    endloop
  endfacet
  facet normal -0.770436 0.637518 0
    outer loop
      vertex 98.2271 1.43664 1.4
      vertex 97.9869 1.14636 3.8147e-07
      vertex 97.9869 1.14636 1.4
    endloop
  endfacet
  facet normal -0.24865 -0.968593 0
    outer loop
      vertex 96.3621 71.7469 3.8147e-07
      vertex 96.7271 71.6532 1.4
      vertex 96.3621 71.7469 1.4
    endloop
  endfacet
  facet normal -0.24865 -0.968593 -0
    outer loop
      vertex 96.7271 71.6532 1.4
      vertex 96.3621 71.7469 3.8147e-07
      vertex 96.7271 71.6532 3.8147e-07
    endloop
  endfacet
  facet normal -0.684593 0.728926 0
    outer loop
      vertex 97.9869 1.14636 3.8147e-07
      vertex 97.7123 0.888461 1.4
      vertex 97.9869 1.14636 1.4
    endloop
  endfacet
  facet normal -0.684593 0.728926 0
    outer loop
      vertex 97.7123 0.888461 1.4
      vertex 97.9869 1.14636 3.8147e-07
      vertex 97.7123 0.888461 3.8147e-07
    endloop
  endfacet
  facet normal -0.587872 -0.808954 0
    outer loop
      vertex 97.4075 71.333 3.8147e-07
      vertex 97.7123 71.1115 1.4
      vertex 97.4075 71.333 1.4
    endloop
  endfacet
  facet normal -0.587872 -0.808954 -0
    outer loop
      vertex 97.7123 71.1115 1.4
      vertex 97.4075 71.333 3.8147e-07
      vertex 97.7123 71.1115 3.8147e-07
    endloop
  endfacet
  facet normal -0.36823 -0.929735 0
    outer loop
      vertex 96.7271 71.6532 3.8147e-07
      vertex 97.0773 71.5145 1.4
      vertex 96.7271 71.6532 1.4
    endloop
  endfacet
  facet normal -0.36823 -0.929735 -0
    outer loop
      vertex 97.0773 71.5145 1.4
      vertex 96.7271 71.6532 3.8147e-07
      vertex 97.0773 71.5145 3.8147e-07
    endloop
  endfacet
  facet normal -0.481691 0.876341 0
    outer loop
      vertex 97.4075 0.667017 3.8147e-07
      vertex 97.0773 0.485519 1.4
      vertex 97.4075 0.667017 1.4
    endloop
  endfacet
  facet normal -0.481691 0.876341 0
    outer loop
      vertex 97.0773 0.485519 1.4
      vertex 97.4075 0.667017 3.8147e-07
      vertex 97.0773 0.485519 3.8147e-07
    endloop
  endfacet
  facet normal -0.684594 -0.728924 0
    outer loop
      vertex 97.7123 71.1115 3.8147e-07
      vertex 97.9869 70.8536 1.4
      vertex 97.7123 71.1115 1.4
    endloop
  endfacet
  facet normal -0.684594 -0.728924 -0
    outer loop
      vertex 97.9869 70.8536 1.4
      vertex 97.7123 71.1115 3.8147e-07
      vertex 97.9869 70.8536 3.8147e-07
    endloop
  endfacet
  facet normal -0.982285 0.187395 0
    outer loop
      vertex 98.7057 2.45393 3.8147e-07
      vertex 98.7763 2.824 1.4
      vertex 98.7763 2.824 3.8147e-07
    endloop
  endfacet
  facet normal -0.982285 0.187395 0
    outer loop
      vertex 98.7763 2.824 1.4
      vertex 98.7057 2.45393 3.8147e-07
      vertex 98.7057 2.45393 1.4
    endloop
  endfacet
  facet normal 0.587884 -0.808945 0
    outer loop
      vertex 1.28773 71.1115 3.8147e-07
      vertex 1.59252 71.333 1.4
      vertex 1.28773 71.1115 1.4
    endloop
  endfacet
  facet normal 0.587884 -0.808945 0
    outer loop
      vertex 1.59252 71.333 1.4
      vertex 1.28773 71.1115 3.8147e-07
      vertex 1.59252 71.333 3.8147e-07
    endloop
  endfacet
  facet normal -0.770349 -0.637622 0
    outer loop
      vertex 98.2271 70.5634 3.8147e-07
      vertex 97.9869 70.8536 1.4
      vertex 97.9869 70.8536 3.8147e-07
    endloop
  endfacet
  facet normal -0.770349 -0.637622 0
    outer loop
      vertex 97.9869 70.8536 1.4
      vertex 98.2271 70.5634 3.8147e-07
      vertex 98.2271 70.5634 1.4
    endloop
  endfacet
  facet normal 0.770511 0.637426 0
    outer loop
      vertex 1.01309 1.14636 1.4
      vertex 0.772948 1.43664 3.8147e-07
      vertex 0.772948 1.43664 1.4
    endloop
  endfacet
  facet normal 0.770511 0.637426 0
    outer loop
      vertex 0.772948 1.43664 3.8147e-07
      vertex 1.01309 1.14636 1.4
      vertex 1.01309 1.14636 3.8147e-07
    endloop
  endfacet
  facet normal -0.125309 -0.992118 0
    outer loop
      vertex 95.9884 71.7941 3.8147e-07
      vertex 96.3621 71.7469 1.4
      vertex 95.9884 71.7941 1.4
    endloop
  endfacet
  facet normal -0.125309 -0.992118 -0
    outer loop
      vertex 96.3621 71.7469 1.4
      vertex 95.9884 71.7941 3.8147e-07
      vertex 96.3621 71.7469 3.8147e-07
    endloop
  endfacet
  facet normal 0.844332 0.53582 0
    outer loop
      vertex 0.772948 1.43664 1.4
      vertex 0.571079 1.75474 3.8147e-07
      vertex 0.571079 1.75474 1.4
    endloop
  endfacet
  facet normal 0.844332 0.53582 0
    outer loop
      vertex 0.571079 1.75474 3.8147e-07
      vertex 0.772948 1.43664 1.4
      vertex 0.772948 1.43664 3.8147e-07
    endloop
  endfacet
  facet normal 0.951056 0.30902 0
    outer loop
      vertex 0.41067 2.09563 1.4
      vertex 0.29425 2.45393 3.8147e-07
      vertex 0.29425 2.45393 1.4
    endloop
  endfacet
  facet normal 0.951056 0.30902 0
    outer loop
      vertex 0.29425 2.45393 3.8147e-07
      vertex 0.41067 2.09563 1.4
      vertex 0.41067 2.09563 3.8147e-07
    endloop
  endfacet
  facet normal -0.125359 0.992111 0
    outer loop
      vertex 96.3621 0.253139 3.8147e-07
      vertex 95.9884 0.20592 1.4
      vertex 96.3621 0.253139 1.4
    endloop
  endfacet
  facet normal -0.125359 0.992111 0
    outer loop
      vertex 95.9884 0.20592 1.4
      vertex 96.3621 0.253139 3.8147e-07
      vertex 95.9884 0.20592 3.8147e-07
    endloop
  endfacet
  facet normal -0.481695 -0.876339 0
    outer loop
      vertex 97.0773 71.5145 3.8147e-07
      vertex 97.4075 71.333 1.4
      vertex 97.0773 71.5145 1.4
    endloop
  endfacet
  facet normal -0.481695 -0.876339 -0
    outer loop
      vertex 97.4075 71.333 1.4
      vertex 97.0773 71.5145 3.8147e-07
      vertex 97.4075 71.333 3.8147e-07
    endloop
  endfacet
  facet normal -0.844415 -0.53569 0
    outer loop
      vertex 98.4289 70.2453 3.8147e-07
      vertex 98.2271 70.5634 1.4
      vertex 98.2271 70.5634 3.8147e-07
    endloop
  endfacet
  facet normal -0.844415 -0.53569 0
    outer loop
      vertex 98.2271 70.5634 1.4
      vertex 98.4289 70.2453 3.8147e-07
      vertex 98.4289 70.2453 1.4
    endloop
  endfacet
  facet normal 0.125336 0.992114 -0
    outer loop
      vertex 3.01163 0.20592 3.8147e-07
      vertex 2.63786 0.253139 1.4
      vertex 3.01163 0.20592 1.4
    endloop
  endfacet
  facet normal 0.125336 0.992114 0
    outer loop
      vertex 2.63786 0.253139 1.4
      vertex 3.01163 0.20592 3.8147e-07
      vertex 2.63786 0.253139 3.8147e-07
    endloop
  endfacet
  facet normal 0.770425 -0.637531 0
    outer loop
      vertex 0.772948 70.5634 1.4
      vertex 1.01309 70.8536 3.8147e-07
      vertex 1.01309 70.8536 1.4
    endloop
  endfacet
  facet normal 0.770425 -0.637531 0
    outer loop
      vertex 1.01309 70.8536 3.8147e-07
      vertex 0.772948 70.5634 1.4
      vertex 0.772948 70.5634 3.8147e-07
    endloop
  endfacet
  facet normal 0.368148 -0.929767 0
    outer loop
      vertex 1.92266 71.5145 3.8147e-07
      vertex 2.27295 71.6532 1.4
      vertex 1.92266 71.5145 1.4
    endloop
  endfacet
  facet normal 0.368148 -0.929767 0
    outer loop
      vertex 2.27295 71.6532 1.4
      vertex 1.92266 71.5145 3.8147e-07
      vertex 2.27295 71.6532 3.8147e-07
    endloop
  endfacet
  facet normal 0.368121 0.929778 -0
    outer loop
      vertex 2.27295 0.346831 3.8147e-07
      vertex 1.92266 0.485519 1.4
      vertex 2.27295 0.346831 1.4
    endloop
  endfacet
  facet normal 0.368121 0.929778 0
    outer loop
      vertex 1.92266 0.485519 1.4
      vertex 2.27295 0.346831 3.8147e-07
      vertex 1.92266 0.485519 3.8147e-07
    endloop
  endfacet
  facet normal 0.481758 0.876304 -0
    outer loop
      vertex 1.92266 0.485519 3.8147e-07
      vertex 1.59252 0.667017 1.4
      vertex 1.92266 0.485519 1.4
    endloop
  endfacet
  facet normal 0.481758 0.876304 0
    outer loop
      vertex 1.59252 0.667017 1.4
      vertex 1.92266 0.485519 3.8147e-07
      vertex 1.59252 0.667017 3.8147e-07
    endloop
  endfacet
  facet normal -0.904843 -0.425746 0
    outer loop
      vertex 98.5893 69.9044 3.8147e-07
      vertex 98.4289 70.2453 1.4
      vertex 98.4289 70.2453 3.8147e-07
    endloop
  endfacet
  facet normal -0.904843 -0.425746 0
    outer loop
      vertex 98.4289 70.2453 1.4
      vertex 98.5893 69.9044 3.8147e-07
      vertex 98.5893 69.9044 1.4
    endloop
  endfacet
  facet normal -0.951071 -0.308972 0
    outer loop
      vertex 98.7057 69.5461 3.8147e-07
      vertex 98.5893 69.9044 1.4
      vertex 98.5893 69.9044 3.8147e-07
    endloop
  endfacet
  facet normal -0.951071 -0.308972 0
    outer loop
      vertex 98.5893 69.9044 1.4
      vertex 98.7057 69.5461 3.8147e-07
      vertex 98.7057 69.5461 1.4
    endloop
  endfacet
  facet normal -0.24863 0.968599 0
    outer loop
      vertex 96.7271 0.346831 3.8147e-07
      vertex 96.3621 0.253139 1.4
      vertex 96.7271 0.346831 1.4
    endloop
  endfacet
  facet normal -0.24863 0.968599 0
    outer loop
      vertex 96.3621 0.253139 1.4
      vertex 96.7271 0.346831 3.8147e-07
      vertex 96.3621 0.253139 3.8147e-07
    endloop
  endfacet
  facet normal 0.684541 -0.728974 0
    outer loop
      vertex 1.01309 70.8536 3.8147e-07
      vertex 1.28773 71.1115 1.4
      vertex 1.01309 70.8536 1.4
    endloop
  endfacet
  facet normal 0.684541 -0.728974 0
    outer loop
      vertex 1.28773 71.1115 1.4
      vertex 1.01309 70.8536 3.8147e-07
      vertex 1.28773 71.1115 3.8147e-07
    endloop
  endfacet
  facet normal -0.982287 -0.18738 0
    outer loop
      vertex 98.7763 69.176 3.8147e-07
      vertex 98.7057 69.5461 1.4
      vertex 98.7057 69.5461 3.8147e-07
    endloop
  endfacet
  facet normal -0.982287 -0.18738 0
    outer loop
      vertex 98.7057 69.5461 1.4
      vertex 98.7763 69.176 3.8147e-07
      vertex 98.7763 69.176 1.4
    endloop
  endfacet
  facet normal 0.125286 -0.992121 0
    outer loop
      vertex 2.63786 71.7469 3.8147e-07
      vertex 3.01163 71.7941 1.4
      vertex 2.63786 71.7469 1.4
    endloop
  endfacet
  facet normal 0.125286 -0.992121 0
    outer loop
      vertex 3.01163 71.7941 1.4
      vertex 2.63786 71.7469 3.8147e-07
      vertex 3.01163 71.7941 3.8147e-07
    endloop
  endfacet
  facet normal 0.248707 -0.968579 0
    outer loop
      vertex 2.27295 71.6532 3.8147e-07
      vertex 2.63786 71.7469 1.4
      vertex 2.27295 71.6532 1.4
    endloop
  endfacet
  facet normal 0.248707 -0.968579 0
    outer loop
      vertex 2.63786 71.7469 1.4
      vertex 2.27295 71.6532 3.8147e-07
      vertex 2.63786 71.7469 3.8147e-07
    endloop
  endfacet
  facet normal 0.904834 -0.425765 0
    outer loop
      vertex 0.41067 69.9044 1.4
      vertex 0.571079 70.2453 3.8147e-07
      vertex 0.571079 70.2453 1.4
    endloop
  endfacet
  facet normal 0.904834 -0.425765 0
    outer loop
      vertex 0.571079 70.2453 3.8147e-07
      vertex 0.41067 69.9044 1.4
      vertex 0.41067 69.9044 3.8147e-07
    endloop
  endfacet
  facet normal -0.982294 0.187347 0
    outer loop
      vertex 1.42129 67.4384 8.9
      vertex 1.48482 67.7715 11.1
      vertex 1.48482 67.7715 8.9
    endloop
  endfacet
  facet normal -0.982294 0.187347 0
    outer loop
      vertex 1.48482 67.7715 11.1
      vertex 1.42129 67.4384 8.9
      vertex 1.42129 67.4384 11.1
    endloop
  endfacet
  facet normal 0.951039 -0.30907 0
    outer loop
      vertex 97.4104 3.10606 11.1
      vertex 97.5152 3.42854 8.9
      vertex 97.5152 3.42854 11.1
    endloop
  endfacet
  facet normal 0.951039 -0.30907 0
    outer loop
      vertex 97.5152 3.42854 8.9
      vertex 97.4104 3.10606 11.1
      vertex 97.4104 3.10606 8.9
    endloop
  endfacet
  facet normal -0.998027 0.0627896 0
    outer loop
      vertex 1.4 67.1 8.9
      vertex 1.42129 67.4384 11.1
      vertex 1.42129 67.4384 8.9
    endloop
  endfacet
  facet normal -0.998027 0.0627896 0
    outer loop
      vertex 1.42129 67.4384 11.1
      vertex 1.4 67.1 8.9
      vertex 1.4 67.1 11.1
    endloop
  endfacet
  facet normal -0.587756 -0.809038 0
    outer loop
      vertex 2.37895 2.01961 8.9
      vertex 2.65327 1.82032 11.1
      vertex 2.37895 2.01961 11.1
    endloop
  endfacet
  facet normal -0.587756 -0.809038 -0
    outer loop
      vertex 2.65327 1.82032 11.1
      vertex 2.37895 2.01961 8.9
      vertex 2.65327 1.82032 8.9
    endloop
  endfacet
  facet normal 1 -0 0
    outer loop
      vertex 97.6 4.1 11.1
      vertex 97.6 67.1 8.9
      vertex 97.6 67.1 11.1
    endloop
  endfacet
  facet normal 1 0 0
    outer loop
      vertex 97.6 67.1 8.9
      vertex 97.6 4.1 11.1
      vertex 97.6 4.1 8.9
    endloop
  endfacet
  facet normal 0 -1 0
    outer loop
      vertex 3.93047 1.40533 8.9
      vertex 95.0695 1.40533 11.1
      vertex 3.93047 1.40533 11.1
    endloop
  endfacet
  facet normal 0 -1 -0
    outer loop
      vertex 95.0695 1.40533 11.1
      vertex 3.93047 1.40533 8.9
      vertex 95.0695 1.40533 8.9
    endloop
  endfacet
  facet normal -0.98229 -0.187368 0
    outer loop
      vertex 1.48482 3.42854 8.9
      vertex 1.42129 3.7616 11.1
      vertex 1.42129 3.7616 8.9
    endloop
  endfacet
  facet normal -0.98229 -0.187368 0
    outer loop
      vertex 1.42129 3.7616 11.1
      vertex 1.48482 3.42854 8.9
      vertex 1.48482 3.42854 11.1
    endloop
  endfacet
  facet normal -1 0 0
    outer loop
      vertex 1.4 4.1 8.9
      vertex 1.4 67.1 11.1
      vertex 1.4 67.1 8.9
    endloop
  endfacet
  facet normal -1 -0 0
    outer loop
      vertex 1.4 67.1 11.1
      vertex 1.4 4.1 8.9
      vertex 1.4 4.1 11.1
    endloop
  endfacet
  facet normal 0 1 -0
    outer loop
      vertex 95.0695 69.7947 8.9
      vertex 3.93047 69.7947 11.1
      vertex 95.0695 69.7947 11.1
    endloop
  endfacet
  facet normal 0 1 0
    outer loop
      vertex 3.93047 69.7947 11.1
      vertex 95.0695 69.7947 8.9
      vertex 3.93047 69.7947 8.9
    endloop
  endfacet
  facet normal -0.998027 -0.0627896 0
    outer loop
      vertex 1.42129 3.7616 8.9
      vertex 1.4 4.1 11.1
      vertex 1.4 4.1 8.9
    endloop
  endfacet
  facet normal -0.998027 -0.0627896 0
    outer loop
      vertex 1.4 4.1 11.1
      vertex 1.42129 3.7616 8.9
      vertex 1.42129 3.7616 11.1
    endloop
  endfacet
  facet normal -0.904826 0.425781 0
    outer loop
      vertex 1.5896 68.0939 8.9
      vertex 1.73397 68.4007 11.1
      vertex 1.73397 68.4007 8.9
    endloop
  endfacet
  facet normal -0.904826 0.425781 0
    outer loop
      vertex 1.73397 68.4007 11.1
      vertex 1.5896 68.0939 8.9
      vertex 1.5896 68.0939 11.1
    endloop
  endfacet
  facet normal 0.998025 -0.0628189 0
    outer loop
      vertex 97.5787 3.7616 11.1
      vertex 97.6 4.1 8.9
      vertex 97.6 4.1 11.1
    endloop
  endfacet
  facet normal 0.998025 -0.0628189 0
    outer loop
      vertex 97.6 4.1 8.9
      vertex 97.5787 3.7616 11.1
      vertex 97.5787 3.7616 8.9
    endloop
  endfacet
  facet normal -0.481757 -0.876305 0
    outer loop
      vertex 2.65327 1.82032 8.9
      vertex 2.9504 1.65697 11.1
      vertex 2.65327 1.82032 11.1
    endloop
  endfacet
  facet normal -0.481757 -0.876305 -0
    outer loop
      vertex 2.9504 1.65697 11.1
      vertex 2.65327 1.82032 8.9
      vertex 2.9504 1.65697 8.9
    endloop
  endfacet
  facet normal 0.770561 -0.637366 0
    outer loop
      vertex 96.8682 2.25172 11.1
      vertex 97.0843 2.51298 8.9
      vertex 97.0843 2.51298 11.1
    endloop
  endfacet
  facet normal 0.770561 -0.637366 0
    outer loop
      vertex 97.0843 2.51298 8.9
      vertex 96.8682 2.25172 11.1
      vertex 96.8682 2.25172 8.9
    endloop
  endfacet
  facet normal 0.770609 0.637308 0
    outer loop
      vertex 97.0843 68.687 11.1
      vertex 96.8682 68.9483 8.9
      vertex 96.8682 68.9483 11.1
    endloop
  endfacet
  facet normal 0.770609 0.637308 0
    outer loop
      vertex 96.8682 68.9483 8.9
      vertex 97.0843 68.687 11.1
      vertex 97.0843 68.687 8.9
    endloop
  endfacet
  facet normal 0.125341 0.992114 -0
    outer loop
      vertex 95.4059 69.7522 8.9
      vertex 95.0695 69.7947 11.1
      vertex 95.4059 69.7522 11.1
    endloop
  endfacet
  facet normal 0.125341 0.992114 0
    outer loop
      vertex 95.0695 69.7947 11.1
      vertex 95.4059 69.7522 8.9
      vertex 95.0695 69.7947 8.9
    endloop
  endfacet
  facet normal 0.125341 -0.992114 0
    outer loop
      vertex 95.0695 1.40533 8.9
      vertex 95.4059 1.44783 11.1
      vertex 95.0695 1.40533 11.1
    endloop
  endfacet
  facet normal 0.125341 -0.992114 0
    outer loop
      vertex 95.4059 1.44783 11.1
      vertex 95.0695 1.40533 8.9
      vertex 95.4059 1.44783 8.9
    endloop
  endfacet
  facet normal 0.481794 -0.876284 0
    outer loop
      vertex 96.0496 1.65697 8.9
      vertex 96.3467 1.82032 11.1
      vertex 96.0496 1.65697 11.1
    endloop
  endfacet
  facet normal 0.481794 -0.876284 0
    outer loop
      vertex 96.3467 1.82032 11.1
      vertex 96.0496 1.65697 8.9
      vertex 96.3467 1.82032 8.9
    endloop
  endfacet
  facet normal -0.770518 -0.637419 0
    outer loop
      vertex 2.13178 2.25172 8.9
      vertex 1.91565 2.51298 11.1
      vertex 1.91565 2.51298 8.9
    endloop
  endfacet
  facet normal -0.770518 -0.637419 0
    outer loop
      vertex 1.91565 2.51298 11.1
      vertex 2.13178 2.25172 8.9
      vertex 2.13178 2.25172 11.1
    endloop
  endfacet
  facet normal 0.248638 0.968597 -0
    outer loop
      vertex 95.7343 69.6679 8.9
      vertex 95.4059 69.7522 11.1
      vertex 95.7343 69.6679 11.1
    endloop
  endfacet
  facet normal 0.248638 0.968597 0
    outer loop
      vertex 95.4059 69.7522 11.1
      vertex 95.7343 69.6679 8.9
      vertex 95.4059 69.7522 8.9
    endloop
  endfacet
  facet normal -0.68455 -0.728966 0
    outer loop
      vertex 2.13178 2.25172 8.9
      vertex 2.37895 2.01961 11.1
      vertex 2.13178 2.25172 11.1
    endloop
  endfacet
  facet normal -0.68455 -0.728966 -0
    outer loop
      vertex 2.37895 2.01961 11.1
      vertex 2.13178 2.25172 8.9
      vertex 2.37895 2.01961 8.9
    endloop
  endfacet
  facet normal 0.982306 -0.187283 0
    outer loop
      vertex 97.5152 3.42854 11.1
      vertex 97.5787 3.7616 8.9
      vertex 97.5787 3.7616 11.1
    endloop
  endfacet
  facet normal 0.982306 -0.187283 0
    outer loop
      vertex 97.5787 3.7616 8.9
      vertex 97.5152 3.42854 11.1
      vertex 97.5152 3.42854 8.9
    endloop
  endfacet
  facet normal -0.368338 0.929692 0
    outer loop
      vertex 3.26565 69.6679 8.9
      vertex 2.9504 69.543 11.1
      vertex 3.26565 69.6679 11.1
    endloop
  endfacet
  facet normal -0.368338 0.929692 0
    outer loop
      vertex 2.9504 69.543 11.1
      vertex 3.26565 69.6679 8.9
      vertex 2.9504 69.543 8.9
    endloop
  endfacet
  facet normal 0.844308 -0.535858 0
    outer loop
      vertex 97.0843 2.51298 11.1
      vertex 97.266 2.79927 8.9
      vertex 97.266 2.79927 11.1
    endloop
  endfacet
  facet normal 0.844308 -0.535858 0
    outer loop
      vertex 97.266 2.79927 8.9
      vertex 97.0843 2.51298 11.1
      vertex 97.0843 2.51298 8.9
    endloop
  endfacet
  facet normal 0.368287 0.929712 -0
    outer loop
      vertex 96.0496 69.543 8.9
      vertex 95.7343 69.6679 11.1
      vertex 96.0496 69.543 11.1
    endloop
  endfacet
  facet normal 0.368287 0.929712 0
    outer loop
      vertex 95.7343 69.6679 11.1
      vertex 96.0496 69.543 8.9
      vertex 95.7343 69.6679 8.9
    endloop
  endfacet
  facet normal -0.248679 -0.968586 0
    outer loop
      vertex 3.26565 1.53215 8.9
      vertex 3.59407 1.44783 11.1
      vertex 3.26565 1.53215 11.1
    endloop
  endfacet
  facet normal -0.248679 -0.968586 -0
    outer loop
      vertex 3.59407 1.44783 11.1
      vertex 3.26565 1.53215 8.9
      vertex 3.59407 1.44783 8.9
    endloop
  endfacet
  facet normal 0.587803 0.809004 -0
    outer loop
      vertex 96.621 69.1804 8.9
      vertex 96.3467 69.3797 11.1
      vertex 96.621 69.1804 11.1
    endloop
  endfacet
  facet normal 0.587803 0.809004 0
    outer loop
      vertex 96.3467 69.3797 11.1
      vertex 96.621 69.1804 8.9
      vertex 96.3467 69.3797 8.9
    endloop
  endfacet
  facet normal -0.587775 0.809024 0
    outer loop
      vertex 2.65327 69.3797 8.9
      vertex 2.37895 69.1804 11.1
      vertex 2.65327 69.3797 11.1
    endloop
  endfacet
  facet normal -0.587775 0.809024 0
    outer loop
      vertex 2.37895 69.1804 11.1
      vertex 2.65327 69.3797 8.9
      vertex 2.37895 69.1804 8.9
    endloop
  endfacet
  facet normal -0.684534 0.728981 0
    outer loop
      vertex 2.37895 69.1804 8.9
      vertex 2.13178 68.9483 11.1
      vertex 2.37895 69.1804 11.1
    endloop
  endfacet
  facet normal -0.684534 0.728981 0
    outer loop
      vertex 2.13178 68.9483 11.1
      vertex 2.37895 69.1804 8.9
      vertex 2.13178 68.9483 8.9
    endloop
  endfacet
  facet normal 0.684506 -0.729007 0
    outer loop
      vertex 96.621 2.01961 8.9
      vertex 96.8682 2.25172 11.1
      vertex 96.621 2.01961 11.1
    endloop
  endfacet
  facet normal 0.684506 -0.729007 0
    outer loop
      vertex 96.8682 2.25172 11.1
      vertex 96.621 2.01961 8.9
      vertex 96.8682 2.25172 8.9
    endloop
  endfacet
  facet normal 0.844317 0.535845 0
    outer loop
      vertex 97.266 68.4007 11.1
      vertex 97.0843 68.687 8.9
      vertex 97.0843 68.687 11.1
    endloop
  endfacet
  facet normal 0.844317 0.535845 0
    outer loop
      vertex 97.0843 68.687 8.9
      vertex 97.266 68.4007 11.1
      vertex 97.266 68.4007 8.9
    endloop
  endfacet
  facet normal -0.904821 -0.425793 0
    outer loop
      vertex 1.73397 2.79927 8.9
      vertex 1.5896 3.10606 11.1
      vertex 1.5896 3.10606 8.9
    endloop
  endfacet
  facet normal -0.904821 -0.425793 0
    outer loop
      vertex 1.5896 3.10606 11.1
      vertex 1.73397 2.79927 8.9
      vertex 1.73397 2.79927 11.1
    endloop
  endfacet
  facet normal -0.844335 -0.535816 0
    outer loop
      vertex 1.91565 2.51298 8.9
      vertex 1.73397 2.79927 11.1
      vertex 1.73397 2.79927 8.9
    endloop
  endfacet
  facet normal -0.844335 -0.535816 0
    outer loop
      vertex 1.73397 2.79927 11.1
      vertex 1.91565 2.51298 8.9
      vertex 1.91565 2.51298 11.1
    endloop
  endfacet
  facet normal -0.125341 -0.992114 0
    outer loop
      vertex 3.59407 1.44783 8.9
      vertex 3.93047 1.40533 11.1
      vertex 3.59407 1.44783 11.1
    endloop
  endfacet
  facet normal -0.125341 -0.992114 -0
    outer loop
      vertex 3.93047 1.40533 11.1
      vertex 3.59407 1.44783 8.9
      vertex 3.93047 1.40533 8.9
    endloop
  endfacet
  facet normal 0.587784 -0.809018 0
    outer loop
      vertex 96.3467 1.82032 8.9
      vertex 96.621 2.01961 11.1
      vertex 96.3467 1.82032 11.1
    endloop
  endfacet
  facet normal 0.587784 -0.809018 0
    outer loop
      vertex 96.621 2.01961 11.1
      vertex 96.3467 1.82032 8.9
      vertex 96.621 2.01961 8.9
    endloop
  endfacet
  facet normal 0.904787 -0.425865 0
    outer loop
      vertex 97.266 2.79927 11.1
      vertex 97.4104 3.10606 8.9
      vertex 97.4104 3.10606 11.1
    endloop
  endfacet
  facet normal 0.904787 -0.425865 0
    outer loop
      vertex 97.4104 3.10606 8.9
      vertex 97.266 2.79927 11.1
      vertex 97.266 2.79927 8.9
    endloop
  endfacet
  facet normal -0.951057 -0.309017 0
    outer loop
      vertex 1.5896 3.10606 8.9
      vertex 1.48482 3.42854 11.1
      vertex 1.48482 3.42854 8.9
    endloop
  endfacet
  facet normal -0.951057 -0.309017 0
    outer loop
      vertex 1.48482 3.42854 11.1
      vertex 1.5896 3.10606 8.9
      vertex 1.5896 3.10606 11.1
    endloop
  endfacet
  facet normal -0.481644 0.876367 0
    outer loop
      vertex 2.9504 69.543 8.9
      vertex 2.65327 69.3797 11.1
      vertex 2.9504 69.543 11.1
    endloop
  endfacet
  facet normal -0.481644 0.876367 0
    outer loop
      vertex 2.65327 69.3797 11.1
      vertex 2.9504 69.543 8.9
      vertex 2.65327 69.3797 8.9
    endloop
  endfacet
  facet normal 0.368084 -0.929793 0
    outer loop
      vertex 95.7343 1.53215 8.9
      vertex 96.0496 1.65697 11.1
      vertex 95.7343 1.53215 11.1
    endloop
  endfacet
  facet normal 0.368084 -0.929793 0
    outer loop
      vertex 96.0496 1.65697 11.1
      vertex 95.7343 1.53215 8.9
      vertex 96.0496 1.65697 8.9
    endloop
  endfacet
  facet normal 0.481681 0.876347 -0
    outer loop
      vertex 96.3467 69.3797 8.9
      vertex 96.0496 69.543 11.1
      vertex 96.3467 69.3797 11.1
    endloop
  endfacet
  facet normal 0.481681 0.876347 0
    outer loop
      vertex 96.0496 69.543 11.1
      vertex 96.3467 69.3797 8.9
      vertex 96.0496 69.543 8.9
    endloop
  endfacet
  facet normal 0.68449 0.729022 -0
    outer loop
      vertex 96.8682 68.9483 8.9
      vertex 96.621 69.1804 11.1
      vertex 96.8682 68.9483 11.1
    endloop
  endfacet
  facet normal 0.68449 0.729022 0
    outer loop
      vertex 96.621 69.1804 11.1
      vertex 96.8682 68.9483 8.9
      vertex 96.621 69.1804 8.9
    endloop
  endfacet
  facet normal -0.844343 0.535803 0
    outer loop
      vertex 1.73397 68.4007 8.9
      vertex 1.91565 68.687 11.1
      vertex 1.91565 68.687 8.9
    endloop
  endfacet
  facet normal -0.844343 0.535803 0
    outer loop
      vertex 1.91565 68.687 11.1
      vertex 1.73397 68.4007 8.9
      vertex 1.73397 68.4007 11.1
    endloop
  endfacet
  facet normal -0.368134 -0.929773 0
    outer loop
      vertex 2.9504 1.65697 8.9
      vertex 3.26565 1.53215 11.1
      vertex 2.9504 1.65697 11.1
    endloop
  endfacet
  facet normal -0.368134 -0.929773 -0
    outer loop
      vertex 3.26565 1.53215 11.1
      vertex 2.9504 1.65697 8.9
      vertex 3.26565 1.53215 8.9
    endloop
  endfacet
  facet normal 0.951017 0.309139 0
    outer loop
      vertex 97.5152 67.7715 11.1
      vertex 97.4104 68.0939 8.9
      vertex 97.4104 68.0939 11.1
    endloop
  endfacet
  facet normal 0.951017 0.309139 0
    outer loop
      vertex 97.4104 68.0939 8.9
      vertex 97.5152 67.7715 11.1
      vertex 97.5152 67.7715 8.9
    endloop
  endfacet
  facet normal 0.248693 -0.968582 0
    outer loop
      vertex 95.4059 1.44783 8.9
      vertex 95.7343 1.53215 11.1
      vertex 95.4059 1.44783 11.1
    endloop
  endfacet
  facet normal 0.248693 -0.968582 0
    outer loop
      vertex 95.7343 1.53215 11.1
      vertex 95.4059 1.44783 8.9
      vertex 95.7343 1.53215 8.9
    endloop
  endfacet
  facet normal -0.770566 0.637361 0
    outer loop
      vertex 1.91565 68.687 8.9
      vertex 2.13178 68.9483 11.1
      vertex 2.13178 68.9483 8.9
    endloop
  endfacet
  facet normal -0.770566 0.637361 0
    outer loop
      vertex 2.13178 68.9483 11.1
      vertex 1.91565 68.687 8.9
      vertex 1.91565 68.687 11.1
    endloop
  endfacet
  facet normal 0.998025 0.0628189 0
    outer loop
      vertex 97.6 67.1 11.1
      vertex 97.5787 67.4384 8.9
      vertex 97.5787 67.4384 11.1
    endloop
  endfacet
  facet normal 0.998025 0.0628189 0
    outer loop
      vertex 97.5787 67.4384 8.9
      vertex 97.6 67.1 11.1
      vertex 97.6 67.1 8.9
    endloop
  endfacet
  facet normal -0 0 1
    outer loop
      vertex 96.9215 67.3217 11.1
      vertex 97.6 67.1 11.1
      vertex 97.5787 67.4384 11.1
    endloop
  endfacet
  facet normal 0 0 1
    outer loop
      vertex 97.6 67.1 11.1
      vertex 97 66.7 11.1
      vertex 97.6 4.1 11.1
    endloop
  endfacet
  facet normal 0 0 1
    outer loop
      vertex 96.9215 67.3217 11.1
      vertex 97.5787 67.4384 11.1
      vertex 97.5152 67.7715 11.1
    endloop
  endfacet
  facet normal -0 0 1
    outer loop
      vertex 97 4.5 11.1
      vertex 97.6 4.1 11.1
      vertex 97 66.7 11.1
    endloop
  endfacet
  facet normal 0 0 1
    outer loop
      vertex 96.8244 67.6203 11.1
      vertex 97.5152 67.7715 11.1
      vertex 97.4104 68.0939 11.1
    endloop
  endfacet
  facet normal -0 0 1
    outer loop
      vertex 96.9803 4.18667 11.1
      vertex 97.6 4.1 11.1
      vertex 97 4.5 11.1
    endloop
  endfacet
  facet normal 0 0 1
    outer loop
      vertex 96.6908 67.9044 11.1
      vertex 97.4104 68.0939 11.1
      vertex 97.266 68.4007 11.1
    endloop
  endfacet
  facet normal 0 0 1
    outer loop
      vertex 96.9215 3.87828 11.1
      vertex 97.6 4.1 11.1
      vertex 96.9803 4.18667 11.1
    endloop
  endfacet
  facet normal 0 0 1
    outer loop
      vertex 96.5225 68.1695 11.1
      vertex 97.266 68.4007 11.1
      vertex 97.0843 68.687 11.1
    endloop
  endfacet
  facet normal 0 0 1
    outer loop
      vertex 97.6 4.1 11.1
      vertex 96.9215 3.87828 11.1
      vertex 97.5787 3.7616 11.1
    endloop
  endfacet
  facet normal 0 0 1
    outer loop
      vertex 97.5787 3.7616 11.1
      vertex 96.9215 3.87828 11.1
      vertex 97.5152 3.42854 11.1
    endloop
  endfacet
  facet normal 0 0 1
    outer loop
      vertex 97.6 67.1 11.1
      vertex 96.9803 67.0133 11.1
      vertex 97 66.7 11.1
    endloop
  endfacet
  facet normal 0 0 1
    outer loop
      vertex 97.6 67.1 11.1
      vertex 96.9215 67.3217 11.1
      vertex 96.9803 67.0133 11.1
    endloop
  endfacet
  facet normal 0 0 1
    outer loop
      vertex 96.3224 68.4114 11.1
      vertex 97.0843 68.687 11.1
      vertex 96.8682 68.9483 11.1
    endloop
  endfacet
  facet normal 0 0 1
    outer loop
      vertex 97.5152 67.7715 11.1
      vertex 96.8244 67.6203 11.1
      vertex 96.9215 67.3217 11.1
    endloop
  endfacet
  facet normal 0 0 1
    outer loop
      vertex 97.4104 68.0939 11.1
      vertex 96.6908 67.9044 11.1
      vertex 96.8244 67.6203 11.1
    endloop
  endfacet
  facet normal 0 0 1
    outer loop
      vertex 96.3224 68.4114 11.1
      vertex 96.8682 68.9483 11.1
      vertex 96.621 69.1804 11.1
    endloop
  endfacet
  facet normal 0 0 1
    outer loop
      vertex 97.266 68.4007 11.1
      vertex 96.5225 68.1695 11.1
      vertex 96.6908 67.9044 11.1
    endloop
  endfacet
  facet normal 0 0 1
    outer loop
      vertex 96.0936 68.6263 11.1
      vertex 96.621 69.1804 11.1
      vertex 96.3467 69.3797 11.1
    endloop
  endfacet
  facet normal 0 0 1
    outer loop
      vertex 97.0843 68.687 11.1
      vertex 96.3224 68.4114 11.1
      vertex 96.5225 68.1695 11.1
    endloop
  endfacet
  facet normal 0 0 1
    outer loop
      vertex 96.621 69.1804 11.1
      vertex 96.0936 68.6263 11.1
      vertex 96.3224 68.4114 11.1
    endloop
  endfacet
  facet normal 0 0 1
    outer loop
      vertex 95.8396 68.8108 11.1
      vertex 96.3467 69.3797 11.1
      vertex 96.0496 69.543 11.1
    endloop
  endfacet
  facet normal 0 0 1
    outer loop
      vertex 96.3467 69.3797 11.1
      vertex 95.8396 68.8108 11.1
      vertex 96.0936 68.6263 11.1
    endloop
  endfacet
  facet normal 0 0 1
    outer loop
      vertex 95.5644 68.9621 11.1
      vertex 96.0496 69.543 11.1
      vertex 95.7343 69.6679 11.1
    endloop
  endfacet
  facet normal 0 0 1
    outer loop
      vertex 96.0496 69.543 11.1
      vertex 95.5644 68.9621 11.1
      vertex 95.8396 68.8108 11.1
    endloop
  endfacet
  facet normal 0 0 1
    outer loop
      vertex 95.2725 69.0776 11.1
      vertex 95.7343 69.6679 11.1
      vertex 95.4059 69.7522 11.1
    endloop
  endfacet
  facet normal 0 0 1
    outer loop
      vertex 95.7343 69.6679 11.1
      vertex 95.2725 69.0776 11.1
      vertex 95.5644 68.9621 11.1
    endloop
  endfacet
  facet normal 0 0 1
    outer loop
      vertex 94.9685 69.1557 11.1
      vertex 95.4059 69.7522 11.1
      vertex 95.0695 69.7947 11.1
    endloop
  endfacet
  facet normal 0 0 1
    outer loop
      vertex 95.4059 69.7522 11.1
      vertex 94.9685 69.1557 11.1
      vertex 95.2725 69.0776 11.1
    endloop
  endfacet
  facet normal 0 0 1
    outer loop
      vertex 95.0695 69.7947 11.1
      vertex 94.657 69.1951 11.1
      vertex 94.9685 69.1557 11.1
    endloop
  endfacet
  facet normal 0 0 1
    outer loop
      vertex 95.0695 69.7947 11.1
      vertex 4.34302 69.1951 11.1
      vertex 94.657 69.1951 11.1
    endloop
  endfacet
  facet normal -0 0 1
    outer loop
      vertex 3.93047 69.7947 11.1
      vertex 4.34302 69.1951 11.1
      vertex 95.0695 69.7947 11.1
    endloop
  endfacet
  facet normal 0 0 1
    outer loop
      vertex 3.93047 69.7947 11.1
      vertex 4.03155 69.1557 11.1
      vertex 4.34302 69.1951 11.1
    endloop
  endfacet
  facet normal -0 0 1
    outer loop
      vertex 3.59407 69.7522 11.1
      vertex 4.03155 69.1557 11.1
      vertex 3.93047 69.7947 11.1
    endloop
  endfacet
  facet normal 0 0 1
    outer loop
      vertex 4.03155 69.1557 11.1
      vertex 3.59407 69.7522 11.1
      vertex 3.72746 69.0776 11.1
    endloop
  endfacet
  facet normal -0 0 1
    outer loop
      vertex 3.26565 69.6679 11.1
      vertex 3.72746 69.0776 11.1
      vertex 3.59407 69.7522 11.1
    endloop
  endfacet
  facet normal 0 0 1
    outer loop
      vertex 3.72746 69.0776 11.1
      vertex 3.26565 69.6679 11.1
      vertex 3.43555 68.9621 11.1
    endloop
  endfacet
  facet normal -0 0 1
    outer loop
      vertex 2.9504 69.543 11.1
      vertex 3.43555 68.9621 11.1
      vertex 3.26565 69.6679 11.1
    endloop
  endfacet
  facet normal 0 0 1
    outer loop
      vertex 3.43555 68.9621 11.1
      vertex 2.9504 69.543 11.1
      vertex 3.16043 68.8108 11.1
    endloop
  endfacet
  facet normal -0 0 1
    outer loop
      vertex 2.65327 69.3797 11.1
      vertex 3.16043 68.8108 11.1
      vertex 2.9504 69.543 11.1
    endloop
  endfacet
  facet normal 0 0 1
    outer loop
      vertex 3.16043 68.8108 11.1
      vertex 2.65327 69.3797 11.1
      vertex 2.90644 68.6263 11.1
    endloop
  endfacet
  facet normal -0 0 1
    outer loop
      vertex 2.37895 69.1804 11.1
      vertex 2.90644 68.6263 11.1
      vertex 2.65327 69.3797 11.1
    endloop
  endfacet
  facet normal 0 0 1
    outer loop
      vertex 2.90644 68.6263 11.1
      vertex 2.37895 69.1804 11.1
      vertex 2.67758 68.4114 11.1
    endloop
  endfacet
  facet normal -0 0 1
    outer loop
      vertex 2.13178 68.9483 11.1
      vertex 2.67758 68.4114 11.1
      vertex 2.37895 69.1804 11.1
    endloop
  endfacet
  facet normal -0 0 1
    outer loop
      vertex 1.91565 68.687 11.1
      vertex 2.67758 68.4114 11.1
      vertex 2.13178 68.9483 11.1
    endloop
  endfacet
  facet normal 0 0 1
    outer loop
      vertex 2.67758 68.4114 11.1
      vertex 1.91565 68.687 11.1
      vertex 2.47746 68.1695 11.1
    endloop
  endfacet
  facet normal -0 0 1
    outer loop
      vertex 1.73397 68.4007 11.1
      vertex 2.47746 68.1695 11.1
      vertex 1.91565 68.687 11.1
    endloop
  endfacet
  facet normal 0 0 1
    outer loop
      vertex 2.47746 68.1695 11.1
      vertex 1.73397 68.4007 11.1
      vertex 2.30923 67.9044 11.1
    endloop
  endfacet
  facet normal -0 0 1
    outer loop
      vertex 1.5896 68.0939 11.1
      vertex 2.30923 67.9044 11.1
      vertex 1.73397 68.4007 11.1
    endloop
  endfacet
  facet normal 0 0 1
    outer loop
      vertex 2.30923 67.9044 11.1
      vertex 1.5896 68.0939 11.1
      vertex 2.17556 67.6203 11.1
    endloop
  endfacet
  facet normal 0 0 1
    outer loop
      vertex 2.17556 67.6203 11.1
      vertex 1.48482 67.7715 11.1
      vertex 2.07854 67.3217 11.1
    endloop
  endfacet
  facet normal -0 0 1
    outer loop
      vertex 1.48482 67.7715 11.1
      vertex 2.17556 67.6203 11.1
      vertex 1.5896 68.0939 11.1
    endloop
  endfacet
  facet normal -0 0 1
    outer loop
      vertex 96.8244 3.57969 11.1
      vertex 97.5152 3.42854 11.1
      vertex 96.9215 3.87828 11.1
    endloop
  endfacet
  facet normal 0 0 1
    outer loop
      vertex 97.5152 3.42854 11.1
      vertex 96.8244 3.57969 11.1
      vertex 97.4104 3.10606 11.1
    endloop
  endfacet
  facet normal -0 0 1
    outer loop
      vertex 96.6908 3.29562 11.1
      vertex 97.4104 3.10606 11.1
      vertex 96.8244 3.57969 11.1
    endloop
  endfacet
  facet normal 0 0 1
    outer loop
      vertex 97.4104 3.10606 11.1
      vertex 96.6908 3.29562 11.1
      vertex 97.266 2.79927 11.1
    endloop
  endfacet
  facet normal -0 0 1
    outer loop
      vertex 96.5225 3.03054 11.1
      vertex 97.266 2.79927 11.1
      vertex 96.6908 3.29562 11.1
    endloop
  endfacet
  facet normal 0 0 1
    outer loop
      vertex 97.266 2.79927 11.1
      vertex 96.5225 3.03054 11.1
      vertex 97.0843 2.51298 11.1
    endloop
  endfacet
  facet normal -0 0 1
    outer loop
      vertex 96.3224 2.78863 11.1
      vertex 97.0843 2.51298 11.1
      vertex 96.5225 3.03054 11.1
    endloop
  endfacet
  facet normal 0 0 1
    outer loop
      vertex 97.0843 2.51298 11.1
      vertex 96.3224 2.78863 11.1
      vertex 96.8682 2.25172 11.1
    endloop
  endfacet
  facet normal 0 0 1
    outer loop
      vertex 96.8682 2.25172 11.1
      vertex 96.3224 2.78863 11.1
      vertex 96.621 2.01961 11.1
    endloop
  endfacet
  facet normal -0 0 1
    outer loop
      vertex 96.0936 2.57372 11.1
      vertex 96.621 2.01961 11.1
      vertex 96.3224 2.78863 11.1
    endloop
  endfacet
  facet normal 0 0 1
    outer loop
      vertex 96.621 2.01961 11.1
      vertex 96.0936 2.57372 11.1
      vertex 96.3467 1.82032 11.1
    endloop
  endfacet
  facet normal -0 0 1
    outer loop
      vertex 95.8396 2.38918 11.1
      vertex 96.3467 1.82032 11.1
      vertex 96.0936 2.57372 11.1
    endloop
  endfacet
  facet normal 0 0 1
    outer loop
      vertex 96.3467 1.82032 11.1
      vertex 95.8396 2.38918 11.1
      vertex 96.0496 1.65697 11.1
    endloop
  endfacet
  facet normal -0 0 1
    outer loop
      vertex 95.5644 2.23793 11.1
      vertex 96.0496 1.65697 11.1
      vertex 95.8396 2.38918 11.1
    endloop
  endfacet
  facet normal 0 0 1
    outer loop
      vertex 96.0496 1.65697 11.1
      vertex 95.5644 2.23793 11.1
      vertex 95.7343 1.53215 11.1
    endloop
  endfacet
  facet normal -0 0 1
    outer loop
      vertex 95.2725 2.12236 11.1
      vertex 95.7343 1.53215 11.1
      vertex 95.5644 2.23793 11.1
    endloop
  endfacet
  facet normal 0 0 1
    outer loop
      vertex 95.7343 1.53215 11.1
      vertex 95.2725 2.12236 11.1
      vertex 95.4059 1.44783 11.1
    endloop
  endfacet
  facet normal -0 0 1
    outer loop
      vertex 94.9685 2.04428 11.1
      vertex 95.4059 1.44783 11.1
      vertex 95.2725 2.12236 11.1
    endloop
  endfacet
  facet normal 0 0 1
    outer loop
      vertex 95.4059 1.44783 11.1
      vertex 94.9685 2.04428 11.1
      vertex 95.0695 1.40533 11.1
    endloop
  endfacet
  facet normal -0 0 1
    outer loop
      vertex 94.657 2.00493 11.1
      vertex 95.0695 1.40533 11.1
      vertex 94.9685 2.04428 11.1
    endloop
  endfacet
  facet normal -0 0 1
    outer loop
      vertex 4.34302 2.00493 11.1
      vertex 95.0695 1.40533 11.1
      vertex 94.657 2.00493 11.1
    endloop
  endfacet
  facet normal 0 0 1
    outer loop
      vertex 4.34302 2.00493 11.1
      vertex 3.93047 1.40533 11.1
      vertex 95.0695 1.40533 11.1
    endloop
  endfacet
  facet normal 0 0 1
    outer loop
      vertex 4.03155 2.04428 11.1
      vertex 3.93047 1.40533 11.1
      vertex 4.34302 2.00493 11.1
    endloop
  endfacet
  facet normal 0 0 1
    outer loop
      vertex 3.59407 1.44783 11.1
      vertex 4.03155 2.04428 11.1
      vertex 3.72746 2.12236 11.1
    endloop
  endfacet
  facet normal 0 0 1
    outer loop
      vertex 4.03155 2.04428 11.1
      vertex 3.59407 1.44783 11.1
      vertex 3.93047 1.40533 11.1
    endloop
  endfacet
  facet normal 0 0 1
    outer loop
      vertex 3.26565 1.53215 11.1
      vertex 3.72746 2.12236 11.1
      vertex 3.43555 2.23793 11.1
    endloop
  endfacet
  facet normal 0 0 1
    outer loop
      vertex 3.72746 2.12236 11.1
      vertex 3.26565 1.53215 11.1
      vertex 3.59407 1.44783 11.1
    endloop
  endfacet
  facet normal 0 0 1
    outer loop
      vertex 2.9504 1.65697 11.1
      vertex 3.43555 2.23793 11.1
      vertex 3.16043 2.38918 11.1
    endloop
  endfacet
  facet normal 0 0 1
    outer loop
      vertex 3.43555 2.23793 11.1
      vertex 2.9504 1.65697 11.1
      vertex 3.26565 1.53215 11.1
    endloop
  endfacet
  facet normal 0 0 1
    outer loop
      vertex 2.65327 1.82032 11.1
      vertex 3.16043 2.38918 11.1
      vertex 2.90644 2.57372 11.1
    endloop
  endfacet
  facet normal 0 0 1
    outer loop
      vertex 2.37895 2.01961 11.1
      vertex 2.90644 2.57372 11.1
      vertex 2.67758 2.78863 11.1
    endloop
  endfacet
  facet normal 0 0 1
    outer loop
      vertex 3.16043 2.38918 11.1
      vertex 2.65327 1.82032 11.1
      vertex 2.9504 1.65697 11.1
    endloop
  endfacet
  facet normal 0 0 1
    outer loop
      vertex 1.91565 2.51298 11.1
      vertex 2.67758 2.78863 11.1
      vertex 2.47746 3.03054 11.1
    endloop
  endfacet
  facet normal 0 0 1
    outer loop
      vertex 2.90644 2.57372 11.1
      vertex 2.37895 2.01961 11.1
      vertex 2.65327 1.82032 11.1
    endloop
  endfacet
  facet normal 0 0 1
    outer loop
      vertex 1.73397 2.79927 11.1
      vertex 2.47746 3.03054 11.1
      vertex 2.30923 3.29562 11.1
    endloop
  endfacet
  facet normal 0 0 1
    outer loop
      vertex 1.5896 3.10606 11.1
      vertex 2.30923 3.29562 11.1
      vertex 2.17556 3.57969 11.1
    endloop
  endfacet
  facet normal 0 0 1
    outer loop
      vertex 2.67758 2.78863 11.1
      vertex 2.13178 2.25172 11.1
      vertex 2.37895 2.01961 11.1
    endloop
  endfacet
  facet normal 0 0 1
    outer loop
      vertex 1.48482 3.42854 11.1
      vertex 2.17556 3.57969 11.1
      vertex 2.07854 3.87828 11.1
    endloop
  endfacet
  facet normal -0 0 1
    outer loop
      vertex 1.4 4.1 11.1
      vertex 2.07854 3.87828 11.1
      vertex 2.01971 4.18667 11.1
    endloop
  endfacet
  facet normal 0 0 1
    outer loop
      vertex 1.4 4.1 11.1
      vertex 2.01971 4.18667 11.1
      vertex 2 4.5 11.1
    endloop
  endfacet
  facet normal 0 0 1
    outer loop
      vertex 2.67758 2.78863 11.1
      vertex 1.91565 2.51298 11.1
      vertex 2.13178 2.25172 11.1
    endloop
  endfacet
  facet normal 0 0 1
    outer loop
      vertex 2 66.7 11.1
      vertex 1.4 67.1 11.1
      vertex 2 4.5 11.1
    endloop
  endfacet
  facet normal -0 0 1
    outer loop
      vertex 1.42129 67.4384 11.1
      vertex 2.07854 67.3217 11.1
      vertex 1.48482 67.7715 11.1
    endloop
  endfacet
  facet normal 0 0 1
    outer loop
      vertex 1.4 4.1 11.1
      vertex 2 4.5 11.1
      vertex 1.4 67.1 11.1
    endloop
  endfacet
  facet normal 0 0 1
    outer loop
      vertex 1.4 67.1 11.1
      vertex 2.07854 67.3217 11.1
      vertex 1.42129 67.4384 11.1
    endloop
  endfacet
  facet normal 0 0 1
    outer loop
      vertex 2.07854 3.87828 11.1
      vertex 1.4 4.1 11.1
      vertex 1.42129 3.7616 11.1
    endloop
  endfacet
  facet normal 0 0 1
    outer loop
      vertex 2.07854 67.3217 11.1
      vertex 1.4 67.1 11.1
      vertex 2.01971 67.0133 11.1
    endloop
  endfacet
  facet normal 0 0 1
    outer loop
      vertex 2.47746 3.03054 11.1
      vertex 1.73397 2.79927 11.1
      vertex 1.91565 2.51298 11.1
    endloop
  endfacet
  facet normal 0 0 1
    outer loop
      vertex 2.01971 67.0133 11.1
      vertex 1.4 67.1 11.1
      vertex 2 66.7 11.1
    endloop
  endfacet
  facet normal 0 0 1
    outer loop
      vertex 2.30923 3.29562 11.1
      vertex 1.5896 3.10606 11.1
      vertex 1.73397 2.79927 11.1
    endloop
  endfacet
  facet normal 0 0 1
    outer loop
      vertex 2.17556 3.57969 11.1
      vertex 1.48482 3.42854 11.1
      vertex 1.5896 3.10606 11.1
    endloop
  endfacet
  facet normal 0 0 1
    outer loop
      vertex 2.07854 3.87828 11.1
      vertex 1.42129 3.7616 11.1
      vertex 1.48482 3.42854 11.1
    endloop
  endfacet
  facet normal 0.98231 0.187261 0
    outer loop
      vertex 97.5787 67.4384 11.1
      vertex 97.5152 67.7715 8.9
      vertex 97.5152 67.7715 11.1
    endloop
  endfacet
  facet normal 0.98231 0.187261 0
    outer loop
      vertex 97.5152 67.7715 8.9
      vertex 97.5787 67.4384 11.1
      vertex 97.5787 67.4384 8.9
    endloop
  endfacet
  facet normal -0.125341 0.992114 0
    outer loop
      vertex 3.93047 69.7947 8.9
      vertex 3.59407 69.7522 11.1
      vertex 3.93047 69.7947 11.1
    endloop
  endfacet
  facet normal -0.125341 0.992114 0
    outer loop
      vertex 3.59407 69.7522 11.1
      vertex 3.93047 69.7947 8.9
      vertex 3.59407 69.7522 8.9
    endloop
  endfacet
  facet normal -0.248624 0.9686 0
    outer loop
      vertex 3.59407 69.7522 8.9
      vertex 3.26565 69.6679 11.1
      vertex 3.59407 69.7522 11.1
    endloop
  endfacet
  facet normal -0.248624 0.9686 0
    outer loop
      vertex 3.26565 69.6679 11.1
      vertex 3.59407 69.7522 8.9
      vertex 3.26565 69.6679 8.9
    endloop
  endfacet
  facet normal 0.904792 0.425854 0
    outer loop
      vertex 97.4104 68.0939 11.1
      vertex 97.266 68.4007 8.9
      vertex 97.266 68.4007 11.1
    endloop
  endfacet
  facet normal 0.904792 0.425854 0
    outer loop
      vertex 97.266 68.4007 8.9
      vertex 97.4104 68.0939 11.1
      vertex 97.4104 68.0939 8.9
    endloop
  endfacet
  facet normal -0.951034 0.309086 0
    outer loop
      vertex 1.48482 67.7715 8.9
      vertex 1.5896 68.0939 11.1
      vertex 1.5896 68.0939 8.9
    endloop
  endfacet
  facet normal -0.951034 0.309086 0
    outer loop
      vertex 1.5896 68.0939 11.1
      vertex 1.48482 67.7715 8.9
      vertex 1.48482 67.7715 11.1
    endloop
  endfacet
  facet normal 0 0 -1
    outer loop
      vertex 96.9215 3.87828 8.9
      vertex 97.6 4.1 8.9
      vertex 97.5787 3.7616 8.9
    endloop
  endfacet
  facet normal 0 0 -1
    outer loop
      vertex 97.6 4.1 8.9
      vertex 97 4.5 8.9
      vertex 97.6 67.1 8.9
    endloop
  endfacet
  facet normal 0 0 -1
    outer loop
      vertex 96.9215 3.87828 8.9
      vertex 97.5787 3.7616 8.9
      vertex 97.5152 3.42854 8.9
    endloop
  endfacet
  facet normal 0 0 -1
    outer loop
      vertex 97 66.7 8.9
      vertex 97.6 67.1 8.9
      vertex 97 4.5 8.9
    endloop
  endfacet
  facet normal 0 0 -1
    outer loop
      vertex 96.8244 3.57969 8.9
      vertex 97.5152 3.42854 8.9
      vertex 97.4104 3.10606 8.9
    endloop
  endfacet
  facet normal 0 0 -1
    outer loop
      vertex 96.9803 67.0133 8.9
      vertex 97.6 67.1 8.9
      vertex 97 66.7 8.9
    endloop
  endfacet
  facet normal 0 0 -1
    outer loop
      vertex 96.6908 3.29562 8.9
      vertex 97.4104 3.10606 8.9
      vertex 97.266 2.79927 8.9
    endloop
  endfacet
  facet normal 0 0 -1
    outer loop
      vertex 96.9215 67.3217 8.9
      vertex 97.6 67.1 8.9
      vertex 96.9803 67.0133 8.9
    endloop
  endfacet
  facet normal 0 0 -1
    outer loop
      vertex 96.5225 3.03054 8.9
      vertex 97.266 2.79927 8.9
      vertex 97.0843 2.51298 8.9
    endloop
  endfacet
  facet normal 0 0 -1
    outer loop
      vertex 97.6 67.1 8.9
      vertex 96.9215 67.3217 8.9
      vertex 97.5787 67.4384 8.9
    endloop
  endfacet
  facet normal -0 0 -1
    outer loop
      vertex 97.5787 67.4384 8.9
      vertex 96.9215 67.3217 8.9
      vertex 97.5152 67.7715 8.9
    endloop
  endfacet
  facet normal 0 0 -1
    outer loop
      vertex 97.6 4.1 8.9
      vertex 96.9803 4.18667 8.9
      vertex 97 4.5 8.9
    endloop
  endfacet
  facet normal -0 0 -1
    outer loop
      vertex 97.6 4.1 8.9
      vertex 96.9215 3.87828 8.9
      vertex 96.9803 4.18667 8.9
    endloop
  endfacet
  facet normal 0 0 -1
    outer loop
      vertex 96.3224 2.78863 8.9
      vertex 97.0843 2.51298 8.9
      vertex 96.8682 2.25172 8.9
    endloop
  endfacet
  facet normal 0 0 -1
    outer loop
      vertex 97.5152 3.42854 8.9
      vertex 96.8244 3.57969 8.9
      vertex 96.9215 3.87828 8.9
    endloop
  endfacet
  facet normal 0 0 -1
    outer loop
      vertex 97.4104 3.10606 8.9
      vertex 96.6908 3.29562 8.9
      vertex 96.8244 3.57969 8.9
    endloop
  endfacet
  facet normal 0 0 -1
    outer loop
      vertex 96.3224 2.78863 8.9
      vertex 96.8682 2.25172 8.9
      vertex 96.621 2.01961 8.9
    endloop
  endfacet
  facet normal 0 0 -1
    outer loop
      vertex 97.266 2.79927 8.9
      vertex 96.5225 3.03054 8.9
      vertex 96.6908 3.29562 8.9
    endloop
  endfacet
  facet normal 0 0 -1
    outer loop
      vertex 96.0936 2.57372 8.9
      vertex 96.621 2.01961 8.9
      vertex 96.3467 1.82032 8.9
    endloop
  endfacet
  facet normal 0 0 -1
    outer loop
      vertex 97.0843 2.51298 8.9
      vertex 96.3224 2.78863 8.9
      vertex 96.5225 3.03054 8.9
    endloop
  endfacet
  facet normal 0 0 -1
    outer loop
      vertex 96.621 2.01961 8.9
      vertex 96.0936 2.57372 8.9
      vertex 96.3224 2.78863 8.9
    endloop
  endfacet
  facet normal 0 0 -1
    outer loop
      vertex 95.8396 2.38918 8.9
      vertex 96.3467 1.82032 8.9
      vertex 96.0496 1.65697 8.9
    endloop
  endfacet
  facet normal 0 0 -1
    outer loop
      vertex 96.3467 1.82032 8.9
      vertex 95.8396 2.38918 8.9
      vertex 96.0936 2.57372 8.9
    endloop
  endfacet
  facet normal 0 0 -1
    outer loop
      vertex 95.5644 2.23793 8.9
      vertex 96.0496 1.65697 8.9
      vertex 95.7343 1.53215 8.9
    endloop
  endfacet
  facet normal 0 0 -1
    outer loop
      vertex 96.0496 1.65697 8.9
      vertex 95.5644 2.23793 8.9
      vertex 95.8396 2.38918 8.9
    endloop
  endfacet
  facet normal 0 0 -1
    outer loop
      vertex 95.2725 2.12236 8.9
      vertex 95.7343 1.53215 8.9
      vertex 95.4059 1.44783 8.9
    endloop
  endfacet
  facet normal 0 0 -1
    outer loop
      vertex 95.7343 1.53215 8.9
      vertex 95.2725 2.12236 8.9
      vertex 95.5644 2.23793 8.9
    endloop
  endfacet
  facet normal 0 0 -1
    outer loop
      vertex 94.9685 2.04428 8.9
      vertex 95.4059 1.44783 8.9
      vertex 95.0695 1.40533 8.9
    endloop
  endfacet
  facet normal 0 0 -1
    outer loop
      vertex 95.4059 1.44783 8.9
      vertex 94.9685 2.04428 8.9
      vertex 95.2725 2.12236 8.9
    endloop
  endfacet
  facet normal 0 0 -1
    outer loop
      vertex 95.0695 1.40533 8.9
      vertex 94.657 2.00493 8.9
      vertex 94.9685 2.04428 8.9
    endloop
  endfacet
  facet normal 0 0 -1
    outer loop
      vertex 95.0695 1.40533 8.9
      vertex 4.34302 2.00493 8.9
      vertex 94.657 2.00493 8.9
    endloop
  endfacet
  facet normal 0 0 -1
    outer loop
      vertex 3.93047 1.40533 8.9
      vertex 4.34302 2.00493 8.9
      vertex 95.0695 1.40533 8.9
    endloop
  endfacet
  facet normal 0 0 -1
    outer loop
      vertex 3.93047 1.40533 8.9
      vertex 4.03155 2.04428 8.9
      vertex 4.34302 2.00493 8.9
    endloop
  endfacet
  facet normal 0 0 -1
    outer loop
      vertex 3.59407 1.44783 8.9
      vertex 4.03155 2.04428 8.9
      vertex 3.93047 1.40533 8.9
    endloop
  endfacet
  facet normal -0 0 -1
    outer loop
      vertex 4.03155 2.04428 8.9
      vertex 3.59407 1.44783 8.9
      vertex 3.72746 2.12236 8.9
    endloop
  endfacet
  facet normal 0 0 -1
    outer loop
      vertex 3.26565 1.53215 8.9
      vertex 3.72746 2.12236 8.9
      vertex 3.59407 1.44783 8.9
    endloop
  endfacet
  facet normal -0 0 -1
    outer loop
      vertex 3.72746 2.12236 8.9
      vertex 3.26565 1.53215 8.9
      vertex 3.43555 2.23793 8.9
    endloop
  endfacet
  facet normal 0 0 -1
    outer loop
      vertex 2.9504 1.65697 8.9
      vertex 3.43555 2.23793 8.9
      vertex 3.26565 1.53215 8.9
    endloop
  endfacet
  facet normal -0 0 -1
    outer loop
      vertex 3.43555 2.23793 8.9
      vertex 2.9504 1.65697 8.9
      vertex 3.16043 2.38918 8.9
    endloop
  endfacet
  facet normal 0 0 -1
    outer loop
      vertex 2.65327 1.82032 8.9
      vertex 3.16043 2.38918 8.9
      vertex 2.9504 1.65697 8.9
    endloop
  endfacet
  facet normal -0 0 -1
    outer loop
      vertex 3.16043 2.38918 8.9
      vertex 2.65327 1.82032 8.9
      vertex 2.90644 2.57372 8.9
    endloop
  endfacet
  facet normal 0 0 -1
    outer loop
      vertex 2.37895 2.01961 8.9
      vertex 2.90644 2.57372 8.9
      vertex 2.65327 1.82032 8.9
    endloop
  endfacet
  facet normal -0 0 -1
    outer loop
      vertex 2.90644 2.57372 8.9
      vertex 2.37895 2.01961 8.9
      vertex 2.67758 2.78863 8.9
    endloop
  endfacet
  facet normal 0 0 -1
    outer loop
      vertex 2.13178 2.25172 8.9
      vertex 2.67758 2.78863 8.9
      vertex 2.37895 2.01961 8.9
    endloop
  endfacet
  facet normal 0 0 -1
    outer loop
      vertex 1.91565 2.51298 8.9
      vertex 2.67758 2.78863 8.9
      vertex 2.13178 2.25172 8.9
    endloop
  endfacet
  facet normal -0 0 -1
    outer loop
      vertex 2.67758 2.78863 8.9
      vertex 1.91565 2.51298 8.9
      vertex 2.47746 3.03054 8.9
    endloop
  endfacet
  facet normal 0 0 -1
    outer loop
      vertex 1.73397 2.79927 8.9
      vertex 2.47746 3.03054 8.9
      vertex 1.91565 2.51298 8.9
    endloop
  endfacet
  facet normal -0 0 -1
    outer loop
      vertex 2.47746 3.03054 8.9
      vertex 1.73397 2.79927 8.9
      vertex 2.30923 3.29562 8.9
    endloop
  endfacet
  facet normal 0 0 -1
    outer loop
      vertex 1.5896 3.10606 8.9
      vertex 2.30923 3.29562 8.9
      vertex 1.73397 2.79927 8.9
    endloop
  endfacet
  facet normal -0 0 -1
    outer loop
      vertex 2.30923 3.29562 8.9
      vertex 1.5896 3.10606 8.9
      vertex 2.17556 3.57969 8.9
    endloop
  endfacet
  facet normal -0 0 -1
    outer loop
      vertex 2.17556 3.57969 8.9
      vertex 1.48482 3.42854 8.9
      vertex 2.07854 3.87828 8.9
    endloop
  endfacet
  facet normal 0 0 -1
    outer loop
      vertex 1.48482 3.42854 8.9
      vertex 2.17556 3.57969 8.9
      vertex 1.5896 3.10606 8.9
    endloop
  endfacet
  facet normal 0 0 -1
    outer loop
      vertex 96.8244 67.6203 8.9
      vertex 97.5152 67.7715 8.9
      vertex 96.9215 67.3217 8.9
    endloop
  endfacet
  facet normal -0 0 -1
    outer loop
      vertex 97.5152 67.7715 8.9
      vertex 96.8244 67.6203 8.9
      vertex 97.4104 68.0939 8.9
    endloop
  endfacet
  facet normal 0 0 -1
    outer loop
      vertex 96.6908 67.9044 8.9
      vertex 97.4104 68.0939 8.9
      vertex 96.8244 67.6203 8.9
    endloop
  endfacet
  facet normal -0 0 -1
    outer loop
      vertex 97.4104 68.0939 8.9
      vertex 96.6908 67.9044 8.9
      vertex 97.266 68.4007 8.9
    endloop
  endfacet
  facet normal 0 0 -1
    outer loop
      vertex 96.5225 68.1695 8.9
      vertex 97.266 68.4007 8.9
      vertex 96.6908 67.9044 8.9
    endloop
  endfacet
  facet normal -0 0 -1
    outer loop
      vertex 97.266 68.4007 8.9
      vertex 96.5225 68.1695 8.9
      vertex 97.0843 68.687 8.9
    endloop
  endfacet
  facet normal 0 0 -1
    outer loop
      vertex 96.3224 68.4114 8.9
      vertex 97.0843 68.687 8.9
      vertex 96.5225 68.1695 8.9
    endloop
  endfacet
  facet normal -0 0 -1
    outer loop
      vertex 97.0843 68.687 8.9
      vertex 96.3224 68.4114 8.9
      vertex 96.8682 68.9483 8.9
    endloop
  endfacet
  facet normal -0 0 -1
    outer loop
      vertex 96.8682 68.9483 8.9
      vertex 96.3224 68.4114 8.9
      vertex 96.621 69.1804 8.9
    endloop
  endfacet
  facet normal 0 0 -1
    outer loop
      vertex 96.0936 68.6263 8.9
      vertex 96.621 69.1804 8.9
      vertex 96.3224 68.4114 8.9
    endloop
  endfacet
  facet normal -0 0 -1
    outer loop
      vertex 96.621 69.1804 8.9
      vertex 96.0936 68.6263 8.9
      vertex 96.3467 69.3797 8.9
    endloop
  endfacet
  facet normal 0 0 -1
    outer loop
      vertex 95.8396 68.8108 8.9
      vertex 96.3467 69.3797 8.9
      vertex 96.0936 68.6263 8.9
    endloop
  endfacet
  facet normal -0 0 -1
    outer loop
      vertex 96.3467 69.3797 8.9
      vertex 95.8396 68.8108 8.9
      vertex 96.0496 69.543 8.9
    endloop
  endfacet
  facet normal 0 0 -1
    outer loop
      vertex 95.5644 68.9621 8.9
      vertex 96.0496 69.543 8.9
      vertex 95.8396 68.8108 8.9
    endloop
  endfacet
  facet normal -0 0 -1
    outer loop
      vertex 96.0496 69.543 8.9
      vertex 95.5644 68.9621 8.9
      vertex 95.7343 69.6679 8.9
    endloop
  endfacet
  facet normal 0 0 -1
    outer loop
      vertex 95.2725 69.0776 8.9
      vertex 95.7343 69.6679 8.9
      vertex 95.5644 68.9621 8.9
    endloop
  endfacet
  facet normal -0 0 -1
    outer loop
      vertex 95.7343 69.6679 8.9
      vertex 95.2725 69.0776 8.9
      vertex 95.4059 69.7522 8.9
    endloop
  endfacet
  facet normal 0 0 -1
    outer loop
      vertex 94.9685 69.1557 8.9
      vertex 95.4059 69.7522 8.9
      vertex 95.2725 69.0776 8.9
    endloop
  endfacet
  facet normal -0 0 -1
    outer loop
      vertex 95.4059 69.7522 8.9
      vertex 94.9685 69.1557 8.9
      vertex 95.0695 69.7947 8.9
    endloop
  endfacet
  facet normal 0 0 -1
    outer loop
      vertex 94.657 69.1951 8.9
      vertex 95.0695 69.7947 8.9
      vertex 94.9685 69.1557 8.9
    endloop
  endfacet
  facet normal 0 0 -1
    outer loop
      vertex 4.34302 69.1951 8.9
      vertex 95.0695 69.7947 8.9
      vertex 94.657 69.1951 8.9
    endloop
  endfacet
  facet normal 0 0 -1
    outer loop
      vertex 4.34302 69.1951 8.9
      vertex 3.93047 69.7947 8.9
      vertex 95.0695 69.7947 8.9
    endloop
  endfacet
  facet normal 0 0 -1
    outer loop
      vertex 4.03155 69.1557 8.9
      vertex 3.93047 69.7947 8.9
      vertex 4.34302 69.1951 8.9
    endloop
  endfacet
  facet normal 0 0 -1
    outer loop
      vertex 3.59407 69.7522 8.9
      vertex 4.03155 69.1557 8.9
      vertex 3.72746 69.0776 8.9
    endloop
  endfacet
  facet normal 0 0 -1
    outer loop
      vertex 4.03155 69.1557 8.9
      vertex 3.59407 69.7522 8.9
      vertex 3.93047 69.7947 8.9
    endloop
  endfacet
  facet normal 0 0 -1
    outer loop
      vertex 3.26565 69.6679 8.9
      vertex 3.72746 69.0776 8.9
      vertex 3.43555 68.9621 8.9
    endloop
  endfacet
  facet normal 0 0 -1
    outer loop
      vertex 3.72746 69.0776 8.9
      vertex 3.26565 69.6679 8.9
      vertex 3.59407 69.7522 8.9
    endloop
  endfacet
  facet normal 0 0 -1
    outer loop
      vertex 2.9504 69.543 8.9
      vertex 3.43555 68.9621 8.9
      vertex 3.16043 68.8108 8.9
    endloop
  endfacet
  facet normal 0 0 -1
    outer loop
      vertex 3.43555 68.9621 8.9
      vertex 2.9504 69.543 8.9
      vertex 3.26565 69.6679 8.9
    endloop
  endfacet
  facet normal 0 0 -1
    outer loop
      vertex 2.65327 69.3797 8.9
      vertex 3.16043 68.8108 8.9
      vertex 2.90644 68.6263 8.9
    endloop
  endfacet
  facet normal 0 0 -1
    outer loop
      vertex 2.37895 69.1804 8.9
      vertex 2.90644 68.6263 8.9
      vertex 2.67758 68.4114 8.9
    endloop
  endfacet
  facet normal 0 0 -1
    outer loop
      vertex 3.16043 68.8108 8.9
      vertex 2.65327 69.3797 8.9
      vertex 2.9504 69.543 8.9
    endloop
  endfacet
  facet normal 0 0 -1
    outer loop
      vertex 1.91565 68.687 8.9
      vertex 2.67758 68.4114 8.9
      vertex 2.47746 68.1695 8.9
    endloop
  endfacet
  facet normal 0 0 -1
    outer loop
      vertex 2.90644 68.6263 8.9
      vertex 2.37895 69.1804 8.9
      vertex 2.65327 69.3797 8.9
    endloop
  endfacet
  facet normal 0 0 -1
    outer loop
      vertex 1.73397 68.4007 8.9
      vertex 2.47746 68.1695 8.9
      vertex 2.30923 67.9044 8.9
    endloop
  endfacet
  facet normal 0 0 -1
    outer loop
      vertex 1.5896 68.0939 8.9
      vertex 2.30923 67.9044 8.9
      vertex 2.17556 67.6203 8.9
    endloop
  endfacet
  facet normal 0 0 -1
    outer loop
      vertex 2.67758 68.4114 8.9
      vertex 2.13178 68.9483 8.9
      vertex 2.37895 69.1804 8.9
    endloop
  endfacet
  facet normal 0 0 -1
    outer loop
      vertex 1.48482 67.7715 8.9
      vertex 2.17556 67.6203 8.9
      vertex 2.07854 67.3217 8.9
    endloop
  endfacet
  facet normal 0 0 -1
    outer loop
      vertex 1.4 67.1 8.9
      vertex 2.07854 67.3217 8.9
      vertex 2.01971 67.0133 8.9
    endloop
  endfacet
  facet normal 0 0 -1
    outer loop
      vertex 1.4 67.1 8.9
      vertex 2.01971 67.0133 8.9
      vertex 2 66.7 8.9
    endloop
  endfacet
  facet normal 0 0 -1
    outer loop
      vertex 2.67758 68.4114 8.9
      vertex 1.91565 68.687 8.9
      vertex 2.13178 68.9483 8.9
    endloop
  endfacet
  facet normal -0 0 -1
    outer loop
      vertex 2 4.5 8.9
      vertex 1.4 4.1 8.9
      vertex 2 66.7 8.9
    endloop
  endfacet
  facet normal 0 0 -1
    outer loop
      vertex 1.42129 3.7616 8.9
      vertex 2.07854 3.87828 8.9
      vertex 1.48482 3.42854 8.9
    endloop
  endfacet
  facet normal 0 0 -1
    outer loop
      vertex 1.4 67.1 8.9
      vertex 2 66.7 8.9
      vertex 1.4 4.1 8.9
    endloop
  endfacet
  facet normal 0 0 -1
    outer loop
      vertex 1.4 4.1 8.9
      vertex 2.07854 3.87828 8.9
      vertex 1.42129 3.7616 8.9
    endloop
  endfacet
  facet normal -0 0 -1
    outer loop
      vertex 2.07854 67.3217 8.9
      vertex 1.4 67.1 8.9
      vertex 1.42129 67.4384 8.9
    endloop
  endfacet
  facet normal 0 0 -1
    outer loop
      vertex 2.07854 3.87828 8.9
      vertex 1.4 4.1 8.9
      vertex 2.01971 4.18667 8.9
    endloop
  endfacet
  facet normal 0 0 -1
    outer loop
      vertex 2.47746 68.1695 8.9
      vertex 1.73397 68.4007 8.9
      vertex 1.91565 68.687 8.9
    endloop
  endfacet
  facet normal -0 0 -1
    outer loop
      vertex 2.01971 4.18667 8.9
      vertex 1.4 4.1 8.9
      vertex 2 4.5 8.9
    endloop
  endfacet
  facet normal 0 0 -1
    outer loop
      vertex 2.30923 67.9044 8.9
      vertex 1.5896 68.0939 8.9
      vertex 1.73397 68.4007 8.9
    endloop
  endfacet
  facet normal 0 0 -1
    outer loop
      vertex 2.17556 67.6203 8.9
      vertex 1.48482 67.7715 8.9
      vertex 1.5896 68.0939 8.9
    endloop
  endfacet
  facet normal 0 0 -1
    outer loop
      vertex 2.07854 67.3217 8.9
      vertex 1.42129 67.4384 8.9
      vertex 1.48482 67.7715 8.9
    endloop
  endfacet
  facet normal 0 0 1
    outer loop
      vertex 96.6908 67.9044 8.9
      vertex 99 68.5 8.9
      vertex 98.9724 68.9387 8.9
    endloop
  endfacet
  facet normal 0 0 1
    outer loop
      vertex 99 68.5 8.9
      vertex 97 66.7 8.9
      vertex 99 3.5 8.9
    endloop
  endfacet
  facet normal 0 0 1
    outer loop
      vertex 96.5225 68.1695 8.9
      vertex 98.9724 68.9387 8.9
      vertex 98.89 69.3704 8.9
    endloop
  endfacet
  facet normal -0 0 1
    outer loop
      vertex 97 4.5 8.9
      vertex 99 3.5 8.9
      vertex 97 66.7 8.9
    endloop
  endfacet
  facet normal 0 0 1
    outer loop
      vertex 96.5225 68.1695 8.9
      vertex 98.89 69.3704 8.9
      vertex 98.7542 69.7884 8.9
    endloop
  endfacet
  facet normal -0 0 1
    outer loop
      vertex 96.9803 4.18667 8.9
      vertex 99 3.5 8.9
      vertex 97 4.5 8.9
    endloop
  endfacet
  facet normal 0 0 1
    outer loop
      vertex 96.3224 68.4114 8.9
      vertex 98.7542 69.7884 8.9
      vertex 98.5671 70.1861 8.9
    endloop
  endfacet
  facet normal -0 0 1
    outer loop
      vertex 96.9215 3.87828 8.9
      vertex 99 3.5 8.9
      vertex 96.9803 4.18667 8.9
    endloop
  endfacet
  facet normal 0 0 1
    outer loop
      vertex 96.3224 68.4114 8.9
      vertex 98.5671 70.1861 8.9
      vertex 98.3316 70.5573 8.9
    endloop
  endfacet
  facet normal -0 0 1
    outer loop
      vertex 96.8244 3.57969 8.9
      vertex 99 3.5 8.9
      vertex 96.9215 3.87828 8.9
    endloop
  endfacet
  facet normal 0 0 1
    outer loop
      vertex 96.0936 68.6263 8.9
      vertex 98.3316 70.5573 8.9
      vertex 98.0514 70.8959 8.9
    endloop
  endfacet
  facet normal 0 0 1
    outer loop
      vertex 99 3.5 8.9
      vertex 96.8244 3.57969 8.9
      vertex 98.9724 3.06133 8.9
    endloop
  endfacet
  facet normal 0 0 1
    outer loop
      vertex 96.0936 68.6263 8.9
      vertex 98.0514 70.8959 8.9
      vertex 97.731 71.1968 8.9
    endloop
  endfacet
  facet normal 0 0 1
    outer loop
      vertex 98.9724 3.06133 8.9
      vertex 96.8244 3.57969 8.9
      vertex 98.89 2.62959 8.9
    endloop
  endfacet
  facet normal 0 0 1
    outer loop
      vertex 95.8396 68.8108 8.9
      vertex 97.731 71.1968 8.9
      vertex 97.3754 71.4551 8.9
    endloop
  endfacet
  facet normal -0 0 1
    outer loop
      vertex 96.6908 3.29562 8.9
      vertex 98.89 2.62959 8.9
      vertex 96.8244 3.57969 8.9
    endloop
  endfacet
  facet normal 0 0 1
    outer loop
      vertex 98.89 2.62959 8.9
      vertex 96.6908 3.29562 8.9
      vertex 98.7542 2.21157 8.9
    endloop
  endfacet
  facet normal 0 0 1
    outer loop
      vertex 95.8396 68.8108 8.9
      vertex 97.3754 71.4551 8.9
      vertex 96.9902 71.6669 8.9
    endloop
  endfacet
  facet normal 0 0 1
    outer loop
      vertex 99 68.5 8.9
      vertex 96.9803 67.0133 8.9
      vertex 97 66.7 8.9
    endloop
  endfacet
  facet normal 0 0 1
    outer loop
      vertex 99 68.5 8.9
      vertex 96.9215 67.3217 8.9
      vertex 96.9803 67.0133 8.9
    endloop
  endfacet
  facet normal 0 0 1
    outer loop
      vertex 99 68.5 8.9
      vertex 96.8244 67.6203 8.9
      vertex 96.9215 67.3217 8.9
    endloop
  endfacet
  facet normal 0 0 1
    outer loop
      vertex 99 68.5 8.9
      vertex 96.6908 67.9044 8.9
      vertex 96.8244 67.6203 8.9
    endloop
  endfacet
  facet normal 0 0 1
    outer loop
      vertex 95.5644 68.9621 8.9
      vertex 96.9902 71.6669 8.9
      vertex 96.5816 71.8287 8.9
    endloop
  endfacet
  facet normal 0 0 1
    outer loop
      vertex 98.9724 68.9387 8.9
      vertex 96.5225 68.1695 8.9
      vertex 96.6908 67.9044 8.9
    endloop
  endfacet
  facet normal 0 0 1
    outer loop
      vertex 98.7542 69.7884 8.9
      vertex 96.3224 68.4114 8.9
      vertex 96.5225 68.1695 8.9
    endloop
  endfacet
  facet normal 0 0 1
    outer loop
      vertex 95.5644 68.9621 8.9
      vertex 96.5816 71.8287 8.9
      vertex 96.1558 71.938 8.9
    endloop
  endfacet
  facet normal 0 0 1
    outer loop
      vertex 98.3316 70.5573 8.9
      vertex 96.0936 68.6263 8.9
      vertex 96.3224 68.4114 8.9
    endloop
  endfacet
  facet normal 0 0 1
    outer loop
      vertex 97.731 71.1968 8.9
      vertex 95.8396 68.8108 8.9
      vertex 96.0936 68.6263 8.9
    endloop
  endfacet
  facet normal 0 0 1
    outer loop
      vertex 95.2725 69.0776 8.9
      vertex 96.1558 71.938 8.9
      vertex 95.7198 71.9931 8.9
    endloop
  endfacet
  facet normal 0 0 1
    outer loop
      vertex 96.9902 71.6669 8.9
      vertex 95.5644 68.9621 8.9
      vertex 95.8396 68.8108 8.9
    endloop
  endfacet
  facet normal 0 0 1
    outer loop
      vertex 96.1558 71.938 8.9
      vertex 95.2725 69.0776 8.9
      vertex 95.5644 68.9621 8.9
    endloop
  endfacet
  facet normal 0 0 1
    outer loop
      vertex 95.7198 71.9931 8.9
      vertex 94.9685 69.1557 8.9
      vertex 95.2725 69.0776 8.9
    endloop
  endfacet
  facet normal 0 0 1
    outer loop
      vertex 95.7198 71.9931 8.9
      vertex 94.657 69.1951 8.9
      vertex 94.9685 69.1557 8.9
    endloop
  endfacet
  facet normal 0 0 1
    outer loop
      vertex 95.7198 71.9931 8.9
      vertex 4.34302 69.1951 8.9
      vertex 94.657 69.1951 8.9
    endloop
  endfacet
  facet normal -0 0 1
    outer loop
      vertex 3.28023 71.9931 8.9
      vertex 4.34302 69.1951 8.9
      vertex 95.7198 71.9931 8.9
    endloop
  endfacet
  facet normal 0 0 1
    outer loop
      vertex 3.28023 71.9931 8.9
      vertex 4.03155 69.1557 8.9
      vertex 4.34302 69.1951 8.9
    endloop
  endfacet
  facet normal 0 0 1
    outer loop
      vertex 3.28023 71.9931 8.9
      vertex 3.72746 69.0776 8.9
      vertex 4.03155 69.1557 8.9
    endloop
  endfacet
  facet normal -0 0 1
    outer loop
      vertex 2.84416 71.938 8.9
      vertex 3.72746 69.0776 8.9
      vertex 3.28023 71.9931 8.9
    endloop
  endfacet
  facet normal 0 0 1
    outer loop
      vertex 3.72746 69.0776 8.9
      vertex 2.84416 71.938 8.9
      vertex 3.43555 68.9621 8.9
    endloop
  endfacet
  facet normal -0 0 1
    outer loop
      vertex 2.41844 71.8287 8.9
      vertex 3.43555 68.9621 8.9
      vertex 2.84416 71.938 8.9
    endloop
  endfacet
  facet normal -0 0 1
    outer loop
      vertex 2.00977 71.6669 8.9
      vertex 3.43555 68.9621 8.9
      vertex 2.41844 71.8287 8.9
    endloop
  endfacet
  facet normal 0 0 1
    outer loop
      vertex 3.43555 68.9621 8.9
      vertex 2.00977 71.6669 8.9
      vertex 3.16043 68.8108 8.9
    endloop
  endfacet
  facet normal -0 0 1
    outer loop
      vertex 1.62461 71.4551 8.9
      vertex 3.16043 68.8108 8.9
      vertex 2.00977 71.6669 8.9
    endloop
  endfacet
  facet normal -0 0 1
    outer loop
      vertex 1.26902 71.1968 8.9
      vertex 3.16043 68.8108 8.9
      vertex 1.62461 71.4551 8.9
    endloop
  endfacet
  facet normal 0 0 1
    outer loop
      vertex 3.16043 68.8108 8.9
      vertex 1.26902 71.1968 8.9
      vertex 2.90644 68.6263 8.9
    endloop
  endfacet
  facet normal -0 0 1
    outer loop
      vertex 0.948609 70.8959 8.9
      vertex 2.90644 68.6263 8.9
      vertex 1.26902 71.1968 8.9
    endloop
  endfacet
  facet normal -0 0 1
    outer loop
      vertex 0.66844 70.5573 8.9
      vertex 2.90644 68.6263 8.9
      vertex 0.948609 70.8959 8.9
    endloop
  endfacet
  facet normal 0 0 1
    outer loop
      vertex 2.90644 68.6263 8.9
      vertex 0.66844 70.5573 8.9
      vertex 2.67758 68.4114 8.9
    endloop
  endfacet
  facet normal -0 0 1
    outer loop
      vertex 0.432926 70.1861 8.9
      vertex 2.67758 68.4114 8.9
      vertex 0.66844 70.5573 8.9
    endloop
  endfacet
  facet normal -0 0 1
    outer loop
      vertex 0.245782 69.7884 8.9
      vertex 2.67758 68.4114 8.9
      vertex 0.432926 70.1861 8.9
    endloop
  endfacet
  facet normal -0 0 1
    outer loop
      vertex 0.109959 69.3704 8.9
      vertex 2.47746 68.1695 8.9
      vertex 0.245782 69.7884 8.9
    endloop
  endfacet
  facet normal 0 0 1
    outer loop
      vertex 2.67758 68.4114 8.9
      vertex 0.245782 69.7884 8.9
      vertex 2.47746 68.1695 8.9
    endloop
  endfacet
  facet normal -0 0 1
    outer loop
      vertex 96.5225 3.03054 8.9
      vertex 98.7542 2.21157 8.9
      vertex 96.6908 3.29562 8.9
    endloop
  endfacet
  facet normal 0 0 1
    outer loop
      vertex 98.7542 2.21157 8.9
      vertex 96.5225 3.03054 8.9
      vertex 98.5671 1.81386 8.9
    endloop
  endfacet
  facet normal 0 0 1
    outer loop
      vertex 98.5671 1.81386 8.9
      vertex 96.5225 3.03054 8.9
      vertex 98.3316 1.44275 8.9
    endloop
  endfacet
  facet normal -0 0 1
    outer loop
      vertex 96.3224 2.78863 8.9
      vertex 98.3316 1.44275 8.9
      vertex 96.5225 3.03054 8.9
    endloop
  endfacet
  facet normal 0 0 1
    outer loop
      vertex 98.3316 1.44275 8.9
      vertex 96.3224 2.78863 8.9
      vertex 98.0514 1.10409 8.9
    endloop
  endfacet
  facet normal 0 0 1
    outer loop
      vertex 98.0514 1.10409 8.9
      vertex 96.3224 2.78863 8.9
      vertex 97.731 0.803205 8.9
    endloop
  endfacet
  facet normal -0 0 1
    outer loop
      vertex 96.0936 2.57372 8.9
      vertex 97.731 0.803205 8.9
      vertex 96.3224 2.78863 8.9
    endloop
  endfacet
  facet normal 0 0 1
    outer loop
      vertex 97.731 0.803205 8.9
      vertex 96.0936 2.57372 8.9
      vertex 97.3754 0.544853 8.9
    endloop
  endfacet
  facet normal -0 0 1
    outer loop
      vertex 95.8396 2.38918 8.9
      vertex 97.3754 0.544853 8.9
      vertex 96.0936 2.57372 8.9
    endloop
  endfacet
  facet normal 0 0 1
    outer loop
      vertex 97.3754 0.544853 8.9
      vertex 95.8396 2.38918 8.9
      vertex 96.9902 0.333106 8.9
    endloop
  endfacet
  facet normal 0 0 1
    outer loop
      vertex 96.9902 0.333106 8.9
      vertex 95.8396 2.38918 8.9
      vertex 96.5816 0.171303 8.9
    endloop
  endfacet
  facet normal -0 0 1
    outer loop
      vertex 95.5644 2.23793 8.9
      vertex 96.5816 0.171303 8.9
      vertex 95.8396 2.38918 8.9
    endloop
  endfacet
  facet normal 0 0 1
    outer loop
      vertex 96.5816 0.171303 8.9
      vertex 95.5644 2.23793 8.9
      vertex 96.1558 0.0619955 8.9
    endloop
  endfacet
  facet normal -0 0 1
    outer loop
      vertex 95.2725 2.12236 8.9
      vertex 96.1558 0.0619955 8.9
      vertex 95.5644 2.23793 8.9
    endloop
  endfacet
  facet normal 0 0 1
    outer loop
      vertex 96.1558 0.0619955 8.9
      vertex 95.2725 2.12236 8.9
      vertex 95.7198 0.00690651 8.9
    endloop
  endfacet
  facet normal -0 0 1
    outer loop
      vertex 94.9685 2.04428 8.9
      vertex 95.7198 0.00690651 8.9
      vertex 95.2725 2.12236 8.9
    endloop
  endfacet
  facet normal -0 0 1
    outer loop
      vertex 94.657 2.00493 8.9
      vertex 95.7198 0.00690651 8.9
      vertex 94.9685 2.04428 8.9
    endloop
  endfacet
  facet normal -0 0 1
    outer loop
      vertex 4.34302 2.00493 8.9
      vertex 95.7198 0.00690651 8.9
      vertex 94.657 2.00493 8.9
    endloop
  endfacet
  facet normal 0 0 1
    outer loop
      vertex 4.34302 2.00493 8.9
      vertex 3.28023 0.00690651 8.9
      vertex 95.7198 0.00690651 8.9
    endloop
  endfacet
  facet normal 0 0 1
    outer loop
      vertex 4.03155 2.04428 8.9
      vertex 3.28023 0.00690651 8.9
      vertex 4.34302 2.00493 8.9
    endloop
  endfacet
  facet normal 0 0 1
    outer loop
      vertex 3.72746 2.12236 8.9
      vertex 3.28023 0.00690651 8.9
      vertex 4.03155 2.04428 8.9
    endloop
  endfacet
  facet normal 0 0 1
    outer loop
      vertex 2.84416 0.0619955 8.9
      vertex 3.72746 2.12236 8.9
      vertex 3.43555 2.23793 8.9
    endloop
  endfacet
  facet normal 0 0 1
    outer loop
      vertex 2.41844 0.171303 8.9
      vertex 3.43555 2.23793 8.9
      vertex 3.16043 2.38918 8.9
    endloop
  endfacet
  facet normal 0 0 1
    outer loop
      vertex 1.62461 0.544853 8.9
      vertex 3.16043 2.38918 8.9
      vertex 2.90644 2.57372 8.9
    endloop
  endfacet
  facet normal 0 0 1
    outer loop
      vertex 3.72746 2.12236 8.9
      vertex 2.84416 0.0619955 8.9
      vertex 3.28023 0.00690651 8.9
    endloop
  endfacet
  facet normal 0 0 1
    outer loop
      vertex 1.26902 0.803205 8.9
      vertex 2.90644 2.57372 8.9
      vertex 2.67758 2.78863 8.9
    endloop
  endfacet
  facet normal 0 0 1
    outer loop
      vertex 0.66844 1.44275 8.9
      vertex 2.67758 2.78863 8.9
      vertex 2.47746 3.03054 8.9
    endloop
  endfacet
  facet normal 0 0 1
    outer loop
      vertex 3.43555 2.23793 8.9
      vertex 2.41844 0.171303 8.9
      vertex 2.84416 0.0619955 8.9
    endloop
  endfacet
  facet normal 0 0 1
    outer loop
      vertex 0.245782 2.21157 8.9
      vertex 2.47746 3.03054 8.9
      vertex 2.30923 3.29562 8.9
    endloop
  endfacet
  facet normal 0 0 1
    outer loop
      vertex 0.109959 2.62959 8.9
      vertex 2.30923 3.29562 8.9
      vertex 2.17556 3.57969 8.9
    endloop
  endfacet
  facet normal 0 0 1
    outer loop
      vertex 0 3.5 8.9
      vertex 2.17556 3.57969 8.9
      vertex 2.07854 3.87828 8.9
    endloop
  endfacet
  facet normal 0 0 1
    outer loop
      vertex 0 3.5 8.9
      vertex 2.07854 3.87828 8.9
      vertex 2.01971 4.18667 8.9
    endloop
  endfacet
  facet normal 0 0 1
    outer loop
      vertex 3.16043 2.38918 8.9
      vertex 2.00977 0.333106 8.9
      vertex 2.41844 0.171303 8.9
    endloop
  endfacet
  facet normal 0 0 1
    outer loop
      vertex 0 3.5 8.9
      vertex 2.01971 4.18667 8.9
      vertex 2 4.5 8.9
    endloop
  endfacet
  facet normal 0 0 1
    outer loop
      vertex 0 3.5 8.9
      vertex 2 66.7 8.9
      vertex 0 68.5 8.9
    endloop
  endfacet
  facet normal 0 0 1
    outer loop
      vertex 2 66.7 8.9
      vertex 0 3.5 8.9
      vertex 2 4.5 8.9
    endloop
  endfacet
  facet normal -0 0 1
    outer loop
      vertex 0.0275984 68.9387 8.9
      vertex 2.47746 68.1695 8.9
      vertex 0.109959 69.3704 8.9
    endloop
  endfacet
  facet normal 0 0 1
    outer loop
      vertex 2.17556 3.57969 8.9
      vertex 0 3.5 8.9
      vertex 0.0275984 3.06133 8.9
    endloop
  endfacet
  facet normal 0 0 1
    outer loop
      vertex 2.47746 68.1695 8.9
      vertex 0.0275984 68.9387 8.9
      vertex 2.30923 67.9044 8.9
    endloop
  endfacet
  facet normal 0 0 1
    outer loop
      vertex 3.16043 2.38918 8.9
      vertex 1.62461 0.544853 8.9
      vertex 2.00977 0.333106 8.9
    endloop
  endfacet
  facet normal -0 0 1
    outer loop
      vertex 0 68.5 8.9
      vertex 2.30923 67.9044 8.9
      vertex 0.0275984 68.9387 8.9
    endloop
  endfacet
  facet normal 0 0 1
    outer loop
      vertex 2.90644 2.57372 8.9
      vertex 1.26902 0.803205 8.9
      vertex 1.62461 0.544853 8.9
    endloop
  endfacet
  facet normal 0 0 1
    outer loop
      vertex 2.30923 67.9044 8.9
      vertex 0 68.5 8.9
      vertex 2.17556 67.6203 8.9
    endloop
  endfacet
  facet normal 0 0 1
    outer loop
      vertex 2.67758 2.78863 8.9
      vertex 0.948609 1.10409 8.9
      vertex 1.26902 0.803205 8.9
    endloop
  endfacet
  facet normal 0 0 1
    outer loop
      vertex 2.17556 67.6203 8.9
      vertex 0 68.5 8.9
      vertex 2.07854 67.3217 8.9
    endloop
  endfacet
  facet normal 0 0 1
    outer loop
      vertex 2.67758 2.78863 8.9
      vertex 0.66844 1.44275 8.9
      vertex 0.948609 1.10409 8.9
    endloop
  endfacet
  facet normal 0 0 1
    outer loop
      vertex 2.07854 67.3217 8.9
      vertex 0 68.5 8.9
      vertex 2.01971 67.0133 8.9
    endloop
  endfacet
  facet normal 0 0 1
    outer loop
      vertex 2.47746 3.03054 8.9
      vertex 0.432926 1.81386 8.9
      vertex 0.66844 1.44275 8.9
    endloop
  endfacet
  facet normal 0 0 1
    outer loop
      vertex 2.01971 67.0133 8.9
      vertex 0 68.5 8.9
      vertex 2 66.7 8.9
    endloop
  endfacet
  facet normal 0 0 1
    outer loop
      vertex 2.47746 3.03054 8.9
      vertex 0.245782 2.21157 8.9
      vertex 0.432926 1.81386 8.9
    endloop
  endfacet
  facet normal 0 0 1
    outer loop
      vertex 2.30923 3.29562 8.9
      vertex 0.109959 2.62959 8.9
      vertex 0.245782 2.21157 8.9
    endloop
  endfacet
  facet normal 0 0 1
    outer loop
      vertex 2.17556 3.57969 8.9
      vertex 0.0275984 3.06133 8.9
      vertex 0.109959 2.62959 8.9
    endloop
  endfacet
  facet normal 0 0 1
    outer loop
      vertex 94.657 69.1951 3.4
      vertex 97 66.7 3.4
      vertex 96.9803 67.0133 3.4
    endloop
  endfacet
  facet normal 0 0 1
    outer loop
      vertex 97 66.7 3.4
      vertex 94.657 69.1951 3.4
      vertex 97 4.5 3.4
    endloop
  endfacet
  facet normal 0 0 1
    outer loop
      vertex 94.657 69.1951 3.4
      vertex 96.9803 67.0133 3.4
      vertex 96.9215 67.3217 3.4
    endloop
  endfacet
  facet normal 0 0 1
    outer loop
      vertex 94.657 2.00493 3.4
      vertex 97 4.5 3.4
      vertex 94.657 69.1951 3.4
    endloop
  endfacet
  facet normal 0 0 1
    outer loop
      vertex 94.657 69.1951 3.4
      vertex 96.9215 67.3217 3.4
      vertex 96.8244 67.6203 3.4
    endloop
  endfacet
  facet normal 0 0 1
    outer loop
      vertex 97 4.5 3.4
      vertex 94.657 2.00493 3.4
      vertex 96.9803 4.18667 3.4
    endloop
  endfacet
  facet normal 0 0 1
    outer loop
      vertex 94.657 69.1951 3.4
      vertex 96.8244 67.6203 3.4
      vertex 96.6908 67.9044 3.4
    endloop
  endfacet
  facet normal 0 0 1
    outer loop
      vertex 96.9803 4.18667 3.4
      vertex 94.657 2.00493 3.4
      vertex 96.9215 3.87828 3.4
    endloop
  endfacet
  facet normal 0 0 1
    outer loop
      vertex 94.657 69.1951 3.4
      vertex 96.6908 67.9044 3.4
      vertex 96.5225 68.1695 3.4
    endloop
  endfacet
  facet normal 0 0 1
    outer loop
      vertex 96.9215 3.87828 3.4
      vertex 94.657 2.00493 3.4
      vertex 96.8244 3.57969 3.4
    endloop
  endfacet
  facet normal 0 0 1
    outer loop
      vertex 94.657 69.1951 3.4
      vertex 96.5225 68.1695 3.4
      vertex 96.3224 68.4114 3.4
    endloop
  endfacet
  facet normal 0 0 1
    outer loop
      vertex 96.8244 3.57969 3.4
      vertex 94.657 2.00493 3.4
      vertex 96.6908 3.29562 3.4
    endloop
  endfacet
  facet normal 0 0 1
    outer loop
      vertex 94.657 69.1951 3.4
      vertex 96.3224 68.4114 3.4
      vertex 96.0936 68.6263 3.4
    endloop
  endfacet
  facet normal 0 0 1
    outer loop
      vertex 96.6908 3.29562 3.4
      vertex 94.657 2.00493 3.4
      vertex 96.5225 3.03054 3.4
    endloop
  endfacet
  facet normal 0 0 1
    outer loop
      vertex 94.657 69.1951 3.4
      vertex 96.0936 68.6263 3.4
      vertex 95.8396 68.8108 3.4
    endloop
  endfacet
  facet normal 0 0 1
    outer loop
      vertex 96.5225 3.03054 3.4
      vertex 94.657 2.00493 3.4
      vertex 96.3224 2.78863 3.4
    endloop
  endfacet
  facet normal 0 0 1
    outer loop
      vertex 94.657 69.1951 3.4
      vertex 95.8396 68.8108 3.4
      vertex 95.5644 68.9621 3.4
    endloop
  endfacet
  facet normal 0 0 1
    outer loop
      vertex 96.3224 2.78863 3.4
      vertex 94.657 2.00493 3.4
      vertex 96.0936 2.57372 3.4
    endloop
  endfacet
  facet normal 0 0 1
    outer loop
      vertex 94.657 69.1951 3.4
      vertex 95.5644 68.9621 3.4
      vertex 95.2725 69.0776 3.4
    endloop
  endfacet
  facet normal 0 0 1
    outer loop
      vertex 96.0936 2.57372 3.4
      vertex 94.657 2.00493 3.4
      vertex 95.8396 2.38918 3.4
    endloop
  endfacet
  facet normal 0 0 1
    outer loop
      vertex 94.657 69.1951 3.4
      vertex 95.2725 69.0776 3.4
      vertex 94.9685 69.1557 3.4
    endloop
  endfacet
  facet normal 0 0 1
    outer loop
      vertex 95.8396 2.38918 3.4
      vertex 94.657 2.00493 3.4
      vertex 95.5644 2.23793 3.4
    endloop
  endfacet
  facet normal 0 0 1
    outer loop
      vertex 95.5644 2.23793 3.4
      vertex 94.657 2.00493 3.4
      vertex 95.2725 2.12236 3.4
    endloop
  endfacet
  facet normal 0 0 1
    outer loop
      vertex 95.2725 2.12236 3.4
      vertex 94.657 2.00493 3.4
      vertex 94.9685 2.04428 3.4
    endloop
  endfacet
  facet normal -0 0 1
    outer loop
      vertex 4.34302 69.1951 3.4
      vertex 94.657 2.00493 3.4
      vertex 94.657 69.1951 3.4
    endloop
  endfacet
  facet normal 0 0 1
    outer loop
      vertex 4.34302 69.1951 3.4
      vertex 4.34302 2.00493 3.4
      vertex 94.657 2.00493 3.4
    endloop
  endfacet
  facet normal 0 0 1
    outer loop
      vertex 2 66.7 3.4
      vertex 4.34302 69.1951 3.4
      vertex 4.03155 69.1557 3.4
    endloop
  endfacet
  facet normal 0 0 1
    outer loop
      vertex 4.34302 69.1951 3.4
      vertex 2 66.7 3.4
      vertex 4.34302 2.00493 3.4
    endloop
  endfacet
  facet normal 0 0 1
    outer loop
      vertex 2 66.7 3.4
      vertex 4.03155 69.1557 3.4
      vertex 3.72746 69.0776 3.4
    endloop
  endfacet
  facet normal -0 0 1
    outer loop
      vertex 2 4.5 3.4
      vertex 4.34302 2.00493 3.4
      vertex 2 66.7 3.4
    endloop
  endfacet
  facet normal 0 0 1
    outer loop
      vertex 2 66.7 3.4
      vertex 3.72746 69.0776 3.4
      vertex 3.43555 68.9621 3.4
    endloop
  endfacet
  facet normal 0 0 1
    outer loop
      vertex 4.34302 2.00493 3.4
      vertex 2 4.5 3.4
      vertex 4.03155 2.04428 3.4
    endloop
  endfacet
  facet normal 0 0 1
    outer loop
      vertex 2 66.7 3.4
      vertex 3.43555 68.9621 3.4
      vertex 3.16043 68.8108 3.4
    endloop
  endfacet
  facet normal 0 0 1
    outer loop
      vertex 4.03155 2.04428 3.4
      vertex 2 4.5 3.4
      vertex 3.72746 2.12236 3.4
    endloop
  endfacet
  facet normal 0 0 1
    outer loop
      vertex 2 66.7 3.4
      vertex 3.16043 68.8108 3.4
      vertex 2.90644 68.6263 3.4
    endloop
  endfacet
  facet normal 0 0 1
    outer loop
      vertex 3.72746 2.12236 3.4
      vertex 2 4.5 3.4
      vertex 3.43555 2.23793 3.4
    endloop
  endfacet
  facet normal 0 0 1
    outer loop
      vertex 2 66.7 3.4
      vertex 2.90644 68.6263 3.4
      vertex 2.67758 68.4114 3.4
    endloop
  endfacet
  facet normal 0 0 1
    outer loop
      vertex 3.43555 2.23793 3.4
      vertex 2 4.5 3.4
      vertex 3.16043 2.38918 3.4
    endloop
  endfacet
  facet normal 0 0 1
    outer loop
      vertex 2 66.7 3.4
      vertex 2.67758 68.4114 3.4
      vertex 2.47746 68.1695 3.4
    endloop
  endfacet
  facet normal 0 0 1
    outer loop
      vertex 3.16043 2.38918 3.4
      vertex 2 4.5 3.4
      vertex 2.90644 2.57372 3.4
    endloop
  endfacet
  facet normal 0 0 1
    outer loop
      vertex 2 66.7 3.4
      vertex 2.47746 68.1695 3.4
      vertex 2.30923 67.9044 3.4
    endloop
  endfacet
  facet normal 0 0 1
    outer loop
      vertex 2.90644 2.57372 3.4
      vertex 2 4.5 3.4
      vertex 2.67758 2.78863 3.4
    endloop
  endfacet
  facet normal 0 0 1
    outer loop
      vertex 2 66.7 3.4
      vertex 2.30923 67.9044 3.4
      vertex 2.17556 67.6203 3.4
    endloop
  endfacet
  facet normal 0 0 1
    outer loop
      vertex 2.67758 2.78863 3.4
      vertex 2 4.5 3.4
      vertex 2.47746 3.03054 3.4
    endloop
  endfacet
  facet normal 0 0 1
    outer loop
      vertex 2 66.7 3.4
      vertex 2.17556 67.6203 3.4
      vertex 2.07854 67.3217 3.4
    endloop
  endfacet
  facet normal 0 0 1
    outer loop
      vertex 2.47746 3.03054 3.4
      vertex 2 4.5 3.4
      vertex 2.30923 3.29562 3.4
    endloop
  endfacet
  facet normal 0 0 1
    outer loop
      vertex 2 66.7 3.4
      vertex 2.07854 67.3217 3.4
      vertex 2.01971 67.0133 3.4
    endloop
  endfacet
  facet normal 0 0 1
    outer loop
      vertex 2.30923 3.29562 3.4
      vertex 2 4.5 3.4
      vertex 2.17556 3.57969 3.4
    endloop
  endfacet
  facet normal 0 0 1
    outer loop
      vertex 2.17556 3.57969 3.4
      vertex 2 4.5 3.4
      vertex 2.07854 3.87828 3.4
    endloop
  endfacet
  facet normal 0 0 1
    outer loop
      vertex 2.07854 3.87828 3.4
      vertex 2 4.5 3.4
      vertex 2.01971 4.18667 3.4
    endloop
  endfacet
  facet normal -1 0 0
    outer loop
      vertex 13 5 1.5
      vertex 13 15 3.3
      vertex 13 15 1.5
    endloop
  endfacet
  facet normal -1 -0 0
    outer loop
      vertex 13 15 3.3
      vertex 13 5 1.5
      vertex 13 5 3.3
    endloop
  endfacet
  facet normal -0 0 1
    outer loop
      vertex 11 15 1.5
      vertex 13 5 1.5
      vertex 13 15 1.5
    endloop
  endfacet
  facet normal 0 0 1
    outer loop
      vertex 13 5 1.5
      vertex 11 15 1.5
      vertex 11 5 1.5
    endloop
  endfacet
  facet normal 0 0 -1
    outer loop
      vertex 11 5 3.3
      vertex 13 15 3.3
      vertex 13 5 3.3
    endloop
  endfacet
  facet normal -0 0 -1
    outer loop
      vertex 13 15 3.3
      vertex 11 5 3.3
      vertex 11 15 3.3
    endloop
  endfacet
  facet normal 1 -0 0
    outer loop
      vertex 11 5 3.3
      vertex 11 15 1.5
      vertex 11 15 3.3
    endloop
  endfacet
  facet normal 1 0 0
    outer loop
      vertex 11 15 1.5
      vertex 11 5 3.3
      vertex 11 5 1.5
    endloop
  endfacet
  facet normal 0 1 -0
    outer loop
      vertex 13 5 1.5
      vertex 11 5 3.3
      vertex 13 5 3.3
    endloop
  endfacet
  facet normal 0 1 0
    outer loop
      vertex 11 5 3.3
      vertex 13 5 1.5
      vertex 11 5 1.5
    endloop
  endfacet
  facet normal 0 -1 0
    outer loop
      vertex 11 15 1.5
      vertex 13 15 3.3
      vertex 11 15 3.3
    endloop
  endfacet
  facet normal 0 -1 -0
    outer loop
      vertex 13 15 3.3
      vertex 11 15 1.5
      vertex 13 15 1.5
    endloop
  endfacet
  facet normal -1 0 0
    outer loop
      vertex 16.5 5 1.5
      vertex 16.5 15 3.3
      vertex 16.5 15 1.5
    endloop
  endfacet
  facet normal -1 -0 0
    outer loop
      vertex 16.5 15 3.3
      vertex 16.5 5 1.5
      vertex 16.5 5 3.3
    endloop
  endfacet
  facet normal -0 0 1
    outer loop
      vertex 14.5 15 1.5
      vertex 16.5 5 1.5
      vertex 16.5 15 1.5
    endloop
  endfacet
  facet normal 0 0 1
    outer loop
      vertex 16.5 5 1.5
      vertex 14.5 15 1.5
      vertex 14.5 5 1.5
    endloop
  endfacet
  facet normal 0 0 -1
    outer loop
      vertex 14.5 5 3.3
      vertex 16.5 15 3.3
      vertex 16.5 5 3.3
    endloop
  endfacet
  facet normal -0 0 -1
    outer loop
      vertex 16.5 15 3.3
      vertex 14.5 5 3.3
      vertex 14.5 15 3.3
    endloop
  endfacet
  facet normal 1 -0 0
    outer loop
      vertex 14.5 5 3.3
      vertex 14.5 15 1.5
      vertex 14.5 15 3.3
    endloop
  endfacet
  facet normal 1 0 0
    outer loop
      vertex 14.5 15 1.5
      vertex 14.5 5 3.3
      vertex 14.5 5 1.5
    endloop
  endfacet
  facet normal 0 1 -0
    outer loop
      vertex 16.5 5 1.5
      vertex 14.5 5 3.3
      vertex 16.5 5 3.3
    endloop
  endfacet
  facet normal 0 1 0
    outer loop
      vertex 14.5 5 3.3
      vertex 16.5 5 1.5
      vertex 14.5 5 1.5
    endloop
  endfacet
  facet normal 0 -1 0
    outer loop
      vertex 14.5 15 1.5
      vertex 16.5 15 3.3
      vertex 14.5 15 3.3
    endloop
  endfacet
  facet normal 0 -1 -0
    outer loop
      vertex 16.5 15 3.3
      vertex 14.5 15 1.5
      vertex 16.5 15 1.5
    endloop
  endfacet
  facet normal -1 0 0
    outer loop
      vertex 20 5 1.5
      vertex 20 15 3.3
      vertex 20 15 1.5
    endloop
  endfacet
  facet normal -1 -0 0
    outer loop
      vertex 20 15 3.3
      vertex 20 5 1.5
      vertex 20 5 3.3
    endloop
  endfacet
  facet normal -0 0 1
    outer loop
      vertex 18 15 1.5
      vertex 20 5 1.5
      vertex 20 15 1.5
    endloop
  endfacet
  facet normal 0 0 1
    outer loop
      vertex 20 5 1.5
      vertex 18 15 1.5
      vertex 18 5 1.5
    endloop
  endfacet
  facet normal 0 0 -1
    outer loop
      vertex 18 5 3.3
      vertex 20 15 3.3
      vertex 20 5 3.3
    endloop
  endfacet
  facet normal -0 0 -1
    outer loop
      vertex 20 15 3.3
      vertex 18 5 3.3
      vertex 18 15 3.3
    endloop
  endfacet
  facet normal 1 -0 0
    outer loop
      vertex 18 5 3.3
      vertex 18 15 1.5
      vertex 18 15 3.3
    endloop
  endfacet
  facet normal 1 0 0
    outer loop
      vertex 18 15 1.5
      vertex 18 5 3.3
      vertex 18 5 1.5
    endloop
  endfacet
  facet normal 0 1 -0
    outer loop
      vertex 20 5 1.5
      vertex 18 5 3.3
      vertex 20 5 3.3
    endloop
  endfacet
  facet normal 0 1 0
    outer loop
      vertex 18 5 3.3
      vertex 20 5 1.5
      vertex 18 5 1.5
    endloop
  endfacet
  facet normal 0 -1 0
    outer loop
      vertex 18 15 1.5
      vertex 20 15 3.3
      vertex 18 15 3.3
    endloop
  endfacet
  facet normal 0 -1 -0
    outer loop
      vertex 20 15 3.3
      vertex 18 15 1.5
      vertex 20 15 1.5
    endloop
  endfacet
  facet normal -1 0 0
    outer loop
      vertex 23.5 5 1.5
      vertex 23.5 15 3.3
      vertex 23.5 15 1.5
    endloop
  endfacet
  facet normal -1 -0 0
    outer loop
      vertex 23.5 15 3.3
      vertex 23.5 5 1.5
      vertex 23.5 5 3.3
    endloop
  endfacet
  facet normal -0 0 1
    outer loop
      vertex 21.5 15 1.5
      vertex 23.5 5 1.5
      vertex 23.5 15 1.5
    endloop
  endfacet
  facet normal 0 0 1
    outer loop
      vertex 23.5 5 1.5
      vertex 21.5 15 1.5
      vertex 21.5 5 1.5
    endloop
  endfacet
  facet normal 0 0 -1
    outer loop
      vertex 21.5 5 3.3
      vertex 23.5 15 3.3
      vertex 23.5 5 3.3
    endloop
  endfacet
  facet normal -0 0 -1
    outer loop
      vertex 23.5 15 3.3
      vertex 21.5 5 3.3
      vertex 21.5 15 3.3
    endloop
  endfacet
  facet normal 1 -0 0
    outer loop
      vertex 21.5 5 3.3
      vertex 21.5 15 1.5
      vertex 21.5 15 3.3
    endloop
  endfacet
  facet normal 1 0 0
    outer loop
      vertex 21.5 15 1.5
      vertex 21.5 5 3.3
      vertex 21.5 5 1.5
    endloop
  endfacet
  facet normal 0 1 -0
    outer loop
      vertex 23.5 5 1.5
      vertex 21.5 5 3.3
      vertex 23.5 5 3.3
    endloop
  endfacet
  facet normal 0 1 0
    outer loop
      vertex 21.5 5 3.3
      vertex 23.5 5 1.5
      vertex 21.5 5 1.5
    endloop
  endfacet
  facet normal 0 -1 0
    outer loop
      vertex 21.5 15 1.5
      vertex 23.5 15 3.3
      vertex 21.5 15 3.3
    endloop
  endfacet
  facet normal 0 -1 -0
    outer loop
      vertex 23.5 15 3.3
      vertex 21.5 15 1.5
      vertex 23.5 15 1.5
    endloop
  endfacet
  facet normal -1 0 0
    outer loop
      vertex 27 5 1.5
      vertex 27 15 3.3
      vertex 27 15 1.5
    endloop
  endfacet
  facet normal -1 -0 0
    outer loop
      vertex 27 15 3.3
      vertex 27 5 1.5
      vertex 27 5 3.3
    endloop
  endfacet
  facet normal -0 0 1
    outer loop
      vertex 25 15 1.5
      vertex 27 5 1.5
      vertex 27 15 1.5
    endloop
  endfacet
  facet normal 0 0 1
    outer loop
      vertex 27 5 1.5
      vertex 25 15 1.5
      vertex 25 5 1.5
    endloop
  endfacet
  facet normal 0 0 -1
    outer loop
      vertex 25 5 3.3
      vertex 27 15 3.3
      vertex 27 5 3.3
    endloop
  endfacet
  facet normal -0 0 -1
    outer loop
      vertex 27 15 3.3
      vertex 25 5 3.3
      vertex 25 15 3.3
    endloop
  endfacet
  facet normal 1 -0 0
    outer loop
      vertex 25 5 3.3
      vertex 25 15 1.5
      vertex 25 15 3.3
    endloop
  endfacet
  facet normal 1 0 0
    outer loop
      vertex 25 15 1.5
      vertex 25 5 3.3
      vertex 25 5 1.5
    endloop
  endfacet
  facet normal 0 1 -0
    outer loop
      vertex 27 5 1.5
      vertex 25 5 3.3
      vertex 27 5 3.3
    endloop
  endfacet
  facet normal 0 1 0
    outer loop
      vertex 25 5 3.3
      vertex 27 5 1.5
      vertex 25 5 1.5
    endloop
  endfacet
  facet normal 0 -1 0
    outer loop
      vertex 25 15 1.5
      vertex 27 15 3.3
      vertex 25 15 3.3
    endloop
  endfacet
  facet normal 0 -1 -0
    outer loop
      vertex 27 15 3.3
      vertex 25 15 1.5
      vertex 27 15 1.5
    endloop
  endfacet
  facet normal 0.982288 -0.18738 0
    outer loop
      vertex 2.01971 67.0133 8.9
      vertex 2.07854 67.3217 3.4
      vertex 2.07854 67.3217 8.9
    endloop
  endfacet
  facet normal 0.982288 -0.18738 0
    outer loop
      vertex 2.07854 67.3217 3.4
      vertex 2.01971 67.0133 8.9
      vertex 2.01971 67.0133 3.4
    endloop
  endfacet
  facet normal 0.982288 -0.18738 0
    outer loop
      vertex 2.01971 67.0133 11.1
      vertex 2.07854 67.3217 8.9
      vertex 2.07854 67.3217 11.1
    endloop
  endfacet
  facet normal 0.982288 -0.18738 0
    outer loop
      vertex 2.07854 67.3217 8.9
      vertex 2.01971 67.0133 11.1
      vertex 2.01971 67.0133 8.9
    endloop
  endfacet
  facet normal 0.998027 -0.0627868 0
    outer loop
      vertex 2 66.7 8.9
      vertex 2.01971 67.0133 3.4
      vertex 2.01971 67.0133 8.9
    endloop
  endfacet
  facet normal 0.998027 -0.0627868 0
    outer loop
      vertex 2.01971 67.0133 3.4
      vertex 2 66.7 8.9
      vertex 2 66.7 3.4
    endloop
  endfacet
  facet normal 0.998027 -0.0627868 0
    outer loop
      vertex 2 66.7 11.1
      vertex 2.01971 67.0133 8.9
      vertex 2.01971 67.0133 11.1
    endloop
  endfacet
  facet normal 0.998027 -0.0627868 0
    outer loop
      vertex 2.01971 67.0133 8.9
      vertex 2 66.7 11.1
      vertex 2 66.7 8.9
    endloop
  endfacet
  facet normal 0.12534 0.992114 -0
    outer loop
      vertex 4.34302 2.00493 3.4
      vertex 4.03155 2.04428 8.9
      vertex 4.34302 2.00493 8.9
    endloop
  endfacet
  facet normal 0.12534 0.992114 0
    outer loop
      vertex 4.03155 2.04428 8.9
      vertex 4.34302 2.00493 3.4
      vertex 4.03155 2.04428 3.4
    endloop
  endfacet
  facet normal 0.12534 0.992114 -0
    outer loop
      vertex 4.34302 2.00493 8.9
      vertex 4.03155 2.04428 11.1
      vertex 4.34302 2.00493 11.1
    endloop
  endfacet
  facet normal 0.12534 0.992114 0
    outer loop
      vertex 4.03155 2.04428 11.1
      vertex 4.34302 2.00493 8.9
      vertex 4.03155 2.04428 8.9
    endloop
  endfacet
  facet normal 0.587797 0.809009 -0
    outer loop
      vertex 3.16043 2.38918 3.4
      vertex 2.90644 2.57372 8.9
      vertex 3.16043 2.38918 8.9
    endloop
  endfacet
  facet normal 0.587797 0.809009 0
    outer loop
      vertex 2.90644 2.57372 8.9
      vertex 3.16043 2.38918 3.4
      vertex 2.90644 2.57372 3.4
    endloop
  endfacet
  facet normal 0.587797 0.809009 -0
    outer loop
      vertex 3.16043 2.38918 8.9
      vertex 2.90644 2.57372 11.1
      vertex 3.16043 2.38918 11.1
    endloop
  endfacet
  facet normal 0.587797 0.809009 0
    outer loop
      vertex 2.90644 2.57372 11.1
      vertex 3.16043 2.38918 8.9
      vertex 2.90644 2.57372 8.9
    endloop
  endfacet
  facet normal -0.48165 0.876364 0
    outer loop
      vertex 95.8396 2.38918 3.4
      vertex 95.5644 2.23793 8.9
      vertex 95.8396 2.38918 8.9
    endloop
  endfacet
  facet normal -0.48165 0.876364 0
    outer loop
      vertex 95.5644 2.23793 8.9
      vertex 95.8396 2.38918 3.4
      vertex 95.5644 2.23793 3.4
    endloop
  endfacet
  facet normal -0.48165 0.876364 0
    outer loop
      vertex 95.8396 2.38918 8.9
      vertex 95.5644 2.23793 11.1
      vertex 95.8396 2.38918 11.1
    endloop
  endfacet
  facet normal -0.48165 0.876364 0
    outer loop
      vertex 95.5644 2.23793 11.1
      vertex 95.8396 2.38918 8.9
      vertex 95.5644 2.23793 8.9
    endloop
  endfacet
  facet normal -1 0 0
    outer loop
      vertex 97 4.5 3.4
      vertex 97 66.7 8.9
      vertex 97 66.7 3.4
    endloop
  endfacet
  facet normal -1 -0 0
    outer loop
      vertex 97 66.7 8.9
      vertex 97 4.5 3.4
      vertex 97 4.5 8.9
    endloop
  endfacet
  facet normal -1 0 0
    outer loop
      vertex 97 4.5 8.9
      vertex 97 66.7 11.1
      vertex 97 66.7 8.9
    endloop
  endfacet
  facet normal -1 -0 0
    outer loop
      vertex 97 66.7 11.1
      vertex 97 4.5 8.9
      vertex 97 4.5 11.1
    endloop
  endfacet
  facet normal 0 1 -0
    outer loop
      vertex 94.657 2.00493 3.4
      vertex 4.34302 2.00493 8.9
      vertex 94.657 2.00493 8.9
    endloop
  endfacet
  facet normal 0 1 0
    outer loop
      vertex 4.34302 2.00493 8.9
      vertex 94.657 2.00493 3.4
      vertex 4.34302 2.00493 3.4
    endloop
  endfacet
  facet normal 0 1 -0
    outer loop
      vertex 94.657 2.00493 8.9
      vertex 4.34302 2.00493 11.1
      vertex 94.657 2.00493 11.1
    endloop
  endfacet
  facet normal 0 1 0
    outer loop
      vertex 4.34302 2.00493 11.1
      vertex 94.657 2.00493 8.9
      vertex 4.34302 2.00493 8.9
    endloop
  endfacet
  facet normal 1 -0 0
    outer loop
      vertex 2 4.5 8.9
      vertex 2 66.7 3.4
      vertex 2 66.7 8.9
    endloop
  endfacet
  facet normal 1 0 0
    outer loop
      vertex 2 66.7 3.4
      vertex 2 4.5 8.9
      vertex 2 4.5 3.4
    endloop
  endfacet
  facet normal 1 -0 0
    outer loop
      vertex 2 4.5 11.1
      vertex 2 66.7 8.9
      vertex 2 66.7 11.1
    endloop
  endfacet
  facet normal 1 0 0
    outer loop
      vertex 2 66.7 8.9
      vertex 2 4.5 11.1
      vertex 2 4.5 8.9
    endloop
  endfacet
  facet normal 0 -1 0
    outer loop
      vertex 4.34302 69.1951 3.4
      vertex 94.657 69.1951 8.9
      vertex 4.34302 69.1951 8.9
    endloop
  endfacet
  facet normal 0 -1 -0
    outer loop
      vertex 94.657 69.1951 8.9
      vertex 4.34302 69.1951 3.4
      vertex 94.657 69.1951 3.4
    endloop
  endfacet
  facet normal 0 -1 0
    outer loop
      vertex 4.34302 69.1951 8.9
      vertex 94.657 69.1951 11.1
      vertex 4.34302 69.1951 11.1
    endloop
  endfacet
  facet normal 0 -1 -0
    outer loop
      vertex 94.657 69.1951 11.1
      vertex 4.34302 69.1951 8.9
      vertex 94.657 69.1951 8.9
    endloop
  endfacet
  facet normal 0.904848 -0.425734 0
    outer loop
      vertex 2.17556 67.6203 8.9
      vertex 2.30923 67.9044 3.4
      vertex 2.30923 67.9044 8.9
    endloop
  endfacet
  facet normal 0.904848 -0.425734 0
    outer loop
      vertex 2.30923 67.9044 3.4
      vertex 2.17556 67.6203 8.9
      vertex 2.17556 67.6203 3.4
    endloop
  endfacet
  facet normal 0.904848 -0.425734 0
    outer loop
      vertex 2.17556 67.6203 11.1
      vertex 2.30923 67.9044 8.9
      vertex 2.30923 67.9044 11.1
    endloop
  endfacet
  facet normal 0.904848 -0.425734 0
    outer loop
      vertex 2.30923 67.9044 8.9
      vertex 2.17556 67.6203 11.1
      vertex 2.17556 67.6203 8.9
    endloop
  endfacet
  facet normal -0.770553 0.637376 0
    outer loop
      vertex 96.3224 2.78863 3.4
      vertex 96.5225 3.03054 8.9
      vertex 96.5225 3.03054 3.4
    endloop
  endfacet
  facet normal -0.770553 0.637376 0
    outer loop
      vertex 96.5225 3.03054 8.9
      vertex 96.3224 2.78863 3.4
      vertex 96.3224 2.78863 8.9
    endloop
  endfacet
  facet normal -0.770553 0.637376 0
    outer loop
      vertex 96.3224 2.78863 8.9
      vertex 96.5225 3.03054 11.1
      vertex 96.5225 3.03054 8.9
    endloop
  endfacet
  facet normal -0.770553 0.637376 0
    outer loop
      vertex 96.5225 3.03054 11.1
      vertex 96.3224 2.78863 8.9
      vertex 96.3224 2.78863 11.1
    endloop
  endfacet
  facet normal 0.248699 0.968581 -0
    outer loop
      vertex 4.03155 2.04428 3.4
      vertex 3.72746 2.12236 8.9
      vertex 4.03155 2.04428 8.9
    endloop
  endfacet
  facet normal 0.248699 0.968581 0
    outer loop
      vertex 3.72746 2.12236 8.9
      vertex 4.03155 2.04428 3.4
      vertex 3.72746 2.12236 3.4
    endloop
  endfacet
  facet normal 0.248699 0.968581 -0
    outer loop
      vertex 4.03155 2.04428 8.9
      vertex 3.72746 2.12236 11.1
      vertex 4.03155 2.04428 11.1
    endloop
  endfacet
  facet normal 0.248699 0.968581 0
    outer loop
      vertex 3.72746 2.12236 11.1
      vertex 4.03155 2.04428 8.9
      vertex 3.72746 2.12236 8.9
    endloop
  endfacet
  facet normal -0.95098 0.309254 0
    outer loop
      vertex 96.8244 3.57969 3.4
      vertex 96.9215 3.87828 8.9
      vertex 96.9215 3.87828 3.4
    endloop
  endfacet
  facet normal -0.95098 0.309254 0
    outer loop
      vertex 96.9215 3.87828 8.9
      vertex 96.8244 3.57969 3.4
      vertex 96.8244 3.57969 8.9
    endloop
  endfacet
  facet normal -0.95098 0.309254 0
    outer loop
      vertex 96.8244 3.57969 8.9
      vertex 96.9215 3.87828 11.1
      vertex 96.9215 3.87828 8.9
    endloop
  endfacet
  facet normal -0.95098 0.309254 0
    outer loop
      vertex 96.9215 3.87828 11.1
      vertex 96.8244 3.57969 8.9
      vertex 96.8244 3.57969 11.1
    endloop
  endfacet
  facet normal 0.998027 0.0627808 0
    outer loop
      vertex 2.01971 4.18667 8.9
      vertex 2 4.5 3.4
      vertex 2 4.5 8.9
    endloop
  endfacet
  facet normal 0.998027 0.0627808 0
    outer loop
      vertex 2 4.5 3.4
      vertex 2.01971 4.18667 8.9
      vertex 2.01971 4.18667 3.4
    endloop
  endfacet
  facet normal 0.998027 0.0627808 0
    outer loop
      vertex 2.01971 4.18667 11.1
      vertex 2 4.5 8.9
      vertex 2 4.5 11.1
    endloop
  endfacet
  facet normal 0.998027 0.0627808 0
    outer loop
      vertex 2 4.5 8.9
      vertex 2.01971 4.18667 11.1
      vertex 2.01971 4.18667 8.9
    endloop
  endfacet
  facet normal -0.125485 -0.992096 0
    outer loop
      vertex 94.657 69.1951 3.4
      vertex 94.9685 69.1557 8.9
      vertex 94.657 69.1951 8.9
    endloop
  endfacet
  facet normal -0.125485 -0.992096 -0
    outer loop
      vertex 94.9685 69.1557 8.9
      vertex 94.657 69.1951 3.4
      vertex 94.9685 69.1557 3.4
    endloop
  endfacet
  facet normal -0.125485 -0.992096 0
    outer loop
      vertex 94.657 69.1951 8.9
      vertex 94.9685 69.1557 11.1
      vertex 94.657 69.1951 11.1
    endloop
  endfacet
  facet normal -0.125485 -0.992096 -0
    outer loop
      vertex 94.9685 69.1557 11.1
      vertex 94.657 69.1951 8.9
      vertex 94.9685 69.1557 8.9
    endloop
  endfacet
  facet normal 0.904831 0.425771 0
    outer loop
      vertex 2.30923 3.29562 8.9
      vertex 2.17556 3.57969 3.4
      vertex 2.17556 3.57969 8.9
    endloop
  endfacet
  facet normal 0.904831 0.425771 0
    outer loop
      vertex 2.17556 3.57969 3.4
      vertex 2.30923 3.29562 8.9
      vertex 2.30923 3.29562 3.4
    endloop
  endfacet
  facet normal 0.904831 0.425771 0
    outer loop
      vertex 2.30923 3.29562 11.1
      vertex 2.17556 3.57969 8.9
      vertex 2.17556 3.57969 11.1
    endloop
  endfacet
  facet normal 0.904831 0.425771 0
    outer loop
      vertex 2.17556 3.57969 8.9
      vertex 2.30923 3.29562 11.1
      vertex 2.30923 3.29562 8.9
    endloop
  endfacet
  facet normal -0.587781 0.80902 0
    outer loop
      vertex 96.0936 2.57372 3.4
      vertex 95.8396 2.38918 8.9
      vertex 96.0936 2.57372 8.9
    endloop
  endfacet
  facet normal -0.587781 0.80902 0
    outer loop
      vertex 95.8396 2.38918 8.9
      vertex 96.0936 2.57372 3.4
      vertex 95.8396 2.38918 3.4
    endloop
  endfacet
  facet normal -0.587781 0.80902 0
    outer loop
      vertex 96.0936 2.57372 8.9
      vertex 95.8396 2.38918 11.1
      vertex 96.0936 2.57372 11.1
    endloop
  endfacet
  facet normal -0.587781 0.80902 0
    outer loop
      vertex 95.8396 2.38918 11.1
      vertex 96.0936 2.57372 8.9
      vertex 95.8396 2.38918 8.9
    endloop
  endfacet
  facet normal -0.998029 0.0627491 0
    outer loop
      vertex 96.9803 4.18667 3.4
      vertex 97 4.5 8.9
      vertex 97 4.5 3.4
    endloop
  endfacet
  facet normal -0.998029 0.0627491 0
    outer loop
      vertex 97 4.5 8.9
      vertex 96.9803 4.18667 3.4
      vertex 96.9803 4.18667 8.9
    endloop
  endfacet
  facet normal -0.998029 0.0627491 0
    outer loop
      vertex 96.9803 4.18667 8.9
      vertex 97 4.5 11.1
      vertex 97 4.5 8.9
    endloop
  endfacet
  facet normal -0.998029 0.0627491 0
    outer loop
      vertex 97 4.5 11.1
      vertex 96.9803 4.18667 8.9
      vertex 96.9803 4.18667 11.1
    endloop
  endfacet
  facet normal -0.998029 -0.0627551 0
    outer loop
      vertex 97 66.7 3.4
      vertex 96.9803 67.0133 8.9
      vertex 96.9803 67.0133 3.4
    endloop
  endfacet
  facet normal -0.998029 -0.0627551 0
    outer loop
      vertex 96.9803 67.0133 8.9
      vertex 97 66.7 3.4
      vertex 97 66.7 8.9
    endloop
  endfacet
  facet normal -0.998029 -0.0627551 0
    outer loop
      vertex 97 66.7 8.9
      vertex 96.9803 67.0133 11.1
      vertex 96.9803 67.0133 8.9
    endloop
  endfacet
  facet normal -0.998029 -0.0627551 0
    outer loop
      vertex 96.9803 67.0133 11.1
      vertex 97 66.7 8.9
      vertex 97 66.7 11.1
    endloop
  endfacet
  facet normal 0.684541 0.728975 -0
    outer loop
      vertex 2.90644 2.57372 3.4
      vertex 2.67758 2.78863 8.9
      vertex 2.90644 2.57372 8.9
    endloop
  endfacet
  facet normal 0.684541 0.728975 0
    outer loop
      vertex 2.67758 2.78863 8.9
      vertex 2.90644 2.57372 3.4
      vertex 2.67758 2.78863 3.4
    endloop
  endfacet
  facet normal 0.684541 0.728975 -0
    outer loop
      vertex 2.90644 2.57372 8.9
      vertex 2.67758 2.78863 11.1
      vertex 2.90644 2.57372 11.1
    endloop
  endfacet
  facet normal 0.684541 0.728975 0
    outer loop
      vertex 2.67758 2.78863 11.1
      vertex 2.90644 2.57372 8.9
      vertex 2.67758 2.78863 8.9
    endloop
  endfacet
  facet normal -0.982304 0.187294 0
    outer loop
      vertex 96.9215 3.87828 3.4
      vertex 96.9803 4.18667 8.9
      vertex 96.9803 4.18667 3.4
    endloop
  endfacet
  facet normal -0.982304 0.187294 0
    outer loop
      vertex 96.9803 4.18667 8.9
      vertex 96.9215 3.87828 3.4
      vertex 96.9215 3.87828 8.9
    endloop
  endfacet
  facet normal -0.982304 0.187294 0
    outer loop
      vertex 96.9215 3.87828 8.9
      vertex 96.9803 4.18667 11.1
      vertex 96.9803 4.18667 8.9
    endloop
  endfacet
  facet normal -0.982304 0.187294 0
    outer loop
      vertex 96.9803 4.18667 11.1
      vertex 96.9215 3.87828 8.9
      vertex 96.9215 3.87828 11.1
    endloop
  endfacet
  facet normal -0.844238 -0.535969 0
    outer loop
      vertex 96.6908 67.9044 3.4
      vertex 96.5225 68.1695 8.9
      vertex 96.5225 68.1695 3.4
    endloop
  endfacet
  facet normal -0.844238 -0.535969 0
    outer loop
      vertex 96.5225 68.1695 8.9
      vertex 96.6908 67.9044 3.4
      vertex 96.6908 67.9044 8.9
    endloop
  endfacet
  facet normal -0.844238 -0.535969 0
    outer loop
      vertex 96.6908 67.9044 8.9
      vertex 96.5225 68.1695 11.1
      vertex 96.5225 68.1695 8.9
    endloop
  endfacet
  facet normal -0.844238 -0.535969 0
    outer loop
      vertex 96.5225 68.1695 11.1
      vertex 96.6908 67.9044 8.9
      vertex 96.6908 67.9044 11.1
    endloop
  endfacet
  facet normal 0.367917 -0.929859 0
    outer loop
      vertex 3.43555 68.9621 3.4
      vertex 3.72746 69.0776 8.9
      vertex 3.43555 68.9621 8.9
    endloop
  endfacet
  facet normal 0.367917 -0.929859 0
    outer loop
      vertex 3.72746 69.0776 8.9
      vertex 3.43555 68.9621 3.4
      vertex 3.72746 69.0776 3.4
    endloop
  endfacet
  facet normal 0.367917 -0.929859 0
    outer loop
      vertex 3.43555 68.9621 8.9
      vertex 3.72746 69.0776 11.1
      vertex 3.43555 68.9621 11.1
    endloop
  endfacet
  facet normal 0.367917 -0.929859 0
    outer loop
      vertex 3.72746 69.0776 11.1
      vertex 3.43555 68.9621 8.9
      vertex 3.72746 69.0776 8.9
    endloop
  endfacet
  facet normal 0.982286 0.187386 0
    outer loop
      vertex 2.07854 3.87828 8.9
      vertex 2.01971 4.18667 3.4
      vertex 2.01971 4.18667 8.9
    endloop
  endfacet
  facet normal 0.982286 0.187386 0
    outer loop
      vertex 2.01971 4.18667 3.4
      vertex 2.07854 3.87828 8.9
      vertex 2.07854 3.87828 3.4
    endloop
  endfacet
  facet normal 0.982286 0.187386 0
    outer loop
      vertex 2.07854 3.87828 11.1
      vertex 2.01971 4.18667 8.9
      vertex 2.01971 4.18667 11.1
    endloop
  endfacet
  facet normal 0.982286 0.187386 0
    outer loop
      vertex 2.01971 4.18667 8.9
      vertex 2.07854 3.87828 11.1
      vertex 2.07854 3.87828 8.9
    endloop
  endfacet
  facet normal -0.84422 0.535997 0
    outer loop
      vertex 96.5225 3.03054 3.4
      vertex 96.6908 3.29562 8.9
      vertex 96.6908 3.29562 3.4
    endloop
  endfacet
  facet normal -0.84422 0.535997 0
    outer loop
      vertex 96.6908 3.29562 8.9
      vertex 96.5225 3.03054 3.4
      vertex 96.5225 3.03054 8.9
    endloop
  endfacet
  facet normal -0.84422 0.535997 0
    outer loop
      vertex 96.5225 3.03054 8.9
      vertex 96.6908 3.29562 11.1
      vertex 96.6908 3.29562 8.9
    endloop
  endfacet
  facet normal -0.84422 0.535997 0
    outer loop
      vertex 96.6908 3.29562 11.1
      vertex 96.5225 3.03054 8.9
      vertex 96.5225 3.03054 11.1
    endloop
  endfacet
  facet normal -0.904917 0.425588 0
    outer loop
      vertex 96.6908 3.29562 3.4
      vertex 96.8244 3.57969 8.9
      vertex 96.8244 3.57969 3.4
    endloop
  endfacet
  facet normal -0.904917 0.425588 0
    outer loop
      vertex 96.8244 3.57969 8.9
      vertex 96.6908 3.29562 3.4
      vertex 96.6908 3.29562 8.9
    endloop
  endfacet
  facet normal -0.904917 0.425588 0
    outer loop
      vertex 96.6908 3.29562 8.9
      vertex 96.8244 3.57969 11.1
      vertex 96.8244 3.57969 8.9
    endloop
  endfacet
  facet normal -0.904917 0.425588 0
    outer loop
      vertex 96.8244 3.57969 11.1
      vertex 96.6908 3.29562 8.9
      vertex 96.6908 3.29562 11.1
    endloop
  endfacet
  facet normal -0.367928 -0.929854 0
    outer loop
      vertex 95.2725 69.0776 3.4
      vertex 95.5644 68.9621 8.9
      vertex 95.2725 69.0776 8.9
    endloop
  endfacet
  facet normal -0.367928 -0.929854 -0
    outer loop
      vertex 95.5644 68.9621 8.9
      vertex 95.2725 69.0776 3.4
      vertex 95.5644 68.9621 3.4
    endloop
  endfacet
  facet normal -0.367928 -0.929854 0
    outer loop
      vertex 95.2725 69.0776 8.9
      vertex 95.5644 68.9621 11.1
      vertex 95.2725 69.0776 11.1
    endloop
  endfacet
  facet normal -0.367928 -0.929854 -0
    outer loop
      vertex 95.5644 68.9621 11.1
      vertex 95.2725 69.0776 8.9
      vertex 95.5644 68.9621 8.9
    endloop
  endfacet
  facet normal -0.587698 -0.80908 0
    outer loop
      vertex 95.8396 68.8108 3.4
      vertex 96.0936 68.6263 8.9
      vertex 95.8396 68.8108 8.9
    endloop
  endfacet
  facet normal -0.587698 -0.80908 -0
    outer loop
      vertex 96.0936 68.6263 8.9
      vertex 95.8396 68.8108 3.4
      vertex 96.0936 68.6263 3.4
    endloop
  endfacet
  facet normal -0.587698 -0.80908 0
    outer loop
      vertex 95.8396 68.8108 8.9
      vertex 96.0936 68.6263 11.1
      vertex 95.8396 68.8108 11.1
    endloop
  endfacet
  facet normal -0.587698 -0.80908 -0
    outer loop
      vertex 96.0936 68.6263 11.1
      vertex 95.8396 68.8108 8.9
      vertex 96.0936 68.6263 8.9
    endloop
  endfacet
  facet normal -0.684636 0.728885 0
    outer loop
      vertex 96.3224 2.78863 3.4
      vertex 96.0936 2.57372 8.9
      vertex 96.3224 2.78863 8.9
    endloop
  endfacet
  facet normal -0.684636 0.728885 0
    outer loop
      vertex 96.0936 2.57372 8.9
      vertex 96.3224 2.78863 3.4
      vertex 96.0936 2.57372 3.4
    endloop
  endfacet
  facet normal -0.684636 0.728885 0
    outer loop
      vertex 96.3224 2.78863 8.9
      vertex 96.0936 2.57372 11.1
      vertex 96.3224 2.78863 11.1
    endloop
  endfacet
  facet normal -0.684636 0.728885 0
    outer loop
      vertex 96.0936 2.57372 11.1
      vertex 96.3224 2.78863 8.9
      vertex 96.0936 2.57372 8.9
    endloop
  endfacet
  facet normal -0.684619 -0.728901 0
    outer loop
      vertex 96.0936 68.6263 3.4
      vertex 96.3224 68.4114 8.9
      vertex 96.0936 68.6263 8.9
    endloop
  endfacet
  facet normal -0.684619 -0.728901 -0
    outer loop
      vertex 96.3224 68.4114 8.9
      vertex 96.0936 68.6263 3.4
      vertex 96.3224 68.4114 3.4
    endloop
  endfacet
  facet normal -0.684619 -0.728901 0
    outer loop
      vertex 96.0936 68.6263 8.9
      vertex 96.3224 68.4114 11.1
      vertex 96.0936 68.6263 11.1
    endloop
  endfacet
  facet normal -0.684619 -0.728901 -0
    outer loop
      vertex 96.3224 68.4114 11.1
      vertex 96.0936 68.6263 8.9
      vertex 96.3224 68.4114 8.9
    endloop
  endfacet
  facet normal 0.770522 0.637414 0
    outer loop
      vertex 2.67758 2.78863 8.9
      vertex 2.47746 3.03054 3.4
      vertex 2.47746 3.03054 8.9
    endloop
  endfacet
  facet normal 0.770522 0.637414 0
    outer loop
      vertex 2.47746 3.03054 3.4
      vertex 2.67758 2.78863 8.9
      vertex 2.67758 2.78863 3.4
    endloop
  endfacet
  facet normal 0.770522 0.637414 0
    outer loop
      vertex 2.67758 2.78863 11.1
      vertex 2.47746 3.03054 8.9
      vertex 2.47746 3.03054 11.1
    endloop
  endfacet
  facet normal 0.770522 0.637414 0
    outer loop
      vertex 2.47746 3.03054 8.9
      vertex 2.67758 2.78863 11.1
      vertex 2.67758 2.78863 8.9
    endloop
  endfacet
  facet normal -0.248828 -0.968548 0
    outer loop
      vertex 94.9685 69.1557 3.4
      vertex 95.2725 69.0776 8.9
      vertex 94.9685 69.1557 8.9
    endloop
  endfacet
  facet normal -0.248828 -0.968548 -0
    outer loop
      vertex 95.2725 69.0776 8.9
      vertex 94.9685 69.1557 3.4
      vertex 95.2725 69.0776 3.4
    endloop
  endfacet
  facet normal -0.248828 -0.968548 0
    outer loop
      vertex 94.9685 69.1557 8.9
      vertex 95.2725 69.0776 11.1
      vertex 94.9685 69.1557 11.1
    endloop
  endfacet
  facet normal -0.248828 -0.968548 -0
    outer loop
      vertex 95.2725 69.0776 11.1
      vertex 94.9685 69.1557 8.9
      vertex 95.2725 69.0776 8.9
    endloop
  endfacet
  facet normal 0.844321 0.535838 0
    outer loop
      vertex 2.47746 3.03054 8.9
      vertex 2.30923 3.29562 3.4
      vertex 2.30923 3.29562 8.9
    endloop
  endfacet
  facet normal 0.844321 0.535838 0
    outer loop
      vertex 2.30923 3.29562 3.4
      vertex 2.47746 3.03054 8.9
      vertex 2.47746 3.03054 3.4
    endloop
  endfacet
  facet normal 0.844321 0.535838 0
    outer loop
      vertex 2.47746 3.03054 11.1
      vertex 2.30923 3.29562 8.9
      vertex 2.30923 3.29562 11.1
    endloop
  endfacet
  facet normal 0.844321 0.535838 0
    outer loop
      vertex 2.30923 3.29562 8.9
      vertex 2.47746 3.03054 11.1
      vertex 2.47746 3.03054 8.9
    endloop
  endfacet
  facet normal 0.951054 0.309023 0
    outer loop
      vertex 2.17556 3.57969 8.9
      vertex 2.07854 3.87828 3.4
      vertex 2.07854 3.87828 8.9
    endloop
  endfacet
  facet normal 0.951054 0.309023 0
    outer loop
      vertex 2.07854 3.87828 3.4
      vertex 2.17556 3.57969 8.9
      vertex 2.17556 3.57969 3.4
    endloop
  endfacet
  facet normal 0.951054 0.309023 0
    outer loop
      vertex 2.17556 3.57969 11.1
      vertex 2.07854 3.87828 8.9
      vertex 2.07854 3.87828 11.1
    endloop
  endfacet
  facet normal 0.951054 0.309023 0
    outer loop
      vertex 2.07854 3.87828 8.9
      vertex 2.17556 3.57969 11.1
      vertex 2.17556 3.57969 8.9
    endloop
  endfacet
  facet normal -0.368121 0.929778 0
    outer loop
      vertex 95.5644 2.23793 3.4
      vertex 95.2725 2.12236 8.9
      vertex 95.5644 2.23793 8.9
    endloop
  endfacet
  facet normal -0.368121 0.929778 0
    outer loop
      vertex 95.2725 2.12236 8.9
      vertex 95.5644 2.23793 3.4
      vertex 95.2725 2.12236 3.4
    endloop
  endfacet
  facet normal -0.368121 0.929778 0
    outer loop
      vertex 95.5644 2.23793 8.9
      vertex 95.2725 2.12236 11.1
      vertex 95.5644 2.23793 11.1
    endloop
  endfacet
  facet normal -0.368121 0.929778 0
    outer loop
      vertex 95.2725 2.12236 11.1
      vertex 95.5644 2.23793 8.9
      vertex 95.2725 2.12236 8.9
    endloop
  endfacet
  facet normal -0.125328 0.992115 0
    outer loop
      vertex 94.9685 2.04428 3.4
      vertex 94.657 2.00493 8.9
      vertex 94.9685 2.04428 8.9
    endloop
  endfacet
  facet normal -0.125328 0.992115 0
    outer loop
      vertex 94.657 2.00493 8.9
      vertex 94.9685 2.04428 3.4
      vertex 94.657 2.00493 3.4
    endloop
  endfacet
  facet normal -0.125328 0.992115 0
    outer loop
      vertex 94.9685 2.04428 8.9
      vertex 94.657 2.00493 11.1
      vertex 94.9685 2.04428 11.1
    endloop
  endfacet
  facet normal -0.125328 0.992115 0
    outer loop
      vertex 94.657 2.00493 11.1
      vertex 94.9685 2.04428 8.9
      vertex 94.657 2.00493 8.9
    endloop
  endfacet
  facet normal -0.481772 -0.876297 0
    outer loop
      vertex 95.5644 68.9621 3.4
      vertex 95.8396 68.8108 8.9
      vertex 95.5644 68.9621 8.9
    endloop
  endfacet
  facet normal -0.481772 -0.876297 -0
    outer loop
      vertex 95.8396 68.8108 8.9
      vertex 95.5644 68.9621 3.4
      vertex 95.8396 68.8108 3.4
    endloop
  endfacet
  facet normal -0.481772 -0.876297 0
    outer loop
      vertex 95.5644 68.9621 8.9
      vertex 95.8396 68.8108 11.1
      vertex 95.5644 68.9621 11.1
    endloop
  endfacet
  facet normal -0.481772 -0.876297 -0
    outer loop
      vertex 95.8396 68.8108 11.1
      vertex 95.5644 68.9621 8.9
      vertex 95.8396 68.8108 8.9
    endloop
  endfacet
  facet normal -0.77054 -0.637392 0
    outer loop
      vertex 96.5225 68.1695 3.4
      vertex 96.3224 68.4114 8.9
      vertex 96.3224 68.4114 3.4
    endloop
  endfacet
  facet normal -0.77054 -0.637392 0
    outer loop
      vertex 96.3224 68.4114 8.9
      vertex 96.5225 68.1695 3.4
      vertex 96.5225 68.1695 8.9
    endloop
  endfacet
  facet normal -0.77054 -0.637392 0
    outer loop
      vertex 96.5225 68.1695 8.9
      vertex 96.3224 68.4114 11.1
      vertex 96.3224 68.4114 8.9
    endloop
  endfacet
  facet normal -0.77054 -0.637392 0
    outer loop
      vertex 96.3224 68.4114 11.1
      vertex 96.5225 68.1695 8.9
      vertex 96.5225 68.1695 11.1
    endloop
  endfacet
  facet normal 0.48188 -0.876237 0
    outer loop
      vertex 3.16043 68.8108 3.4
      vertex 3.43555 68.9621 8.9
      vertex 3.16043 68.8108 8.9
    endloop
  endfacet
  facet normal 0.48188 -0.876237 0
    outer loop
      vertex 3.43555 68.9621 8.9
      vertex 3.16043 68.8108 3.4
      vertex 3.43555 68.9621 3.4
    endloop
  endfacet
  facet normal 0.48188 -0.876237 0
    outer loop
      vertex 3.16043 68.8108 8.9
      vertex 3.43555 68.9621 11.1
      vertex 3.16043 68.8108 11.1
    endloop
  endfacet
  facet normal 0.48188 -0.876237 0
    outer loop
      vertex 3.43555 68.9621 11.1
      vertex 3.16043 68.8108 8.9
      vertex 3.43555 68.9621 8.9
    endloop
  endfacet
  facet normal 0.36811 0.929782 -0
    outer loop
      vertex 3.72746 2.12236 3.4
      vertex 3.43555 2.23793 8.9
      vertex 3.72746 2.12236 8.9
    endloop
  endfacet
  facet normal 0.36811 0.929782 0
    outer loop
      vertex 3.43555 2.23793 8.9
      vertex 3.72746 2.12236 3.4
      vertex 3.43555 2.23793 3.4
    endloop
  endfacet
  facet normal 0.36811 0.929782 -0
    outer loop
      vertex 3.72746 2.12236 8.9
      vertex 3.43555 2.23793 11.1
      vertex 3.72746 2.12236 11.1
    endloop
  endfacet
  facet normal 0.36811 0.929782 0
    outer loop
      vertex 3.43555 2.23793 11.1
      vertex 3.72746 2.12236 8.9
      vertex 3.43555 2.23793 8.9
    endloop
  endfacet
  facet normal 0.481757 0.876305 -0
    outer loop
      vertex 3.43555 2.23793 3.4
      vertex 3.16043 2.38918 8.9
      vertex 3.43555 2.23793 8.9
    endloop
  endfacet
  facet normal 0.481757 0.876305 0
    outer loop
      vertex 3.16043 2.38918 8.9
      vertex 3.43555 2.23793 3.4
      vertex 3.16043 2.38918 3.4
    endloop
  endfacet
  facet normal 0.481757 0.876305 -0
    outer loop
      vertex 3.43555 2.23793 8.9
      vertex 3.16043 2.38918 11.1
      vertex 3.43555 2.23793 11.1
    endloop
  endfacet
  facet normal 0.481757 0.876305 0
    outer loop
      vertex 3.16043 2.38918 11.1
      vertex 3.43555 2.23793 8.9
      vertex 3.16043 2.38918 8.9
    endloop
  endfacet
  facet normal 0.587713 -0.809069 0
    outer loop
      vertex 2.90644 68.6263 3.4
      vertex 3.16043 68.8108 8.9
      vertex 2.90644 68.6263 8.9
    endloop
  endfacet
  facet normal 0.587713 -0.809069 0
    outer loop
      vertex 3.16043 68.8108 8.9
      vertex 2.90644 68.6263 3.4
      vertex 3.16043 68.8108 3.4
    endloop
  endfacet
  facet normal 0.587713 -0.809069 0
    outer loop
      vertex 2.90644 68.6263 8.9
      vertex 3.16043 68.8108 11.1
      vertex 2.90644 68.6263 11.1
    endloop
  endfacet
  facet normal 0.587713 -0.809069 0
    outer loop
      vertex 3.16043 68.8108 11.1
      vertex 2.90644 68.6263 8.9
      vertex 3.16043 68.8108 8.9
    endloop
  endfacet
  facet normal 0.844339 -0.53581 0
    outer loop
      vertex 2.30923 67.9044 8.9
      vertex 2.47746 68.1695 3.4
      vertex 2.47746 68.1695 8.9
    endloop
  endfacet
  facet normal 0.844339 -0.53581 0
    outer loop
      vertex 2.47746 68.1695 3.4
      vertex 2.30923 67.9044 8.9
      vertex 2.30923 67.9044 3.4
    endloop
  endfacet
  facet normal 0.844339 -0.53581 0
    outer loop
      vertex 2.30923 67.9044 11.1
      vertex 2.47746 68.1695 8.9
      vertex 2.47746 68.1695 11.1
    endloop
  endfacet
  facet normal 0.844339 -0.53581 0
    outer loop
      vertex 2.47746 68.1695 8.9
      vertex 2.30923 67.9044 11.1
      vertex 2.30923 67.9044 8.9
    endloop
  endfacet
  facet normal -0.248768 0.968563 0
    outer loop
      vertex 95.2725 2.12236 3.4
      vertex 94.9685 2.04428 8.9
      vertex 95.2725 2.12236 8.9
    endloop
  endfacet
  facet normal -0.248768 0.968563 0
    outer loop
      vertex 94.9685 2.04428 8.9
      vertex 95.2725 2.12236 3.4
      vertex 94.9685 2.04428 3.4
    endloop
  endfacet
  facet normal -0.248768 0.968563 0
    outer loop
      vertex 95.2725 2.12236 8.9
      vertex 94.9685 2.04428 11.1
      vertex 95.2725 2.12236 11.1
    endloop
  endfacet
  facet normal -0.248768 0.968563 0
    outer loop
      vertex 94.9685 2.04428 11.1
      vertex 95.2725 2.12236 8.9
      vertex 94.9685 2.04428 8.9
    endloop
  endfacet
  facet normal -0.950983 -0.309244 0
    outer loop
      vertex 96.9215 67.3217 3.4
      vertex 96.8244 67.6203 8.9
      vertex 96.8244 67.6203 3.4
    endloop
  endfacet
  facet normal -0.950983 -0.309244 0
    outer loop
      vertex 96.8244 67.6203 8.9
      vertex 96.9215 67.3217 3.4
      vertex 96.9215 67.3217 8.9
    endloop
  endfacet
  facet normal -0.950983 -0.309244 0
    outer loop
      vertex 96.9215 67.3217 8.9
      vertex 96.8244 67.6203 11.1
      vertex 96.8244 67.6203 8.9
    endloop
  endfacet
  facet normal -0.950983 -0.309244 0
    outer loop
      vertex 96.8244 67.6203 11.1
      vertex 96.9215 67.3217 8.9
      vertex 96.9215 67.3217 11.1
    endloop
  endfacet
  facet normal 0.770509 -0.63743 0
    outer loop
      vertex 2.47746 68.1695 8.9
      vertex 2.67758 68.4114 3.4
      vertex 2.67758 68.4114 8.9
    endloop
  endfacet
  facet normal 0.770509 -0.63743 0
    outer loop
      vertex 2.67758 68.4114 3.4
      vertex 2.47746 68.1695 8.9
      vertex 2.47746 68.1695 3.4
    endloop
  endfacet
  facet normal 0.770509 -0.63743 0
    outer loop
      vertex 2.47746 68.1695 11.1
      vertex 2.67758 68.4114 8.9
      vertex 2.67758 68.4114 11.1
    endloop
  endfacet
  facet normal 0.770509 -0.63743 0
    outer loop
      vertex 2.67758 68.4114 8.9
      vertex 2.47746 68.1695 11.1
      vertex 2.47746 68.1695 8.9
    endloop
  endfacet
  facet normal 0.684524 -0.728991 0
    outer loop
      vertex 2.67758 68.4114 3.4
      vertex 2.90644 68.6263 8.9
      vertex 2.67758 68.4114 8.9
    endloop
  endfacet
  facet normal 0.684524 -0.728991 0
    outer loop
      vertex 2.90644 68.6263 8.9
      vertex 2.67758 68.4114 3.4
      vertex 2.90644 68.6263 3.4
    endloop
  endfacet
  facet normal 0.684524 -0.728991 0
    outer loop
      vertex 2.67758 68.4114 8.9
      vertex 2.90644 68.6263 11.1
      vertex 2.67758 68.4114 11.1
    endloop
  endfacet
  facet normal 0.684524 -0.728991 0
    outer loop
      vertex 2.90644 68.6263 11.1
      vertex 2.67758 68.4114 8.9
      vertex 2.90644 68.6263 8.9
    endloop
  endfacet
  facet normal -0.982305 -0.187288 0
    outer loop
      vertex 96.9803 67.0133 3.4
      vertex 96.9215 67.3217 8.9
      vertex 96.9215 67.3217 3.4
    endloop
  endfacet
  facet normal -0.982305 -0.187288 0
    outer loop
      vertex 96.9215 67.3217 8.9
      vertex 96.9803 67.0133 3.4
      vertex 96.9803 67.0133 8.9
    endloop
  endfacet
  facet normal -0.982305 -0.187288 0
    outer loop
      vertex 96.9803 67.0133 8.9
      vertex 96.9215 67.3217 11.1
      vertex 96.9215 67.3217 8.9
    endloop
  endfacet
  facet normal -0.982305 -0.187288 0
    outer loop
      vertex 96.9215 67.3217 11.1
      vertex 96.9803 67.0133 8.9
      vertex 96.9803 67.0133 11.1
    endloop
  endfacet
  facet normal 0.125497 -0.992094 0
    outer loop
      vertex 4.03155 69.1557 3.4
      vertex 4.34302 69.1951 8.9
      vertex 4.03155 69.1557 8.9
    endloop
  endfacet
  facet normal 0.125497 -0.992094 0
    outer loop
      vertex 4.34302 69.1951 8.9
      vertex 4.03155 69.1557 3.4
      vertex 4.34302 69.1951 3.4
    endloop
  endfacet
  facet normal 0.125497 -0.992094 0
    outer loop
      vertex 4.03155 69.1557 8.9
      vertex 4.34302 69.1951 11.1
      vertex 4.03155 69.1557 11.1
    endloop
  endfacet
  facet normal 0.125497 -0.992094 0
    outer loop
      vertex 4.34302 69.1951 11.1
      vertex 4.03155 69.1557 8.9
      vertex 4.34302 69.1951 8.9
    endloop
  endfacet
  facet normal 0.248758 -0.968566 0
    outer loop
      vertex 3.72746 69.0776 3.4
      vertex 4.03155 69.1557 8.9
      vertex 3.72746 69.0776 8.9
    endloop
  endfacet
  facet normal 0.248758 -0.968566 0
    outer loop
      vertex 4.03155 69.1557 8.9
      vertex 3.72746 69.0776 3.4
      vertex 4.03155 69.1557 3.4
    endloop
  endfacet
  facet normal 0.248758 -0.968566 0
    outer loop
      vertex 3.72746 69.0776 8.9
      vertex 4.03155 69.1557 11.1
      vertex 3.72746 69.0776 11.1
    endloop
  endfacet
  facet normal 0.248758 -0.968566 0
    outer loop
      vertex 4.03155 69.1557 11.1
      vertex 3.72746 69.0776 8.9
      vertex 4.03155 69.1557 8.9
    endloop
  endfacet
  facet normal -0.904934 -0.425552 0
    outer loop
      vertex 96.8244 67.6203 3.4
      vertex 96.6908 67.9044 8.9
      vertex 96.6908 67.9044 3.4
    endloop
  endfacet
  facet normal -0.904934 -0.425552 0
    outer loop
      vertex 96.6908 67.9044 8.9
      vertex 96.8244 67.6203 3.4
      vertex 96.8244 67.6203 8.9
    endloop
  endfacet
  facet normal -0.904934 -0.425552 0
    outer loop
      vertex 96.8244 67.6203 8.9
      vertex 96.6908 67.9044 11.1
      vertex 96.6908 67.9044 8.9
    endloop
  endfacet
  facet normal -0.904934 -0.425552 0
    outer loop
      vertex 96.6908 67.9044 11.1
      vertex 96.8244 67.6203 8.9
      vertex 96.8244 67.6203 11.1
    endloop
  endfacet
  facet normal 0.951057 -0.309014 0
    outer loop
      vertex 2.07854 67.3217 8.9
      vertex 2.17556 67.6203 3.4
      vertex 2.17556 67.6203 8.9
    endloop
  endfacet
  facet normal 0.951057 -0.309014 0
    outer loop
      vertex 2.17556 67.6203 3.4
      vertex 2.07854 67.3217 8.9
      vertex 2.07854 67.3217 3.4
    endloop
  endfacet
  facet normal 0.951057 -0.309014 0
    outer loop
      vertex 2.07854 67.3217 11.1
      vertex 2.17556 67.6203 8.9
      vertex 2.17556 67.6203 11.1
    endloop
  endfacet
  facet normal 0.951057 -0.309014 0
    outer loop
      vertex 2.17556 67.6203 8.9
      vertex 2.07854 67.3217 11.1
      vertex 2.07854 67.3217 8.9
    endloop
  endfacet
endsolid OpenSCAD_Model
