solid OpenSCAD_Model
  facet normal -0.987688 -0.156435 0
    outer loop
      vertex 0.0764828 2.77231 0
      vertex 0.0191727 3.13415 16.1636
      vertex 0.0191727 3.13415 0
    endloop
  endfacet
  facet normal -0.987688 -0.156435 0
    outer loop
      vertex 0.0191727 3.13415 16.1636
      vertex 0.0764828 2.77231 0
      vertex 0.0764828 2.77231 16.2016
    endloop
  endfacet
  facet normal -0.99863 -0.0523341 0
    outer loop
      vertex 0.0191727 3.13415 0
      vertex 0 3.5 16.1252
      vertex 0 3.5 0
    endloop
  endfacet
  facet normal -0.99863 -0.0523341 0
    outer loop
      vertex 0 3.5 16.1252
      vertex 0.0191727 3.13415 0
      vertex 0.0191727 3.13415 16.1636
    endloop
  endfacet
  facet normal -0.358365 -0.933582 0
    outer loop
      vertex 2.41844 0.171302 0
      vertex 2.07642 0.30259 16.4612
      vertex 2.07642 0.30259 0
    endloop
  endfacet
  facet normal -0.358365 -0.933582 0
    outer loop
      vertex 2.07642 0.30259 16.4612
      vertex 2.41844 0.171302 0
      vertex 2.41844 0.171302 16.475
    endloop
  endfacet
  facet normal 0.987816 0.155626 -0
    outer loop
      vertex 103.981 73.8659 0
      vertex 103.924 74.2277 8.69138
      vertex 103.981 73.8659 8.72941
    endloop
  endfacet
  facet normal 0.987816 0.155626 0
    outer loop
      vertex 103.924 74.2277 8.69138
      vertex 103.981 73.8659 0
      vertex 103.924 74.2277 0
    endloop
  endfacet
  facet normal 0.998655 0.0518569 -0
    outer loop
      vertex 104 73.5 0
      vertex 103.981 73.8659 8.72941
      vertex 104 73.5 8.76786
    endloop
  endfacet
  facet normal 0.998655 0.0518569 0
    outer loop
      vertex 103.981 73.8659 8.72941
      vertex 104 73.5 0
      vertex 103.981 73.8659 0
    endloop
  endfacet
  facet normal -0.544581 0.838709 0
    outer loop
      vertex 1.44275 76.3316 0
      vertex 1.75 76.5311 8.44928
      vertex 1.75 76.5311 0
    endloop
  endfacet
  facet normal -0.544581 0.838709 0
    outer loop
      vertex 1.75 76.5311 8.44928
      vertex 1.44275 76.3316 0
      vertex 1.44275 76.3316 8.47025
    endloop
  endfacet
  facet normal -0.891006 -0.453992 0
    outer loop
      vertex 0.46891 1.75 0
      vertex 0.30259 2.07642 16.2748
      vertex 0.30259 2.07642 0
    endloop
  endfacet
  facet normal -0.891006 -0.453992 0
    outer loop
      vertex 0.30259 2.07642 16.2748
      vertex 0.46891 1.75 0
      vertex 0.46891 1.75 16.3091
    endloop
  endfacet
  facet normal 0.93293 -0.360057 0
    outer loop
      vertex 103.697 2.07642 0
      vertex 103.829 2.41844 16.2388
      vertex 103.697 2.07642 16.2748
    endloop
  endfacet
  facet normal 0.93293 -0.360057 0
    outer loop
      vertex 103.829 2.41844 16.2388
      vertex 103.697 2.07642 0
      vertex 103.829 2.41844 0
    endloop
  endfacet
  facet normal 0.932923 0.360076 -0
    outer loop
      vertex 103.829 74.5816 0
      vertex 103.697 74.9236 8.61824
      vertex 103.829 74.5816 8.65419
    endloop
  endfacet
  facet normal 0.932923 0.360076 0
    outer loop
      vertex 103.697 74.9236 8.61824
      vertex 103.829 74.5816 0
      vertex 103.697 74.9236 0
    endloop
  endfacet
  facet normal 0.707107 0.707107 -0
    outer loop
      vertex 103.101 75.842 0
      vertex 102.842 76.101 8.49449
      vertex 103.101 75.842 8.52171
    endloop
  endfacet
  facet normal 0.707107 0.707107 0
    outer loop
      vertex 102.842 76.101 8.49449
      vertex 103.101 75.842 0
      vertex 102.842 76.101 0
    endloop
  endfacet
  facet normal 0.707171 -0.707043 0
    outer loop
      vertex 102.842 0.898993 0
      vertex 103.101 1.15804 16.3713
      vertex 102.842 0.898993 16.3985
    endloop
  endfacet
  facet normal 0.707171 -0.707043 0
    outer loop
      vertex 103.101 1.15804 16.3713
      vertex 102.842 0.898993 0
      vertex 103.101 1.15804 0
    endloop
  endfacet
  facet normal -1 0 0
    outer loop
      vertex 0 53.1358 2.56498
      vertex 0 73.5 0
      vertex 0 53.1464 2.48294
    endloop
  endfacet
  facet normal -1 0 0
    outer loop
      vertex 0 73.5 0
      vertex 0 53.1464 5.51706
      vertex 0 53.15 5.6
    endloop
  endfacet
  facet normal -1 0 0
    outer loop
      vertex 0 53.1358 5.43502
      vertex 0 73.5 0
      vertex 0 53.1358 2.56498
    endloop
  endfacet
  facet normal -1 0 0
    outer loop
      vertex 0 73.5 0
      vertex 0 53.1358 5.43502
      vertex 0 53.1464 5.51706
    endloop
  endfacet
  facet normal -1 0 0
    outer loop
      vertex 0 53.1267 2.60641
      vertex 0 53.1358 5.43502
      vertex 0 53.1358 2.56498
    endloop
  endfacet
  facet normal -1 0 0
    outer loop
      vertex 0 53.1267 2.60641
      vertex 0 53.1267 5.39359
      vertex 0 53.1358 5.43502
    endloop
  endfacet
  facet normal -1 0 0
    outer loop
      vertex 0 53.1182 2.64521
      vertex 0 53.1267 5.39359
      vertex 0 53.1267 2.60641
    endloop
  endfacet
  facet normal -1 0 0
    outer loop
      vertex 0 53.1182 2.64521
      vertex 0 53.1182 5.35479
      vertex 0 53.1267 5.39359
    endloop
  endfacet
  facet normal -1 0 0
    outer loop
      vertex 0 53.1065 2.68223
      vertex 0 53.1182 5.35479
      vertex 0 53.1182 2.64521
    endloop
  endfacet
  facet normal -1 0 0
    outer loop
      vertex 0 53.1065 2.68223
      vertex 0 53.1065 5.31777
      vertex 0 53.1182 5.35479
    endloop
  endfacet
  facet normal -1 0 0
    outer loop
      vertex 0 53.0938 2.72275
      vertex 0 53.1065 5.31777
      vertex 0 53.1065 2.68223
    endloop
  endfacet
  facet normal -1 0 0
    outer loop
      vertex 0 53.0938 2.72275
      vertex 0 53.0938 5.27725
      vertex 0 53.1065 5.31777
    endloop
  endfacet
  facet normal -1 0 0
    outer loop
      vertex 0 53.0775 2.76188
      vertex 0 53.0938 5.27725
      vertex 0 53.0938 2.72275
    endloop
  endfacet
  facet normal -1 0 0
    outer loop
      vertex 0 53.0775 2.76188
      vertex 0 53.0775 5.23812
      vertex 0 53.0938 5.27725
    endloop
  endfacet
  facet normal -1 0 0
    outer loop
      vertex 0 53.0629 2.79675
      vertex 0 53.0775 5.23812
      vertex 0 53.0775 2.76188
    endloop
  endfacet
  facet normal -1 0 0
    outer loop
      vertex 0 53.0629 2.79675
      vertex 0 53.0629 5.20325
      vertex 0 53.0775 5.23812
    endloop
  endfacet
  facet normal -1 0 0
    outer loop
      vertex 0 53.0457 2.8292
      vertex 0 53.0629 5.20325
      vertex 0 53.0629 2.79675
    endloop
  endfacet
  facet normal -1 0 0
    outer loop
      vertex 0 53.0457 2.8292
      vertex 0 53.0457 5.1708
      vertex 0 53.0629 5.20325
    endloop
  endfacet
  facet normal -1 0 0
    outer loop
      vertex 0 53.0259 2.86641
      vertex 0 53.0457 5.1708
      vertex 0 53.0457 2.8292
    endloop
  endfacet
  facet normal -1 0 0
    outer loop
      vertex 0 53.0259 2.86641
      vertex 0 53.0259 5.13359
      vertex 0 53.0457 5.1708
    endloop
  endfacet
  facet normal -1 0 0
    outer loop
      vertex 0 52.983 2.93096
      vertex 0 53.0259 5.13359
      vertex 0 53.0259 2.86641
    endloop
  endfacet
  facet normal -1 0 0
    outer loop
      vertex 0 52.983 2.93096
      vertex 0 52.983 5.06904
      vertex 0 53.0259 5.13359
    endloop
  endfacet
  facet normal -1 0 0
    outer loop
      vertex 0 52.9349 2.98969
      vertex 0 52.983 5.06904
      vertex 0 52.983 2.93096
    endloop
  endfacet
  facet normal -1 0 0
    outer loop
      vertex 0 52.9349 2.98969
      vertex 0 52.9349 5.01031
      vertex 0 52.983 5.06904
    endloop
  endfacet
  facet normal -1 0 0
    outer loop
      vertex 0 52.8821 3.04196
      vertex 0 52.9349 5.01031
      vertex 0 52.9349 2.98969
    endloop
  endfacet
  facet normal -1 0 0
    outer loop
      vertex 0 52.8821 3.04196
      vertex 0 52.8821 4.95804
      vertex 0 52.9349 5.01031
    endloop
  endfacet
  facet normal -1 0 0
    outer loop
      vertex 0 52.825 3.08719
      vertex 0 52.8821 4.95804
      vertex 0 52.8821 3.04196
    endloop
  endfacet
  facet normal -1 0 0
    outer loop
      vertex 0 52.825 3.08719
      vertex 0 52.825 4.9128
      vertex 0 52.8821 4.95804
    endloop
  endfacet
  facet normal -1 0 0
    outer loop
      vertex 0 52.7644 3.1249
      vertex 0 52.825 4.9128
      vertex 0 52.825 3.08719
    endloop
  endfacet
  facet normal -1 0 0
    outer loop
      vertex 0 52.7644 3.1249
      vertex 0 52.7644 4.8751
      vertex 0 52.825 4.9128
    endloop
  endfacet
  facet normal -1 0 0
    outer loop
      vertex 0 52.7009 3.15467
      vertex 0 52.7644 4.8751
      vertex 0 52.7644 3.1249
    endloop
  endfacet
  facet normal -1 0 0
    outer loop
      vertex 0 52.7009 3.15467
      vertex 0 52.7009 4.84533
      vertex 0 52.7644 4.8751
    endloop
  endfacet
  facet normal -1 0 0
    outer loop
      vertex 0 52.6351 3.17616
      vertex 0 52.7009 4.84533
      vertex 0 52.7009 3.15467
    endloop
  endfacet
  facet normal -1 0 0
    outer loop
      vertex 0 52.6351 3.17616
      vertex 0 52.6351 4.82384
      vertex 0 52.7009 4.84533
    endloop
  endfacet
  facet normal -1 0 0
    outer loop
      vertex 0 52.5973 3.18347
      vertex 0 52.6351 4.82384
      vertex 0 52.6351 3.17616
    endloop
  endfacet
  facet normal -1 0 0
    outer loop
      vertex 0 52.5973 3.18347
      vertex 0 52.5973 4.81653
      vertex 0 52.6351 4.82384
    endloop
  endfacet
  facet normal -1 0 0
    outer loop
      vertex 0 52.5679 3.18916
      vertex 0 52.5973 4.81653
      vertex 0 52.5973 3.18347
    endloop
  endfacet
  facet normal -1 0 0
    outer loop
      vertex 0 52.5679 3.18916
      vertex 0 52.5679 4.81084
      vertex 0 52.5973 4.81653
    endloop
  endfacet
  facet normal -1 0 0
    outer loop
      vertex 0 52.5297 3.1916
      vertex 0 52.5679 4.81084
      vertex 0 52.5679 3.18916
    endloop
  endfacet
  facet normal -1 0 0
    outer loop
      vertex 0 52.5297 3.1916
      vertex 0 52.5297 4.8084
      vertex 0 52.5679 4.81084
    endloop
  endfacet
  facet normal -1 0 0
    outer loop
      vertex 0 52.5 3.1935
      vertex 0 52.5297 4.8084
      vertex 0 52.5297 3.1916
    endloop
  endfacet
  facet normal -1 0 0
    outer loop
      vertex 0 52.5 3.1935
      vertex 0 52.5 4.8065
      vertex 0 52.5297 4.8084
    endloop
  endfacet
  facet normal -1 0 0
    outer loop
      vertex 0 20.5 3.1935
      vertex 0 52.5 4.8065
      vertex 0 52.5 3.1935
    endloop
  endfacet
  facet normal -1 0 0
    outer loop
      vertex 0 20.5 3.1935
      vertex 0 20.5 4.8065
      vertex 0 52.5 4.8065
    endloop
  endfacet
  facet normal -1 0 0
    outer loop
      vertex 0 20.4703 3.1916
      vertex 0 20.5 4.8065
      vertex 0 20.5 3.1935
    endloop
  endfacet
  facet normal -1 0 0
    outer loop
      vertex 0 20.4703 3.1916
      vertex 0 20.4703 4.8084
      vertex 0 20.5 4.8065
    endloop
  endfacet
  facet normal -1 0 0
    outer loop
      vertex 0 20.4321 3.18916
      vertex 0 20.4703 4.8084
      vertex 0 20.4703 3.1916
    endloop
  endfacet
  facet normal -1 0 0
    outer loop
      vertex 0 20.4321 3.18916
      vertex 0 20.4321 4.81084
      vertex 0 20.4703 4.8084
    endloop
  endfacet
  facet normal -1 0 0
    outer loop
      vertex 0 20.4027 3.18347
      vertex 0 20.4321 4.81084
      vertex 0 20.4321 3.18916
    endloop
  endfacet
  facet normal -1 0 0
    outer loop
      vertex 0 20.4027 3.18347
      vertex 0 20.4027 4.81653
      vertex 0 20.4321 4.81084
    endloop
  endfacet
  facet normal -1 0 0
    outer loop
      vertex 0 20.3649 3.17616
      vertex 0 20.4027 4.81653
      vertex 0 20.4027 3.18347
    endloop
  endfacet
  facet normal -1 0 0
    outer loop
      vertex 0 20.3649 3.17616
      vertex 0 20.3649 4.82384
      vertex 0 20.4027 4.81653
    endloop
  endfacet
  facet normal -1 0 0
    outer loop
      vertex 0 20.2991 3.15467
      vertex 0 20.3649 4.82384
      vertex 0 20.3649 3.17616
    endloop
  endfacet
  facet normal -1 0 0
    outer loop
      vertex 0 20.2991 3.15467
      vertex 0 20.2991 4.84533
      vertex 0 20.3649 4.82384
    endloop
  endfacet
  facet normal -1 0 0
    outer loop
      vertex 0 20.2356 3.1249
      vertex 0 20.2991 4.84533
      vertex 0 20.2991 3.15467
    endloop
  endfacet
  facet normal -1 0 0
    outer loop
      vertex 0 20.2356 3.1249
      vertex 0 20.2356 4.8751
      vertex 0 20.2991 4.84533
    endloop
  endfacet
  facet normal -1 0 0
    outer loop
      vertex 0 20.175 3.08719
      vertex 0 20.2356 4.8751
      vertex 0 20.2356 3.1249
    endloop
  endfacet
  facet normal -1 0 0
    outer loop
      vertex 0 20.175 3.08719
      vertex 0 20.175 4.9128
      vertex 0 20.2356 4.8751
    endloop
  endfacet
  facet normal -1 0 0
    outer loop
      vertex 0 20.1179 3.04196
      vertex 0 20.175 4.9128
      vertex 0 20.175 3.08719
    endloop
  endfacet
  facet normal -1 0 0
    outer loop
      vertex 0 20.1179 3.04196
      vertex 0 20.1179 4.95804
      vertex 0 20.175 4.9128
    endloop
  endfacet
  facet normal -1 0 0
    outer loop
      vertex 0 20.0651 2.98969
      vertex 0 20.1179 4.95804
      vertex 0 20.1179 3.04196
    endloop
  endfacet
  facet normal -1 0 0
    outer loop
      vertex 0 20.0651 2.98969
      vertex 0 20.0651 5.01031
      vertex 0 20.1179 4.95804
    endloop
  endfacet
  facet normal -1 0 0
    outer loop
      vertex 0 20.017 2.93096
      vertex 0 20.0651 5.01031
      vertex 0 20.0651 2.98969
    endloop
  endfacet
  facet normal -1 0 0
    outer loop
      vertex 0 20.017 2.93096
      vertex 0 20.017 5.06904
      vertex 0 20.0651 5.01031
    endloop
  endfacet
  facet normal -1 0 0
    outer loop
      vertex 0 19.9741 2.86641
      vertex 0 20.017 5.06904
      vertex 0 20.017 2.93096
    endloop
  endfacet
  facet normal -1 0 0
    outer loop
      vertex 0 19.9741 2.86641
      vertex 0 19.9741 5.13359
      vertex 0 20.017 5.06904
    endloop
  endfacet
  facet normal -1 0 0
    outer loop
      vertex 0 19.9543 2.8292
      vertex 0 19.9741 5.13359
      vertex 0 19.9741 2.86641
    endloop
  endfacet
  facet normal -1 0 0
    outer loop
      vertex 0 19.9543 2.8292
      vertex 0 19.9543 5.1708
      vertex 0 19.9741 5.13359
    endloop
  endfacet
  facet normal -1 0 0
    outer loop
      vertex 0 19.9371 2.79675
      vertex 0 19.9543 5.1708
      vertex 0 19.9543 2.8292
    endloop
  endfacet
  facet normal -1 0 0
    outer loop
      vertex 0 19.9371 2.79675
      vertex 0 19.9371 5.20325
      vertex 0 19.9543 5.1708
    endloop
  endfacet
  facet normal -1 0 0
    outer loop
      vertex 0 19.9225 2.76188
      vertex 0 19.9371 5.20325
      vertex 0 19.9371 2.79675
    endloop
  endfacet
  facet normal -1 0 0
    outer loop
      vertex 0 19.9225 2.76188
      vertex 0 19.9225 5.23812
      vertex 0 19.9371 5.20325
    endloop
  endfacet
  facet normal -1 0 0
    outer loop
      vertex 0 19.9062 2.72275
      vertex 0 19.9225 5.23812
      vertex 0 19.9225 2.76188
    endloop
  endfacet
  facet normal -1 0 0
    outer loop
      vertex 0 19.9062 2.72275
      vertex 0 19.9062 5.27725
      vertex 0 19.9225 5.23812
    endloop
  endfacet
  facet normal -1 0 0
    outer loop
      vertex 0 19.8935 2.68223
      vertex 0 19.9062 5.27725
      vertex 0 19.9062 2.72275
    endloop
  endfacet
  facet normal -1 0 0
    outer loop
      vertex 0 19.8935 2.68223
      vertex 0 19.8935 5.31777
      vertex 0 19.9062 5.27725
    endloop
  endfacet
  facet normal -1 0 0
    outer loop
      vertex 0 19.8818 2.64521
      vertex 0 19.8935 5.31777
      vertex 0 19.8935 2.68223
    endloop
  endfacet
  facet normal -1 0 0
    outer loop
      vertex 0 19.8818 2.64521
      vertex 0 19.8818 5.35479
      vertex 0 19.8935 5.31777
    endloop
  endfacet
  facet normal -1 0 0
    outer loop
      vertex 0 19.8733 2.60641
      vertex 0 19.8818 5.35479
      vertex 0 19.8818 2.64521
    endloop
  endfacet
  facet normal -1 0 0
    outer loop
      vertex 0 19.8733 2.60641
      vertex 0 19.8733 5.39359
      vertex 0 19.8818 5.35479
    endloop
  endfacet
  facet normal -1 0 0
    outer loop
      vertex 0 19.8642 2.56498
      vertex 0 19.8733 5.39359
      vertex 0 19.8733 2.60641
    endloop
  endfacet
  facet normal -1 0 0
    outer loop
      vertex 0 19.8642 2.56498
      vertex 0 19.8642 5.43502
      vertex 0 19.8733 5.39359
    endloop
  endfacet
  facet normal -1 0 0
    outer loop
      vertex 0 3.5 0
      vertex 0 19.8642 2.56498
      vertex 0 19.8536 2.48294
    endloop
  endfacet
  facet normal -1 -0 0
    outer loop
      vertex 0 19.8642 2.56498
      vertex 0 3.5 0
      vertex 0 19.8642 5.43502
    endloop
  endfacet
  facet normal -1 0 0
    outer loop
      vertex 0 3.5 0
      vertex 0 19.8536 2.48294
      vertex 0 19.85 2.4
    endloop
  endfacet
  facet normal -1 -0 0
    outer loop
      vertex 0 19.8642 5.43502
      vertex 0 3.5 0
      vertex 0 19.8536 5.51706
    endloop
  endfacet
  facet normal -1 0 0
    outer loop
      vertex 0 53.1464 2.48294
      vertex 0 73.5 0
      vertex 0 53.15 2.4
    endloop
  endfacet
  facet normal -1 0 0
    outer loop
      vertex 0 73.5 0
      vertex 0 53.1464 2.31706
      vertex 0 53.15 2.4
    endloop
  endfacet
  facet normal -1 0 0
    outer loop
      vertex 0 73.5 0
      vertex 0 53.1358 2.23502
      vertex 0 53.1464 2.31706
    endloop
  endfacet
  facet normal -1 0 0
    outer loop
      vertex 0 73.5 0
      vertex 0 53.1267 2.19359
      vertex 0 53.1358 2.23502
    endloop
  endfacet
  facet normal -1 0 0
    outer loop
      vertex 0 73.5 0
      vertex 0 53.1182 2.15479
      vertex 0 53.1267 2.19359
    endloop
  endfacet
  facet normal -1 0 0
    outer loop
      vertex 0 73.5 0
      vertex 0 53.1065 2.11777
      vertex 0 53.1182 2.15479
    endloop
  endfacet
  facet normal -1 0 0
    outer loop
      vertex 0 73.5 0
      vertex 0 53.0938 2.07725
      vertex 0 53.1065 2.11777
    endloop
  endfacet
  facet normal -1 0 0
    outer loop
      vertex 0 73.5 0
      vertex 0 53.0775 2.03812
      vertex 0 53.0938 2.07725
    endloop
  endfacet
  facet normal -1 0 0
    outer loop
      vertex 0 73.5 0
      vertex 0 53.0629 2.00325
      vertex 0 53.0775 2.03812
    endloop
  endfacet
  facet normal -1 0 0
    outer loop
      vertex 0 73.5 0
      vertex 0 53.0457 1.9708
      vertex 0 53.0629 2.00325
    endloop
  endfacet
  facet normal -1 0 0
    outer loop
      vertex 0 73.5 0
      vertex 0 53.0259 1.93359
      vertex 0 53.0457 1.9708
    endloop
  endfacet
  facet normal -1 0 0
    outer loop
      vertex 0 73.5 0
      vertex 0 53.0061 1.90387
      vertex 0 53.0259 1.93359
    endloop
  endfacet
  facet normal -1 0 0
    outer loop
      vertex 0 73.5 0
      vertex 0 52.983 1.86904
      vertex 0 53.0061 1.90387
    endloop
  endfacet
  facet normal -1 0 0
    outer loop
      vertex 0 73.5 0
      vertex 0 52.9349 1.81031
      vertex 0 52.983 1.86904
    endloop
  endfacet
  facet normal -1 0 0
    outer loop
      vertex 0 73.5 0
      vertex 0 52.8821 1.75804
      vertex 0 52.9349 1.81031
    endloop
  endfacet
  facet normal -1 0 0
    outer loop
      vertex 0 73.5 0
      vertex 0 52.825 1.71281
      vertex 0 52.8821 1.75804
    endloop
  endfacet
  facet normal -1 0 0
    outer loop
      vertex 0 73.5 0
      vertex 0 52.7644 1.6751
      vertex 0 52.825 1.71281
    endloop
  endfacet
  facet normal -1 0 0
    outer loop
      vertex 0 73.5 0
      vertex 0 52.7009 1.64533
      vertex 0 52.7644 1.6751
    endloop
  endfacet
  facet normal -1 0 0
    outer loop
      vertex 0 73.5 0
      vertex 0 52.6351 1.62384
      vertex 0 52.7009 1.64533
    endloop
  endfacet
  facet normal -1 0 0
    outer loop
      vertex 0 73.5 0
      vertex 0 52.5973 1.61653
      vertex 0 52.6351 1.62384
    endloop
  endfacet
  facet normal -1 0 0
    outer loop
      vertex 0 73.5 0
      vertex 0 52.5679 1.61084
      vertex 0 52.5973 1.61653
    endloop
  endfacet
  facet normal -1 0 0
    outer loop
      vertex 0 73.5 0
      vertex 0 52.5383 1.60894
      vertex 0 52.5679 1.61084
    endloop
  endfacet
  facet normal -1 0 0
    outer loop
      vertex 0 73.5 0
      vertex 0 52.5 1.6065
      vertex 0 52.5383 1.60894
    endloop
  endfacet
  facet normal -1 0 0
    outer loop
      vertex 0 3.5 0
      vertex 0 52.5 1.6065
      vertex 0 73.5 0
    endloop
  endfacet
  facet normal -1 0 0
    outer loop
      vertex 0 19.8818 2.15479
      vertex 0 19.8642 2.23502
      vertex 0 19.8733 2.19359
    endloop
  endfacet
  facet normal -1 -0 0
    outer loop
      vertex 0 19.8536 5.51706
      vertex 0 3.5 0
      vertex 0 19.85 5.6
    endloop
  endfacet
  facet normal -1 -0 0
    outer loop
      vertex 0 19.8536 2.31706
      vertex 0 3.5 0
      vertex 0 19.85 2.4
    endloop
  endfacet
  facet normal -1 -0 0
    outer loop
      vertex 0 19.8642 2.23502
      vertex 0 3.5 0
      vertex 0 19.8536 2.31706
    endloop
  endfacet
  facet normal -1 -0 0
    outer loop
      vertex 0 19.8818 2.15479
      vertex 0 3.5 0
      vertex 0 19.8642 2.23502
    endloop
  endfacet
  facet normal -1 -0 0
    outer loop
      vertex 0 19.8935 2.11777
      vertex 0 3.5 0
      vertex 0 19.8818 2.15479
    endloop
  endfacet
  facet normal -1 -0 0
    outer loop
      vertex 0 19.9062 2.07725
      vertex 0 3.5 0
      vertex 0 19.8935 2.11777
    endloop
  endfacet
  facet normal -1 -0 0
    outer loop
      vertex 0 19.9225 2.03812
      vertex 0 3.5 0
      vertex 0 19.9062 2.07725
    endloop
  endfacet
  facet normal -1 -0 0
    outer loop
      vertex 0 19.9371 2.00325
      vertex 0 3.5 0
      vertex 0 19.9225 2.03812
    endloop
  endfacet
  facet normal -1 -0 0
    outer loop
      vertex 0 19.9543 1.9708
      vertex 0 3.5 0
      vertex 0 19.9371 2.00325
    endloop
  endfacet
  facet normal -1 -0 0
    outer loop
      vertex 0 19.9741 1.93359
      vertex 0 3.5 0
      vertex 0 19.9543 1.9708
    endloop
  endfacet
  facet normal -1 -0 0
    outer loop
      vertex 0 19.9939 1.90387
      vertex 0 3.5 0
      vertex 0 19.9741 1.93359
    endloop
  endfacet
  facet normal -1 -0 0
    outer loop
      vertex 0 20.017 1.86904
      vertex 0 3.5 0
      vertex 0 19.9939 1.90387
    endloop
  endfacet
  facet normal -1 -0 0
    outer loop
      vertex 0 20.0651 1.81031
      vertex 0 3.5 0
      vertex 0 20.017 1.86904
    endloop
  endfacet
  facet normal -1 -0 0
    outer loop
      vertex 0 20.1179 1.75804
      vertex 0 3.5 0
      vertex 0 20.0651 1.81031
    endloop
  endfacet
  facet normal -1 -0 0
    outer loop
      vertex 0 20.175 1.71281
      vertex 0 3.5 0
      vertex 0 20.1179 1.75804
    endloop
  endfacet
  facet normal -1 -0 0
    outer loop
      vertex 0 20.2356 1.6751
      vertex 0 3.5 0
      vertex 0 20.175 1.71281
    endloop
  endfacet
  facet normal -1 -0 0
    outer loop
      vertex 0 20.2991 1.64533
      vertex 0 3.5 0
      vertex 0 20.2356 1.6751
    endloop
  endfacet
  facet normal -1 -0 0
    outer loop
      vertex 0 20.3649 1.62384
      vertex 0 3.5 0
      vertex 0 20.2991 1.64533
    endloop
  endfacet
  facet normal -1 -0 0
    outer loop
      vertex 0 20.4027 1.61653
      vertex 0 3.5 0
      vertex 0 20.3649 1.62384
    endloop
  endfacet
  facet normal -1 -0 0
    outer loop
      vertex 0 20.4321 1.61084
      vertex 0 3.5 0
      vertex 0 20.4027 1.61653
    endloop
  endfacet
  facet normal -1 -0 0
    outer loop
      vertex 0 20.4617 1.60894
      vertex 0 3.5 0
      vertex 0 20.4321 1.61084
    endloop
  endfacet
  facet normal -1 -0 0
    outer loop
      vertex 0 20.5 1.6065
      vertex 0 3.5 0
      vertex 0 20.4617 1.60894
    endloop
  endfacet
  facet normal -1 -0 0
    outer loop
      vertex 0 52.5 1.6065
      vertex 0 3.5 0
      vertex 0 20.5 1.6065
    endloop
  endfacet
  facet normal -1 0 0
    outer loop
      vertex 0 73.5 0
      vertex 0 53.15 5.6
      vertex 0 73.5 8.76786
    endloop
  endfacet
  facet normal -1 0 0
    outer loop
      vertex 0 53.1464 5.68294
      vertex 0 73.5 8.76786
      vertex 0 53.15 5.6
    endloop
  endfacet
  facet normal -1 0 0
    outer loop
      vertex 0 53.1358 5.76498
      vertex 0 73.5 8.76786
      vertex 0 53.1464 5.68294
    endloop
  endfacet
  facet normal -1 0 0
    outer loop
      vertex 0 53.1267 5.80641
      vertex 0 73.5 8.76786
      vertex 0 53.1358 5.76498
    endloop
  endfacet
  facet normal -1 0 0
    outer loop
      vertex 0 53.1182 5.84521
      vertex 0 73.5 8.76786
      vertex 0 53.1267 5.80641
    endloop
  endfacet
  facet normal -1 0 0
    outer loop
      vertex 0 53.1065 5.88223
      vertex 0 73.5 8.76786
      vertex 0 53.1182 5.84521
    endloop
  endfacet
  facet normal -1 0 0
    outer loop
      vertex 0 53.0938 5.92275
      vertex 0 73.5 8.76786
      vertex 0 53.1065 5.88223
    endloop
  endfacet
  facet normal -1 0 0
    outer loop
      vertex 0 53.0775 5.96188
      vertex 0 73.5 8.76786
      vertex 0 53.0938 5.92275
    endloop
  endfacet
  facet normal -1 0 0
    outer loop
      vertex 0 53.0629 5.99675
      vertex 0 73.5 8.76786
      vertex 0 53.0775 5.96188
    endloop
  endfacet
  facet normal -1 0 0
    outer loop
      vertex 0 53.0457 6.0292
      vertex 0 73.5 8.76786
      vertex 0 53.0629 5.99675
    endloop
  endfacet
  facet normal -1 0 0
    outer loop
      vertex 0 53.0259 6.06641
      vertex 0 73.5 8.76786
      vertex 0 53.0457 6.0292
    endloop
  endfacet
  facet normal -1 0 0
    outer loop
      vertex 0 52.983 6.13096
      vertex 0 73.5 8.76786
      vertex 0 53.0259 6.06641
    endloop
  endfacet
  facet normal -1 0 0
    outer loop
      vertex 0 52.9349 6.18969
      vertex 0 73.5 8.76786
      vertex 0 52.983 6.13096
    endloop
  endfacet
  facet normal -1 0 0
    outer loop
      vertex 0 52.8821 6.24196
      vertex 0 73.5 8.76786
      vertex 0 52.9349 6.18969
    endloop
  endfacet
  facet normal -1 0 0
    outer loop
      vertex 0 52.825 6.28719
      vertex 0 73.5 8.76786
      vertex 0 52.8821 6.24196
    endloop
  endfacet
  facet normal -1 0 0
    outer loop
      vertex 0 52.7644 6.3249
      vertex 0 73.5 8.76786
      vertex 0 52.825 6.28719
    endloop
  endfacet
  facet normal -1 0 0
    outer loop
      vertex 0 52.7009 6.35467
      vertex 0 73.5 8.76786
      vertex 0 52.7644 6.3249
    endloop
  endfacet
  facet normal -1 0 0
    outer loop
      vertex 0 52.6351 6.37616
      vertex 0 73.5 8.76786
      vertex 0 52.7009 6.35467
    endloop
  endfacet
  facet normal -1 0 0
    outer loop
      vertex 0 52.5973 6.38347
      vertex 0 73.5 8.76786
      vertex 0 52.6351 6.37616
    endloop
  endfacet
  facet normal -1 0 0
    outer loop
      vertex 0 52.5679 6.38916
      vertex 0 73.5 8.76786
      vertex 0 52.5973 6.38347
    endloop
  endfacet
  facet normal -1 0 0
    outer loop
      vertex 0 52.5383 6.39106
      vertex 0 73.5 8.76786
      vertex 0 52.5679 6.38916
    endloop
  endfacet
  facet normal -1 0 0
    outer loop
      vertex 0 52.5 6.3935
      vertex 0 73.5 8.76786
      vertex 0 52.5383 6.39106
    endloop
  endfacet
  facet normal -1 0 0
    outer loop
      vertex 0 3.5 16.1252
      vertex 0 52.5 6.3935
      vertex 0 20.5 6.3935
    endloop
  endfacet
  facet normal -1 0 0
    outer loop
      vertex 0 19.8642 5.76498
      vertex 0 19.8818 5.84521
      vertex 0 19.8733 5.80641
    endloop
  endfacet
  facet normal -1 0 0
    outer loop
      vertex 0 3.5 0
      vertex 0 19.8536 5.68294
      vertex 0 19.85 5.6
    endloop
  endfacet
  facet normal -1 0 0
    outer loop
      vertex 0 3.5 0
      vertex 0 19.8642 5.76498
      vertex 0 19.8536 5.68294
    endloop
  endfacet
  facet normal -1 0 0
    outer loop
      vertex 0 3.5 0
      vertex 0 19.8818 5.84521
      vertex 0 19.8642 5.76498
    endloop
  endfacet
  facet normal -1 0 0
    outer loop
      vertex 0 3.5 16.1252
      vertex 0 19.8818 5.84521
      vertex 0 3.5 0
    endloop
  endfacet
  facet normal -1 0 0
    outer loop
      vertex 0 19.8818 5.84521
      vertex 0 3.5 16.1252
      vertex 0 19.8935 5.88223
    endloop
  endfacet
  facet normal -1 0 0
    outer loop
      vertex 0 19.8935 5.88223
      vertex 0 3.5 16.1252
      vertex 0 19.9062 5.92275
    endloop
  endfacet
  facet normal -1 0 0
    outer loop
      vertex 0 19.9062 5.92275
      vertex 0 3.5 16.1252
      vertex 0 19.9225 5.96188
    endloop
  endfacet
  facet normal -1 0 0
    outer loop
      vertex 0 19.9225 5.96188
      vertex 0 3.5 16.1252
      vertex 0 19.9371 5.99675
    endloop
  endfacet
  facet normal -1 0 0
    outer loop
      vertex 0 19.9371 5.99675
      vertex 0 3.5 16.1252
      vertex 0 19.9543 6.0292
    endloop
  endfacet
  facet normal -1 0 0
    outer loop
      vertex 0 19.9543 6.0292
      vertex 0 3.5 16.1252
      vertex 0 19.9741 6.06641
    endloop
  endfacet
  facet normal -1 0 0
    outer loop
      vertex 0 19.9741 6.06641
      vertex 0 3.5 16.1252
      vertex 0 20.017 6.13096
    endloop
  endfacet
  facet normal -1 0 0
    outer loop
      vertex 0 20.017 6.13096
      vertex 0 3.5 16.1252
      vertex 0 20.0651 6.18969
    endloop
  endfacet
  facet normal -1 0 0
    outer loop
      vertex 0 20.0651 6.18969
      vertex 0 3.5 16.1252
      vertex 0 20.1179 6.24196
    endloop
  endfacet
  facet normal -1 0 0
    outer loop
      vertex 0 20.1179 6.24196
      vertex 0 3.5 16.1252
      vertex 0 20.175 6.28719
    endloop
  endfacet
  facet normal -1 0 0
    outer loop
      vertex 0 20.175 6.28719
      vertex 0 3.5 16.1252
      vertex 0 20.2356 6.3249
    endloop
  endfacet
  facet normal -1 0 0
    outer loop
      vertex 0 52.5 6.3935
      vertex 0 3.5 16.1252
      vertex 0 73.5 8.76786
    endloop
  endfacet
  facet normal -1 0 0
    outer loop
      vertex 0 20.4617 6.39106
      vertex 0 3.5 16.1252
      vertex 0 20.5 6.3935
    endloop
  endfacet
  facet normal -1 0 0
    outer loop
      vertex 0 20.4321 6.38916
      vertex 0 3.5 16.1252
      vertex 0 20.4617 6.39106
    endloop
  endfacet
  facet normal -1 0 0
    outer loop
      vertex 0 20.4027 6.38347
      vertex 0 3.5 16.1252
      vertex 0 20.4321 6.38916
    endloop
  endfacet
  facet normal -1 0 0
    outer loop
      vertex 0 20.3649 6.37616
      vertex 0 3.5 16.1252
      vertex 0 20.4027 6.38347
    endloop
  endfacet
  facet normal -1 0 0
    outer loop
      vertex 0 20.2991 6.35467
      vertex 0 3.5 16.1252
      vertex 0 20.3649 6.37616
    endloop
  endfacet
  facet normal -1 0 0
    outer loop
      vertex 0 20.2356 6.3249
      vertex 0 3.5 16.1252
      vertex 0 20.2991 6.35467
    endloop
  endfacet
  facet normal 0.965808 0.259259 -0
    outer loop
      vertex 103.924 74.2277 0
      vertex 103.829 74.5816 8.65419
      vertex 103.924 74.2277 8.69138
    endloop
  endfacet
  facet normal 0.965808 0.259259 0
    outer loop
      vertex 103.829 74.5816 8.65419
      vertex 103.924 74.2277 0
      vertex 103.829 74.5816 0
    endloop
  endfacet
  facet normal 0 -1 0
    outer loop
      vertex 3.5 0 0
      vertex 100.5 0 16.493
      vertex 3.5 0 16.493
    endloop
  endfacet
  facet normal 0 -1 -0
    outer loop
      vertex 100.5 0 16.493
      vertex 3.5 0 0
      vertex 100.5 0 0
    endloop
  endfacet
  facet normal 1 -0 0
    outer loop
      vertex 104 53.1358 5.43502
      vertex 104 73.5 0
      vertex 104 53.1464 5.51706
    endloop
  endfacet
  facet normal 1 0 0
    outer loop
      vertex 104 73.5 0
      vertex 104 53.1464 2.48294
      vertex 104 53.15 2.4
    endloop
  endfacet
  facet normal 1 -0 0
    outer loop
      vertex 104 53.1358 2.56498
      vertex 104 73.5 0
      vertex 104 53.1358 5.43502
    endloop
  endfacet
  facet normal 1 0 0
    outer loop
      vertex 104 73.5 0
      vertex 104 53.1358 2.56498
      vertex 104 53.1464 2.48294
    endloop
  endfacet
  facet normal 1 -0 0
    outer loop
      vertex 104 53.1267 5.39359
      vertex 104 53.1358 2.56498
      vertex 104 53.1358 5.43502
    endloop
  endfacet
  facet normal 1 0 0
    outer loop
      vertex 104 53.1267 5.39359
      vertex 104 53.1267 2.60641
      vertex 104 53.1358 2.56498
    endloop
  endfacet
  facet normal 1 -0 0
    outer loop
      vertex 104 53.1182 5.35479
      vertex 104 53.1267 2.60641
      vertex 104 53.1267 5.39359
    endloop
  endfacet
  facet normal 1 0 0
    outer loop
      vertex 104 53.1182 5.35479
      vertex 104 53.1182 2.64521
      vertex 104 53.1267 2.60641
    endloop
  endfacet
  facet normal 1 -0 0
    outer loop
      vertex 104 53.1065 5.31777
      vertex 104 53.1182 2.64521
      vertex 104 53.1182 5.35479
    endloop
  endfacet
  facet normal 1 0 0
    outer loop
      vertex 104 53.1065 5.31777
      vertex 104 53.1065 2.68223
      vertex 104 53.1182 2.64521
    endloop
  endfacet
  facet normal 1 -0 0
    outer loop
      vertex 104 53.0938 5.27725
      vertex 104 53.1065 2.68223
      vertex 104 53.1065 5.31777
    endloop
  endfacet
  facet normal 1 0 0
    outer loop
      vertex 104 53.0938 5.27725
      vertex 104 53.0938 2.72275
      vertex 104 53.1065 2.68223
    endloop
  endfacet
  facet normal 1 -0 0
    outer loop
      vertex 104 53.0775 5.23812
      vertex 104 53.0938 2.72275
      vertex 104 53.0938 5.27725
    endloop
  endfacet
  facet normal 1 0 0
    outer loop
      vertex 104 53.0775 5.23812
      vertex 104 53.0775 2.76188
      vertex 104 53.0938 2.72275
    endloop
  endfacet
  facet normal 1 -0 0
    outer loop
      vertex 104 53.0629 5.20325
      vertex 104 53.0775 2.76188
      vertex 104 53.0775 5.23812
    endloop
  endfacet
  facet normal 1 0 0
    outer loop
      vertex 104 53.0629 5.20325
      vertex 104 53.0629 2.79675
      vertex 104 53.0775 2.76188
    endloop
  endfacet
  facet normal 1 -0 0
    outer loop
      vertex 104 53.0457 5.1708
      vertex 104 53.0629 2.79675
      vertex 104 53.0629 5.20325
    endloop
  endfacet
  facet normal 1 0 0
    outer loop
      vertex 104 53.0457 5.1708
      vertex 104 53.0457 2.8292
      vertex 104 53.0629 2.79675
    endloop
  endfacet
  facet normal 1 -0 0
    outer loop
      vertex 104 53.0259 5.13359
      vertex 104 53.0457 2.8292
      vertex 104 53.0457 5.1708
    endloop
  endfacet
  facet normal 1 0 0
    outer loop
      vertex 104 53.0259 5.13359
      vertex 104 53.0259 2.86641
      vertex 104 53.0457 2.8292
    endloop
  endfacet
  facet normal 1 -0 0
    outer loop
      vertex 104 52.983 5.06904
      vertex 104 53.0259 2.86641
      vertex 104 53.0259 5.13359
    endloop
  endfacet
  facet normal 1 0 0
    outer loop
      vertex 104 52.983 5.06904
      vertex 104 52.983 2.93096
      vertex 104 53.0259 2.86641
    endloop
  endfacet
  facet normal 1 -0 0
    outer loop
      vertex 104 52.9349 5.01031
      vertex 104 52.983 2.93096
      vertex 104 52.983 5.06904
    endloop
  endfacet
  facet normal 1 0 0
    outer loop
      vertex 104 52.9349 5.01031
      vertex 104 52.9349 2.98969
      vertex 104 52.983 2.93096
    endloop
  endfacet
  facet normal 1 -0 0
    outer loop
      vertex 104 52.8821 4.95804
      vertex 104 52.9349 2.98969
      vertex 104 52.9349 5.01031
    endloop
  endfacet
  facet normal 1 0 0
    outer loop
      vertex 104 52.8821 4.95804
      vertex 104 52.8821 3.04196
      vertex 104 52.9349 2.98969
    endloop
  endfacet
  facet normal 1 -0 0
    outer loop
      vertex 104 52.825 4.91281
      vertex 104 52.8821 3.04196
      vertex 104 52.8821 4.95804
    endloop
  endfacet
  facet normal 1 0 0
    outer loop
      vertex 104 52.825 4.91281
      vertex 104 52.825 3.08719
      vertex 104 52.8821 3.04196
    endloop
  endfacet
  facet normal 1 -0 0
    outer loop
      vertex 104 52.7644 4.8751
      vertex 104 52.825 3.08719
      vertex 104 52.825 4.91281
    endloop
  endfacet
  facet normal 1 0 0
    outer loop
      vertex 104 52.7644 4.8751
      vertex 104 52.7644 3.1249
      vertex 104 52.825 3.08719
    endloop
  endfacet
  facet normal 1 -0 0
    outer loop
      vertex 104 52.7009 4.84533
      vertex 104 52.7644 3.1249
      vertex 104 52.7644 4.8751
    endloop
  endfacet
  facet normal 1 0 0
    outer loop
      vertex 104 52.7009 4.84533
      vertex 104 52.7009 3.15467
      vertex 104 52.7644 3.1249
    endloop
  endfacet
  facet normal 1 -0 0
    outer loop
      vertex 104 52.6351 4.82384
      vertex 104 52.7009 3.15467
      vertex 104 52.7009 4.84533
    endloop
  endfacet
  facet normal 1 0 0
    outer loop
      vertex 104 52.6351 4.82384
      vertex 104 52.6351 3.17616
      vertex 104 52.7009 3.15467
    endloop
  endfacet
  facet normal 1 -0 0
    outer loop
      vertex 104 52.5973 4.81653
      vertex 104 52.6351 3.17616
      vertex 104 52.6351 4.82384
    endloop
  endfacet
  facet normal 1 0 0
    outer loop
      vertex 104 52.5973 4.81653
      vertex 104 52.5973 3.18347
      vertex 104 52.6351 3.17616
    endloop
  endfacet
  facet normal 1 -0 0
    outer loop
      vertex 104 52.5679 4.81084
      vertex 104 52.5973 3.18347
      vertex 104 52.5973 4.81653
    endloop
  endfacet
  facet normal 1 0 0
    outer loop
      vertex 104 52.5679 4.81084
      vertex 104 52.5679 3.18916
      vertex 104 52.5973 3.18347
    endloop
  endfacet
  facet normal 1 -0 0
    outer loop
      vertex 104 52.5297 4.8084
      vertex 104 52.5679 3.18916
      vertex 104 52.5679 4.81084
    endloop
  endfacet
  facet normal 1 0 0
    outer loop
      vertex 104 52.5297 4.8084
      vertex 104 52.5297 3.1916
      vertex 104 52.5679 3.18916
    endloop
  endfacet
  facet normal 1 -0 0
    outer loop
      vertex 104 52.5 4.8065
      vertex 104 52.5297 3.1916
      vertex 104 52.5297 4.8084
    endloop
  endfacet
  facet normal 1 0 0
    outer loop
      vertex 104 52.5 4.8065
      vertex 104 52.5 3.1935
      vertex 104 52.5297 3.1916
    endloop
  endfacet
  facet normal 1 -0 0
    outer loop
      vertex 104 20.5 4.8065
      vertex 104 52.5 3.1935
      vertex 104 52.5 4.8065
    endloop
  endfacet
  facet normal 1 0 0
    outer loop
      vertex 104 20.5 4.8065
      vertex 104 20.5 3.1935
      vertex 104 52.5 3.1935
    endloop
  endfacet
  facet normal 1 0 0
    outer loop
      vertex 104 20.4703 4.8084
      vertex 104 20.5 3.1935
      vertex 104 20.5 4.8065
    endloop
  endfacet
  facet normal 1 0 0
    outer loop
      vertex 104 20.4703 4.8084
      vertex 104 20.4703 3.1916
      vertex 104 20.5 3.1935
    endloop
  endfacet
  facet normal 1 0 0
    outer loop
      vertex 104 20.4321 4.81084
      vertex 104 20.4703 3.1916
      vertex 104 20.4703 4.8084
    endloop
  endfacet
  facet normal 1 0 0
    outer loop
      vertex 104 20.4321 4.81084
      vertex 104 20.4321 3.18916
      vertex 104 20.4703 3.1916
    endloop
  endfacet
  facet normal 1 0 0
    outer loop
      vertex 104 20.4027 4.81653
      vertex 104 20.4321 3.18916
      vertex 104 20.4321 4.81084
    endloop
  endfacet
  facet normal 1 0 0
    outer loop
      vertex 104 20.4027 4.81653
      vertex 104 20.4027 3.18347
      vertex 104 20.4321 3.18916
    endloop
  endfacet
  facet normal 1 0 0
    outer loop
      vertex 104 20.3649 4.82384
      vertex 104 20.4027 3.18347
      vertex 104 20.4027 4.81653
    endloop
  endfacet
  facet normal 1 0 0
    outer loop
      vertex 104 20.3649 4.82384
      vertex 104 20.3649 3.17616
      vertex 104 20.4027 3.18347
    endloop
  endfacet
  facet normal 1 0 0
    outer loop
      vertex 104 20.2991 4.84533
      vertex 104 20.3649 3.17616
      vertex 104 20.3649 4.82384
    endloop
  endfacet
  facet normal 1 0 0
    outer loop
      vertex 104 20.2991 4.84533
      vertex 104 20.2991 3.15467
      vertex 104 20.3649 3.17616
    endloop
  endfacet
  facet normal 1 0 0
    outer loop
      vertex 104 20.2356 4.8751
      vertex 104 20.2991 3.15467
      vertex 104 20.2991 4.84533
    endloop
  endfacet
  facet normal 1 0 0
    outer loop
      vertex 104 20.2356 4.8751
      vertex 104 20.2356 3.1249
      vertex 104 20.2991 3.15467
    endloop
  endfacet
  facet normal 1 0 0
    outer loop
      vertex 104 20.175 4.91281
      vertex 104 20.2356 3.1249
      vertex 104 20.2356 4.8751
    endloop
  endfacet
  facet normal 1 0 0
    outer loop
      vertex 104 20.175 4.91281
      vertex 104 20.175 3.08719
      vertex 104 20.2356 3.1249
    endloop
  endfacet
  facet normal 1 0 0
    outer loop
      vertex 104 20.1179 4.95804
      vertex 104 20.175 3.08719
      vertex 104 20.175 4.91281
    endloop
  endfacet
  facet normal 1 0 0
    outer loop
      vertex 104 20.1179 4.95804
      vertex 104 20.1179 3.04196
      vertex 104 20.175 3.08719
    endloop
  endfacet
  facet normal 1 0 0
    outer loop
      vertex 104 20.0651 5.01031
      vertex 104 20.1179 3.04196
      vertex 104 20.1179 4.95804
    endloop
  endfacet
  facet normal 1 0 0
    outer loop
      vertex 104 20.0651 5.01031
      vertex 104 20.0651 2.98969
      vertex 104 20.1179 3.04196
    endloop
  endfacet
  facet normal 1 0 0
    outer loop
      vertex 104 20.017 5.06904
      vertex 104 20.0651 2.98969
      vertex 104 20.0651 5.01031
    endloop
  endfacet
  facet normal 1 0 0
    outer loop
      vertex 104 20.017 5.06904
      vertex 104 20.017 2.93096
      vertex 104 20.0651 2.98969
    endloop
  endfacet
  facet normal 1 0 0
    outer loop
      vertex 104 19.9741 5.13359
      vertex 104 20.017 2.93096
      vertex 104 20.017 5.06904
    endloop
  endfacet
  facet normal 1 0 0
    outer loop
      vertex 104 19.9741 5.13359
      vertex 104 19.9741 2.86641
      vertex 104 20.017 2.93096
    endloop
  endfacet
  facet normal 1 0 0
    outer loop
      vertex 104 19.9543 5.1708
      vertex 104 19.9741 2.86641
      vertex 104 19.9741 5.13359
    endloop
  endfacet
  facet normal 1 0 0
    outer loop
      vertex 104 19.9543 5.1708
      vertex 104 19.9543 2.8292
      vertex 104 19.9741 2.86641
    endloop
  endfacet
  facet normal 1 0 0
    outer loop
      vertex 104 19.9371 5.20325
      vertex 104 19.9543 2.8292
      vertex 104 19.9543 5.1708
    endloop
  endfacet
  facet normal 1 0 0
    outer loop
      vertex 104 19.9371 5.20325
      vertex 104 19.9371 2.79675
      vertex 104 19.9543 2.8292
    endloop
  endfacet
  facet normal 1 0 0
    outer loop
      vertex 104 19.9225 5.23812
      vertex 104 19.9371 2.79675
      vertex 104 19.9371 5.20325
    endloop
  endfacet
  facet normal 1 0 0
    outer loop
      vertex 104 19.9225 5.23812
      vertex 104 19.9225 2.76188
      vertex 104 19.9371 2.79675
    endloop
  endfacet
  facet normal 1 0 0
    outer loop
      vertex 104 19.9062 5.27725
      vertex 104 19.9225 2.76188
      vertex 104 19.9225 5.23812
    endloop
  endfacet
  facet normal 1 0 0
    outer loop
      vertex 104 19.9062 5.27725
      vertex 104 19.9062 2.72275
      vertex 104 19.9225 2.76188
    endloop
  endfacet
  facet normal 1 0 0
    outer loop
      vertex 104 19.8935 5.31777
      vertex 104 19.9062 2.72275
      vertex 104 19.9062 5.27725
    endloop
  endfacet
  facet normal 1 0 0
    outer loop
      vertex 104 19.8935 5.31777
      vertex 104 19.8935 2.68223
      vertex 104 19.9062 2.72275
    endloop
  endfacet
  facet normal 1 0 0
    outer loop
      vertex 104 19.8818 5.35479
      vertex 104 19.8935 2.68223
      vertex 104 19.8935 5.31777
    endloop
  endfacet
  facet normal 1 0 0
    outer loop
      vertex 104 19.8818 5.35479
      vertex 104 19.8818 2.64521
      vertex 104 19.8935 2.68223
    endloop
  endfacet
  facet normal 1 0 0
    outer loop
      vertex 104 19.8733 5.39359
      vertex 104 19.8818 2.64521
      vertex 104 19.8818 5.35479
    endloop
  endfacet
  facet normal 1 0 0
    outer loop
      vertex 104 19.8733 5.39359
      vertex 104 19.8733 2.60641
      vertex 104 19.8818 2.64521
    endloop
  endfacet
  facet normal 1 0 0
    outer loop
      vertex 104 19.8642 5.43502
      vertex 104 19.8733 2.60641
      vertex 104 19.8733 5.39359
    endloop
  endfacet
  facet normal 1 0 0
    outer loop
      vertex 104 19.8642 5.43502
      vertex 104 19.8642 2.56498
      vertex 104 19.8733 2.60641
    endloop
  endfacet
  facet normal 1 0 0
    outer loop
      vertex 104 3.5 0
      vertex 104 19.8642 5.43502
      vertex 104 19.8536 5.51706
    endloop
  endfacet
  facet normal 1 0 0
    outer loop
      vertex 104 19.8642 5.43502
      vertex 104 3.5 0
      vertex 104 19.8642 2.56498
    endloop
  endfacet
  facet normal 1 0 0
    outer loop
      vertex 104 3.5 0
      vertex 104 19.8536 5.51706
      vertex 104 19.85 5.6
    endloop
  endfacet
  facet normal 1 0 0
    outer loop
      vertex 104 19.8642 2.56498
      vertex 104 3.5 0
      vertex 104 19.8536 2.48294
    endloop
  endfacet
  facet normal 1 0 0
    outer loop
      vertex 104 53.1464 5.51706
      vertex 104 73.5 8.76786
      vertex 104 53.15 5.6
    endloop
  endfacet
  facet normal 1 0 0
    outer loop
      vertex 104 73.5 8.76786
      vertex 104 53.1464 5.68294
      vertex 104 53.15 5.6
    endloop
  endfacet
  facet normal 1 0 0
    outer loop
      vertex 104 73.5 8.76786
      vertex 104 53.1358 5.76498
      vertex 104 53.1464 5.68294
    endloop
  endfacet
  facet normal 1 0 0
    outer loop
      vertex 104 73.5 8.76786
      vertex 104 53.1267 5.80641
      vertex 104 53.1358 5.76498
    endloop
  endfacet
  facet normal 1 0 0
    outer loop
      vertex 104 73.5 8.76786
      vertex 104 53.1182 5.84521
      vertex 104 53.1267 5.80641
    endloop
  endfacet
  facet normal 1 0 0
    outer loop
      vertex 104 73.5 8.76786
      vertex 104 53.1065 5.88223
      vertex 104 53.1182 5.84521
    endloop
  endfacet
  facet normal 1 0 0
    outer loop
      vertex 104 73.5 8.76786
      vertex 104 53.0938 5.92275
      vertex 104 53.1065 5.88223
    endloop
  endfacet
  facet normal 1 0 0
    outer loop
      vertex 104 73.5 8.76786
      vertex 104 53.0775 5.96188
      vertex 104 53.0938 5.92275
    endloop
  endfacet
  facet normal 1 0 0
    outer loop
      vertex 104 73.5 8.76786
      vertex 104 53.0629 5.99675
      vertex 104 53.0775 5.96188
    endloop
  endfacet
  facet normal 1 0 0
    outer loop
      vertex 104 73.5 8.76786
      vertex 104 53.0457 6.0292
      vertex 104 53.0629 5.99675
    endloop
  endfacet
  facet normal 1 0 0
    outer loop
      vertex 104 73.5 8.76786
      vertex 104 53.0259 6.06641
      vertex 104 53.0457 6.0292
    endloop
  endfacet
  facet normal 1 0 0
    outer loop
      vertex 104 73.5 8.76786
      vertex 104 52.983 6.13096
      vertex 104 53.0259 6.06641
    endloop
  endfacet
  facet normal 1 0 0
    outer loop
      vertex 104 73.5 8.76786
      vertex 104 52.9349 6.18969
      vertex 104 52.983 6.13096
    endloop
  endfacet
  facet normal 1 0 0
    outer loop
      vertex 104 73.5 8.76786
      vertex 104 52.8821 6.24196
      vertex 104 52.9349 6.18969
    endloop
  endfacet
  facet normal 1 0 0
    outer loop
      vertex 104 73.5 8.76786
      vertex 104 52.825 6.28719
      vertex 104 52.8821 6.24196
    endloop
  endfacet
  facet normal 1 0 0
    outer loop
      vertex 104 73.5 8.76786
      vertex 104 52.7644 6.3249
      vertex 104 52.825 6.28719
    endloop
  endfacet
  facet normal 1 0 0
    outer loop
      vertex 104 73.5 8.76786
      vertex 104 52.7009 6.35467
      vertex 104 52.7644 6.3249
    endloop
  endfacet
  facet normal 1 0 0
    outer loop
      vertex 104 73.5 8.76786
      vertex 104 52.6351 6.37616
      vertex 104 52.7009 6.35467
    endloop
  endfacet
  facet normal 1 0 0
    outer loop
      vertex 104 73.5 8.76786
      vertex 104 52.5973 6.38347
      vertex 104 52.6351 6.37616
    endloop
  endfacet
  facet normal 1 0 0
    outer loop
      vertex 104 73.5 8.76786
      vertex 104 52.5679 6.38916
      vertex 104 52.5973 6.38347
    endloop
  endfacet
  facet normal 1 0 0
    outer loop
      vertex 104 73.5 8.76786
      vertex 104 52.5383 6.39106
      vertex 104 52.5679 6.38916
    endloop
  endfacet
  facet normal 1 0 0
    outer loop
      vertex 104 73.5 8.76786
      vertex 104 52.5 6.3935
      vertex 104 52.5383 6.39106
    endloop
  endfacet
  facet normal 1 0 0
    outer loop
      vertex 104 3.5 16.1252
      vertex 104 52.5 6.3935
      vertex 104 73.5 8.76786
    endloop
  endfacet
  facet normal 1 0 0
    outer loop
      vertex 104 19.8818 5.84521
      vertex 104 19.8642 5.76498
      vertex 104 19.8733 5.80641
    endloop
  endfacet
  facet normal 1 0 0
    outer loop
      vertex 104 19.8536 5.68294
      vertex 104 3.5 0
      vertex 104 19.85 5.6
    endloop
  endfacet
  facet normal 1 0 0
    outer loop
      vertex 104 19.8642 5.76498
      vertex 104 3.5 0
      vertex 104 19.8536 5.68294
    endloop
  endfacet
  facet normal 1 0 0
    outer loop
      vertex 104 3.5 0
      vertex 104 19.8642 5.76498
      vertex 104 3.5 16.1252
    endloop
  endfacet
  facet normal 1 0 0
    outer loop
      vertex 104 19.8818 5.84521
      vertex 104 3.5 16.1252
      vertex 104 19.8642 5.76498
    endloop
  endfacet
  facet normal 1 0 0
    outer loop
      vertex 104 19.8935 5.88223
      vertex 104 3.5 16.1252
      vertex 104 19.8818 5.84521
    endloop
  endfacet
  facet normal 1 0 0
    outer loop
      vertex 104 19.9062 5.92275
      vertex 104 3.5 16.1252
      vertex 104 19.8935 5.88223
    endloop
  endfacet
  facet normal 1 0 0
    outer loop
      vertex 104 19.9225 5.96188
      vertex 104 3.5 16.1252
      vertex 104 19.9062 5.92275
    endloop
  endfacet
  facet normal 1 0 0
    outer loop
      vertex 104 19.9371 5.99675
      vertex 104 3.5 16.1252
      vertex 104 19.9225 5.96188
    endloop
  endfacet
  facet normal 1 0 0
    outer loop
      vertex 104 19.9543 6.0292
      vertex 104 3.5 16.1252
      vertex 104 19.9371 5.99675
    endloop
  endfacet
  facet normal 1 0 0
    outer loop
      vertex 104 19.9741 6.06641
      vertex 104 3.5 16.1252
      vertex 104 19.9543 6.0292
    endloop
  endfacet
  facet normal 1 0 0
    outer loop
      vertex 104 20.017 6.13096
      vertex 104 3.5 16.1252
      vertex 104 19.9741 6.06641
    endloop
  endfacet
  facet normal 1 0 0
    outer loop
      vertex 104 20.0651 6.18969
      vertex 104 3.5 16.1252
      vertex 104 20.017 6.13096
    endloop
  endfacet
  facet normal 1 0 0
    outer loop
      vertex 104 20.1179 6.24196
      vertex 104 3.5 16.1252
      vertex 104 20.0651 6.18969
    endloop
  endfacet
  facet normal 1 0 0
    outer loop
      vertex 104 20.175 6.28719
      vertex 104 3.5 16.1252
      vertex 104 20.1179 6.24196
    endloop
  endfacet
  facet normal 1 0 0
    outer loop
      vertex 104 20.2356 6.3249
      vertex 104 3.5 16.1252
      vertex 104 20.175 6.28719
    endloop
  endfacet
  facet normal 1 0 0
    outer loop
      vertex 104 20.2991 6.35467
      vertex 104 3.5 16.1252
      vertex 104 20.2356 6.3249
    endloop
  endfacet
  facet normal 1 0 0
    outer loop
      vertex 104 20.3649 6.37616
      vertex 104 3.5 16.1252
      vertex 104 20.2991 6.35467
    endloop
  endfacet
  facet normal 1 0 0
    outer loop
      vertex 104 20.4027 6.38347
      vertex 104 3.5 16.1252
      vertex 104 20.3649 6.37616
    endloop
  endfacet
  facet normal 1 0 0
    outer loop
      vertex 104 20.4321 6.38916
      vertex 104 3.5 16.1252
      vertex 104 20.4027 6.38347
    endloop
  endfacet
  facet normal 1 0 0
    outer loop
      vertex 104 20.4617 6.39106
      vertex 104 3.5 16.1252
      vertex 104 20.4321 6.38916
    endloop
  endfacet
  facet normal 1 0 0
    outer loop
      vertex 104 20.5 6.3935
      vertex 104 3.5 16.1252
      vertex 104 20.4617 6.39106
    endloop
  endfacet
  facet normal 1 0 0
    outer loop
      vertex 104 52.5 6.3935
      vertex 104 3.5 16.1252
      vertex 104 20.5 6.3935
    endloop
  endfacet
  facet normal 1 0 0
    outer loop
      vertex 104 73.5 8.76786
      vertex 104 53.1464 5.51706
      vertex 104 73.5 0
    endloop
  endfacet
  facet normal 1 -0 0
    outer loop
      vertex 104 53.1464 2.31706
      vertex 104 73.5 0
      vertex 104 53.15 2.4
    endloop
  endfacet
  facet normal 1 -0 0
    outer loop
      vertex 104 53.1358 2.23502
      vertex 104 73.5 0
      vertex 104 53.1464 2.31706
    endloop
  endfacet
  facet normal 1 -0 0
    outer loop
      vertex 104 53.1267 2.19359
      vertex 104 73.5 0
      vertex 104 53.1358 2.23502
    endloop
  endfacet
  facet normal 1 -0 0
    outer loop
      vertex 104 53.1182 2.15479
      vertex 104 73.5 0
      vertex 104 53.1267 2.19359
    endloop
  endfacet
  facet normal 1 -0 0
    outer loop
      vertex 104 53.1065 2.11777
      vertex 104 73.5 0
      vertex 104 53.1182 2.15479
    endloop
  endfacet
  facet normal 1 -0 0
    outer loop
      vertex 104 53.0938 2.07725
      vertex 104 73.5 0
      vertex 104 53.1065 2.11777
    endloop
  endfacet
  facet normal 1 -0 0
    outer loop
      vertex 104 53.0775 2.03812
      vertex 104 73.5 0
      vertex 104 53.0938 2.07725
    endloop
  endfacet
  facet normal 1 -0 0
    outer loop
      vertex 104 53.0629 2.00325
      vertex 104 73.5 0
      vertex 104 53.0775 2.03812
    endloop
  endfacet
  facet normal 1 -0 0
    outer loop
      vertex 104 53.0457 1.9708
      vertex 104 73.5 0
      vertex 104 53.0629 2.00325
    endloop
  endfacet
  facet normal 1 -0 0
    outer loop
      vertex 104 53.0259 1.93359
      vertex 104 73.5 0
      vertex 104 53.0457 1.9708
    endloop
  endfacet
  facet normal 1 -0 0
    outer loop
      vertex 104 53.0061 1.90387
      vertex 104 73.5 0
      vertex 104 53.0259 1.93359
    endloop
  endfacet
  facet normal 1 -0 0
    outer loop
      vertex 104 52.983 1.86904
      vertex 104 73.5 0
      vertex 104 53.0061 1.90387
    endloop
  endfacet
  facet normal 1 -0 0
    outer loop
      vertex 104 52.9349 1.81031
      vertex 104 73.5 0
      vertex 104 52.983 1.86904
    endloop
  endfacet
  facet normal 1 -0 0
    outer loop
      vertex 104 52.8821 1.75804
      vertex 104 73.5 0
      vertex 104 52.9349 1.81031
    endloop
  endfacet
  facet normal 1 -0 0
    outer loop
      vertex 104 52.825 1.71281
      vertex 104 73.5 0
      vertex 104 52.8821 1.75804
    endloop
  endfacet
  facet normal 1 -0 0
    outer loop
      vertex 104 52.7644 1.6751
      vertex 104 73.5 0
      vertex 104 52.825 1.71281
    endloop
  endfacet
  facet normal 1 -0 0
    outer loop
      vertex 104 52.7009 1.64533
      vertex 104 73.5 0
      vertex 104 52.7644 1.6751
    endloop
  endfacet
  facet normal 1 -0 0
    outer loop
      vertex 104 52.6351 1.62384
      vertex 104 73.5 0
      vertex 104 52.7009 1.64533
    endloop
  endfacet
  facet normal 1 -0 0
    outer loop
      vertex 104 52.5973 1.61653
      vertex 104 73.5 0
      vertex 104 52.6351 1.62384
    endloop
  endfacet
  facet normal 1 -0 0
    outer loop
      vertex 104 52.5679 1.61084
      vertex 104 73.5 0
      vertex 104 52.5973 1.61653
    endloop
  endfacet
  facet normal 1 -0 0
    outer loop
      vertex 104 52.5383 1.60894
      vertex 104 73.5 0
      vertex 104 52.5679 1.61084
    endloop
  endfacet
  facet normal 1 -0 0
    outer loop
      vertex 104 52.5 1.6065
      vertex 104 73.5 0
      vertex 104 52.5383 1.60894
    endloop
  endfacet
  facet normal 1 0 0
    outer loop
      vertex 104 3.5 0
      vertex 104 52.5 1.6065
      vertex 104 20.5 1.6065
    endloop
  endfacet
  facet normal 1 0 0
    outer loop
      vertex 104 19.8642 2.23502
      vertex 104 19.8818 2.15479
      vertex 104 19.8733 2.19359
    endloop
  endfacet
  facet normal 1 0 0
    outer loop
      vertex 104 19.8536 2.48294
      vertex 104 3.5 0
      vertex 104 19.85 2.4
    endloop
  endfacet
  facet normal 1 0 0
    outer loop
      vertex 104 19.85 2.4
      vertex 104 3.5 0
      vertex 104 19.8536 2.31706
    endloop
  endfacet
  facet normal 1 0 0
    outer loop
      vertex 104 19.8536 2.31706
      vertex 104 3.5 0
      vertex 104 19.8642 2.23502
    endloop
  endfacet
  facet normal 1 0 0
    outer loop
      vertex 104 19.8642 2.23502
      vertex 104 3.5 0
      vertex 104 19.8818 2.15479
    endloop
  endfacet
  facet normal 1 0 0
    outer loop
      vertex 104 19.8818 2.15479
      vertex 104 3.5 0
      vertex 104 19.8935 2.11777
    endloop
  endfacet
  facet normal 1 0 0
    outer loop
      vertex 104 19.8935 2.11777
      vertex 104 3.5 0
      vertex 104 19.9062 2.07725
    endloop
  endfacet
  facet normal 1 0 0
    outer loop
      vertex 104 19.9062 2.07725
      vertex 104 3.5 0
      vertex 104 19.9225 2.03812
    endloop
  endfacet
  facet normal 1 0 0
    outer loop
      vertex 104 19.9225 2.03812
      vertex 104 3.5 0
      vertex 104 19.9371 2.00325
    endloop
  endfacet
  facet normal 1 0 0
    outer loop
      vertex 104 19.9371 2.00325
      vertex 104 3.5 0
      vertex 104 19.9543 1.9708
    endloop
  endfacet
  facet normal 1 0 0
    outer loop
      vertex 104 19.9543 1.9708
      vertex 104 3.5 0
      vertex 104 19.9741 1.93359
    endloop
  endfacet
  facet normal 1 0 0
    outer loop
      vertex 104 19.9741 1.93359
      vertex 104 3.5 0
      vertex 104 19.9939 1.90387
    endloop
  endfacet
  facet normal 1 0 0
    outer loop
      vertex 104 19.9939 1.90387
      vertex 104 3.5 0
      vertex 104 20.017 1.86904
    endloop
  endfacet
  facet normal 1 0 0
    outer loop
      vertex 104 20.017 1.86904
      vertex 104 3.5 0
      vertex 104 20.0651 1.81031
    endloop
  endfacet
  facet normal 1 0 0
    outer loop
      vertex 104 52.5 1.6065
      vertex 104 3.5 0
      vertex 104 73.5 0
    endloop
  endfacet
  facet normal 1 0 0
    outer loop
      vertex 104 20.4617 1.60894
      vertex 104 3.5 0
      vertex 104 20.5 1.6065
    endloop
  endfacet
  facet normal 1 0 0
    outer loop
      vertex 104 20.4321 1.61084
      vertex 104 3.5 0
      vertex 104 20.4617 1.60894
    endloop
  endfacet
  facet normal 1 0 0
    outer loop
      vertex 104 20.4027 1.61653
      vertex 104 3.5 0
      vertex 104 20.4321 1.61084
    endloop
  endfacet
  facet normal 1 0 0
    outer loop
      vertex 104 20.3649 1.62384
      vertex 104 3.5 0
      vertex 104 20.4027 1.61653
    endloop
  endfacet
  facet normal 1 0 0
    outer loop
      vertex 104 20.2991 1.64533
      vertex 104 3.5 0
      vertex 104 20.3649 1.62384
    endloop
  endfacet
  facet normal 1 0 0
    outer loop
      vertex 104 20.2356 1.6751
      vertex 104 3.5 0
      vertex 104 20.2991 1.64533
    endloop
  endfacet
  facet normal 1 0 0
    outer loop
      vertex 104 20.175 1.71281
      vertex 104 3.5 0
      vertex 104 20.2356 1.6751
    endloop
  endfacet
  facet normal 1 0 0
    outer loop
      vertex 104 20.1179 1.75804
      vertex 104 3.5 0
      vertex 104 20.175 1.71281
    endloop
  endfacet
  facet normal 1 0 0
    outer loop
      vertex 104 20.0651 1.81031
      vertex 104 3.5 0
      vertex 104 20.1179 1.75804
    endloop
  endfacet
  facet normal -0.0523341 -0.99863 0
    outer loop
      vertex 3.13415 0.0191727 0
      vertex 3.5 0 16.493
      vertex 3.13415 0.0191727 16.491
    endloop
  endfacet
  facet normal -0.0523341 -0.99863 -0
    outer loop
      vertex 3.5 0 16.493
      vertex 3.13415 0.0191727 0
      vertex 3.5 0 0
    endloop
  endfacet
  facet normal -0.890994 0.454014 0
    outer loop
      vertex 0.30259 74.9236 0
      vertex 0.46891 75.25 8.58393
      vertex 0.46891 75.25 0
    endloop
  endfacet
  facet normal -0.890994 0.454014 0
    outer loop
      vertex 0.46891 75.25 8.58393
      vertex 0.30259 74.9236 0
      vertex 0.30259 74.9236 8.61824
    endloop
  endfacet
  facet normal 0 1 0
    outer loop
      vertex 100.5 77 8.4
      vertex 67 77 5.9
      vertex 3.5 77 8.4
    endloop
  endfacet
  facet normal 0 1 0
    outer loop
      vertex 100.5 77 8.4
      vertex 67.0732 77 5.89616
      vertex 67 77 5.9
    endloop
  endfacet
  facet normal 0 1 0
    outer loop
      vertex 100.5 77 8.4
      vertex 67.1455 77 5.8847
      vertex 67.0732 77 5.89616
    endloop
  endfacet
  facet normal 0 1 0
    outer loop
      vertex 100.5 77 8.4
      vertex 67.2163 77 5.86574
      vertex 67.1455 77 5.8847
    endloop
  endfacet
  facet normal 0 1 0
    outer loop
      vertex 100.5 77 8.4
      vertex 67.2847 77 5.83948
      vertex 67.2163 77 5.86574
    endloop
  endfacet
  facet normal 0 1 0
    outer loop
      vertex 100.5 77 8.4
      vertex 67.35 77 5.80622
      vertex 67.2847 77 5.83948
    endloop
  endfacet
  facet normal 0 1 0
    outer loop
      vertex 100.5 77 8.4
      vertex 67.4115 77 5.76631
      vertex 67.35 77 5.80622
    endloop
  endfacet
  facet normal 0 1 0
    outer loop
      vertex 100.5 77 8.4
      vertex 67.4684 77 5.7202
      vertex 67.4115 77 5.76631
    endloop
  endfacet
  facet normal 0 1 0
    outer loop
      vertex 100.5 77 8.4
      vertex 67.5202 77 5.66839
      vertex 67.4684 77 5.7202
    endloop
  endfacet
  facet normal 0 1 0
    outer loop
      vertex 100.5 77 8.4
      vertex 67.5663 77 5.61145
      vertex 67.5202 77 5.66839
    endloop
  endfacet
  facet normal 0 1 0
    outer loop
      vertex 100.5 77 8.4
      vertex 67.6062 77 5.55
      vertex 67.5663 77 5.61145
    endloop
  endfacet
  facet normal 0 1 0
    outer loop
      vertex 100.5 77 8.4
      vertex 67.6395 77 5.48472
      vertex 67.6062 77 5.55
    endloop
  endfacet
  facet normal 0 1 0
    outer loop
      vertex 100.5 77 8.4
      vertex 67.6657 77 5.41631
      vertex 67.6395 77 5.48472
    endloop
  endfacet
  facet normal 0 1 0
    outer loop
      vertex 100.5 77 8.4
      vertex 67.6847 77 5.34554
      vertex 67.6657 77 5.41631
    endloop
  endfacet
  facet normal 0 1 0
    outer loop
      vertex 100.5 77 8.4
      vertex 67.6962 77 5.27317
      vertex 67.6847 77 5.34554
    endloop
  endfacet
  facet normal 0 1 0
    outer loop
      vertex 100.5 77 8.4
      vertex 67.7 77 5.2
      vertex 67.6962 77 5.27317
    endloop
  endfacet
  facet normal 0 1 0
    outer loop
      vertex 100.5 77 8.4
      vertex 67.6962 77 5.12683
      vertex 67.7 77 5.2
    endloop
  endfacet
  facet normal 0 1 -0
    outer loop
      vertex 100.5 77 0
      vertex 67.6962 77 5.12683
      vertex 100.5 77 8.4
    endloop
  endfacet
  facet normal -0 1 0
    outer loop
      vertex 67.6962 77 2.27317
      vertex 67.6962 77 5.12683
      vertex 100.5 77 0
    endloop
  endfacet
  facet normal 0 1 0
    outer loop
      vertex 67.6962 77 5.12683
      vertex 67.6962 77 2.27317
      vertex 67.6847 77 5.05446
    endloop
  endfacet
  facet normal -0 1 0
    outer loop
      vertex 67.6847 77 2.34554
      vertex 67.6847 77 5.05446
      vertex 67.6962 77 2.27317
    endloop
  endfacet
  facet normal -0 1 0
    outer loop
      vertex 67.6657 77 2.41631
      vertex 67.6657 77 4.98369
      vertex 67.6847 77 2.34554
    endloop
  endfacet
  facet normal 0 1 0
    outer loop
      vertex 67.6657 77 4.98369
      vertex 67.6657 77 2.41631
      vertex 67.6395 77 4.91528
    endloop
  endfacet
  facet normal -0 1 0
    outer loop
      vertex 67.6395 77 2.48472
      vertex 67.6395 77 4.91528
      vertex 67.6657 77 2.41631
    endloop
  endfacet
  facet normal -0 1 0
    outer loop
      vertex 67.6062 77 2.55
      vertex 67.6062 77 4.85
      vertex 67.6395 77 2.48472
    endloop
  endfacet
  facet normal 0 1 0
    outer loop
      vertex 67.6062 77 4.85
      vertex 67.6062 77 2.55
      vertex 67.5663 77 4.78855
    endloop
  endfacet
  facet normal -0 1 0
    outer loop
      vertex 67.5663 77 2.61145
      vertex 67.5663 77 4.78855
      vertex 67.6062 77 2.55
    endloop
  endfacet
  facet normal 0 1 0
    outer loop
      vertex 67.5663 77 4.78855
      vertex 67.5663 77 2.61145
      vertex 67.5202 77 4.73161
    endloop
  endfacet
  facet normal 0 1 0
    outer loop
      vertex 67.5202 77 4.73161
      vertex 67.5202 77 2.66839
      vertex 67.4684 77 4.6798
    endloop
  endfacet
  facet normal -0 1 0
    outer loop
      vertex 67.4684 77 2.7202
      vertex 67.4684 77 4.6798
      vertex 67.5202 77 2.66839
    endloop
  endfacet
  facet normal 0 1 0
    outer loop
      vertex 67 77 4.5
      vertex 67 77 2.9
      vertex 37 77 4.5
    endloop
  endfacet
  facet normal 0 1 0
    outer loop
      vertex 67.0732 77 4.50383
      vertex 67 77 2.9
      vertex 67 77 4.5
    endloop
  endfacet
  facet normal 0 1 0
    outer loop
      vertex 67.4684 77 4.6798
      vertex 67.4684 77 2.7202
      vertex 67.4115 77 4.63369
    endloop
  endfacet
  facet normal 0 1 0
    outer loop
      vertex 67.0732 77 4.50383
      vertex 67.0732 77 2.89616
      vertex 67 77 2.9
    endloop
  endfacet
  facet normal 0 1 0
    outer loop
      vertex 67.0732 77 4.50383
      vertex 67.1455 77 2.8847
      vertex 67.0732 77 2.89616
    endloop
  endfacet
  facet normal 0 1 0
    outer loop
      vertex 67.1455 77 4.5153
      vertex 67.1455 77 2.8847
      vertex 67.0732 77 4.50383
    endloop
  endfacet
  facet normal -0 1 0
    outer loop
      vertex 67.1455 77 2.8847
      vertex 67.1455 77 4.5153
      vertex 67.2163 77 2.86574
    endloop
  endfacet
  facet normal 0 1 0
    outer loop
      vertex 67.2163 77 4.53426
      vertex 67.2163 77 2.86574
      vertex 67.1455 77 4.5153
    endloop
  endfacet
  facet normal -0 1 0
    outer loop
      vertex 67.2163 77 2.86574
      vertex 67.2163 77 4.53426
      vertex 67.2847 77 2.83948
    endloop
  endfacet
  facet normal 0 1 0
    outer loop
      vertex 67.2847 77 4.56052
      vertex 67.2847 77 2.83948
      vertex 67.2163 77 4.53426
    endloop
  endfacet
  facet normal -0 1 0
    outer loop
      vertex 67.2847 77 2.83948
      vertex 67.2847 77 4.56052
      vertex 67.35 77 2.80622
    endloop
  endfacet
  facet normal 0 1 0
    outer loop
      vertex 67.35 77 4.59378
      vertex 67.35 77 2.80622
      vertex 67.2847 77 4.56052
    endloop
  endfacet
  facet normal -0 1 0
    outer loop
      vertex 67.35 77 2.80622
      vertex 67.35 77 4.59378
      vertex 67.4115 77 2.76631
    endloop
  endfacet
  facet normal 0 1 0
    outer loop
      vertex 67.4115 77 4.63369
      vertex 67.4115 77 2.76631
      vertex 67.35 77 4.59378
    endloop
  endfacet
  facet normal -0 1 0
    outer loop
      vertex 67.4115 77 2.76631
      vertex 67.4115 77 4.63369
      vertex 67.4684 77 2.7202
    endloop
  endfacet
  facet normal -0 1 0
    outer loop
      vertex 67.5202 77 2.66839
      vertex 67.5202 77 4.73161
      vertex 67.5663 77 2.61145
    endloop
  endfacet
  facet normal 0 1 0
    outer loop
      vertex 67.6395 77 4.91528
      vertex 67.6395 77 2.48472
      vertex 67.6062 77 4.85
    endloop
  endfacet
  facet normal 0 1 0
    outer loop
      vertex 67.6847 77 5.05446
      vertex 67.6847 77 2.34554
      vertex 67.6657 77 4.98369
    endloop
  endfacet
  facet normal 0 1 0
    outer loop
      vertex 67.6962 77 2.27317
      vertex 100.5 77 0
      vertex 67.7 77 2.2
    endloop
  endfacet
  facet normal 0 1 0
    outer loop
      vertex 67.7 77 2.2
      vertex 100.5 77 0
      vertex 67.6962 77 2.12683
    endloop
  endfacet
  facet normal 0 1 0
    outer loop
      vertex 67.6962 77 2.12683
      vertex 100.5 77 0
      vertex 67.6847 77 2.05446
    endloop
  endfacet
  facet normal 0 1 0
    outer loop
      vertex 67.6847 77 2.05446
      vertex 100.5 77 0
      vertex 67.6657 77 1.98369
    endloop
  endfacet
  facet normal 0 1 0
    outer loop
      vertex 67.6657 77 1.98369
      vertex 100.5 77 0
      vertex 67.6395 77 1.91528
    endloop
  endfacet
  facet normal 0 1 0
    outer loop
      vertex 67.6395 77 1.91528
      vertex 100.5 77 0
      vertex 67.6062 77 1.85
    endloop
  endfacet
  facet normal 0 1 0
    outer loop
      vertex 67.6062 77 1.85
      vertex 100.5 77 0
      vertex 67.5663 77 1.78855
    endloop
  endfacet
  facet normal 0 1 0
    outer loop
      vertex 67.5663 77 1.78855
      vertex 100.5 77 0
      vertex 67.5202 77 1.73161
    endloop
  endfacet
  facet normal 0 1 0
    outer loop
      vertex 67.5202 77 1.73161
      vertex 100.5 77 0
      vertex 67.4684 77 1.6798
    endloop
  endfacet
  facet normal 0 1 0
    outer loop
      vertex 67.4684 77 1.6798
      vertex 100.5 77 0
      vertex 67.4115 77 1.63369
    endloop
  endfacet
  facet normal 0 1 0
    outer loop
      vertex 67.4115 77 1.63369
      vertex 100.5 77 0
      vertex 67.35 77 1.59378
    endloop
  endfacet
  facet normal 0 1 0
    outer loop
      vertex 67.35 77 1.59378
      vertex 100.5 77 0
      vertex 67.2847 77 1.56052
    endloop
  endfacet
  facet normal 0 1 0
    outer loop
      vertex 67.2847 77 1.56052
      vertex 100.5 77 0
      vertex 67.2163 77 1.53426
    endloop
  endfacet
  facet normal 0 1 0
    outer loop
      vertex 67 77 1.5
      vertex 100.5 77 0
      vertex 37 77 1.5
    endloop
  endfacet
  facet normal 0 1 0
    outer loop
      vertex 67.0732 77 1.50383
      vertex 100.5 77 0
      vertex 67 77 1.5
    endloop
  endfacet
  facet normal 0 1 0
    outer loop
      vertex 67.1455 77 1.5153
      vertex 100.5 77 0
      vertex 67.0732 77 1.50383
    endloop
  endfacet
  facet normal 0 1 0
    outer loop
      vertex 67.2163 77 1.53426
      vertex 100.5 77 0
      vertex 67.1455 77 1.5153
    endloop
  endfacet
  facet normal 0 1 -0
    outer loop
      vertex 37 77 5.9
      vertex 3.5 77 8.4
      vertex 67 77 5.9
    endloop
  endfacet
  facet normal 0 1 -0
    outer loop
      vertex 36.9268 77 5.89616
      vertex 3.5 77 8.4
      vertex 37 77 5.9
    endloop
  endfacet
  facet normal 0 1 -0
    outer loop
      vertex 36.8545 77 5.8847
      vertex 3.5 77 8.4
      vertex 36.9268 77 5.89616
    endloop
  endfacet
  facet normal 0 1 -0
    outer loop
      vertex 36.7837 77 5.86574
      vertex 3.5 77 8.4
      vertex 36.8545 77 5.8847
    endloop
  endfacet
  facet normal 0 1 -0
    outer loop
      vertex 36.7153 77 5.83948
      vertex 3.5 77 8.4
      vertex 36.7837 77 5.86574
    endloop
  endfacet
  facet normal 0 1 -0
    outer loop
      vertex 36.65 77 5.80622
      vertex 3.5 77 8.4
      vertex 36.7153 77 5.83948
    endloop
  endfacet
  facet normal 0 1 -0
    outer loop
      vertex 36.5886 77 5.76631
      vertex 3.5 77 8.4
      vertex 36.65 77 5.80622
    endloop
  endfacet
  facet normal 0 1 -0
    outer loop
      vertex 36.5316 77 5.7202
      vertex 3.5 77 8.4
      vertex 36.5886 77 5.76631
    endloop
  endfacet
  facet normal 0 1 -0
    outer loop
      vertex 36.4798 77 5.66839
      vertex 3.5 77 8.4
      vertex 36.5316 77 5.7202
    endloop
  endfacet
  facet normal 0 1 -0
    outer loop
      vertex 36.4337 77 5.61145
      vertex 3.5 77 8.4
      vertex 36.4798 77 5.66839
    endloop
  endfacet
  facet normal 0 1 -0
    outer loop
      vertex 36.3938 77 5.55
      vertex 3.5 77 8.4
      vertex 36.4337 77 5.61145
    endloop
  endfacet
  facet normal 0 1 -0
    outer loop
      vertex 36.3605 77 5.48472
      vertex 3.5 77 8.4
      vertex 36.3938 77 5.55
    endloop
  endfacet
  facet normal 0 1 -0
    outer loop
      vertex 36.3343 77 5.41631
      vertex 3.5 77 8.4
      vertex 36.3605 77 5.48472
    endloop
  endfacet
  facet normal 0 1 -0
    outer loop
      vertex 36.3153 77 5.34554
      vertex 3.5 77 8.4
      vertex 36.3343 77 5.41631
    endloop
  endfacet
  facet normal 0 1 -0
    outer loop
      vertex 36.3038 77 5.27317
      vertex 3.5 77 8.4
      vertex 36.3153 77 5.34554
    endloop
  endfacet
  facet normal 0 1 -0
    outer loop
      vertex 36.3 77 5.2
      vertex 3.5 77 8.4
      vertex 36.3038 77 5.27317
    endloop
  endfacet
  facet normal 0 1 0
    outer loop
      vertex 36.3038 77 5.12683
      vertex 3.5 77 8.4
      vertex 36.3 77 5.2
    endloop
  endfacet
  facet normal 0 1 0
    outer loop
      vertex 36.3038 77 2.27317
      vertex 36.3038 77 5.12683
      vertex 36.3153 77 5.05446
    endloop
  endfacet
  facet normal 0 1 0
    outer loop
      vertex 36.3153 77 2.34554
      vertex 36.3153 77 5.05446
      vertex 36.3343 77 4.98369
    endloop
  endfacet
  facet normal 0 1 0
    outer loop
      vertex 36.3343 77 2.41631
      vertex 36.3343 77 4.98369
      vertex 36.3605 77 4.91528
    endloop
  endfacet
  facet normal 0 1 0
    outer loop
      vertex 36.3605 77 2.48472
      vertex 36.3605 77 4.91528
      vertex 36.3938 77 4.85
    endloop
  endfacet
  facet normal 0 1 0
    outer loop
      vertex 36.3938 77 2.55
      vertex 36.3938 77 4.85
      vertex 36.4337 77 4.78855
    endloop
  endfacet
  facet normal 0 1 0
    outer loop
      vertex 36.4337 77 2.61145
      vertex 36.4337 77 4.78855
      vertex 36.4798 77 4.73161
    endloop
  endfacet
  facet normal 0 1 0
    outer loop
      vertex 36.4798 77 2.66839
      vertex 36.4798 77 4.73161
      vertex 36.5316 77 4.6798
    endloop
  endfacet
  facet normal 0 1 0
    outer loop
      vertex 36.5316 77 2.7202
      vertex 36.5316 77 4.6798
      vertex 36.5886 77 4.63369
    endloop
  endfacet
  facet normal 0 1 0
    outer loop
      vertex 36.5886 77 2.76631
      vertex 36.5886 77 4.63369
      vertex 36.65 77 4.59378
    endloop
  endfacet
  facet normal 0 1 0
    outer loop
      vertex 36.65 77 2.80622
      vertex 36.65 77 4.59378
      vertex 36.7153 77 4.56052
    endloop
  endfacet
  facet normal 0 1 0
    outer loop
      vertex 36.7153 77 2.83948
      vertex 36.7153 77 4.56052
      vertex 36.7837 77 4.53426
    endloop
  endfacet
  facet normal 0 1 0
    outer loop
      vertex 36.7837 77 2.86574
      vertex 36.7837 77 4.53426
      vertex 36.8545 77 4.5153
    endloop
  endfacet
  facet normal 0 1 0
    outer loop
      vertex 36.8545 77 2.8847
      vertex 36.8545 77 4.5153
      vertex 36.9268 77 4.50383
    endloop
  endfacet
  facet normal 0 1 0
    outer loop
      vertex 37 77 2.9
      vertex 37 77 4.5
      vertex 67 77 2.9
    endloop
  endfacet
  facet normal 0 1 0
    outer loop
      vertex 37 77 4.5
      vertex 37 77 2.9
      vertex 36.9268 77 4.50383
    endloop
  endfacet
  facet normal 0 1 0
    outer loop
      vertex 36.9268 77 2.89616
      vertex 36.9268 77 4.50383
      vertex 37 77 2.9
    endloop
  endfacet
  facet normal 0 1 0
    outer loop
      vertex 36.8545 77 2.8847
      vertex 36.9268 77 4.50383
      vertex 36.9268 77 2.89616
    endloop
  endfacet
  facet normal 0 1 0
    outer loop
      vertex 36.8545 77 4.5153
      vertex 36.8545 77 2.8847
      vertex 36.7837 77 2.86574
    endloop
  endfacet
  facet normal 0 1 0
    outer loop
      vertex 36.7837 77 4.53426
      vertex 36.7837 77 2.86574
      vertex 36.7153 77 2.83948
    endloop
  endfacet
  facet normal 0 1 0
    outer loop
      vertex 36.7153 77 4.56052
      vertex 36.7153 77 2.83948
      vertex 36.65 77 2.80622
    endloop
  endfacet
  facet normal 0 1 0
    outer loop
      vertex 36.65 77 4.59378
      vertex 36.65 77 2.80622
      vertex 36.5886 77 2.76631
    endloop
  endfacet
  facet normal 0 1 0
    outer loop
      vertex 36.5886 77 4.63369
      vertex 36.5886 77 2.76631
      vertex 36.5316 77 2.7202
    endloop
  endfacet
  facet normal 0 1 0
    outer loop
      vertex 36.5316 77 4.6798
      vertex 36.5316 77 2.7202
      vertex 36.4798 77 2.66839
    endloop
  endfacet
  facet normal 0 1 0
    outer loop
      vertex 36.4798 77 4.73161
      vertex 36.4798 77 2.66839
      vertex 36.4337 77 2.61145
    endloop
  endfacet
  facet normal 0 1 0
    outer loop
      vertex 36.4337 77 4.78855
      vertex 36.4337 77 2.61145
      vertex 36.3938 77 2.55
    endloop
  endfacet
  facet normal 0 1 0
    outer loop
      vertex 36.3938 77 4.85
      vertex 36.3938 77 2.55
      vertex 36.3605 77 2.48472
    endloop
  endfacet
  facet normal 0 1 0
    outer loop
      vertex 36.3605 77 4.91528
      vertex 36.3605 77 2.48472
      vertex 36.3343 77 2.41631
    endloop
  endfacet
  facet normal 0 1 0
    outer loop
      vertex 36.3343 77 4.98369
      vertex 36.3343 77 2.41631
      vertex 36.3153 77 2.34554
    endloop
  endfacet
  facet normal 0 1 0
    outer loop
      vertex 36.3153 77 5.05446
      vertex 36.3153 77 2.34554
      vertex 36.3038 77 2.27317
    endloop
  endfacet
  facet normal 0 1 0
    outer loop
      vertex 36.3038 77 5.12683
      vertex 36.3038 77 2.27317
      vertex 3.5 77 0
    endloop
  endfacet
  facet normal 0 1 0
    outer loop
      vertex 3.5 77 0
      vertex 36.3038 77 2.27317
      vertex 36.3 77 2.2
    endloop
  endfacet
  facet normal 0 1 0
    outer loop
      vertex 3.5 77 0
      vertex 36.3 77 2.2
      vertex 36.3038 77 2.12683
    endloop
  endfacet
  facet normal 0 1 0
    outer loop
      vertex 3.5 77 0
      vertex 36.3038 77 2.12683
      vertex 36.3153 77 2.05446
    endloop
  endfacet
  facet normal 0 1 0
    outer loop
      vertex 3.5 77 0
      vertex 36.3153 77 2.05446
      vertex 36.3343 77 1.98369
    endloop
  endfacet
  facet normal 0 1 0
    outer loop
      vertex 3.5 77 0
      vertex 36.3343 77 1.98369
      vertex 36.3605 77 1.91528
    endloop
  endfacet
  facet normal 0 1 0
    outer loop
      vertex 3.5 77 0
      vertex 36.3605 77 1.91528
      vertex 36.3938 77 1.85
    endloop
  endfacet
  facet normal 0 1 0
    outer loop
      vertex 3.5 77 0
      vertex 36.3938 77 1.85
      vertex 36.4337 77 1.78855
    endloop
  endfacet
  facet normal 0 1 0
    outer loop
      vertex 3.5 77 0
      vertex 36.4337 77 1.78855
      vertex 36.4798 77 1.73161
    endloop
  endfacet
  facet normal 0 1 0
    outer loop
      vertex 3.5 77 0
      vertex 36.4798 77 1.73161
      vertex 36.5316 77 1.6798
    endloop
  endfacet
  facet normal 0 1 0
    outer loop
      vertex 3.5 77 0
      vertex 36.5316 77 1.6798
      vertex 36.5886 77 1.63369
    endloop
  endfacet
  facet normal 0 1 0
    outer loop
      vertex 3.5 77 0
      vertex 36.5886 77 1.63369
      vertex 36.65 77 1.59378
    endloop
  endfacet
  facet normal 0 1 0
    outer loop
      vertex 3.5 77 0
      vertex 36.65 77 1.59378
      vertex 36.7153 77 1.56052
    endloop
  endfacet
  facet normal 0 1 0
    outer loop
      vertex 3.5 77 0
      vertex 36.7153 77 1.56052
      vertex 36.7837 77 1.53426
    endloop
  endfacet
  facet normal 0 1 0
    outer loop
      vertex 3.5 77 0
      vertex 36.7837 77 1.53426
      vertex 36.8545 77 1.5153
    endloop
  endfacet
  facet normal 0 1 0
    outer loop
      vertex 36.3038 77 5.12683
      vertex 3.5 77 0
      vertex 3.5 77 8.4
    endloop
  endfacet
  facet normal 0 1 0
    outer loop
      vertex 36.9268 77 1.50383
      vertex 3.5 77 0
      vertex 36.8545 77 1.5153
    endloop
  endfacet
  facet normal 0 1 0
    outer loop
      vertex 37 77 1.5
      vertex 3.5 77 0
      vertex 36.9268 77 1.50383
    endloop
  endfacet
  facet normal 0 1 0
    outer loop
      vertex 3.5 77 0
      vertex 37 77 1.5
      vertex 100.5 77 0
    endloop
  endfacet
  facet normal -0.965926 -0.258819 0
    outer loop
      vertex 0.171302 2.41844 0
      vertex 0.0764828 2.77231 16.2016
      vertex 0.0764828 2.77231 0
    endloop
  endfacet
  facet normal -0.965926 -0.258819 0
    outer loop
      vertex 0.0764828 2.77231 16.2016
      vertex 0.171302 2.41844 0
      vertex 0.171302 2.41844 16.2388
    endloop
  endfacet
  facet normal 0.052387 0.998627 -0
    outer loop
      vertex 100.866 76.9808 0
      vertex 100.5 77 8.4
      vertex 100.866 76.9808 8.40201
    endloop
  endfacet
  facet normal 0.052387 0.998627 0
    outer loop
      vertex 100.5 77 8.4
      vertex 100.866 76.9808 0
      vertex 100.5 77 0
    endloop
  endfacet
  facet normal -0.707043 0.707171 0
    outer loop
      vertex 0.898993 75.842 0
      vertex 1.15804 76.101 8.49449
      vertex 1.15804 76.101 0
    endloop
  endfacet
  facet normal -0.707043 0.707171 0
    outer loop
      vertex 1.15804 76.101 8.49449
      vertex 0.898993 75.842 0
      vertex 0.898993 75.842 8.52171
    endloop
  endfacet
  facet normal 0.258682 0.965963 -0
    outer loop
      vertex 101.582 76.8287 0
      vertex 101.228 76.9235 8.40804
      vertex 101.582 76.8287 8.418
    endloop
  endfacet
  facet normal 0.258682 0.965963 0
    outer loop
      vertex 101.228 76.9235 8.40804
      vertex 101.582 76.8287 0
      vertex 101.228 76.9235 0
    endloop
  endfacet
  facet normal 0 0 -1
    outer loop
      vertex 0 73.5 0
      vertex 2.4 52.7731 0
      vertex 2.39229 52.7644 0
    endloop
  endfacet
  facet normal 0 0 -1
    outer loop
      vertex 101.123 4.23054 0
      vertex 104 3.5 0
      vertex 103.981 3.13415 0
    endloop
  endfacet
  facet normal 0 0 -1
    outer loop
      vertex 104 3.5 0
      vertex 101.706 52.5 0
      vertex 104 73.5 0
    endloop
  endfacet
  facet normal 0 0 -1
    outer loop
      vertex 101.123 4.23054 0
      vertex 103.981 3.13415 0
      vertex 103.924 2.77231 0
    endloop
  endfacet
  facet normal 0 0 -1
    outer loop
      vertex 101.7 52.5647 0
      vertex 104 73.5 0
      vertex 101.706 52.5 0
    endloop
  endfacet
  facet normal 0 0 -1
    outer loop
      vertex 100.958 4.02717 0
      vertex 103.924 2.77231 0
      vertex 103.829 2.41844 0
    endloop
  endfacet
  facet normal 0 0 -1
    outer loop
      vertex 101.699 52.5679 0
      vertex 104 73.5 0
      vertex 101.7 52.5647 0
    endloop
  endfacet
  facet normal 0 0 -1
    outer loop
      vertex 100.958 4.02717 0
      vertex 103.829 2.41844 0
      vertex 103.697 2.07642 0
    endloop
  endfacet
  facet normal 0 0 -1
    outer loop
      vertex 101.699 52.5711 0
      vertex 104 73.5 0
      vertex 101.699 52.5679 0
    endloop
  endfacet
  facet normal 0 0 -1
    outer loop
      vertex 100.773 3.84214 0
      vertex 103.697 2.07642 0
      vertex 103.531 1.75 0
    endloop
  endfacet
  facet normal 0 0 -1
    outer loop
      vertex 101.681 52.6351 0
      vertex 104 73.5 0
      vertex 101.699 52.5711 0
    endloop
  endfacet
  facet normal 0 0 -1
    outer loop
      vertex 100.773 3.84214 0
      vertex 103.531 1.75 0
      vertex 103.332 1.44275 0
    endloop
  endfacet
  facet normal 0 0 -1
    outer loop
      vertex 101.65 52.7009 0
      vertex 104 73.5 0
      vertex 101.681 52.6351 0
    endloop
  endfacet
  facet normal 0 0 -1
    outer loop
      vertex 100.773 3.84214 0
      vertex 103.332 1.44275 0
      vertex 103.101 1.15804 0
    endloop
  endfacet
  facet normal 0 0 -1
    outer loop
      vertex 101.608 52.7644 0
      vertex 104 73.5 0
      vertex 101.65 52.7009 0
    endloop
  endfacet
  facet normal 0 0 -1
    outer loop
      vertex 100.569 3.67746 0
      vertex 103.101 1.15804 0
      vertex 102.842 0.898993 0
    endloop
  endfacet
  facet normal 0 0 -1
    outer loop
      vertex 104 3.5 0
      vertex 101.706 20.5 0
      vertex 101.706 52.5 0
    endloop
  endfacet
  facet normal 0 0 -1
    outer loop
      vertex 100.569 3.67746 0
      vertex 102.842 0.898993 0
      vertex 102.557 0.66844 0
    endloop
  endfacet
  facet normal 0 0 -1
    outer loop
      vertex 101.6 52.7731 0
      vertex 104 73.5 0
      vertex 101.608 52.7644 0
    endloop
  endfacet
  facet normal 0 0 -1
    outer loop
      vertex 100.35 3.53494 0
      vertex 102.557 0.66844 0
      vertex 102.25 0.46891 0
    endloop
  endfacet
  facet normal 0 0 -1
    outer loop
      vertex 101.6 72.1 0
      vertex 104 73.5 0
      vertex 101.6 52.7731 0
    endloop
  endfacet
  facet normal 0 0 -1
    outer loop
      vertex 100.35 3.53494 0
      vertex 102.25 0.46891 0
      vertex 101.924 0.30259 0
    endloop
  endfacet
  facet normal 0 0 -1
    outer loop
      vertex 101.545 72.6198 0
      vertex 104 73.5 0
      vertex 101.586 72.3613 0
    endloop
  endfacet
  facet normal 0 0 -1
    outer loop
      vertex 101.384 73.1168 0
      vertex 104 73.5 0
      vertex 101.478 72.8725 0
    endloop
  endfacet
  facet normal 0 0 -1
    outer loop
      vertex 104 3.5 0
      vertex 101.6 5.7 0
      vertex 101.608 20.2356 0
    endloop
  endfacet
  facet normal 0 0 -1
    outer loop
      vertex 104 3.5 0
      vertex 101.7 20.4353 0
      vertex 101.706 20.5 0
    endloop
  endfacet
  facet normal 0 0 -1
    outer loop
      vertex 104 3.5 0
      vertex 101.699 20.4321 0
      vertex 101.7 20.4353 0
    endloop
  endfacet
  facet normal 0 0 -1
    outer loop
      vertex 104 3.5 0
      vertex 101.699 20.4289 0
      vertex 101.699 20.4321 0
    endloop
  endfacet
  facet normal 0 0 -1
    outer loop
      vertex 104 3.5 0
      vertex 101.681 20.3649 0
      vertex 101.699 20.4289 0
    endloop
  endfacet
  facet normal 0 0 -1
    outer loop
      vertex 104 3.5 0
      vertex 101.65 20.2991 0
      vertex 101.681 20.3649 0
    endloop
  endfacet
  facet normal 0 0 -1
    outer loop
      vertex 104 3.5 0
      vertex 101.608 20.2356 0
      vertex 101.65 20.2991 0
    endloop
  endfacet
  facet normal 0 0 -1
    outer loop
      vertex 104 3.5 0
      vertex 101.586 5.43868 0
      vertex 101.6 5.7 0
    endloop
  endfacet
  facet normal 0 0 -1
    outer loop
      vertex 100.35 3.53494 0
      vertex 101.924 0.30259 0
      vertex 101.582 0.171302 0
    endloop
  endfacet
  facet normal 0 0 -1
    outer loop
      vertex 104 3.5 0
      vertex 101.545 5.18022 0
      vertex 101.586 5.43868 0
    endloop
  endfacet
  facet normal 0 0 -1
    outer loop
      vertex 104 3.5 0
      vertex 101.478 4.92746 0
      vertex 101.545 5.18022 0
    endloop
  endfacet
  facet normal 0 0 -1
    outer loop
      vertex 104 3.5 0
      vertex 101.384 4.68316 0
      vertex 101.478 4.92746 0
    endloop
  endfacet
  facet normal 0 0 -1
    outer loop
      vertex 104 3.5 0
      vertex 101.265 4.45 0
      vertex 101.384 4.68316 0
    endloop
  endfacet
  facet normal 0 0 -1
    outer loop
      vertex 100.117 3.41614 0
      vertex 101.582 0.171302 0
      vertex 101.228 0.0764828 0
    endloop
  endfacet
  facet normal 0 0 -1
    outer loop
      vertex 104 3.5 0
      vertex 101.123 4.23054 0
      vertex 101.265 4.45 0
    endloop
  endfacet
  facet normal 0 0 -1
    outer loop
      vertex 103.924 2.77231 0
      vertex 100.958 4.02717 0
      vertex 101.123 4.23054 0
    endloop
  endfacet
  facet normal 0 0 -1
    outer loop
      vertex 100.117 3.41614 0
      vertex 101.228 0.0764828 0
      vertex 100.866 0.0191727 0
    endloop
  endfacet
  facet normal 0 0 -1
    outer loop
      vertex 103.697 2.07642 0
      vertex 100.773 3.84214 0
      vertex 100.958 4.02717 0
    endloop
  endfacet
  facet normal 0 0 -1
    outer loop
      vertex 103.101 1.15804 0
      vertex 100.569 3.67746 0
      vertex 100.773 3.84214 0
    endloop
  endfacet
  facet normal 0 0 -1
    outer loop
      vertex 99.8725 3.32236 0
      vertex 100.866 0.0191727 0
      vertex 100.5 0 0
    endloop
  endfacet
  facet normal 0 0 -1
    outer loop
      vertex 102.557 0.66844 0
      vertex 100.35 3.53494 0
      vertex 100.569 3.67746 0
    endloop
  endfacet
  facet normal 0 0 -1
    outer loop
      vertex 101.582 0.171302 0
      vertex 100.117 3.41614 0
      vertex 100.35 3.53494 0
    endloop
  endfacet
  facet normal 0 0 -1
    outer loop
      vertex 100.866 0.0191727 0
      vertex 99.8725 3.32236 0
      vertex 100.117 3.41614 0
    endloop
  endfacet
  facet normal 0 0 -1
    outer loop
      vertex 100.5 0 0
      vertex 99.6198 3.25463 0
      vertex 99.8725 3.32236 0
    endloop
  endfacet
  facet normal 0 0 -1
    outer loop
      vertex 100.5 0 0
      vertex 99.3613 3.21369 0
      vertex 99.6198 3.25463 0
    endloop
  endfacet
  facet normal 0 0 -1
    outer loop
      vertex 100.5 0 0
      vertex 99.1 3.2 0
      vertex 99.3613 3.21369 0
    endloop
  endfacet
  facet normal 0 0 -1
    outer loop
      vertex 100.5 0 0
      vertex 4.9 3.2 0
      vertex 99.1 3.2 0
    endloop
  endfacet
  facet normal 0 0 -1
    outer loop
      vertex 3.5 0 0
      vertex 4.9 3.2 0
      vertex 100.5 0 0
    endloop
  endfacet
  facet normal 0 0 -1
    outer loop
      vertex 3.5 0 0
      vertex 4.63868 3.21369 0
      vertex 4.9 3.2 0
    endloop
  endfacet
  facet normal 0 0 -1
    outer loop
      vertex 3.5 0 0
      vertex 4.38022 3.25463 0
      vertex 4.63868 3.21369 0
    endloop
  endfacet
  facet normal 0 0 -1
    outer loop
      vertex 3.5 0 0
      vertex 4.12746 3.32236 0
      vertex 4.38022 3.25463 0
    endloop
  endfacet
  facet normal 0 0 -1
    outer loop
      vertex 3.13415 0.0191727 0
      vertex 4.12746 3.32236 0
      vertex 3.5 0 0
    endloop
  endfacet
  facet normal -0 0 -1
    outer loop
      vertex 4.12746 3.32236 0
      vertex 3.13415 0.0191727 0
      vertex 3.88316 3.41614 0
    endloop
  endfacet
  facet normal 0 0 -1
    outer loop
      vertex 2.77231 0.0764828 0
      vertex 3.88316 3.41614 0
      vertex 3.13415 0.0191727 0
    endloop
  endfacet
  facet normal 0 0 -1
    outer loop
      vertex 2.41844 0.171302 0
      vertex 3.88316 3.41614 0
      vertex 2.77231 0.0764828 0
    endloop
  endfacet
  facet normal -0 0 -1
    outer loop
      vertex 3.88316 3.41614 0
      vertex 2.41844 0.171302 0
      vertex 3.65 3.53494 0
    endloop
  endfacet
  facet normal 0 0 -1
    outer loop
      vertex 2.07642 0.30259 0
      vertex 3.65 3.53494 0
      vertex 2.41844 0.171302 0
    endloop
  endfacet
  facet normal 0 0 -1
    outer loop
      vertex 1.75 0.46891 0
      vertex 3.65 3.53494 0
      vertex 2.07642 0.30259 0
    endloop
  endfacet
  facet normal 0 0 -1
    outer loop
      vertex 1.44275 0.66844 0
      vertex 3.65 3.53494 0
      vertex 1.75 0.46891 0
    endloop
  endfacet
  facet normal -0 0 -1
    outer loop
      vertex 3.65 3.53494 0
      vertex 1.44275 0.66844 0
      vertex 3.43054 3.67746 0
    endloop
  endfacet
  facet normal 0 0 -1
    outer loop
      vertex 1.15804 0.898993 0
      vertex 3.43054 3.67746 0
      vertex 1.44275 0.66844 0
    endloop
  endfacet
  facet normal 0 0 -1
    outer loop
      vertex 0.898993 1.15804 0
      vertex 3.43054 3.67746 0
      vertex 1.15804 0.898993 0
    endloop
  endfacet
  facet normal -0 0 -1
    outer loop
      vertex 3.43054 3.67746 0
      vertex 0.898993 1.15804 0
      vertex 3.22717 3.84214 0
    endloop
  endfacet
  facet normal 0 0 -1
    outer loop
      vertex 0.66844 1.44275 0
      vertex 3.22717 3.84214 0
      vertex 0.898993 1.15804 0
    endloop
  endfacet
  facet normal 0 0 -1
    outer loop
      vertex 0.46891 1.75 0
      vertex 3.22717 3.84214 0
      vertex 0.66844 1.44275 0
    endloop
  endfacet
  facet normal 0 0 -1
    outer loop
      vertex 0.30259 2.07642 0
      vertex 3.22717 3.84214 0
      vertex 0.46891 1.75 0
    endloop
  endfacet
  facet normal 0 0 -1
    outer loop
      vertex 2.4 5.7 0
      vertex 2.39229 20.2356 0
      vertex 2.4 20.2269 0
    endloop
  endfacet
  facet normal 0 0 -1
    outer loop
      vertex 0 3.5 0
      vertex 2.39229 20.2356 0
      vertex 2.4 5.7 0
    endloop
  endfacet
  facet normal -0 0 -1
    outer loop
      vertex 3.22717 3.84214 0
      vertex 0.30259 2.07642 0
      vertex 3.04214 4.02717 0
    endloop
  endfacet
  facet normal -0 0 -1
    outer loop
      vertex 2.39229 20.2356 0
      vertex 0 3.5 0
      vertex 2.34978 20.2991 0
    endloop
  endfacet
  facet normal -0 0 -1
    outer loop
      vertex 2.34978 20.2991 0
      vertex 0 3.5 0
      vertex 2.31908 20.3649 0
    endloop
  endfacet
  facet normal -0 0 -1
    outer loop
      vertex 2.31908 20.3649 0
      vertex 0 3.5 0
      vertex 2.30139 20.4289 0
    endloop
  endfacet
  facet normal -0 0 -1
    outer loop
      vertex 2.30139 20.4289 0
      vertex 0 3.5 0
      vertex 2.30052 20.4321 0
    endloop
  endfacet
  facet normal -0 0 -1
    outer loop
      vertex 2.30052 20.4321 0
      vertex 0 3.5 0
      vertex 2.30023 20.4353 0
    endloop
  endfacet
  facet normal -0 0 -1
    outer loop
      vertex 2.30023 20.4353 0
      vertex 0 3.5 0
      vertex 2.29431 20.5 0
    endloop
  endfacet
  facet normal 0 0 -1
    outer loop
      vertex 0.171302 2.41844 0
      vertex 3.04214 4.02717 0
      vertex 0.30259 2.07642 0
    endloop
  endfacet
  facet normal -0 0 -1
    outer loop
      vertex 103.924 74.2277 0
      vertex 101.265 73.35 0
      vertex 103.829 74.5816 0
    endloop
  endfacet
  facet normal -0 0 -1
    outer loop
      vertex 103.829 74.5816 0
      vertex 101.265 73.35 0
      vertex 103.697 74.9236 0
    endloop
  endfacet
  facet normal 0 0 -1
    outer loop
      vertex 101.123 73.5695 0
      vertex 103.697 74.9236 0
      vertex 101.265 73.35 0
    endloop
  endfacet
  facet normal -0 0 -1
    outer loop
      vertex 103.981 73.8659 0
      vertex 101.384 73.1168 0
      vertex 103.924 74.2277 0
    endloop
  endfacet
  facet normal 0 0 -1
    outer loop
      vertex 101.265 73.35 0
      vertex 103.924 74.2277 0
      vertex 101.384 73.1168 0
    endloop
  endfacet
  facet normal -0 0 -1
    outer loop
      vertex 104 73.5 0
      vertex 101.384 73.1168 0
      vertex 103.981 73.8659 0
    endloop
  endfacet
  facet normal 0 0 -1
    outer loop
      vertex 101.478 72.8725 0
      vertex 104 73.5 0
      vertex 101.545 72.6198 0
    endloop
  endfacet
  facet normal 0 0 -1
    outer loop
      vertex 101.586 72.3613 0
      vertex 104 73.5 0
      vertex 101.6 72.1 0
    endloop
  endfacet
  facet normal -0 0 -1
    outer loop
      vertex 103.697 74.9236 0
      vertex 101.123 73.5695 0
      vertex 103.531 75.25 0
    endloop
  endfacet
  facet normal -0 0 -1
    outer loop
      vertex 103.531 75.25 0
      vertex 101.123 73.5695 0
      vertex 103.332 75.5573 0
    endloop
  endfacet
  facet normal 0 0 -1
    outer loop
      vertex 100.958 73.7728 0
      vertex 103.332 75.5573 0
      vertex 101.123 73.5695 0
    endloop
  endfacet
  facet normal -0 0 -1
    outer loop
      vertex 103.332 75.5573 0
      vertex 100.958 73.7728 0
      vertex 103.101 75.842 0
    endloop
  endfacet
  facet normal -0 0 -1
    outer loop
      vertex 103.101 75.842 0
      vertex 100.958 73.7728 0
      vertex 102.842 76.101 0
    endloop
  endfacet
  facet normal 0 0 -1
    outer loop
      vertex 100.773 73.9579 0
      vertex 102.842 76.101 0
      vertex 100.958 73.7728 0
    endloop
  endfacet
  facet normal -0 0 -1
    outer loop
      vertex 102.842 76.101 0
      vertex 100.773 73.9579 0
      vertex 102.557 76.3316 0
    endloop
  endfacet
  facet normal -0 0 -1
    outer loop
      vertex 102.557 76.3316 0
      vertex 100.773 73.9579 0
      vertex 102.25 76.5311 0
    endloop
  endfacet
  facet normal 0 0 -1
    outer loop
      vertex 100.569 74.1225 0
      vertex 102.25 76.5311 0
      vertex 100.773 73.9579 0
    endloop
  endfacet
  facet normal -0 0 -1
    outer loop
      vertex 102.25 76.5311 0
      vertex 100.569 74.1225 0
      vertex 101.924 76.6974 0
    endloop
  endfacet
  facet normal 0 0 -1
    outer loop
      vertex 100.35 74.2651 0
      vertex 101.924 76.6974 0
      vertex 100.569 74.1225 0
    endloop
  endfacet
  facet normal -0 0 -1
    outer loop
      vertex 101.924 76.6974 0
      vertex 100.35 74.2651 0
      vertex 101.582 76.8287 0
    endloop
  endfacet
  facet normal -0 0 -1
    outer loop
      vertex 101.582 76.8287 0
      vertex 100.35 74.2651 0
      vertex 101.228 76.9235 0
    endloop
  endfacet
  facet normal 0 0 -1
    outer loop
      vertex 100.117 74.3839 0
      vertex 101.228 76.9235 0
      vertex 100.35 74.2651 0
    endloop
  endfacet
  facet normal -0 0 -1
    outer loop
      vertex 101.228 76.9235 0
      vertex 100.117 74.3839 0
      vertex 100.866 76.9808 0
    endloop
  endfacet
  facet normal -0 0 -1
    outer loop
      vertex 100.866 76.9808 0
      vertex 100.117 74.3839 0
      vertex 100.5 77 0
    endloop
  endfacet
  facet normal 0 0 -1
    outer loop
      vertex 99.8725 74.4776 0
      vertex 100.5 77 0
      vertex 100.117 74.3839 0
    endloop
  endfacet
  facet normal 0 0 -1
    outer loop
      vertex 99.6198 74.5454 0
      vertex 100.5 77 0
      vertex 99.8725 74.4776 0
    endloop
  endfacet
  facet normal 0 0 -1
    outer loop
      vertex 99.3613 74.5863 0
      vertex 100.5 77 0
      vertex 99.6198 74.5454 0
    endloop
  endfacet
  facet normal 0 0 -1
    outer loop
      vertex 99.1 74.6 0
      vertex 100.5 77 0
      vertex 99.3613 74.5863 0
    endloop
  endfacet
  facet normal 0 0 -1
    outer loop
      vertex 4.9 74.6 0
      vertex 100.5 77 0
      vertex 99.1 74.6 0
    endloop
  endfacet
  facet normal 0 0 -1
    outer loop
      vertex 4.9 74.6 0
      vertex 3.5 77 0
      vertex 100.5 77 0
    endloop
  endfacet
  facet normal 0 0 -1
    outer loop
      vertex 4.63868 74.5863 0
      vertex 3.5 77 0
      vertex 4.9 74.6 0
    endloop
  endfacet
  facet normal 0 0 -1
    outer loop
      vertex 4.38022 74.5454 0
      vertex 3.5 77 0
      vertex 4.63868 74.5863 0
    endloop
  endfacet
  facet normal 0 0 -1
    outer loop
      vertex 4.12746 74.4776 0
      vertex 3.5 77 0
      vertex 4.38022 74.5454 0
    endloop
  endfacet
  facet normal 0 0 -1
    outer loop
      vertex 3.88316 74.3839 0
      vertex 3.5 77 0
      vertex 4.12746 74.4776 0
    endloop
  endfacet
  facet normal 0 0 -1
    outer loop
      vertex 2.77231 76.9235 0
      vertex 3.88316 74.3839 0
      vertex 3.65 74.2651 0
    endloop
  endfacet
  facet normal 0 0 -1
    outer loop
      vertex 2.07642 76.6974 0
      vertex 3.65 74.2651 0
      vertex 3.43054 74.1225 0
    endloop
  endfacet
  facet normal 0 0 -1
    outer loop
      vertex 1.75 76.5311 0
      vertex 3.43054 74.1225 0
      vertex 3.22717 73.9579 0
    endloop
  endfacet
  facet normal 0 0 -1
    outer loop
      vertex 3.88316 74.3839 0
      vertex 3.13415 76.9808 0
      vertex 3.5 77 0
    endloop
  endfacet
  facet normal 0 0 -1
    outer loop
      vertex 1.15804 76.101 0
      vertex 3.22717 73.9579 0
      vertex 3.04214 73.7728 0
    endloop
  endfacet
  facet normal 0 0 -1
    outer loop
      vertex 0.66844 75.5573 0
      vertex 3.04214 73.7728 0
      vertex 2.87746 73.5695 0
    endloop
  endfacet
  facet normal 0 0 -1
    outer loop
      vertex 3.88316 74.3839 0
      vertex 2.77231 76.9235 0
      vertex 3.13415 76.9808 0
    endloop
  endfacet
  facet normal 0 0 -1
    outer loop
      vertex 0.30259 74.9236 0
      vertex 2.87746 73.5695 0
      vertex 2.73494 73.35 0
    endloop
  endfacet
  facet normal 0 0 -1
    outer loop
      vertex 0.0764828 74.2277 0
      vertex 2.73494 73.35 0
      vertex 2.61614 73.1168 0
    endloop
  endfacet
  facet normal 0 0 -1
    outer loop
      vertex 0 73.5 0
      vertex 2.61614 73.1168 0
      vertex 2.52236 72.8725 0
    endloop
  endfacet
  facet normal 0 0 -1
    outer loop
      vertex 0 73.5 0
      vertex 2.52236 72.8725 0
      vertex 2.45463 72.6198 0
    endloop
  endfacet
  facet normal 0 0 -1
    outer loop
      vertex 3.65 74.2651 0
      vertex 2.41844 76.8287 0
      vertex 2.77231 76.9235 0
    endloop
  endfacet
  facet normal 0 0 -1
    outer loop
      vertex 0 73.5 0
      vertex 2.45463 72.6198 0
      vertex 2.41369 72.3613 0
    endloop
  endfacet
  facet normal 0 0 -1
    outer loop
      vertex 0 73.5 0
      vertex 2.41369 72.3613 0
      vertex 2.4 72.1 0
    endloop
  endfacet
  facet normal 0 0 -1
    outer loop
      vertex 0 73.5 0
      vertex 2.39229 52.7644 0
      vertex 2.34978 52.7009 0
    endloop
  endfacet
  facet normal 0 0 -1
    outer loop
      vertex 0 73.5 0
      vertex 2.34978 52.7009 0
      vertex 2.31908 52.6351 0
    endloop
  endfacet
  facet normal 0 0 -1
    outer loop
      vertex 2.4 52.7731 0
      vertex 0 73.5 0
      vertex 2.4 72.1 0
    endloop
  endfacet
  facet normal 0 0 -1
    outer loop
      vertex 0 73.5 0
      vertex 2.31908 52.6351 0
      vertex 2.30139 52.5711 0
    endloop
  endfacet
  facet normal 0 0 -1
    outer loop
      vertex 0 73.5 0
      vertex 2.30139 52.5711 0
      vertex 2.30052 52.5679 0
    endloop
  endfacet
  facet normal 0 0 -1
    outer loop
      vertex 0 73.5 0
      vertex 2.30052 52.5679 0
      vertex 2.30023 52.5647 0
    endloop
  endfacet
  facet normal 0 0 -1
    outer loop
      vertex 0 73.5 0
      vertex 2.30023 52.5647 0
      vertex 2.29431 52.5 0
    endloop
  endfacet
  facet normal 0 0 -1
    outer loop
      vertex 2.61614 73.1168 0
      vertex 0 73.5 0
      vertex 0.0191727 73.8659 0
    endloop
  endfacet
  facet normal -0 0 -1
    outer loop
      vertex 2.29431 20.5 0
      vertex 0 3.5 0
      vertex 2.29431 52.5 0
    endloop
  endfacet
  facet normal 0 0 -1
    outer loop
      vertex 0.0764828 2.77231 0
      vertex 3.04214 4.02717 0
      vertex 0.171302 2.41844 0
    endloop
  endfacet
  facet normal 0 0 -1
    outer loop
      vertex 0 73.5 0
      vertex 2.29431 52.5 0
      vertex 0 3.5 0
    endloop
  endfacet
  facet normal -0 0 -1
    outer loop
      vertex 3.04214 4.02717 0
      vertex 0.0764828 2.77231 0
      vertex 2.87746 4.23054 0
    endloop
  endfacet
  facet normal 0 0 -1
    outer loop
      vertex 3.65 74.2651 0
      vertex 2.07642 76.6974 0
      vertex 2.41844 76.8287 0
    endloop
  endfacet
  facet normal 0 0 -1
    outer loop
      vertex 0.0191727 3.13415 0
      vertex 2.87746 4.23054 0
      vertex 0.0764828 2.77231 0
    endloop
  endfacet
  facet normal 0 0 -1
    outer loop
      vertex 3.43054 74.1225 0
      vertex 1.75 76.5311 0
      vertex 2.07642 76.6974 0
    endloop
  endfacet
  facet normal 0 0 -1
    outer loop
      vertex 0 3.5 0
      vertex 2.87746 4.23054 0
      vertex 0.0191727 3.13415 0
    endloop
  endfacet
  facet normal 0 0 -1
    outer loop
      vertex 3.22717 73.9579 0
      vertex 1.44275 76.3316 0
      vertex 1.75 76.5311 0
    endloop
  endfacet
  facet normal -0 0 -1
    outer loop
      vertex 2.87746 4.23054 0
      vertex 0 3.5 0
      vertex 2.73494 4.45 0
    endloop
  endfacet
  facet normal 0 0 -1
    outer loop
      vertex 3.22717 73.9579 0
      vertex 1.15804 76.101 0
      vertex 1.44275 76.3316 0
    endloop
  endfacet
  facet normal -0 0 -1
    outer loop
      vertex 2.73494 4.45 0
      vertex 0 3.5 0
      vertex 2.61614 4.68316 0
    endloop
  endfacet
  facet normal 0 0 -1
    outer loop
      vertex 3.04214 73.7728 0
      vertex 0.898993 75.842 0
      vertex 1.15804 76.101 0
    endloop
  endfacet
  facet normal -0 0 -1
    outer loop
      vertex 2.61614 4.68316 0
      vertex 0 3.5 0
      vertex 2.52236 4.92746 0
    endloop
  endfacet
  facet normal 0 0 -1
    outer loop
      vertex 3.04214 73.7728 0
      vertex 0.66844 75.5573 0
      vertex 0.898993 75.842 0
    endloop
  endfacet
  facet normal -0 0 -1
    outer loop
      vertex 2.52236 4.92746 0
      vertex 0 3.5 0
      vertex 2.45463 5.18022 0
    endloop
  endfacet
  facet normal 0 0 -1
    outer loop
      vertex 2.87746 73.5695 0
      vertex 0.46891 75.25 0
      vertex 0.66844 75.5573 0
    endloop
  endfacet
  facet normal -0 0 -1
    outer loop
      vertex 2.45463 5.18022 0
      vertex 0 3.5 0
      vertex 2.41369 5.43868 0
    endloop
  endfacet
  facet normal 0 0 -1
    outer loop
      vertex 2.87746 73.5695 0
      vertex 0.30259 74.9236 0
      vertex 0.46891 75.25 0
    endloop
  endfacet
  facet normal -0 0 -1
    outer loop
      vertex 2.41369 5.43868 0
      vertex 0 3.5 0
      vertex 2.4 5.7 0
    endloop
  endfacet
  facet normal 0 0 -1
    outer loop
      vertex 2.73494 73.35 0
      vertex 0.171302 74.5816 0
      vertex 0.30259 74.9236 0
    endloop
  endfacet
  facet normal 0 0 -1
    outer loop
      vertex 2.73494 73.35 0
      vertex 0.0764828 74.2277 0
      vertex 0.171302 74.5816 0
    endloop
  endfacet
  facet normal 0 0 -1
    outer loop
      vertex 2.61614 73.1168 0
      vertex 0.0191727 73.8659 0
      vertex 0.0764828 74.2277 0
    endloop
  endfacet
  facet normal 0 0 -1
    outer loop
      vertex 101.608 20.2356 0
      vertex 101.6 5.7 0
      vertex 101.6 20.2269 0
    endloop
  endfacet
  facet normal -0.987686 0.156452 0
    outer loop
      vertex 0.0191727 73.8659 0
      vertex 0.0764828 74.2277 8.69138
      vertex 0.0764828 74.2277 0
    endloop
  endfacet
  facet normal -0.987686 0.156452 0
    outer loop
      vertex 0.0764828 74.2277 8.69138
      vertex 0.0191727 73.8659 0
      vertex 0.0191727 73.8659 8.72941
    endloop
  endfacet
  facet normal 0.544892 0.838506 -0
    outer loop
      vertex 102.557 76.3316 0
      vertex 102.25 76.5311 8.44928
      vertex 102.557 76.3316 8.47025
    endloop
  endfacet
  facet normal 0.544892 0.838506 0
    outer loop
      vertex 102.25 76.5311 8.44928
      vertex 102.557 76.3316 0
      vertex 102.25 76.5311 0
    endloop
  endfacet
  facet normal -0.838671 -0.544638 0
    outer loop
      vertex 0.66844 1.44275 0
      vertex 0.46891 1.75 16.3091
      vertex 0.46891 1.75 0
    endloop
  endfacet
  facet normal -0.838671 -0.544638 0
    outer loop
      vertex 0.46891 1.75 16.3091
      vertex 0.66844 1.44275 0
      vertex 0.66844 1.44275 16.3414
    endloop
  endfacet
  facet normal 0.358412 0.933564 -0
    outer loop
      vertex 101.924 76.6974 0
      vertex 101.582 76.8287 8.418
      vertex 101.924 76.6974 8.4318
    endloop
  endfacet
  facet normal 0.358412 0.933564 0
    outer loop
      vertex 101.582 76.8287 8.418
      vertex 101.924 76.6974 0
      vertex 101.582 76.8287 0
    endloop
  endfacet
  facet normal -0.99863 0.052327 0
    outer loop
      vertex 0 73.5 0
      vertex 0.0191727 73.8659 8.72941
      vertex 0.0191727 73.8659 0
    endloop
  endfacet
  facet normal -0.99863 0.052327 0
    outer loop
      vertex 0.0191727 73.8659 8.72941
      vertex 0 73.5 0
      vertex 0 73.5 8.76786
    endloop
  endfacet
  facet normal -0.258819 -0.965926 0
    outer loop
      vertex 2.77231 0.0764828 0
      vertex 2.41844 0.171302 16.475
      vertex 2.41844 0.171302 0
    endloop
  endfacet
  facet normal -0.258819 -0.965926 0
    outer loop
      vertex 2.41844 0.171302 16.475
      vertex 2.77231 0.0764828 0
      vertex 2.77231 0.0764828 16.485
    endloop
  endfacet
  facet normal -0.965931 0.258799 0
    outer loop
      vertex 0.0764828 74.2277 0
      vertex 0.171302 74.5816 8.65419
      vertex 0.171302 74.5816 0
    endloop
  endfacet
  facet normal -0.965931 0.258799 0
    outer loop
      vertex 0.171302 74.5816 8.65419
      vertex 0.0764828 74.2277 0
      vertex 0.0764828 74.2277 8.69138
    endloop
  endfacet
  facet normal 0.998654 -0.051864 0
    outer loop
      vertex 103.981 3.13415 0
      vertex 104 3.5 16.1252
      vertex 103.981 3.13415 16.1636
    endloop
  endfacet
  facet normal 0.998654 -0.051864 0
    outer loop
      vertex 104 3.5 16.1252
      vertex 103.981 3.13415 0
      vertex 104 3.5 0
    endloop
  endfacet
  facet normal -0.156408 0.987692 0
    outer loop
      vertex 2.77231 76.9235 0
      vertex 3.13415 76.9808 8.40201
      vertex 3.13415 76.9808 0
    endloop
  endfacet
  facet normal -0.156408 0.987692 0
    outer loop
      vertex 3.13415 76.9808 8.40201
      vertex 2.77231 76.9235 0
      vertex 2.77231 76.9235 8.40804
    endloop
  endfacet
  facet normal 0.0523127 -0.998631 0
    outer loop
      vertex 100.5 0 0
      vertex 100.866 0.0191727 16.491
      vertex 100.5 0 16.493
    endloop
  endfacet
  facet normal 0.0523127 -0.998631 0
    outer loop
      vertex 100.866 0.0191727 16.491
      vertex 100.5 0 0
      vertex 100.866 0.0191727 0
    endloop
  endfacet
  facet normal 0.25873 -0.96595 0
    outer loop
      vertex 101.228 0.0764828 0
      vertex 101.582 0.171302 16.475
      vertex 101.228 0.0764828 16.485
    endloop
  endfacet
  facet normal 0.25873 -0.96595 0
    outer loop
      vertex 101.582 0.171302 16.475
      vertex 101.228 0.0764828 0
      vertex 101.582 0.171302 0
    endloop
  endfacet
  facet normal -0.838712 0.544576 0
    outer loop
      vertex 0.46891 75.25 0
      vertex 0.66844 75.5573 8.55164
      vertex 0.66844 75.5573 0
    endloop
  endfacet
  facet normal -0.838712 0.544576 0
    outer loop
      vertex 0.66844 75.5573 8.55164
      vertex 0.46891 75.25 0
      vertex 0.46891 75.25 8.58393
    endloop
  endfacet
  facet normal -0.0524084 0.998626 0
    outer loop
      vertex 3.5 77 0
      vertex 3.13415 76.9808 8.40201
      vertex 3.5 77 8.4
    endloop
  endfacet
  facet normal -0.0524084 0.998626 0
    outer loop
      vertex 3.13415 76.9808 8.40201
      vertex 3.5 77 0
      vertex 3.13415 76.9808 0
    endloop
  endfacet
  facet normal 0.965802 -0.259279 0
    outer loop
      vertex 103.829 2.41844 0
      vertex 103.924 2.77231 16.2016
      vertex 103.829 2.41844 16.2388
    endloop
  endfacet
  facet normal 0.965802 -0.259279 0
    outer loop
      vertex 103.924 2.77231 16.2016
      vertex 103.829 2.41844 0
      vertex 103.924 2.77231 0
    endloop
  endfacet
  facet normal 0.54495 -0.838469 0
    outer loop
      vertex 102.25 0.46891 0
      vertex 102.557 0.66844 16.4228
      vertex 102.25 0.46891 16.4437
    endloop
  endfacet
  facet normal 0.54495 -0.838469 0
    outer loop
      vertex 102.557 0.66844 16.4228
      vertex 102.25 0.46891 0
      vertex 102.557 0.66844 0
    endloop
  endfacet
  facet normal 0.839332 -0.543619 0
    outer loop
      vertex 103.332 1.44275 0
      vertex 103.531 1.75 16.3091
      vertex 103.332 1.44275 16.3414
    endloop
  endfacet
  facet normal 0.839332 -0.543619 0
    outer loop
      vertex 103.531 1.75 16.3091
      vertex 103.332 1.44275 0
      vertex 103.531 1.75 0
    endloop
  endfacet
  facet normal 0.77655 -0.630055 0
    outer loop
      vertex 103.101 1.15804 0
      vertex 103.332 1.44275 16.3414
      vertex 103.101 1.15804 16.3713
    endloop
  endfacet
  facet normal 0.77655 -0.630055 0
    outer loop
      vertex 103.332 1.44275 16.3414
      vertex 103.101 1.15804 0
      vertex 103.332 1.44275 0
    endloop
  endfacet
  facet normal -0.453949 0.891028 0
    outer loop
      vertex 1.75 76.5311 0
      vertex 2.07642 76.6974 8.4318
      vertex 2.07642 76.6974 0
    endloop
  endfacet
  facet normal -0.453949 0.891028 0
    outer loop
      vertex 2.07642 76.6974 8.4318
      vertex 1.75 76.5311 0
      vertex 1.75 76.5311 8.44928
    endloop
  endfacet
  facet normal -0.25877 0.965939 0
    outer loop
      vertex 2.41844 76.8287 0
      vertex 2.77231 76.9235 8.40804
      vertex 2.77231 76.9235 0
    endloop
  endfacet
  facet normal -0.25877 0.965939 0
    outer loop
      vertex 2.77231 76.9235 8.40804
      vertex 2.41844 76.8287 0
      vertex 2.41844 76.8287 8.418
    endloop
  endfacet
  facet normal 0.628932 -0.77746 0
    outer loop
      vertex 102.557 0.66844 0
      vertex 102.842 0.898993 16.3985
      vertex 102.557 0.66844 16.4228
    endloop
  endfacet
  facet normal 0.628932 -0.77746 0
    outer loop
      vertex 102.842 0.898993 16.3985
      vertex 102.557 0.66844 0
      vertex 102.842 0.898993 0
    endloop
  endfacet
  facet normal 0.987819 -0.155609 0
    outer loop
      vertex 103.924 2.77231 0
      vertex 103.981 3.13415 16.1636
      vertex 103.924 2.77231 16.2016
    endloop
  endfacet
  facet normal 0.987819 -0.155609 0
    outer loop
      vertex 103.981 3.13415 16.1636
      vertex 103.924 2.77231 0
      vertex 103.981 3.13415 0
    endloop
  endfacet
  facet normal -0.544638 -0.838671 0
    outer loop
      vertex 1.75 0.46891 0
      vertex 1.44275 0.66844 16.4228
      vertex 1.44275 0.66844 0
    endloop
  endfacet
  facet normal -0.544638 -0.838671 0
    outer loop
      vertex 1.44275 0.66844 16.4228
      vertex 1.75 0.46891 0
      vertex 1.75 0.46891 16.4437
    endloop
  endfacet
  facet normal 0.891359 -0.453298 0
    outer loop
      vertex 103.531 1.75 0
      vertex 103.697 2.07642 16.2748
      vertex 103.531 1.75 16.3091
    endloop
  endfacet
  facet normal 0.891359 -0.453298 0
    outer loop
      vertex 103.697 2.07642 16.2748
      vertex 103.531 1.75 0
      vertex 103.697 2.07642 0
    endloop
  endfacet
  facet normal 0.454456 -0.890769 0
    outer loop
      vertex 101.924 0.30259 0
      vertex 102.25 0.46891 16.4437
      vertex 101.924 0.30259 16.4612
    endloop
  endfacet
  facet normal 0.454456 -0.890769 0
    outer loop
      vertex 102.25 0.46891 16.4437
      vertex 101.924 0.30259 0
      vertex 102.25 0.46891 0
    endloop
  endfacet
  facet normal -0.707107 -0.707107 0
    outer loop
      vertex 1.15804 0.898993 0
      vertex 0.898993 1.15804 16.3713
      vertex 0.898993 1.15804 0
    endloop
  endfacet
  facet normal -0.707107 -0.707107 0
    outer loop
      vertex 0.898993 1.15804 16.3713
      vertex 1.15804 0.898993 0
      vertex 1.15804 0.898993 16.3985
    endloop
  endfacet
  facet normal 0.156368 -0.987699 0
    outer loop
      vertex 100.866 0.0191727 0
      vertex 101.228 0.0764828 16.485
      vertex 100.866 0.0191727 16.491
    endloop
  endfacet
  facet normal 0.156368 -0.987699 0
    outer loop
      vertex 101.228 0.0764828 16.485
      vertex 100.866 0.0191727 0
      vertex 101.228 0.0764828 0
    endloop
  endfacet
  facet normal -0.933574 0.358383 0
    outer loop
      vertex 0.171302 74.5816 0
      vertex 0.30259 74.9236 8.61824
      vertex 0.30259 74.9236 0
    endloop
  endfacet
  facet normal -0.933574 0.358383 0
    outer loop
      vertex 0.30259 74.9236 8.61824
      vertex 0.171302 74.5816 0
      vertex 0.171302 74.5816 8.65419
    endloop
  endfacet
  facet normal -0.156435 -0.987688 0
    outer loop
      vertex 3.13415 0.0191727 0
      vertex 2.77231 0.0764828 16.485
      vertex 2.77231 0.0764828 0
    endloop
  endfacet
  facet normal -0.156435 -0.987688 0
    outer loop
      vertex 2.77231 0.0764828 16.485
      vertex 3.13415 0.0191727 0
      vertex 3.13415 0.0191727 16.491
    endloop
  endfacet
  facet normal -0.358394 0.933571 0
    outer loop
      vertex 2.07642 76.6974 0
      vertex 2.41844 76.8287 8.418
      vertex 2.41844 76.8287 0
    endloop
  endfacet
  facet normal -0.358394 0.933571 0
    outer loop
      vertex 2.41844 76.8287 8.418
      vertex 2.07642 76.6974 0
      vertex 2.07642 76.6974 8.4318
    endloop
  endfacet
  facet normal -0.629397 0.777084 0
    outer loop
      vertex 1.15804 76.101 0
      vertex 1.44275 76.3316 8.47025
      vertex 1.44275 76.3316 0
    endloop
  endfacet
  facet normal -0.629397 0.777084 0
    outer loop
      vertex 1.44275 76.3316 8.47025
      vertex 1.15804 76.101 0
      vertex 1.15804 76.101 8.49449
    endloop
  endfacet
  facet normal -0.453992 -0.891006 0
    outer loop
      vertex 2.07642 0.30259 0
      vertex 1.75 0.46891 16.4437
      vertex 1.75 0.46891 0
    endloop
  endfacet
  facet normal -0.453992 -0.891006 0
    outer loop
      vertex 1.75 0.46891 16.4437
      vertex 2.07642 0.30259 0
      vertex 2.07642 0.30259 16.4612
    endloop
  endfacet
  facet normal -0.629319 -0.777147 0
    outer loop
      vertex 1.44275 0.66844 0
      vertex 1.15804 0.898993 16.3985
      vertex 1.15804 0.898993 0
    endloop
  endfacet
  facet normal -0.629319 -0.777147 0
    outer loop
      vertex 1.15804 0.898993 16.3985
      vertex 1.44275 0.66844 0
      vertex 1.44275 0.66844 16.4228
    endloop
  endfacet
  facet normal 0.891348 0.45332 -0
    outer loop
      vertex 103.697 74.9236 0
      vertex 103.531 75.25 8.58393
      vertex 103.697 74.9236 8.61824
    endloop
  endfacet
  facet normal 0.891348 0.45332 0
    outer loop
      vertex 103.531 75.25 8.58393
      vertex 103.697 74.9236 0
      vertex 103.531 75.25 0
    endloop
  endfacet
  facet normal 0.839372 0.543557 -0
    outer loop
      vertex 103.531 75.25 0
      vertex 103.332 75.5573 8.55164
      vertex 103.531 75.25 8.58393
    endloop
  endfacet
  facet normal 0.839372 0.543557 0
    outer loop
      vertex 103.332 75.5573 8.55164
      vertex 103.531 75.25 0
      vertex 103.332 75.5573 0
    endloop
  endfacet
  facet normal -0.777136 0.629333 0
    outer loop
      vertex 0.66844 75.5573 0
      vertex 0.898993 75.842 8.52171
      vertex 0.898993 75.842 0
    endloop
  endfacet
  facet normal -0.777136 0.629333 0
    outer loop
      vertex 0.898993 75.842 8.52171
      vertex 0.66844 75.5573 0
      vertex 0.66844 75.5573 8.55164
    endloop
  endfacet
  facet normal 0.156341 0.987703 -0
    outer loop
      vertex 101.228 76.9235 0
      vertex 100.866 76.9808 8.40201
      vertex 101.228 76.9235 8.40804
    endloop
  endfacet
  facet normal 0.156341 0.987703 0
    outer loop
      vertex 100.866 76.9808 8.40201
      vertex 101.228 76.9235 0
      vertex 100.866 76.9808 0
    endloop
  endfacet
  facet normal 0.776539 0.630069 -0
    outer loop
      vertex 103.332 75.5573 0
      vertex 103.101 75.842 8.52171
      vertex 103.332 75.5573 8.55164
    endloop
  endfacet
  facet normal 0.776539 0.630069 0
    outer loop
      vertex 103.101 75.842 8.52171
      vertex 103.332 75.5573 0
      vertex 103.101 75.842 0
    endloop
  endfacet
  facet normal 0.358383 -0.933574 0
    outer loop
      vertex 101.582 0.171302 0
      vertex 101.924 0.30259 16.4612
      vertex 101.582 0.171302 16.475
    endloop
  endfacet
  facet normal 0.358383 -0.933574 0
    outer loop
      vertex 101.924 0.30259 16.4612
      vertex 101.582 0.171302 0
      vertex 101.924 0.30259 0
    endloop
  endfacet
  facet normal 0.454413 0.890791 -0
    outer loop
      vertex 102.25 76.5311 0
      vertex 101.924 76.6974 8.4318
      vertex 102.25 76.5311 8.44928
    endloop
  endfacet
  facet normal 0.454413 0.890791 0
    outer loop
      vertex 101.924 76.6974 8.4318
      vertex 102.25 76.5311 0
      vertex 101.924 76.6974 0
    endloop
  endfacet
  facet normal -0.777147 -0.629319 0
    outer loop
      vertex 0.898993 1.15804 0
      vertex 0.66844 1.44275 16.3414
      vertex 0.66844 1.44275 0
    endloop
  endfacet
  facet normal -0.777147 -0.629319 0
    outer loop
      vertex 0.66844 1.44275 16.3414
      vertex 0.898993 1.15804 0
      vertex 0.898993 1.15804 16.3713
    endloop
  endfacet
  facet normal -0.933582 -0.358365 0
    outer loop
      vertex 0.30259 2.07642 0
      vertex 0.171302 2.41844 16.2388
      vertex 0.171302 2.41844 0
    endloop
  endfacet
  facet normal -0.933582 -0.358365 0
    outer loop
      vertex 0.171302 2.41844 16.2388
      vertex 0.30259 2.07642 0
      vertex 0.30259 2.07642 16.2748
    endloop
  endfacet
  facet normal 0.62901 0.777397 -0
    outer loop
      vertex 102.842 76.101 0
      vertex 102.557 76.3316 8.47025
      vertex 102.842 76.101 8.49449
    endloop
  endfacet
  facet normal 0.62901 0.777397 0
    outer loop
      vertex 102.557 76.3316 8.47025
      vertex 102.842 76.101 0
      vertex 102.557 76.3316 0
    endloop
  endfacet
  facet normal 8.33879e-06 0.104508 0.994524
    outer loop
      vertex 101.541 73.03 8.81727
      vertex 104 73.5 8.76786
      vertex 103.981 73.8659 8.72941
    endloop
  endfacet
  facet normal -2.05119e-06 0.104529 0.994522
    outer loop
      vertex 104 73.5 8.76786
      vertex 101.8 71.8164 8.94481
      vertex 104 3.5 16.1252
    endloop
  endfacet
  facet normal -4.35654e-06 0.104537 0.994521
    outer loop
      vertex 101.398 73.3082 8.78802
      vertex 103.981 73.8659 8.72941
      vertex 103.924 74.2277 8.69138
    endloop
  endfacet
  facet normal -2.24804e-05 0.104528 0.994522
    outer loop
      vertex 101.8 5.18357 15.9482
      vertex 104 3.5 16.1252
      vertex 101.8 71.8164 8.94481
    endloop
  endfacet
  facet normal 4.7542e-06 0.104512 0.994524
    outer loop
      vertex 101.398 73.3082 8.78802
      vertex 103.924 74.2277 8.69138
      vertex 103.829 74.5816 8.65419
    endloop
  endfacet
  facet normal 7.06777e-05 0.104649 0.994509
    outer loop
      vertex 101.787 4.92794 15.9751
      vertex 104 3.5 16.1252
      vertex 101.8 5.18357 15.9482
    endloop
  endfacet
  facet normal -5.78249e-06 0.104539 0.994521
    outer loop
      vertex 101.258 73.5229 8.76546
      vertex 103.829 74.5816 8.65419
      vertex 103.697 74.9236 8.61824
    endloop
  endfacet
  facet normal -0.00012961 0.104342 0.994541
    outer loop
      vertex 101.784 4.8717 15.981
      vertex 104 3.5 16.1252
      vertex 101.787 4.92794 15.9751
    endloop
  endfacet
  facet normal -7.89625e-06 0.104536 0.994521
    outer loop
      vertex 101.227 73.5701 8.76049
      vertex 103.697 74.9236 8.61824
      vertex 103.531 75.25 8.58393
    endloop
  endfacet
  facet normal -4.68232e-05 0.104474 0.994528
    outer loop
      vertex 101.734 4.56325 16.0134
      vertex 104 3.5 16.1252
      vertex 101.784 4.8717 15.981
    endloop
  endfacet
  facet normal 1.22688e-05 0.104509 0.994524
    outer loop
      vertex 101.065 73.7691 8.73958
      vertex 103.531 75.25 8.58393
      vertex 103.332 75.5573 8.55164
    endloop
  endfacet
  facet normal -0.000154017 0.104248 0.994551
    outer loop
      vertex 101.72 4.50885 16.0191
      vertex 104 3.5 16.1252
      vertex 101.734 4.56325 16.0134
    endloop
  endfacet
  facet normal -1.50187e-05 0.10454 0.994521
    outer loop
      vertex 101.029 73.8128 8.73498
      vertex 103.332 75.5573 8.55164
      vertex 103.101 75.842 8.52171
    endloop
  endfacet
  facet normal -6.59393e-06 0.104578 0.994517
    outer loop
      vertex 101.653 4.26159 16.0451
      vertex 104 3.5 16.1252
      vertex 101.72 4.50885 16.0191
    endloop
  endfacet
  facet normal 1.9718e-06 0.104523 0.994522
    outer loop
      vertex 101.029 73.8128 8.73498
      vertex 103.101 75.842 8.52171
      vertex 102.842 76.101 8.49449
    endloop
  endfacet
  facet normal -4.15952e-05 0.104471 0.994528
    outer loop
      vertex 101.561 4.02261 16.0702
      vertex 104 3.5 16.1252
      vertex 101.653 4.26159 16.0451
    endloop
  endfacet
  facet normal -6.18633e-06 0.104534 0.994521
    outer loop
      vertex 100.807 74.0337 8.71177
      vertex 102.842 76.101 8.49449
      vertex 102.557 76.3316 8.47025
    endloop
  endfacet
  facet normal 0.000252887 0.10583 0.994384
    outer loop
      vertex 101.541 3.97004 16.0758
      vertex 104 3.5 16.1252
      vertex 101.561 4.02261 16.0702
    endloop
  endfacet
  facet normal -3.51097e-06 0.104532 0.994522
    outer loop
      vertex 100.807 74.0337 8.71177
      vertex 102.557 76.3316 8.47025
      vertex 102.25 76.5311 8.44928
    endloop
  endfacet
  facet normal -2.56736e-05 0.104389 0.994537
    outer loop
      vertex 104 3.5 16.1252
      vertex 101.541 3.97004 16.0758
      vertex 103.981 3.13415 16.1636
    endloop
  endfacet
  facet normal -1.67902e-06 0.104532 0.994522
    outer loop
      vertex 100.563 74.2302 8.69112
      vertex 102.25 76.5311 8.44928
      vertex 101.924 76.6974 8.4318
    endloop
  endfacet
  facet normal -2.89461e-05 0.104379 0.994538
    outer loop
      vertex 101.398 3.69178 16.105
      vertex 103.981 3.13415 16.1636
      vertex 101.541 3.97004 16.0758
    endloop
  endfacet
  facet normal -1.42879e-05 0.104447 0.99453
    outer loop
      vertex 103.981 3.13415 16.1636
      vertex 101.398 3.69178 16.105
      vertex 103.924 2.77231 16.2016
    endloop
  endfacet
  facet normal 9.41913e-05 0.104405 0.994535
    outer loop
      vertex 104 73.5 8.76786
      vertex 101.797 71.8727 8.9389
      vertex 101.8 71.8164 8.94481
    endloop
  endfacet
  facet normal -1.31532e-05 0.104548 0.99452
    outer loop
      vertex 104 73.5 8.76786
      vertex 101.784 72.1283 8.91203
      vertex 101.797 71.8727 8.9389
    endloop
  endfacet
  facet normal 2.5977e-05 0.104486 0.994526
    outer loop
      vertex 104 73.5 8.76786
      vertex 101.734 72.4368 8.87962
      vertex 101.784 72.1283 8.91203
    endloop
  endfacet
  facet normal -9.37727e-06 0.10456 0.994519
    outer loop
      vertex 104 73.5 8.76786
      vertex 101.653 72.7384 8.84791
      vertex 101.734 72.4368 8.87962
    endloop
  endfacet
  facet normal 8.95716e-07 0.104529 0.994522
    outer loop
      vertex 100.516 74.2609 8.68789
      vertex 101.924 76.6974 8.4318
      vertex 101.582 76.8287 8.418
    endloop
  endfacet
  facet normal 9.24641e-06 0.104504 0.994525
    outer loop
      vertex 104 73.5 8.76786
      vertex 101.541 73.03 8.81727
      vertex 101.653 72.7384 8.84791
    endloop
  endfacet
  facet normal -8.12714e-05 0.104767 0.994497
    outer loop
      vertex 103.981 73.8659 8.72941
      vertex 101.515 73.0801 8.81199
      vertex 101.541 73.03 8.81727
    endloop
  endfacet
  facet normal 1.32515e-06 0.104511 0.994524
    outer loop
      vertex 103.981 73.8659 8.72941
      vertex 101.398 73.3082 8.78802
      vertex 101.515 73.0801 8.81199
    endloop
  endfacet
  facet normal 7.66546e-06 0.104506 0.994524
    outer loop
      vertex 103.829 74.5816 8.65419
      vertex 101.258 73.5229 8.76546
      vertex 101.398 73.3082 8.78802
    endloop
  endfacet
  facet normal 1.00224e-05 0.104525 0.994522
    outer loop
      vertex 100.3 74.4003 8.67324
      vertex 101.582 76.8287 8.418
      vertex 101.228 76.9235 8.40804
    endloop
  endfacet
  facet normal -7.96334e-05 0.104666 0.994507
    outer loop
      vertex 103.697 74.9236 8.61824
      vertex 101.227 73.5701 8.76049
      vertex 101.258 73.5229 8.76546
    endloop
  endfacet
  facet normal 1.18844e-05 0.10451 0.994524
    outer loop
      vertex 103.531 75.25 8.58393
      vertex 101.065 73.7691 8.73958
      vertex 101.227 73.5701 8.76049
    endloop
  endfacet
  facet normal -7.7532e-05 0.104622 0.994512
    outer loop
      vertex 103.332 75.5573 8.55164
      vertex 101.029 73.8128 8.73498
      vertex 101.065 73.7691 8.73958
    endloop
  endfacet
  facet normal -1.94835e-05 0.104536 0.994521
    outer loop
      vertex 100.3 74.4003 8.67324
      vertex 101.228 76.9235 8.40804
      vertex 100.866 76.9808 8.40201
    endloop
  endfacet
  facet normal 1.65511e-05 0.104511 0.994524
    outer loop
      vertex 102.842 76.101 8.49449
      vertex 100.807 74.0337 8.71177
      vertex 101.029 73.8128 8.73498
    endloop
  endfacet
  facet normal 8.8825e-06 0.104524 0.994522
    outer loop
      vertex 102.25 76.5311 8.44928
      vertex 100.563 74.2302 8.69112
      vertex 100.807 74.0337 8.71177
    endloop
  endfacet
  facet normal -5.00093e-05 0.104558 0.994519
    outer loop
      vertex 101.924 76.6974 8.4318
      vertex 100.516 74.2609 8.68789
      vertex 100.563 74.2302 8.69112
    endloop
  endfacet
  facet normal 2.16116e-05 0.104526 0.994522
    outer loop
      vertex 100.02 74.5421 8.65834
      vertex 100.866 76.9808 8.40201
      vertex 100.5 77 8.4
    endloop
  endfacet
  facet normal 6.21678e-06 0.104527 0.994522
    outer loop
      vertex 101.582 76.8287 8.418
      vertex 100.3 74.4003 8.67324
      vertex 100.516 74.2609 8.68789
    endloop
  endfacet
  facet normal 1.35824e-05 0.104529 0.994522
    outer loop
      vertex 100.866 76.9808 8.40201
      vertex 100.02 74.5421 8.65834
      vertex 100.3 74.4003 8.67324
    endloop
  endfacet
  facet normal -6.86582e-06 0.104532 0.994522
    outer loop
      vertex 100.5 77 8.4
      vertex 99.7799 74.6338 8.6487
      vertex 100.02 74.5421 8.65834
    endloop
  endfacet
  facet normal 5.27346e-05 0.104514 0.994523
    outer loop
      vertex 100.5 77 8.4
      vertex 99.7271 74.654 8.64658
      vertex 99.7799 74.6338 8.6487
    endloop
  endfacet
  facet normal -0.000266779 0.104618 0.994512
    outer loop
      vertex 100.5 77 8.4
      vertex 99.6724 74.6685 8.64504
      vertex 99.7271 74.654 8.64658
    endloop
  endfacet
  facet normal 2.96329e-05 0.104514 0.994523
    outer loop
      vertex 100.5 77 8.4
      vertex 99.4237 74.7348 8.63808
      vertex 99.6724 74.6685 8.64504
    endloop
  endfacet
  facet normal -2.13603e-05 0.104538 0.994521
    outer loop
      vertex 100.5 77 8.4
      vertex 99.1695 74.7748 8.63387
      vertex 99.4237 74.7348 8.63808
    endloop
  endfacet
  facet normal 0.000250105 0.104377 0.994538
    outer loop
      vertex 100.5 77 8.4
      vertex 99.1136 74.7837 8.63295
      vertex 99.1695 74.7748 8.63387
    endloop
  endfacet
  facet normal -8.83259e-05 0.104586 0.994516
    outer loop
      vertex 100.5 77 8.4
      vertex 99.057 74.7866 8.63264
      vertex 99.1136 74.7837 8.63295
    endloop
  endfacet
  facet normal -5.94839e-06 0.104533 0.994521
    outer loop
      vertex 100.5 77 8.4
      vertex 98.8 74.8 8.63123
      vertex 99.057 74.7866 8.63264
    endloop
  endfacet
  facet normal 0 0.104529 0.994522
    outer loop
      vertex 100.5 77 8.4
      vertex 5.2 74.8 8.63123
      vertex 98.8 74.8 8.63123
    endloop
  endfacet
  facet normal -2.96415e-05 0.104514 0.994523
    outer loop
      vertex 3.5 77 8.4
      vertex 4.32764 74.6685 8.64504
      vertex 4.57626 74.7348 8.63808
    endloop
  endfacet
  facet normal -5.26722e-05 0.104514 0.994523
    outer loop
      vertex 3.5 77 8.4
      vertex 4.22008 74.6338 8.6487
      vertex 4.27295 74.654 8.64658
    endloop
  endfacet
  facet normal -0 0.104529 0.994522
    outer loop
      vertex 3.5 77 8.4
      vertex 5.2 74.8 8.63123
      vertex 100.5 77 8.4
    endloop
  endfacet
  facet normal 5.9475e-06 0.104533 0.994521
    outer loop
      vertex 3.5 77 8.4
      vertex 4.94296 74.7866 8.63264
      vertex 5.2 74.8 8.63123
    endloop
  endfacet
  facet normal 8.84015e-05 0.104586 0.994516
    outer loop
      vertex 3.5 77 8.4
      vertex 4.88641 74.7837 8.63295
      vertex 4.94296 74.7866 8.63264
    endloop
  endfacet
  facet normal -0.000250024 0.104377 0.994538
    outer loop
      vertex 3.5 77 8.4
      vertex 4.83049 74.7748 8.63387
      vertex 4.88641 74.7837 8.63295
    endloop
  endfacet
  facet normal 2.1358e-05 0.104538 0.994521
    outer loop
      vertex 3.5 77 8.4
      vertex 4.57626 74.7348 8.63808
      vertex 4.83049 74.7748 8.63387
    endloop
  endfacet
  facet normal 0.000266823 0.104618 0.994512
    outer loop
      vertex 4.32764 74.6685 8.64504
      vertex 3.5 77 8.4
      vertex 4.27295 74.654 8.64658
    endloop
  endfacet
  facet normal 6.86098e-06 0.104532 0.994522
    outer loop
      vertex 4.22008 74.6338 8.6487
      vertex 3.5 77 8.4
      vertex 3.97979 74.5421 8.65834
    endloop
  endfacet
  facet normal -2.16205e-05 0.104526 0.994522
    outer loop
      vertex 3.13415 76.9808 8.40201
      vertex 3.97979 74.5421 8.65834
      vertex 3.5 77 8.4
    endloop
  endfacet
  facet normal -1.35919e-05 0.104529 0.994522
    outer loop
      vertex 3.97979 74.5421 8.65834
      vertex 3.13415 76.9808 8.40201
      vertex 3.7 74.4003 8.67324
    endloop
  endfacet
  facet normal 1.9492e-05 0.104536 0.994521
    outer loop
      vertex 2.77231 76.9235 8.40804
      vertex 3.7 74.4003 8.67324
      vertex 3.13415 76.9808 8.40201
    endloop
  endfacet
  facet normal -1.0026e-05 0.104525 0.994522
    outer loop
      vertex 2.41844 76.8287 8.418
      vertex 3.7 74.4003 8.67324
      vertex 2.77231 76.9235 8.40804
    endloop
  endfacet
  facet normal -6.22011e-06 0.104527 0.994522
    outer loop
      vertex 3.7 74.4003 8.67324
      vertex 2.41844 76.8287 8.418
      vertex 3.48413 74.2609 8.68789
    endloop
  endfacet
  facet normal -8.95707e-07 0.104529 0.994522
    outer loop
      vertex 2.07642 76.6974 8.4318
      vertex 3.48413 74.2609 8.68789
      vertex 2.41844 76.8287 8.418
    endloop
  endfacet
  facet normal 4.96364e-05 0.104558 0.994519
    outer loop
      vertex 3.48413 74.2609 8.68789
      vertex 2.07642 76.6974 8.4318
      vertex 3.43664 74.2302 8.69112
    endloop
  endfacet
  facet normal 1.67754e-06 0.104532 0.994522
    outer loop
      vertex 1.75 76.5311 8.44928
      vertex 3.43664 74.2302 8.69112
      vertex 2.07642 76.6974 8.4318
    endloop
  endfacet
  facet normal -8.88251e-06 0.104524 0.994522
    outer loop
      vertex 3.43664 74.2302 8.69112
      vertex 1.75 76.5311 8.44928
      vertex 3.19261 74.0337 8.71177
    endloop
  endfacet
  facet normal 3.50916e-06 0.104532 0.994522
    outer loop
      vertex 1.44275 76.3316 8.47025
      vertex 3.19261 74.0337 8.71177
      vertex 1.75 76.5311 8.44928
    endloop
  endfacet
  facet normal 6.19041e-06 0.104534 0.994521
    outer loop
      vertex 1.15804 76.101 8.49449
      vertex 3.19261 74.0337 8.71177
      vertex 1.44275 76.3316 8.47025
    endloop
  endfacet
  facet normal -1.65509e-05 0.104511 0.994524
    outer loop
      vertex 3.19261 74.0337 8.71177
      vertex 1.15804 76.101 8.49449
      vertex 2.97056 73.8128 8.73498
    endloop
  endfacet
  facet normal -1.97183e-06 0.104523 0.994522
    outer loop
      vertex 0.898993 75.842 8.52171
      vertex 2.97056 73.8128 8.73498
      vertex 1.15804 76.101 8.49449
    endloop
  endfacet
  facet normal 1.50333e-05 0.10454 0.994521
    outer loop
      vertex 0.66844 75.5573 8.55164
      vertex 2.97056 73.8128 8.73498
      vertex 0.898993 75.842 8.52171
    endloop
  endfacet
  facet normal 7.78578e-05 0.104622 0.994512
    outer loop
      vertex 2.97056 73.8128 8.73498
      vertex 0.66844 75.5573 8.55164
      vertex 2.93493 73.7691 8.73958
    endloop
  endfacet
  facet normal -1.22596e-05 0.104509 0.994524
    outer loop
      vertex 0.46891 75.25 8.58393
      vertex 2.93493 73.7691 8.73958
      vertex 0.66844 75.5573 8.55164
    endloop
  endfacet
  facet normal -1.18848e-05 0.10451 0.994524
    outer loop
      vertex 2.93493 73.7691 8.73958
      vertex 0.46891 75.25 8.58393
      vertex 2.77295 73.5701 8.76049
    endloop
  endfacet
  facet normal 7.89203e-06 0.104536 0.994521
    outer loop
      vertex 0.30259 74.9236 8.61824
      vertex 2.77295 73.5701 8.76049
      vertex 0.46891 75.25 8.58393
    endloop
  endfacet
  facet normal 7.97337e-05 0.104666 0.994507
    outer loop
      vertex 2.77295 73.5701 8.76049
      vertex 0.30259 74.9236 8.61824
      vertex 2.74211 73.5229 8.76546
    endloop
  endfacet
  facet normal -7.66371e-06 0.104506 0.994524
    outer loop
      vertex 2.74211 73.5229 8.76546
      vertex 0.171302 74.5816 8.65419
      vertex 2.60192 73.3082 8.78802
    endloop
  endfacet
  facet normal 5.78715e-06 0.104539 0.994521
    outer loop
      vertex 0.171302 74.5816 8.65419
      vertex 2.74211 73.5229 8.76546
      vertex 0.30259 74.9236 8.61824
    endloop
  endfacet
  facet normal 2.0719e-05 0.104542 0.99452
    outer loop
      vertex 103.924 2.77231 16.2016
      vertex 101.398 3.69178 16.105
      vertex 103.829 2.41844 16.2388
    endloop
  endfacet
  facet normal -3.10868e-05 0.104444 0.994531
    outer loop
      vertex 101.227 3.42987 16.1325
      vertex 103.829 2.41844 16.2388
      vertex 101.398 3.69178 16.105
    endloop
  endfacet
  facet normal 5.32059e-05 0.104658 0.994508
    outer loop
      vertex 103.829 2.41844 16.2388
      vertex 101.227 3.42987 16.1325
      vertex 103.697 2.07642 16.2748
    endloop
  endfacet
  facet normal -2.53047e-05 0.104517 0.994523
    outer loop
      vertex 103.697 2.07642 16.2748
      vertex 101.227 3.42987 16.1325
      vertex 103.531 1.75 16.3091
    endloop
  endfacet
  facet normal -1.46723e-05 0.104531 0.994522
    outer loop
      vertex 101.191 3.3861 16.1371
      vertex 103.531 1.75 16.3091
      vertex 101.227 3.42987 16.1325
    endloop
  endfacet
  facet normal -9.23541e-07 0.104551 0.99452
    outer loop
      vertex 103.531 1.75 16.3091
      vertex 101.191 3.3861 16.1371
      vertex 103.332 1.44275 16.3414
    endloop
  endfacet
  facet normal -3.40811e-05 0.104514 0.994523
    outer loop
      vertex 101.029 3.18717 16.158
      vertex 103.332 1.44275 16.3414
      vertex 101.191 3.3861 16.1371
    endloop
  endfacet
  facet normal -5.41638e-05 0.104488 0.994526
    outer loop
      vertex 103.332 1.44275 16.3414
      vertex 101.029 3.18717 16.158
      vertex 103.101 1.15804 16.3713
    endloop
  endfacet
  facet normal 0.000174629 0.104719 0.994502
    outer loop
      vertex 100.989 3.14735 16.1622
      vertex 103.101 1.15804 16.3713
      vertex 101.029 3.18717 16.158
    endloop
  endfacet
  facet normal -5.38256e-05 0.104479 0.994527
    outer loop
      vertex 103.101 1.15804 16.3713
      vertex 100.989 3.14735 16.1622
      vertex 102.842 0.898993 16.3985
    endloop
  endfacet
  facet normal -7.19639e-05 0.104465 0.994529
    outer loop
      vertex 100.807 2.96634 16.1812
      vertex 102.842 0.898993 16.3985
      vertex 100.989 3.14735 16.1622
    endloop
  endfacet
  facet normal 0.000129077 0.10466 0.994508
    outer loop
      vertex 102.842 0.898993 16.3985
      vertex 100.807 2.96634 16.1812
      vertex 102.557 0.66844 16.4228
    endloop
  endfacet
  facet normal -0.000170061 0.104435 0.994532
    outer loop
      vertex 102.557 0.66844 16.4228
      vertex 100.807 2.96634 16.1812
      vertex 102.25 0.46891 16.4437
    endloop
  endfacet
  facet normal 0.000231236 0.104664 0.994508
    outer loop
      vertex 100.607 2.80525 16.1982
      vertex 102.25 0.46891 16.4437
      vertex 100.807 2.96634 16.1812
    endloop
  endfacet
  facet normal -0.000346256 0.104263 0.99455
    outer loop
      vertex 100.563 2.76981 16.2019
      vertex 102.25 0.46891 16.4437
      vertex 100.607 2.80525 16.1982
    endloop
  endfacet
  facet normal 4.7835e-05 0.104548 0.99452
    outer loop
      vertex 102.25 0.46891 16.4437
      vertex 100.563 2.76981 16.2019
      vertex 101.924 0.30259 16.4612
    endloop
  endfacet
  facet normal 4.53028e-06 0.104525 0.994522
    outer loop
      vertex 101.924 0.30259 16.4612
      vertex 100.563 2.76981 16.2019
      vertex 101.582 0.171302 16.475
    endloop
  endfacet
  facet normal 7.16399e-05 0.104551 0.99452
    outer loop
      vertex 100.3 2.59972 16.2198
      vertex 101.582 0.171302 16.475
      vertex 100.563 2.76981 16.2019
    endloop
  endfacet
  facet normal 8.74902e-05 0.104559 0.994519
    outer loop
      vertex 101.582 0.171302 16.475
      vertex 100.3 2.59972 16.2198
      vertex 101.228 0.0764828 16.485
    endloop
  endfacet
  facet normal -6.09263e-05 0.104505 0.994524
    outer loop
      vertex 101.228 0.0764828 16.485
      vertex 100.3 2.59972 16.2198
      vertex 100.866 0.0191727 16.491
    endloop
  endfacet
  facet normal -5.06938e-05 0.104507 0.994524
    outer loop
      vertex 100.071 2.48351 16.232
      vertex 100.866 0.0191727 16.491
      vertex 100.3 2.59972 16.2198
    endloop
  endfacet
  facet normal 0.0002117 0.104591 0.994515
    outer loop
      vertex 100.02 2.45794 16.2347
      vertex 100.866 0.0191727 16.491
      vertex 100.071 2.48351 16.232
    endloop
  endfacet
  facet normal -3.98642e-05 0.104505 0.994524
    outer loop
      vertex 100.866 0.0191727 16.491
      vertex 100.02 2.45794 16.2347
      vertex 100.5 0 16.493
    endloop
  endfacet
  facet normal -0.000363038 0.104442 0.994531
    outer loop
      vertex 99.9673 2.43776 16.2368
      vertex 100.5 0 16.493
      vertex 100.02 2.45794 16.2347
    endloop
  endfacet
  facet normal -0.000154772 0.104487 0.994526
    outer loop
      vertex 99.7271 2.34603 16.2464
      vertex 100.5 0 16.493
      vertex 99.9673 2.43776 16.2368
    endloop
  endfacet
  facet normal 0.00112715 0.104905 0.994482
    outer loop
      vertex 99.6724 2.33145 16.248
      vertex 100.5 0 16.493
      vertex 99.7271 2.34603 16.2464
    endloop
  endfacet
  facet normal -0.000226036 0.10443 0.994532
    outer loop
      vertex 99.4237 2.2652 16.2549
      vertex 100.5 0 16.493
      vertex 99.6724 2.33145 16.248
    endloop
  endfacet
  facet normal 0.000191617 0.104626 0.994512
    outer loop
      vertex 99.1136 2.21634 16.2601
      vertex 100.5 0 16.493
      vertex 99.4237 2.2652 16.2549
    endloop
  endfacet
  facet normal -2.64611e-05 0.104491 0.994526
    outer loop
      vertex 98.8565 2.20295 16.2615
      vertex 100.5 0 16.493
      vertex 99.1136 2.21634 16.2601
    endloop
  endfacet
  facet normal -0.000169505 0.104386 0.994537
    outer loop
      vertex 98.8 2.2 16.2618
      vertex 100.5 0 16.493
      vertex 98.8565 2.20295 16.2615
    endloop
  endfacet
  facet normal -0 0.104515 0.994523
    outer loop
      vertex 5.2 2.2 16.2618
      vertex 100.5 0 16.493
      vertex 98.8 2.2 16.2618
    endloop
  endfacet
  facet normal -0.00112734 0.104905 0.994482
    outer loop
      vertex 3.5 0 16.493
      vertex 4.32764 2.33145 16.248
      vertex 4.27295 2.34603 16.2464
    endloop
  endfacet
  facet normal 5.06275e-05 0.104507 0.994524
    outer loop
      vertex 3.13415 0.0191727 16.491
      vertex 3.92934 2.48351 16.232
      vertex 3.7 2.59972 16.2198
    endloop
  endfacet
  facet normal 0 0.104515 0.994523
    outer loop
      vertex 5.2 2.2 16.2618
      vertex 3.5 0 16.493
      vertex 100.5 0 16.493
    endloop
  endfacet
  facet normal 0.000169361 0.104386 0.994537
    outer loop
      vertex 5.14345 2.20295 16.2615
      vertex 3.5 0 16.493
      vertex 5.2 2.2 16.2618
    endloop
  endfacet
  facet normal 2.64671e-05 0.104491 0.994526
    outer loop
      vertex 4.88641 2.21634 16.2601
      vertex 3.5 0 16.493
      vertex 5.14345 2.20295 16.2615
    endloop
  endfacet
  facet normal -0.000191588 0.104626 0.994512
    outer loop
      vertex 4.57626 2.2652 16.2549
      vertex 3.5 0 16.493
      vertex 4.88641 2.21634 16.2601
    endloop
  endfacet
  facet normal 0.000226102 0.10443 0.994532
    outer loop
      vertex 4.32764 2.33145 16.248
      vertex 3.5 0 16.493
      vertex 4.57626 2.2652 16.2549
    endloop
  endfacet
  facet normal 0.000154714 0.104487 0.994526
    outer loop
      vertex 4.03265 2.43776 16.2368
      vertex 3.5 0 16.493
      vertex 4.27295 2.34603 16.2464
    endloop
  endfacet
  facet normal 0.000362026 0.104443 0.994531
    outer loop
      vertex 3.97979 2.45794 16.2347
      vertex 3.5 0 16.493
      vertex 4.03265 2.43776 16.2368
    endloop
  endfacet
  facet normal -0.000213677 0.104592 0.994515
    outer loop
      vertex 3.92934 2.48351 16.232
      vertex 3.13415 0.0191727 16.491
      vertex 3.97979 2.45794 16.2347
    endloop
  endfacet
  facet normal -7.15731e-05 0.104551 0.99452
    outer loop
      vertex 2.41844 0.171302 16.475
      vertex 3.7 2.59972 16.2198
      vertex 3.43664 2.76981 16.2019
    endloop
  endfacet
  facet normal 0.000346283 0.104263 0.99455
    outer loop
      vertex 1.75 0.46891 16.4437
      vertex 3.43664 2.76981 16.2019
      vertex 3.39264 2.80525 16.1982
    endloop
  endfacet
  facet normal -0.000231232 0.104664 0.994508
    outer loop
      vertex 1.75 0.46891 16.4437
      vertex 3.39264 2.80525 16.1982
      vertex 3.19261 2.96634 16.1812
    endloop
  endfacet
  facet normal 3.98806e-05 0.104505 0.994524
    outer loop
      vertex 3.97979 2.45794 16.2347
      vertex 3.13415 0.0191727 16.491
      vertex 3.5 0 16.493
    endloop
  endfacet
  facet normal 7.19714e-05 0.104465 0.994529
    outer loop
      vertex 1.15804 0.898993 16.3985
      vertex 3.19261 2.96634 16.1812
      vertex 3.01061 3.14735 16.1622
    endloop
  endfacet
  facet normal -0.00017454 0.104719 0.994502
    outer loop
      vertex 0.898993 1.15804 16.3713
      vertex 3.01061 3.14735 16.1622
      vertex 2.97056 3.18717 16.158
    endloop
  endfacet
  facet normal 3.40908e-05 0.104514 0.994523
    outer loop
      vertex 0.66844 1.44275 16.3414
      vertex 2.97056 3.18717 16.158
      vertex 2.80858 3.3861 16.1371
    endloop
  endfacet
  facet normal 1.47289e-05 0.104531 0.994522
    outer loop
      vertex 0.46891 1.75 16.3091
      vertex 2.80858 3.3861 16.1371
      vertex 2.77295 3.42987 16.1325
    endloop
  endfacet
  facet normal 6.09529e-05 0.104505 0.994524
    outer loop
      vertex 3.7 2.59972 16.2198
      vertex 2.77231 0.0764828 16.485
      vertex 3.13415 0.0191727 16.491
    endloop
  endfacet
  facet normal 3.1089e-05 0.104444 0.994531
    outer loop
      vertex 0.171302 2.41844 16.2388
      vertex 2.77295 3.42987 16.1325
      vertex 2.60192 3.69178 16.105
    endloop
  endfacet
  facet normal 2.89575e-05 0.104379 0.994538
    outer loop
      vertex 0.0191727 3.13415 16.1636
      vertex 2.60192 3.69178 16.105
      vertex 2.45936 3.97004 16.0758
    endloop
  endfacet
  facet normal -0.000252604 0.105829 0.994384
    outer loop
      vertex 0 3.5 16.1252
      vertex 2.45936 3.97004 16.0758
      vertex 2.43907 4.02261 16.0702
    endloop
  endfacet
  facet normal -8.75221e-05 0.104559 0.994519
    outer loop
      vertex 3.7 2.59972 16.2198
      vertex 2.41844 0.171302 16.475
      vertex 2.77231 0.0764828 16.485
    endloop
  endfacet
  facet normal 4.15858e-05 0.104471 0.994528
    outer loop
      vertex 0 3.5 16.1252
      vertex 2.43907 4.02261 16.0702
      vertex 2.34683 4.26159 16.0451
    endloop
  endfacet
  facet normal 6.59739e-06 0.104578 0.994517
    outer loop
      vertex 0 3.5 16.1252
      vertex 2.34683 4.26159 16.0451
      vertex 2.28021 4.50885 16.0191
    endloop
  endfacet
  facet normal 0.000153277 0.10425 0.994551
    outer loop
      vertex 0 3.5 16.1252
      vertex 2.28021 4.50885 16.0191
      vertex 2.26556 4.56325 16.0134
    endloop
  endfacet
  facet normal 4.68894e-05 0.104474 0.994528
    outer loop
      vertex 0 3.5 16.1252
      vertex 2.26556 4.56325 16.0134
      vertex 2.21643 4.8717 15.981
    endloop
  endfacet
  facet normal 0.000129641 0.104342 0.994541
    outer loop
      vertex 0 3.5 16.1252
      vertex 2.21643 4.8717 15.981
      vertex 2.21347 4.92794 15.9751
    endloop
  endfacet
  facet normal -7.05821e-05 0.104649 0.994509
    outer loop
      vertex 0 3.5 16.1252
      vertex 2.21347 4.92794 15.9751
      vertex 2.2 5.18357 15.9482
    endloop
  endfacet
  facet normal -4.53052e-06 0.104525 0.994522
    outer loop
      vertex 3.43664 2.76981 16.2019
      vertex 2.07642 0.30259 16.4612
      vertex 2.41844 0.171302 16.475
    endloop
  endfacet
  facet normal 1.54773e-06 0.104528 0.994522
    outer loop
      vertex 2.2 71.8164 8.94481
      vertex 0 73.5 8.76786
      vertex 2.2 5.18357 15.9482
    endloop
  endfacet
  facet normal -4.75597e-06 0.104512 0.994524
    outer loop
      vertex 0.0764828 74.2277 8.69138
      vertex 2.60192 73.3082 8.78802
      vertex 0.171302 74.5816 8.65419
    endloop
  endfacet
  facet normal 2.1977e-05 0.104529 0.994522
    outer loop
      vertex 0 3.5 16.1252
      vertex 2.2 5.18357 15.9482
      vertex 0 73.5 8.76786
    endloop
  endfacet
  facet normal 4.35618e-06 0.104537 0.994521
    outer loop
      vertex 0.0191727 73.8659 8.72941
      vertex 2.60192 73.3082 8.78802
      vertex 0.0764828 74.2277 8.69138
    endloop
  endfacet
  facet normal 2.56675e-05 0.104389 0.994537
    outer loop
      vertex 2.45936 3.97004 16.0758
      vertex 0 3.5 16.1252
      vertex 0.0191727 3.13415 16.1636
    endloop
  endfacet
  facet normal -1.32544e-06 0.104511 0.994524
    outer loop
      vertex 2.60192 73.3082 8.78802
      vertex 0.0191727 73.8659 8.72941
      vertex 2.48507 73.0801 8.81199
    endloop
  endfacet
  facet normal -4.77929e-05 0.104548 0.99452
    outer loop
      vertex 3.43664 2.76981 16.2019
      vertex 1.75 0.46891 16.4437
      vertex 2.07642 0.30259 16.4612
    endloop
  endfacet
  facet normal 8.14032e-05 0.104767 0.994497
    outer loop
      vertex 2.48507 73.0801 8.81199
      vertex 0.0191727 73.8659 8.72941
      vertex 2.45936 73.03 8.81727
    endloop
  endfacet
  facet normal 0.000169973 0.104435 0.994532
    outer loop
      vertex 3.19261 2.96634 16.1812
      vertex 1.44275 0.66844 16.4228
      vertex 1.75 0.46891 16.4437
    endloop
  endfacet
  facet normal -8.33684e-06 0.104508 0.994524
    outer loop
      vertex 0 73.5 8.76786
      vertex 2.45936 73.03 8.81727
      vertex 0.0191727 73.8659 8.72941
    endloop
  endfacet
  facet normal -0.000129162 0.10466 0.994508
    outer loop
      vertex 3.19261 2.96634 16.1812
      vertex 1.15804 0.898993 16.3985
      vertex 1.44275 0.66844 16.4228
    endloop
  endfacet
  facet normal -9.24216e-06 0.104504 0.994525
    outer loop
      vertex 2.45936 73.03 8.81727
      vertex 0 73.5 8.76786
      vertex 2.34683 72.7384 8.84791
    endloop
  endfacet
  facet normal 5.38259e-05 0.104479 0.994527
    outer loop
      vertex 3.01061 3.14735 16.1622
      vertex 0.898993 1.15804 16.3713
      vertex 1.15804 0.898993 16.3985
    endloop
  endfacet
  facet normal 9.37539e-06 0.10456 0.994519
    outer loop
      vertex 2.34683 72.7384 8.84791
      vertex 0 73.5 8.76786
      vertex 2.26556 72.4368 8.87962
    endloop
  endfacet
  facet normal 5.42166e-05 0.104488 0.994526
    outer loop
      vertex 2.97056 3.18717 16.158
      vertex 0.66844 1.44275 16.3414
      vertex 0.898993 1.15804 16.3713
    endloop
  endfacet
  facet normal -2.60137e-05 0.104486 0.994526
    outer loop
      vertex 2.26556 72.4368 8.87962
      vertex 0 73.5 8.76786
      vertex 2.21643 72.1283 8.91203
    endloop
  endfacet
  facet normal 9.22865e-07 0.104551 0.99452
    outer loop
      vertex 2.80858 3.3861 16.1371
      vertex 0.46891 1.75 16.3091
      vertex 0.66844 1.44275 16.3414
    endloop
  endfacet
  facet normal 1.31362e-05 0.104548 0.99452
    outer loop
      vertex 2.21643 72.1283 8.91203
      vertex 0 73.5 8.76786
      vertex 2.20296 71.8727 8.9389
    endloop
  endfacet
  facet normal 2.52912e-05 0.104517 0.994523
    outer loop
      vertex 2.77295 3.42987 16.1325
      vertex 0.30259 2.07642 16.2748
      vertex 0.46891 1.75 16.3091
    endloop
  endfacet
  facet normal -9.42405e-05 0.104405 0.994535
    outer loop
      vertex 2.20296 71.8727 8.9389
      vertex 0 73.5 8.76786
      vertex 2.2 71.8164 8.94481
    endloop
  endfacet
  facet normal -5.32496e-05 0.104659 0.994508
    outer loop
      vertex 2.77295 3.42987 16.1325
      vertex 0.171302 2.41844 16.2388
      vertex 0.30259 2.07642 16.2748
    endloop
  endfacet
  facet normal -2.07267e-05 0.104542 0.99452
    outer loop
      vertex 2.60192 3.69178 16.105
      vertex 0.0764828 2.77231 16.2016
      vertex 0.171302 2.41844 16.2388
    endloop
  endfacet
  facet normal 1.42867e-05 0.104447 0.99453
    outer loop
      vertex 2.60192 3.69178 16.105
      vertex 0.0191727 3.13415 16.1636
      vertex 0.0764828 2.77231 16.2016
    endloop
  endfacet
  facet normal -0.987688 -0.156435 0
    outer loop
      vertex 1.859 4.73864 -2.2
      vertex 1.81479 5.01777 -1.90735e-07
      vertex 1.81479 5.01777 -2.2
    endloop
  endfacet
  facet normal -0.987688 -0.156435 0
    outer loop
      vertex 1.81479 5.01777 -1.90735e-07
      vertex 1.859 4.73864 -2.2
      vertex 1.859 4.73864 -1.90735e-07
    endloop
  endfacet
  facet normal 0.258819 -0.965926 0
    outer loop
      vertex 100.061 2.659 -2.2
      vertex 100.334 2.73215 -1.90735e-07
      vertex 100.061 2.659 -1.90735e-07
    endloop
  endfacet
  facet normal 0.258819 -0.965926 0
    outer loop
      vertex 100.334 2.73215 -1.90735e-07
      vertex 100.061 2.659 -2.2
      vertex 100.334 2.73215 -2.2
    endloop
  endfacet
  facet normal -0.99863 -0.0523323 0
    outer loop
      vertex 1.81479 5.01777 -2.2
      vertex 1.8 5.3 -1.90735e-07
      vertex 1.8 5.3 -2.2
    endloop
  endfacet
  facet normal -0.99863 -0.0523323 0
    outer loop
      vertex 1.8 5.3 -1.90735e-07
      vertex 1.81479 5.01777 -2.2
      vertex 1.81479 5.01777 -1.90735e-07
    endloop
  endfacet
  facet normal -0.544832 0.838545 0
    outer loop
      vertex 3.15 74.8383 -2.2
      vertex 2.91298 74.6843 -1.90735e-07
      vertex 3.15 74.8383 -1.90735e-07
    endloop
  endfacet
  facet normal -0.544832 0.838545 0
    outer loop
      vertex 2.91298 74.6843 -1.90735e-07
      vertex 3.15 74.8383 -2.2
      vertex 2.91298 74.6843 -2.2
    endloop
  endfacet
  facet normal 0.544665 -0.838654 0
    outer loop
      vertex 100.85 2.96173 -2.2
      vertex 101.087 3.11565 -1.90735e-07
      vertex 100.85 2.96173 -1.90735e-07
    endloop
  endfacet
  facet normal 0.544665 -0.838654 0
    outer loop
      vertex 101.087 3.11565 -1.90735e-07
      vertex 100.85 2.96173 -2.2
      vertex 101.087 3.11565 -2.2
    endloop
  endfacet
  facet normal -0.707107 -0.707107 0
    outer loop
      vertex 2.69335 3.29351 -2.2
      vertex 2.49351 3.49335 -1.90735e-07
      vertex 2.49351 3.49335 -2.2
    endloop
  endfacet
  facet normal -0.707107 -0.707107 0
    outer loop
      vertex 2.49351 3.49335 -1.90735e-07
      vertex 2.69335 3.29351 -2.2
      vertex 2.69335 3.29351 -1.90735e-07
    endloop
  endfacet
  facet normal -0.707213 0.707001 0
    outer loop
      vertex 2.49351 74.3066 -2.2
      vertex 2.69335 74.5065 -1.90735e-07
      vertex 2.69335 74.5065 -2.2
    endloop
  endfacet
  facet normal -0.707213 0.707001 0
    outer loop
      vertex 2.69335 74.5065 -1.90735e-07
      vertex 2.49351 74.3066 -2.2
      vertex 2.49351 74.3066 -1.90735e-07
    endloop
  endfacet
  facet normal 0 0 -1
    outer loop
      vertex 101.545 5.18022 -2.2
      vertex 102.2 5.3 -2.2
      vertex 102.185 5.01777 -2.2
    endloop
  endfacet
  facet normal 0 0 -1
    outer loop
      vertex 102.2 5.3 -2.2
      vertex 101.6 5.7 -2.2
      vertex 102.2 72.5 -2.2
    endloop
  endfacet
  facet normal 0 0 -1
    outer loop
      vertex 101.478 4.92746 -2.2
      vertex 102.185 5.01777 -2.2
      vertex 102.141 4.73864 -2.2
    endloop
  endfacet
  facet normal 0 0 -1
    outer loop
      vertex 101.6 72.1 -2.2
      vertex 102.2 72.5 -2.2
      vertex 101.6 5.7 -2.2
    endloop
  endfacet
  facet normal 0 0 -1
    outer loop
      vertex 101.478 4.92746 -2.2
      vertex 102.141 4.73864 -2.2
      vertex 102.068 4.46565 -2.2
    endloop
  endfacet
  facet normal 0 0 -1
    outer loop
      vertex 101.586 72.3613 -2.2
      vertex 102.2 72.5 -2.2
      vertex 101.6 72.1 -2.2
    endloop
  endfacet
  facet normal 0 0 -1
    outer loop
      vertex 101.384 4.68316 -2.2
      vertex 102.068 4.46565 -2.2
      vertex 101.967 4.20181 -2.2
    endloop
  endfacet
  facet normal 0 0 -1
    outer loop
      vertex 101.545 72.6198 -2.2
      vertex 102.2 72.5 -2.2
      vertex 101.586 72.3613 -2.2
    endloop
  endfacet
  facet normal 0 0 -1
    outer loop
      vertex 101.265 4.45 -2.2
      vertex 101.967 4.20181 -2.2
      vertex 101.838 3.95 -2.2
    endloop
  endfacet
  facet normal 0 0 -1
    outer loop
      vertex 102.2 72.5 -2.2
      vertex 101.545 72.6198 -2.2
      vertex 102.185 72.7822 -2.2
    endloop
  endfacet
  facet normal 0 0 -1
    outer loop
      vertex 101.123 4.23054 -2.2
      vertex 101.838 3.95 -2.2
      vertex 101.684 3.71298 -2.2
    endloop
  endfacet
  facet normal 0 0 -1
    outer loop
      vertex 101.478 72.8725 -2.2
      vertex 102.185 72.7822 -2.2
      vertex 101.545 72.6198 -2.2
    endloop
  endfacet
  facet normal 0 0 -1
    outer loop
      vertex 102.185 72.7822 -2.2
      vertex 101.478 72.8725 -2.2
      vertex 102.141 73.0614 -2.2
    endloop
  endfacet
  facet normal 0 0 -1
    outer loop
      vertex 102.2 5.3 -2.2
      vertex 101.586 5.43868 -2.2
      vertex 101.6 5.7 -2.2
    endloop
  endfacet
  facet normal -0 0 -1
    outer loop
      vertex 102.2 5.3 -2.2
      vertex 101.545 5.18022 -2.2
      vertex 101.586 5.43868 -2.2
    endloop
  endfacet
  facet normal 0 0 -1
    outer loop
      vertex 100.958 4.02717 -2.2
      vertex 101.684 3.71298 -2.2
      vertex 101.506 3.49335 -2.2
    endloop
  endfacet
  facet normal -0 0 -1
    outer loop
      vertex 102.185 5.01777 -2.2
      vertex 101.478 4.92746 -2.2
      vertex 101.545 5.18022 -2.2
    endloop
  endfacet
  facet normal 0 0 -1
    outer loop
      vertex 102.068 4.46565 -2.2
      vertex 101.384 4.68316 -2.2
      vertex 101.478 4.92746 -2.2
    endloop
  endfacet
  facet normal 0 0 -1
    outer loop
      vertex 100.958 4.02717 -2.2
      vertex 101.506 3.49335 -2.2
      vertex 101.307 3.29351 -2.2
    endloop
  endfacet
  facet normal 0 0 -1
    outer loop
      vertex 101.967 4.20181 -2.2
      vertex 101.265 4.45 -2.2
      vertex 101.384 4.68316 -2.2
    endloop
  endfacet
  facet normal 0 0 -1
    outer loop
      vertex 101.838 3.95 -2.2
      vertex 101.123 4.23054 -2.2
      vertex 101.265 4.45 -2.2
    endloop
  endfacet
  facet normal 0 0 -1
    outer loop
      vertex 100.773 3.84214 -2.2
      vertex 101.307 3.29351 -2.2
      vertex 101.087 3.11565 -2.2
    endloop
  endfacet
  facet normal 0 0 -1
    outer loop
      vertex 101.684 3.71298 -2.2
      vertex 100.958 4.02717 -2.2
      vertex 101.123 4.23054 -2.2
    endloop
  endfacet
  facet normal 0 0 -1
    outer loop
      vertex 100.569 3.67746 -2.2
      vertex 101.087 3.11565 -2.2
      vertex 100.85 2.96173 -2.2
    endloop
  endfacet
  facet normal 0 0 -1
    outer loop
      vertex 101.307 3.29351 -2.2
      vertex 100.773 3.84214 -2.2
      vertex 100.958 4.02717 -2.2
    endloop
  endfacet
  facet normal 0 0 -1
    outer loop
      vertex 100.35 3.53494 -2.2
      vertex 100.85 2.96173 -2.2
      vertex 100.598 2.83343 -2.2
    endloop
  endfacet
  facet normal 0 0 -1
    outer loop
      vertex 101.087 3.11565 -2.2
      vertex 100.569 3.67746 -2.2
      vertex 100.773 3.84214 -2.2
    endloop
  endfacet
  facet normal 0 0 -1
    outer loop
      vertex 100.85 2.96173 -2.2
      vertex 100.35 3.53494 -2.2
      vertex 100.569 3.67746 -2.2
    endloop
  endfacet
  facet normal 0 0 -1
    outer loop
      vertex 100.117 3.41614 -2.2
      vertex 100.598 2.83343 -2.2
      vertex 100.334 2.73215 -2.2
    endloop
  endfacet
  facet normal 0 0 -1
    outer loop
      vertex 100.598 2.83343 -2.2
      vertex 100.117 3.41614 -2.2
      vertex 100.35 3.53494 -2.2
    endloop
  endfacet
  facet normal 0 0 -1
    outer loop
      vertex 99.8725 3.32236 -2.2
      vertex 100.334 2.73215 -2.2
      vertex 100.061 2.659 -2.2
    endloop
  endfacet
  facet normal 0 0 -1
    outer loop
      vertex 100.334 2.73215 -2.2
      vertex 99.8725 3.32236 -2.2
      vertex 100.117 3.41614 -2.2
    endloop
  endfacet
  facet normal 0 0 -1
    outer loop
      vertex 99.7822 2.61479 -2.2
      vertex 99.8725 3.32236 -2.2
      vertex 100.061 2.659 -2.2
    endloop
  endfacet
  facet normal 0 0 -1
    outer loop
      vertex 99.7822 2.61479 -2.2
      vertex 99.6198 3.25463 -2.2
      vertex 99.8725 3.32236 -2.2
    endloop
  endfacet
  facet normal 0 0 -1
    outer loop
      vertex 99.5 2.6 -2.2
      vertex 99.6198 3.25463 -2.2
      vertex 99.7822 2.61479 -2.2
    endloop
  endfacet
  facet normal 0 0 -1
    outer loop
      vertex 99.5 2.6 -2.2
      vertex 99.3613 3.21369 -2.2
      vertex 99.6198 3.25463 -2.2
    endloop
  endfacet
  facet normal 0 0 -1
    outer loop
      vertex 99.5 2.6 -2.2
      vertex 99.1 3.2 -2.2
      vertex 99.3613 3.21369 -2.2
    endloop
  endfacet
  facet normal 0 0 -1
    outer loop
      vertex 99.5 2.6 -2.2
      vertex 4.9 3.2 -2.2
      vertex 99.1 3.2 -2.2
    endloop
  endfacet
  facet normal 0 0 -1
    outer loop
      vertex 4.5 2.6 -2.2
      vertex 4.9 3.2 -2.2
      vertex 99.5 2.6 -2.2
    endloop
  endfacet
  facet normal 0 0 -1
    outer loop
      vertex 4.5 2.6 -2.2
      vertex 4.63868 3.21369 -2.2
      vertex 4.9 3.2 -2.2
    endloop
  endfacet
  facet normal 0 0 -1
    outer loop
      vertex 4.5 2.6 -2.2
      vertex 4.38022 3.25463 -2.2
      vertex 4.63868 3.21369 -2.2
    endloop
  endfacet
  facet normal 0 0 -1
    outer loop
      vertex 4.21777 2.61479 -2.2
      vertex 4.38022 3.25463 -2.2
      vertex 4.5 2.6 -2.2
    endloop
  endfacet
  facet normal 0 0 -1
    outer loop
      vertex 4.21777 2.61479 -2.2
      vertex 4.12746 3.32236 -2.2
      vertex 4.38022 3.25463 -2.2
    endloop
  endfacet
  facet normal 0 0 -1
    outer loop
      vertex 3.93864 2.659 -2.2
      vertex 4.12746 3.32236 -2.2
      vertex 4.21777 2.61479 -2.2
    endloop
  endfacet
  facet normal 0 0 -1
    outer loop
      vertex 3.66565 2.73215 -2.2
      vertex 4.12746 3.32236 -2.2
      vertex 3.93864 2.659 -2.2
    endloop
  endfacet
  facet normal -0 0 -1
    outer loop
      vertex 4.12746 3.32236 -2.2
      vertex 3.66565 2.73215 -2.2
      vertex 3.88316 3.41614 -2.2
    endloop
  endfacet
  facet normal 0 0 -1
    outer loop
      vertex 3.40181 2.83343 -2.2
      vertex 3.88316 3.41614 -2.2
      vertex 3.66565 2.73215 -2.2
    endloop
  endfacet
  facet normal -0 0 -1
    outer loop
      vertex 3.88316 3.41614 -2.2
      vertex 3.40181 2.83343 -2.2
      vertex 3.65 3.53494 -2.2
    endloop
  endfacet
  facet normal 0 0 -1
    outer loop
      vertex 3.15 2.96173 -2.2
      vertex 3.65 3.53494 -2.2
      vertex 3.40181 2.83343 -2.2
    endloop
  endfacet
  facet normal -0 0 -1
    outer loop
      vertex 3.65 3.53494 -2.2
      vertex 3.15 2.96173 -2.2
      vertex 3.43054 3.67746 -2.2
    endloop
  endfacet
  facet normal 0 0 -1
    outer loop
      vertex 2.91298 3.11565 -2.2
      vertex 3.43054 3.67746 -2.2
      vertex 3.15 2.96173 -2.2
    endloop
  endfacet
  facet normal -0 0 -1
    outer loop
      vertex 3.43054 3.67746 -2.2
      vertex 2.91298 3.11565 -2.2
      vertex 3.22717 3.84214 -2.2
    endloop
  endfacet
  facet normal 0 0 -1
    outer loop
      vertex 2.69335 3.29351 -2.2
      vertex 3.22717 3.84214 -2.2
      vertex 2.91298 3.11565 -2.2
    endloop
  endfacet
  facet normal -0 0 -1
    outer loop
      vertex 3.22717 3.84214 -2.2
      vertex 2.69335 3.29351 -2.2
      vertex 3.04214 4.02717 -2.2
    endloop
  endfacet
  facet normal 0 0 -1
    outer loop
      vertex 2.49351 3.49335 -2.2
      vertex 3.04214 4.02717 -2.2
      vertex 2.69335 3.29351 -2.2
    endloop
  endfacet
  facet normal 0 0 -1
    outer loop
      vertex 2.31565 3.71298 -2.2
      vertex 3.04214 4.02717 -2.2
      vertex 2.49351 3.49335 -2.2
    endloop
  endfacet
  facet normal -0 0 -1
    outer loop
      vertex 3.04214 4.02717 -2.2
      vertex 2.31565 3.71298 -2.2
      vertex 2.87746 4.23054 -2.2
    endloop
  endfacet
  facet normal 0 0 -1
    outer loop
      vertex 2.16173 3.95 -2.2
      vertex 2.87746 4.23054 -2.2
      vertex 2.31565 3.71298 -2.2
    endloop
  endfacet
  facet normal -0 0 -1
    outer loop
      vertex 2.87746 4.23054 -2.2
      vertex 2.16173 3.95 -2.2
      vertex 2.73494 4.45 -2.2
    endloop
  endfacet
  facet normal 0 0 -1
    outer loop
      vertex 2.03343 4.20181 -2.2
      vertex 2.73494 4.45 -2.2
      vertex 2.16173 3.95 -2.2
    endloop
  endfacet
  facet normal -0 0 -1
    outer loop
      vertex 2.73494 4.45 -2.2
      vertex 2.03343 4.20181 -2.2
      vertex 2.61614 4.68316 -2.2
    endloop
  endfacet
  facet normal 0 0 -1
    outer loop
      vertex 1.93215 4.46565 -2.2
      vertex 2.61614 4.68316 -2.2
      vertex 2.03343 4.20181 -2.2
    endloop
  endfacet
  facet normal 0 0 -1
    outer loop
      vertex 1.859 4.73864 -2.2
      vertex 2.52236 4.92746 -2.2
      vertex 1.93215 4.46565 -2.2
    endloop
  endfacet
  facet normal -0 0 -1
    outer loop
      vertex 2.61614 4.68316 -2.2
      vertex 1.93215 4.46565 -2.2
      vertex 2.52236 4.92746 -2.2
    endloop
  endfacet
  facet normal -0 0 -1
    outer loop
      vertex 102.141 73.0614 -2.2
      vertex 101.478 72.8725 -2.2
      vertex 102.068 73.3343 -2.2
    endloop
  endfacet
  facet normal 0 0 -1
    outer loop
      vertex 101.384 73.1168 -2.2
      vertex 102.068 73.3343 -2.2
      vertex 101.478 72.8725 -2.2
    endloop
  endfacet
  facet normal -0 0 -1
    outer loop
      vertex 102.068 73.3343 -2.2
      vertex 101.384 73.1168 -2.2
      vertex 101.967 73.5982 -2.2
    endloop
  endfacet
  facet normal 0 0 -1
    outer loop
      vertex 101.265 73.35 -2.2
      vertex 101.967 73.5982 -2.2
      vertex 101.384 73.1168 -2.2
    endloop
  endfacet
  facet normal -0 0 -1
    outer loop
      vertex 101.967 73.5982 -2.2
      vertex 101.265 73.35 -2.2
      vertex 101.838 73.85 -2.2
    endloop
  endfacet
  facet normal 0 0 -1
    outer loop
      vertex 101.123 73.5695 -2.2
      vertex 101.838 73.85 -2.2
      vertex 101.265 73.35 -2.2
    endloop
  endfacet
  facet normal -0 0 -1
    outer loop
      vertex 101.838 73.85 -2.2
      vertex 101.123 73.5695 -2.2
      vertex 101.684 74.087 -2.2
    endloop
  endfacet
  facet normal 0 0 -1
    outer loop
      vertex 100.958 73.7728 -2.2
      vertex 101.684 74.087 -2.2
      vertex 101.123 73.5695 -2.2
    endloop
  endfacet
  facet normal -0 0 -1
    outer loop
      vertex 101.684 74.087 -2.2
      vertex 100.958 73.7728 -2.2
      vertex 101.506 74.3066 -2.2
    endloop
  endfacet
  facet normal -0 0 -1
    outer loop
      vertex 101.506 74.3066 -2.2
      vertex 100.958 73.7728 -2.2
      vertex 101.307 74.5065 -2.2
    endloop
  endfacet
  facet normal 0 0 -1
    outer loop
      vertex 100.773 73.9579 -2.2
      vertex 101.307 74.5065 -2.2
      vertex 100.958 73.7728 -2.2
    endloop
  endfacet
  facet normal -0 0 -1
    outer loop
      vertex 101.307 74.5065 -2.2
      vertex 100.773 73.9579 -2.2
      vertex 101.087 74.6843 -2.2
    endloop
  endfacet
  facet normal 0 0 -1
    outer loop
      vertex 100.569 74.1225 -2.2
      vertex 101.087 74.6843 -2.2
      vertex 100.773 73.9579 -2.2
    endloop
  endfacet
  facet normal -0 0 -1
    outer loop
      vertex 101.087 74.6843 -2.2
      vertex 100.569 74.1225 -2.2
      vertex 100.85 74.8383 -2.2
    endloop
  endfacet
  facet normal 0 0 -1
    outer loop
      vertex 100.35 74.2651 -2.2
      vertex 100.85 74.8383 -2.2
      vertex 100.569 74.1225 -2.2
    endloop
  endfacet
  facet normal -0 0 -1
    outer loop
      vertex 100.85 74.8383 -2.2
      vertex 100.35 74.2651 -2.2
      vertex 100.598 74.9666 -2.2
    endloop
  endfacet
  facet normal 0 0 -1
    outer loop
      vertex 100.117 74.3839 -2.2
      vertex 100.598 74.9666 -2.2
      vertex 100.35 74.2651 -2.2
    endloop
  endfacet
  facet normal -0 0 -1
    outer loop
      vertex 100.598 74.9666 -2.2
      vertex 100.117 74.3839 -2.2
      vertex 100.334 75.0679 -2.2
    endloop
  endfacet
  facet normal 0 0 -1
    outer loop
      vertex 99.8725 74.4776 -2.2
      vertex 100.334 75.0679 -2.2
      vertex 100.117 74.3839 -2.2
    endloop
  endfacet
  facet normal -0 0 -1
    outer loop
      vertex 100.334 75.0679 -2.2
      vertex 99.8725 74.4776 -2.2
      vertex 100.061 75.141 -2.2
    endloop
  endfacet
  facet normal 0 0 -1
    outer loop
      vertex 99.8725 74.4776 -2.2
      vertex 99.7822 75.1852 -2.2
      vertex 100.061 75.141 -2.2
    endloop
  endfacet
  facet normal 0 0 -1
    outer loop
      vertex 99.6198 74.5454 -2.2
      vertex 99.7822 75.1852 -2.2
      vertex 99.8725 74.4776 -2.2
    endloop
  endfacet
  facet normal 0 0 -1
    outer loop
      vertex 99.6198 74.5454 -2.2
      vertex 99.5 75.2 -2.2
      vertex 99.7822 75.1852 -2.2
    endloop
  endfacet
  facet normal 0 0 -1
    outer loop
      vertex 99.3613 74.5863 -2.2
      vertex 99.5 75.2 -2.2
      vertex 99.6198 74.5454 -2.2
    endloop
  endfacet
  facet normal 0 0 -1
    outer loop
      vertex 99.1 74.6 -2.2
      vertex 99.5 75.2 -2.2
      vertex 99.3613 74.5863 -2.2
    endloop
  endfacet
  facet normal 0 0 -1
    outer loop
      vertex 4.9 74.6 -2.2
      vertex 99.5 75.2 -2.2
      vertex 99.1 74.6 -2.2
    endloop
  endfacet
  facet normal 0 0 -1
    outer loop
      vertex 4.9 74.6 -2.2
      vertex 4.5 75.2 -2.2
      vertex 99.5 75.2 -2.2
    endloop
  endfacet
  facet normal 0 0 -1
    outer loop
      vertex 4.63868 74.5863 -2.2
      vertex 4.5 75.2 -2.2
      vertex 4.9 74.6 -2.2
    endloop
  endfacet
  facet normal 0 0 -1
    outer loop
      vertex 4.38022 74.5454 -2.2
      vertex 4.5 75.2 -2.2
      vertex 4.63868 74.5863 -2.2
    endloop
  endfacet
  facet normal 0 0 -1
    outer loop
      vertex 4.38022 74.5454 -2.2
      vertex 4.21777 75.1852 -2.2
      vertex 4.5 75.2 -2.2
    endloop
  endfacet
  facet normal 0 0 -1
    outer loop
      vertex 4.12746 74.4776 -2.2
      vertex 4.21777 75.1852 -2.2
      vertex 4.38022 74.5454 -2.2
    endloop
  endfacet
  facet normal 0 0 -1
    outer loop
      vertex 4.12746 74.4776 -2.2
      vertex 3.93864 75.141 -2.2
      vertex 4.21777 75.1852 -2.2
    endloop
  endfacet
  facet normal 0 0 -1
    outer loop
      vertex 3.66565 75.0679 -2.2
      vertex 4.12746 74.4776 -2.2
      vertex 3.88316 74.3839 -2.2
    endloop
  endfacet
  facet normal 0 0 -1
    outer loop
      vertex 4.12746 74.4776 -2.2
      vertex 3.66565 75.0679 -2.2
      vertex 3.93864 75.141 -2.2
    endloop
  endfacet
  facet normal 0 0 -1
    outer loop
      vertex 3.40181 74.9666 -2.2
      vertex 3.88316 74.3839 -2.2
      vertex 3.65 74.2651 -2.2
    endloop
  endfacet
  facet normal 0 0 -1
    outer loop
      vertex 3.15 74.8383 -2.2
      vertex 3.65 74.2651 -2.2
      vertex 3.43054 74.1225 -2.2
    endloop
  endfacet
  facet normal 0 0 -1
    outer loop
      vertex 3.88316 74.3839 -2.2
      vertex 3.40181 74.9666 -2.2
      vertex 3.66565 75.0679 -2.2
    endloop
  endfacet
  facet normal 0 0 -1
    outer loop
      vertex 2.91298 74.6843 -2.2
      vertex 3.43054 74.1225 -2.2
      vertex 3.22717 73.9579 -2.2
    endloop
  endfacet
  facet normal 0 0 -1
    outer loop
      vertex 3.65 74.2651 -2.2
      vertex 3.15 74.8383 -2.2
      vertex 3.40181 74.9666 -2.2
    endloop
  endfacet
  facet normal 0 0 -1
    outer loop
      vertex 2.69335 74.5065 -2.2
      vertex 3.22717 73.9579 -2.2
      vertex 3.04214 73.7728 -2.2
    endloop
  endfacet
  facet normal 0 0 -1
    outer loop
      vertex 3.43054 74.1225 -2.2
      vertex 2.91298 74.6843 -2.2
      vertex 3.15 74.8383 -2.2
    endloop
  endfacet
  facet normal 0 0 -1
    outer loop
      vertex 2.31565 74.087 -2.2
      vertex 3.04214 73.7728 -2.2
      vertex 2.87746 73.5695 -2.2
    endloop
  endfacet
  facet normal 0 0 -1
    outer loop
      vertex 2.16173 73.85 -2.2
      vertex 2.87746 73.5695 -2.2
      vertex 2.73494 73.35 -2.2
    endloop
  endfacet
  facet normal 0 0 -1
    outer loop
      vertex 3.22717 73.9579 -2.2
      vertex 2.69335 74.5065 -2.2
      vertex 2.91298 74.6843 -2.2
    endloop
  endfacet
  facet normal 0 0 -1
    outer loop
      vertex 2.03343 73.5982 -2.2
      vertex 2.73494 73.35 -2.2
      vertex 2.61614 73.1168 -2.2
    endloop
  endfacet
  facet normal 0 0 -1
    outer loop
      vertex 1.93215 73.3343 -2.2
      vertex 2.61614 73.1168 -2.2
      vertex 2.52236 72.8725 -2.2
    endloop
  endfacet
  facet normal 0 0 -1
    outer loop
      vertex 3.04214 73.7728 -2.2
      vertex 2.49351 74.3066 -2.2
      vertex 2.69335 74.5065 -2.2
    endloop
  endfacet
  facet normal 0 0 -1
    outer loop
      vertex 1.81479 72.7822 -2.2
      vertex 2.52236 72.8725 -2.2
      vertex 2.45463 72.6198 -2.2
    endloop
  endfacet
  facet normal 0 0 -1
    outer loop
      vertex 1.8 72.5 -2.2
      vertex 2.45463 72.6198 -2.2
      vertex 2.41369 72.3613 -2.2
    endloop
  endfacet
  facet normal 0 0 -1
    outer loop
      vertex 1.8 72.5 -2.2
      vertex 2.41369 72.3613 -2.2
      vertex 2.4 72.1 -2.2
    endloop
  endfacet
  facet normal 0 0 -1
    outer loop
      vertex 3.04214 73.7728 -2.2
      vertex 2.31565 74.087 -2.2
      vertex 2.49351 74.3066 -2.2
    endloop
  endfacet
  facet normal -0 0 -1
    outer loop
      vertex 2.4 5.7 -2.2
      vertex 1.8 5.3 -2.2
      vertex 2.4 72.1 -2.2
    endloop
  endfacet
  facet normal 0 0 -1
    outer loop
      vertex 1.81479 5.01777 -2.2
      vertex 2.52236 4.92746 -2.2
      vertex 1.859 4.73864 -2.2
    endloop
  endfacet
  facet normal 0 0 -1
    outer loop
      vertex 1.8 72.5 -2.2
      vertex 2.4 72.1 -2.2
      vertex 1.8 5.3 -2.2
    endloop
  endfacet
  facet normal 0 0 -1
    outer loop
      vertex 2.52236 4.92746 -2.2
      vertex 1.81479 5.01777 -2.2
      vertex 2.45463 5.18022 -2.2
    endloop
  endfacet
  facet normal -0 0 -1
    outer loop
      vertex 2.45463 72.6198 -2.2
      vertex 1.8 72.5 -2.2
      vertex 1.81479 72.7822 -2.2
    endloop
  endfacet
  facet normal 0 0 -1
    outer loop
      vertex 1.8 5.3 -2.2
      vertex 2.45463 5.18022 -2.2
      vertex 1.81479 5.01777 -2.2
    endloop
  endfacet
  facet normal 0 0 -1
    outer loop
      vertex 2.87746 73.5695 -2.2
      vertex 2.16173 73.85 -2.2
      vertex 2.31565 74.087 -2.2
    endloop
  endfacet
  facet normal 0 0 -1
    outer loop
      vertex 2.45463 5.18022 -2.2
      vertex 1.8 5.3 -2.2
      vertex 2.41369 5.43868 -2.2
    endloop
  endfacet
  facet normal 0 0 -1
    outer loop
      vertex 2.73494 73.35 -2.2
      vertex 2.03343 73.5982 -2.2
      vertex 2.16173 73.85 -2.2
    endloop
  endfacet
  facet normal -0 0 -1
    outer loop
      vertex 2.41369 5.43868 -2.2
      vertex 1.8 5.3 -2.2
      vertex 2.4 5.7 -2.2
    endloop
  endfacet
  facet normal 0 0 -1
    outer loop
      vertex 2.61614 73.1168 -2.2
      vertex 1.93215 73.3343 -2.2
      vertex 2.03343 73.5982 -2.2
    endloop
  endfacet
  facet normal 0 0 -1
    outer loop
      vertex 2.52236 72.8725 -2.2
      vertex 1.859 73.0614 -2.2
      vertex 1.93215 73.3343 -2.2
    endloop
  endfacet
  facet normal -0 0 -1
    outer loop
      vertex 2.52236 72.8725 -2.2
      vertex 1.81479 72.7822 -2.2
      vertex 1.859 73.0614 -2.2
    endloop
  endfacet
  facet normal 0.987809 0.155672 0
    outer loop
      vertex 102.185 72.7822 -1.90735e-07
      vertex 102.141 73.0614 -2.2
      vertex 102.141 73.0614 -1.90735e-07
    endloop
  endfacet
  facet normal 0.987809 0.155672 0
    outer loop
      vertex 102.141 73.0614 -2.2
      vertex 102.185 72.7822 -1.90735e-07
      vertex 102.185 72.7822 -2.2
    endloop
  endfacet
  facet normal 0.99859 0.0530789 0
    outer loop
      vertex 102.2 72.5 -1.90735e-07
      vertex 102.185 72.7822 -2.2
      vertex 102.185 72.7822 -1.90735e-07
    endloop
  endfacet
  facet normal 0.99859 0.0530789 0
    outer loop
      vertex 102.185 72.7822 -2.2
      vertex 102.2 72.5 -1.90735e-07
      vertex 102.2 72.5 -2.2
    endloop
  endfacet
  facet normal -0.987694 0.156397 0
    outer loop
      vertex 1.81479 72.7822 -2.2
      vertex 1.859 73.0614 -1.90735e-07
      vertex 1.859 73.0614 -2.2
    endloop
  endfacet
  facet normal -0.987694 0.156397 0
    outer loop
      vertex 1.859 73.0614 -1.90735e-07
      vertex 1.81479 72.7822 -2.2
      vertex 1.81479 72.7822 -1.90735e-07
    endloop
  endfacet
  facet normal -0.998629 0.0523378 0
    outer loop
      vertex 1.8 72.5 -2.2
      vertex 1.81479 72.7822 -1.90735e-07
      vertex 1.81479 72.7822 -2.2
    endloop
  endfacet
  facet normal -0.998629 0.0523378 0
    outer loop
      vertex 1.81479 72.7822 -1.90735e-07
      vertex 1.8 72.5 -2.2
      vertex 1.8 72.5 -1.90735e-07
    endloop
  endfacet
  facet normal -0.891012 -0.45398 0
    outer loop
      vertex 2.16173 3.95 -2.2
      vertex 2.03343 4.20181 -1.90735e-07
      vertex 2.03343 4.20181 -2.2
    endloop
  endfacet
  facet normal -0.891012 -0.45398 0
    outer loop
      vertex 2.03343 4.20181 -1.90735e-07
      vertex 2.16173 3.95 -2.2
      vertex 2.16173 3.95 -1.90735e-07
    endloop
  endfacet
  facet normal 0.628696 -0.777651 0
    outer loop
      vertex 101.087 3.11565 -2.2
      vertex 101.307 3.29351 -1.90735e-07
      vertex 101.087 3.11565 -1.90735e-07
    endloop
  endfacet
  facet normal 0.628696 -0.777651 0
    outer loop
      vertex 101.307 3.29351 -1.90735e-07
      vertex 101.087 3.11565 -2.2
      vertex 101.307 3.29351 -2.2
    endloop
  endfacet
  facet normal -1 0 0
    outer loop
      vertex 1.8 5.3 -2.2
      vertex 1.8 72.5 -1.90735e-07
      vertex 1.8 72.5 -2.2
    endloop
  endfacet
  facet normal -1 -0 0
    outer loop
      vertex 1.8 72.5 -1.90735e-07
      vertex 1.8 5.3 -2.2
      vertex 1.8 5.3 -1.90735e-07
    endloop
  endfacet
  facet normal 0.838524 0.544864 0
    outer loop
      vertex 101.838 73.85 -1.90735e-07
      vertex 101.684 74.087 -2.2
      vertex 101.684 74.087 -1.90735e-07
    endloop
  endfacet
  facet normal 0.838524 0.544864 0
    outer loop
      vertex 101.684 74.087 -2.2
      vertex 101.838 73.85 -1.90735e-07
      vertex 101.838 73.85 -2.2
    endloop
  endfacet
  facet normal -0.891004 0.453995 0
    outer loop
      vertex 2.03343 73.5982 -2.2
      vertex 2.16173 73.85 -1.90735e-07
      vertex 2.16173 73.85 -2.2
    endloop
  endfacet
  facet normal -0.891004 0.453995 0
    outer loop
      vertex 2.16173 73.85 -1.90735e-07
      vertex 2.03343 73.5982 -2.2
      vertex 2.03343 73.5982 -1.90735e-07
    endloop
  endfacet
  facet normal 0.0523378 -0.998629 0
    outer loop
      vertex 99.5 2.6 -2.2
      vertex 99.7822 2.61479 -1.90735e-07
      vertex 99.5 2.6 -1.90735e-07
    endloop
  endfacet
  facet normal 0.0523378 -0.998629 0
    outer loop
      vertex 99.7822 2.61479 -1.90735e-07
      vertex 99.5 2.6 -2.2
      vertex 99.7822 2.61479 -2.2
    endloop
  endfacet
  facet normal 0.998591 -0.0530732 0
    outer loop
      vertex 102.185 5.01777 -1.90735e-07
      vertex 102.2 5.3 -2.2
      vertex 102.2 5.3 -1.90735e-07
    endloop
  endfacet
  facet normal 0.998591 -0.0530732 0
    outer loop
      vertex 102.2 5.3 -2.2
      vertex 102.185 5.01777 -1.90735e-07
      vertex 102.185 5.01777 -2.2
    endloop
  endfacet
  facet normal 0 -1 0
    outer loop
      vertex 4.5 2.6 -2.2
      vertex 99.5 2.6 -1.90735e-07
      vertex 4.5 2.6 -1.90735e-07
    endloop
  endfacet
  facet normal 0 -1 -0
    outer loop
      vertex 99.5 2.6 -1.90735e-07
      vertex 4.5 2.6 -2.2
      vertex 99.5 2.6 -2.2
    endloop
  endfacet
  facet normal 1 -0 0
    outer loop
      vertex 102.2 5.3 -1.90735e-07
      vertex 102.2 72.5 -2.2
      vertex 102.2 72.5 -1.90735e-07
    endloop
  endfacet
  facet normal 1 0 0
    outer loop
      vertex 102.2 72.5 -2.2
      vertex 102.2 5.3 -1.90735e-07
      vertex 102.2 5.3 -2.2
    endloop
  endfacet
  facet normal 0 0 1
    outer loop
      vertex 1.8 5.3 -1.90735e-07
      vertex 2.4 20.2269 -1.90735e-07
      vertex 2.39229 20.2356 -1.90735e-07
    endloop
  endfacet
  facet normal -0 0 1
    outer loop
      vertex 101.545 72.6198 -1.90735e-07
      vertex 102.2 72.5 -1.90735e-07
      vertex 102.185 72.7822 -1.90735e-07
    endloop
  endfacet
  facet normal 0 0 1
    outer loop
      vertex 102.2 72.5 -1.90735e-07
      vertex 101.706 52.5 -1.90735e-07
      vertex 102.2 5.3 -1.90735e-07
    endloop
  endfacet
  facet normal -0 0 1
    outer loop
      vertex 101.478 72.8725 -1.90735e-07
      vertex 102.185 72.7822 -1.90735e-07
      vertex 102.141 73.0614 -1.90735e-07
    endloop
  endfacet
  facet normal -0 0 1
    outer loop
      vertex 101.706 20.5 -1.90735e-07
      vertex 102.2 5.3 -1.90735e-07
      vertex 101.706 52.5 -1.90735e-07
    endloop
  endfacet
  facet normal 0 0 1
    outer loop
      vertex 101.478 72.8725 -1.90735e-07
      vertex 102.141 73.0614 -1.90735e-07
      vertex 102.068 73.3343 -1.90735e-07
    endloop
  endfacet
  facet normal -0 0 1
    outer loop
      vertex 101.7 20.4353 -1.90735e-07
      vertex 102.2 5.3 -1.90735e-07
      vertex 101.706 20.5 -1.90735e-07
    endloop
  endfacet
  facet normal 0 0 1
    outer loop
      vertex 101.384 73.1168 -1.90735e-07
      vertex 102.068 73.3343 -1.90735e-07
      vertex 101.967 73.5982 -1.90735e-07
    endloop
  endfacet
  facet normal -0 0 1
    outer loop
      vertex 101.699 20.4321 -1.90735e-07
      vertex 102.2 5.3 -1.90735e-07
      vertex 101.7 20.4353 -1.90735e-07
    endloop
  endfacet
  facet normal 0 0 1
    outer loop
      vertex 101.265 73.35 -1.90735e-07
      vertex 101.967 73.5982 -1.90735e-07
      vertex 101.838 73.85 -1.90735e-07
    endloop
  endfacet
  facet normal -0 0 1
    outer loop
      vertex 101.699 20.4289 -1.90735e-07
      vertex 102.2 5.3 -1.90735e-07
      vertex 101.699 20.4321 -1.90735e-07
    endloop
  endfacet
  facet normal -0 0 1
    outer loop
      vertex 101.681 20.3649 -1.90735e-07
      vertex 102.2 5.3 -1.90735e-07
      vertex 101.699 20.4289 -1.90735e-07
    endloop
  endfacet
  facet normal 0 0 1
    outer loop
      vertex 102.2 72.5 -1.90735e-07
      vertex 101.7 52.5647 -1.90735e-07
      vertex 101.706 52.5 -1.90735e-07
    endloop
  endfacet
  facet normal 0 0 1
    outer loop
      vertex 102.2 72.5 -1.90735e-07
      vertex 101.699 52.5679 -1.90735e-07
      vertex 101.7 52.5647 -1.90735e-07
    endloop
  endfacet
  facet normal 0 0 1
    outer loop
      vertex 101.6 52.7731 -1.90735e-07
      vertex 102.2 72.5 -1.90735e-07
      vertex 101.6 72.1 -1.90735e-07
    endloop
  endfacet
  facet normal 0 0 1
    outer loop
      vertex 101.123 73.5695 -1.90735e-07
      vertex 101.838 73.85 -1.90735e-07
      vertex 101.684 74.087 -1.90735e-07
    endloop
  endfacet
  facet normal 0 0 1
    outer loop
      vertex 102.2 72.5 -1.90735e-07
      vertex 101.699 52.5711 -1.90735e-07
      vertex 101.699 52.5679 -1.90735e-07
    endloop
  endfacet
  facet normal 0 0 1
    outer loop
      vertex 102.2 72.5 -1.90735e-07
      vertex 101.681 52.6351 -1.90735e-07
      vertex 101.699 52.5711 -1.90735e-07
    endloop
  endfacet
  facet normal 0 0 1
    outer loop
      vertex 102.2 72.5 -1.90735e-07
      vertex 101.65 52.7009 -1.90735e-07
      vertex 101.681 52.6351 -1.90735e-07
    endloop
  endfacet
  facet normal 0 0 1
    outer loop
      vertex 102.2 72.5 -1.90735e-07
      vertex 101.608 52.7644 -1.90735e-07
      vertex 101.65 52.7009 -1.90735e-07
    endloop
  endfacet
  facet normal 0 0 1
    outer loop
      vertex 102.2 72.5 -1.90735e-07
      vertex 101.586 72.3613 -1.90735e-07
      vertex 101.6 72.1 -1.90735e-07
    endloop
  endfacet
  facet normal 0 0 1
    outer loop
      vertex 102.2 72.5 -1.90735e-07
      vertex 101.545 72.6198 -1.90735e-07
      vertex 101.586 72.3613 -1.90735e-07
    endloop
  endfacet
  facet normal 0 0 1
    outer loop
      vertex 100.958 73.7728 -1.90735e-07
      vertex 101.684 74.087 -1.90735e-07
      vertex 101.506 74.3066 -1.90735e-07
    endloop
  endfacet
  facet normal 0 0 1
    outer loop
      vertex 102.185 72.7822 -1.90735e-07
      vertex 101.478 72.8725 -1.90735e-07
      vertex 101.545 72.6198 -1.90735e-07
    endloop
  endfacet
  facet normal 0 0 1
    outer loop
      vertex 102.068 73.3343 -1.90735e-07
      vertex 101.384 73.1168 -1.90735e-07
      vertex 101.478 72.8725 -1.90735e-07
    endloop
  endfacet
  facet normal 0 0 1
    outer loop
      vertex 100.958 73.7728 -1.90735e-07
      vertex 101.506 74.3066 -1.90735e-07
      vertex 101.307 74.5065 -1.90735e-07
    endloop
  endfacet
  facet normal 0 0 1
    outer loop
      vertex 101.967 73.5982 -1.90735e-07
      vertex 101.265 73.35 -1.90735e-07
      vertex 101.384 73.1168 -1.90735e-07
    endloop
  endfacet
  facet normal 0 0 1
    outer loop
      vertex 101.838 73.85 -1.90735e-07
      vertex 101.123 73.5695 -1.90735e-07
      vertex 101.265 73.35 -1.90735e-07
    endloop
  endfacet
  facet normal 0 0 1
    outer loop
      vertex 100.773 73.9579 -1.90735e-07
      vertex 101.307 74.5065 -1.90735e-07
      vertex 101.087 74.6843 -1.90735e-07
    endloop
  endfacet
  facet normal 0 0 1
    outer loop
      vertex 101.684 74.087 -1.90735e-07
      vertex 100.958 73.7728 -1.90735e-07
      vertex 101.123 73.5695 -1.90735e-07
    endloop
  endfacet
  facet normal 0 0 1
    outer loop
      vertex 100.569 74.1225 -1.90735e-07
      vertex 101.087 74.6843 -1.90735e-07
      vertex 100.85 74.8383 -1.90735e-07
    endloop
  endfacet
  facet normal 0 0 1
    outer loop
      vertex 101.307 74.5065 -1.90735e-07
      vertex 100.773 73.9579 -1.90735e-07
      vertex 100.958 73.7728 -1.90735e-07
    endloop
  endfacet
  facet normal 0 0 1
    outer loop
      vertex 100.35 74.2651 -1.90735e-07
      vertex 100.85 74.8383 -1.90735e-07
      vertex 100.598 74.9666 -1.90735e-07
    endloop
  endfacet
  facet normal 0 0 1
    outer loop
      vertex 101.087 74.6843 -1.90735e-07
      vertex 100.569 74.1225 -1.90735e-07
      vertex 100.773 73.9579 -1.90735e-07
    endloop
  endfacet
  facet normal 0 0 1
    outer loop
      vertex 100.85 74.8383 -1.90735e-07
      vertex 100.35 74.2651 -1.90735e-07
      vertex 100.569 74.1225 -1.90735e-07
    endloop
  endfacet
  facet normal 0 0 1
    outer loop
      vertex 100.117 74.3839 -1.90735e-07
      vertex 100.598 74.9666 -1.90735e-07
      vertex 100.334 75.0679 -1.90735e-07
    endloop
  endfacet
  facet normal 0 0 1
    outer loop
      vertex 100.598 74.9666 -1.90735e-07
      vertex 100.117 74.3839 -1.90735e-07
      vertex 100.35 74.2651 -1.90735e-07
    endloop
  endfacet
  facet normal 0 0 1
    outer loop
      vertex 99.8725 74.4776 -1.90735e-07
      vertex 100.334 75.0679 -1.90735e-07
      vertex 100.061 75.141 -1.90735e-07
    endloop
  endfacet
  facet normal 0 0 1
    outer loop
      vertex 100.334 75.0679 -1.90735e-07
      vertex 99.8725 74.4776 -1.90735e-07
      vertex 100.117 74.3839 -1.90735e-07
    endloop
  endfacet
  facet normal 0 0 1
    outer loop
      vertex 99.7822 75.1852 -1.90735e-07
      vertex 99.8725 74.4776 -1.90735e-07
      vertex 100.061 75.141 -1.90735e-07
    endloop
  endfacet
  facet normal 0 0 1
    outer loop
      vertex 99.7822 75.1852 -1.90735e-07
      vertex 99.6198 74.5454 -1.90735e-07
      vertex 99.8725 74.4776 -1.90735e-07
    endloop
  endfacet
  facet normal 0 0 1
    outer loop
      vertex 99.5 75.2 -1.90735e-07
      vertex 99.6198 74.5454 -1.90735e-07
      vertex 99.7822 75.1852 -1.90735e-07
    endloop
  endfacet
  facet normal 0 0 1
    outer loop
      vertex 99.5 75.2 -1.90735e-07
      vertex 99.3613 74.5863 -1.90735e-07
      vertex 99.6198 74.5454 -1.90735e-07
    endloop
  endfacet
  facet normal 0 0 1
    outer loop
      vertex 99.5 75.2 -1.90735e-07
      vertex 99.1 74.6 -1.90735e-07
      vertex 99.3613 74.5863 -1.90735e-07
    endloop
  endfacet
  facet normal 0 0 1
    outer loop
      vertex 99.5 75.2 -1.90735e-07
      vertex 4.9 74.6 -1.90735e-07
      vertex 99.1 74.6 -1.90735e-07
    endloop
  endfacet
  facet normal -0 0 1
    outer loop
      vertex 4.5 75.2 -1.90735e-07
      vertex 4.9 74.6 -1.90735e-07
      vertex 99.5 75.2 -1.90735e-07
    endloop
  endfacet
  facet normal 0 0 1
    outer loop
      vertex 4.5 75.2 -1.90735e-07
      vertex 4.63868 74.5863 -1.90735e-07
      vertex 4.9 74.6 -1.90735e-07
    endloop
  endfacet
  facet normal 0 0 1
    outer loop
      vertex 4.5 75.2 -1.90735e-07
      vertex 4.38022 74.5454 -1.90735e-07
      vertex 4.63868 74.5863 -1.90735e-07
    endloop
  endfacet
  facet normal -0 0 1
    outer loop
      vertex 4.21777 75.1852 -1.90735e-07
      vertex 4.38022 74.5454 -1.90735e-07
      vertex 4.5 75.2 -1.90735e-07
    endloop
  endfacet
  facet normal 0 0 1
    outer loop
      vertex 4.21777 75.1852 -1.90735e-07
      vertex 4.12746 74.4776 -1.90735e-07
      vertex 4.38022 74.5454 -1.90735e-07
    endloop
  endfacet
  facet normal -0 0 1
    outer loop
      vertex 3.93864 75.141 -1.90735e-07
      vertex 4.12746 74.4776 -1.90735e-07
      vertex 4.21777 75.1852 -1.90735e-07
    endloop
  endfacet
  facet normal -0 0 1
    outer loop
      vertex 3.66565 75.0679 -1.90735e-07
      vertex 4.12746 74.4776 -1.90735e-07
      vertex 3.93864 75.141 -1.90735e-07
    endloop
  endfacet
  facet normal 0 0 1
    outer loop
      vertex 4.12746 74.4776 -1.90735e-07
      vertex 3.66565 75.0679 -1.90735e-07
      vertex 3.88316 74.3839 -1.90735e-07
    endloop
  endfacet
  facet normal -0 0 1
    outer loop
      vertex 3.40181 74.9666 -1.90735e-07
      vertex 3.88316 74.3839 -1.90735e-07
      vertex 3.66565 75.0679 -1.90735e-07
    endloop
  endfacet
  facet normal 0 0 1
    outer loop
      vertex 3.88316 74.3839 -1.90735e-07
      vertex 3.40181 74.9666 -1.90735e-07
      vertex 3.65 74.2651 -1.90735e-07
    endloop
  endfacet
  facet normal -0 0 1
    outer loop
      vertex 3.15 74.8383 -1.90735e-07
      vertex 3.65 74.2651 -1.90735e-07
      vertex 3.40181 74.9666 -1.90735e-07
    endloop
  endfacet
  facet normal 0 0 1
    outer loop
      vertex 3.65 74.2651 -1.90735e-07
      vertex 3.15 74.8383 -1.90735e-07
      vertex 3.43054 74.1225 -1.90735e-07
    endloop
  endfacet
  facet normal -0 0 1
    outer loop
      vertex 2.91298 74.6843 -1.90735e-07
      vertex 3.43054 74.1225 -1.90735e-07
      vertex 3.15 74.8383 -1.90735e-07
    endloop
  endfacet
  facet normal 0 0 1
    outer loop
      vertex 3.43054 74.1225 -1.90735e-07
      vertex 2.91298 74.6843 -1.90735e-07
      vertex 3.22717 73.9579 -1.90735e-07
    endloop
  endfacet
  facet normal -0 0 1
    outer loop
      vertex 2.69335 74.5065 -1.90735e-07
      vertex 3.22717 73.9579 -1.90735e-07
      vertex 2.91298 74.6843 -1.90735e-07
    endloop
  endfacet
  facet normal 0 0 1
    outer loop
      vertex 3.22717 73.9579 -1.90735e-07
      vertex 2.69335 74.5065 -1.90735e-07
      vertex 3.04214 73.7728 -1.90735e-07
    endloop
  endfacet
  facet normal -0 0 1
    outer loop
      vertex 2.49351 74.3066 -1.90735e-07
      vertex 3.04214 73.7728 -1.90735e-07
      vertex 2.69335 74.5065 -1.90735e-07
    endloop
  endfacet
  facet normal -0 0 1
    outer loop
      vertex 2.31565 74.087 -1.90735e-07
      vertex 3.04214 73.7728 -1.90735e-07
      vertex 2.49351 74.3066 -1.90735e-07
    endloop
  endfacet
  facet normal 0 0 1
    outer loop
      vertex 3.04214 73.7728 -1.90735e-07
      vertex 2.31565 74.087 -1.90735e-07
      vertex 2.87746 73.5695 -1.90735e-07
    endloop
  endfacet
  facet normal -0 0 1
    outer loop
      vertex 2.16173 73.85 -1.90735e-07
      vertex 2.87746 73.5695 -1.90735e-07
      vertex 2.31565 74.087 -1.90735e-07
    endloop
  endfacet
  facet normal 0 0 1
    outer loop
      vertex 2.87746 73.5695 -1.90735e-07
      vertex 2.16173 73.85 -1.90735e-07
      vertex 2.73494 73.35 -1.90735e-07
    endloop
  endfacet
  facet normal -0 0 1
    outer loop
      vertex 2.03343 73.5982 -1.90735e-07
      vertex 2.73494 73.35 -1.90735e-07
      vertex 2.16173 73.85 -1.90735e-07
    endloop
  endfacet
  facet normal 0 0 1
    outer loop
      vertex 2.73494 73.35 -1.90735e-07
      vertex 2.03343 73.5982 -1.90735e-07
      vertex 2.61614 73.1168 -1.90735e-07
    endloop
  endfacet
  facet normal -0 0 1
    outer loop
      vertex 1.93215 73.3343 -1.90735e-07
      vertex 2.61614 73.1168 -1.90735e-07
      vertex 2.03343 73.5982 -1.90735e-07
    endloop
  endfacet
  facet normal 0 0 1
    outer loop
      vertex 1.8 72.5 -1.90735e-07
      vertex 2.4 52.7731 -1.90735e-07
      vertex 2.4 72.1 -1.90735e-07
    endloop
  endfacet
  facet normal 0 0 1
    outer loop
      vertex 2.4 52.7731 -1.90735e-07
      vertex 1.8 72.5 -1.90735e-07
      vertex 2.39229 52.7644 -1.90735e-07
    endloop
  endfacet
  facet normal 0 0 1
    outer loop
      vertex 2.39229 52.7644 -1.90735e-07
      vertex 1.8 72.5 -1.90735e-07
      vertex 2.34978 52.7009 -1.90735e-07
    endloop
  endfacet
  facet normal 0 0 1
    outer loop
      vertex 2.61614 73.1168 -1.90735e-07
      vertex 1.93215 73.3343 -1.90735e-07
      vertex 2.52236 72.8725 -1.90735e-07
    endloop
  endfacet
  facet normal -0 0 1
    outer loop
      vertex 1.859 73.0614 -1.90735e-07
      vertex 2.52236 72.8725 -1.90735e-07
      vertex 1.93215 73.3343 -1.90735e-07
    endloop
  endfacet
  facet normal 0 0 1
    outer loop
      vertex 2.34978 52.7009 -1.90735e-07
      vertex 1.8 72.5 -1.90735e-07
      vertex 2.31908 52.6351 -1.90735e-07
    endloop
  endfacet
  facet normal 0 0 1
    outer loop
      vertex 2.31908 52.6351 -1.90735e-07
      vertex 1.8 72.5 -1.90735e-07
      vertex 2.30139 52.5711 -1.90735e-07
    endloop
  endfacet
  facet normal 0 0 1
    outer loop
      vertex 2.30139 52.5711 -1.90735e-07
      vertex 1.8 72.5 -1.90735e-07
      vertex 2.30052 52.5679 -1.90735e-07
    endloop
  endfacet
  facet normal 0 0 1
    outer loop
      vertex 2.30052 52.5679 -1.90735e-07
      vertex 1.8 72.5 -1.90735e-07
      vertex 2.30023 52.5647 -1.90735e-07
    endloop
  endfacet
  facet normal 0 0 1
    outer loop
      vertex 2.30023 52.5647 -1.90735e-07
      vertex 1.8 72.5 -1.90735e-07
      vertex 2.29431 52.5 -1.90735e-07
    endloop
  endfacet
  facet normal 0 0 1
    outer loop
      vertex 1.81479 72.7822 -1.90735e-07
      vertex 2.52236 72.8725 -1.90735e-07
      vertex 1.859 73.0614 -1.90735e-07
    endloop
  endfacet
  facet normal -0 0 1
    outer loop
      vertex 101.65 20.2991 -1.90735e-07
      vertex 102.2 5.3 -1.90735e-07
      vertex 101.681 20.3649 -1.90735e-07
    endloop
  endfacet
  facet normal -0 0 1
    outer loop
      vertex 101.608 20.2356 -1.90735e-07
      vertex 102.2 5.3 -1.90735e-07
      vertex 101.65 20.2991 -1.90735e-07
    endloop
  endfacet
  facet normal 0 0 1
    outer loop
      vertex 101.478 4.92746 -1.90735e-07
      vertex 102.185 5.01777 -1.90735e-07
      vertex 101.545 5.18022 -1.90735e-07
    endloop
  endfacet
  facet normal -0 0 1
    outer loop
      vertex 101.6 20.2269 -1.90735e-07
      vertex 102.2 5.3 -1.90735e-07
      vertex 101.608 20.2356 -1.90735e-07
    endloop
  endfacet
  facet normal 0 0 1
    outer loop
      vertex 102.185 5.01777 -1.90735e-07
      vertex 101.478 4.92746 -1.90735e-07
      vertex 102.141 4.73864 -1.90735e-07
    endloop
  endfacet
  facet normal 0 0 1
    outer loop
      vertex 102.2 5.3 -1.90735e-07
      vertex 101.545 5.18022 -1.90735e-07
      vertex 102.185 5.01777 -1.90735e-07
    endloop
  endfacet
  facet normal 0 0 1
    outer loop
      vertex 101.545 5.18022 -1.90735e-07
      vertex 102.2 5.3 -1.90735e-07
      vertex 101.586 5.43868 -1.90735e-07
    endloop
  endfacet
  facet normal -0 0 1
    outer loop
      vertex 101.586 5.43868 -1.90735e-07
      vertex 102.2 5.3 -1.90735e-07
      vertex 101.6 5.7 -1.90735e-07
    endloop
  endfacet
  facet normal 0 0 1
    outer loop
      vertex 102.2 5.3 -1.90735e-07
      vertex 101.6 20.2269 -1.90735e-07
      vertex 101.6 5.7 -1.90735e-07
    endloop
  endfacet
  facet normal 0 0 1
    outer loop
      vertex 102.141 4.73864 -1.90735e-07
      vertex 101.478 4.92746 -1.90735e-07
      vertex 102.068 4.46565 -1.90735e-07
    endloop
  endfacet
  facet normal -0 0 1
    outer loop
      vertex 101.384 4.68316 -1.90735e-07
      vertex 102.068 4.46565 -1.90735e-07
      vertex 101.478 4.92746 -1.90735e-07
    endloop
  endfacet
  facet normal 0 0 1
    outer loop
      vertex 102.068 4.46565 -1.90735e-07
      vertex 101.384 4.68316 -1.90735e-07
      vertex 101.967 4.20181 -1.90735e-07
    endloop
  endfacet
  facet normal -0 0 1
    outer loop
      vertex 101.265 4.45 -1.90735e-07
      vertex 101.967 4.20181 -1.90735e-07
      vertex 101.384 4.68316 -1.90735e-07
    endloop
  endfacet
  facet normal 0 0 1
    outer loop
      vertex 101.967 4.20181 -1.90735e-07
      vertex 101.265 4.45 -1.90735e-07
      vertex 101.838 3.95 -1.90735e-07
    endloop
  endfacet
  facet normal -0 0 1
    outer loop
      vertex 101.123 4.23054 -1.90735e-07
      vertex 101.838 3.95 -1.90735e-07
      vertex 101.265 4.45 -1.90735e-07
    endloop
  endfacet
  facet normal 0 0 1
    outer loop
      vertex 101.838 3.95 -1.90735e-07
      vertex 101.123 4.23054 -1.90735e-07
      vertex 101.684 3.71298 -1.90735e-07
    endloop
  endfacet
  facet normal -0 0 1
    outer loop
      vertex 100.958 4.02717 -1.90735e-07
      vertex 101.684 3.71298 -1.90735e-07
      vertex 101.123 4.23054 -1.90735e-07
    endloop
  endfacet
  facet normal 0 0 1
    outer loop
      vertex 101.684 3.71298 -1.90735e-07
      vertex 100.958 4.02717 -1.90735e-07
      vertex 101.506 3.49335 -1.90735e-07
    endloop
  endfacet
  facet normal 0 0 1
    outer loop
      vertex 101.506 3.49335 -1.90735e-07
      vertex 100.958 4.02717 -1.90735e-07
      vertex 101.307 3.29351 -1.90735e-07
    endloop
  endfacet
  facet normal -0 0 1
    outer loop
      vertex 100.773 3.84214 -1.90735e-07
      vertex 101.307 3.29351 -1.90735e-07
      vertex 100.958 4.02717 -1.90735e-07
    endloop
  endfacet
  facet normal 0 0 1
    outer loop
      vertex 101.307 3.29351 -1.90735e-07
      vertex 100.773 3.84214 -1.90735e-07
      vertex 101.087 3.11565 -1.90735e-07
    endloop
  endfacet
  facet normal -0 0 1
    outer loop
      vertex 100.569 3.67746 -1.90735e-07
      vertex 101.087 3.11565 -1.90735e-07
      vertex 100.773 3.84214 -1.90735e-07
    endloop
  endfacet
  facet normal 0 0 1
    outer loop
      vertex 101.087 3.11565 -1.90735e-07
      vertex 100.569 3.67746 -1.90735e-07
      vertex 100.85 2.96173 -1.90735e-07
    endloop
  endfacet
  facet normal -0 0 1
    outer loop
      vertex 100.35 3.53494 -1.90735e-07
      vertex 100.85 2.96173 -1.90735e-07
      vertex 100.569 3.67746 -1.90735e-07
    endloop
  endfacet
  facet normal 0 0 1
    outer loop
      vertex 100.85 2.96173 -1.90735e-07
      vertex 100.35 3.53494 -1.90735e-07
      vertex 100.598 2.83343 -1.90735e-07
    endloop
  endfacet
  facet normal -0 0 1
    outer loop
      vertex 100.117 3.41614 -1.90735e-07
      vertex 100.598 2.83343 -1.90735e-07
      vertex 100.35 3.53494 -1.90735e-07
    endloop
  endfacet
  facet normal 0 0 1
    outer loop
      vertex 100.598 2.83343 -1.90735e-07
      vertex 100.117 3.41614 -1.90735e-07
      vertex 100.334 2.73215 -1.90735e-07
    endloop
  endfacet
  facet normal -0 0 1
    outer loop
      vertex 99.8725 3.32236 -1.90735e-07
      vertex 100.334 2.73215 -1.90735e-07
      vertex 100.117 3.41614 -1.90735e-07
    endloop
  endfacet
  facet normal 0 0 1
    outer loop
      vertex 100.334 2.73215 -1.90735e-07
      vertex 99.8725 3.32236 -1.90735e-07
      vertex 100.061 2.659 -1.90735e-07
    endloop
  endfacet
  facet normal 0 0 1
    outer loop
      vertex 99.8725 3.32236 -1.90735e-07
      vertex 99.7822 2.61479 -1.90735e-07
      vertex 100.061 2.659 -1.90735e-07
    endloop
  endfacet
  facet normal -0 0 1
    outer loop
      vertex 99.6198 3.25463 -1.90735e-07
      vertex 99.7822 2.61479 -1.90735e-07
      vertex 99.8725 3.32236 -1.90735e-07
    endloop
  endfacet
  facet normal 0 0 1
    outer loop
      vertex 99.6198 3.25463 -1.90735e-07
      vertex 99.5 2.6 -1.90735e-07
      vertex 99.7822 2.61479 -1.90735e-07
    endloop
  endfacet
  facet normal -0 0 1
    outer loop
      vertex 99.3613 3.21369 -1.90735e-07
      vertex 99.5 2.6 -1.90735e-07
      vertex 99.6198 3.25463 -1.90735e-07
    endloop
  endfacet
  facet normal -0 0 1
    outer loop
      vertex 99.1 3.2 -1.90735e-07
      vertex 99.5 2.6 -1.90735e-07
      vertex 99.3613 3.21369 -1.90735e-07
    endloop
  endfacet
  facet normal -0 0 1
    outer loop
      vertex 4.9 3.2 -1.90735e-07
      vertex 99.5 2.6 -1.90735e-07
      vertex 99.1 3.2 -1.90735e-07
    endloop
  endfacet
  facet normal 0 0 1
    outer loop
      vertex 4.9 3.2 -1.90735e-07
      vertex 4.5 2.6 -1.90735e-07
      vertex 99.5 2.6 -1.90735e-07
    endloop
  endfacet
  facet normal 0 0 1
    outer loop
      vertex 4.63868 3.21369 -1.90735e-07
      vertex 4.5 2.6 -1.90735e-07
      vertex 4.9 3.2 -1.90735e-07
    endloop
  endfacet
  facet normal 0 0 1
    outer loop
      vertex 4.38022 3.25463 -1.90735e-07
      vertex 4.5 2.6 -1.90735e-07
      vertex 4.63868 3.21369 -1.90735e-07
    endloop
  endfacet
  facet normal 0 0 1
    outer loop
      vertex 4.38022 3.25463 -1.90735e-07
      vertex 4.21777 2.61479 -1.90735e-07
      vertex 4.5 2.6 -1.90735e-07
    endloop
  endfacet
  facet normal 0 0 1
    outer loop
      vertex 4.12746 3.32236 -1.90735e-07
      vertex 4.21777 2.61479 -1.90735e-07
      vertex 4.38022 3.25463 -1.90735e-07
    endloop
  endfacet
  facet normal 0 0 1
    outer loop
      vertex 4.12746 3.32236 -1.90735e-07
      vertex 3.93864 2.659 -1.90735e-07
      vertex 4.21777 2.61479 -1.90735e-07
    endloop
  endfacet
  facet normal 0 0 1
    outer loop
      vertex 3.66565 2.73215 -1.90735e-07
      vertex 4.12746 3.32236 -1.90735e-07
      vertex 3.88316 3.41614 -1.90735e-07
    endloop
  endfacet
  facet normal 0 0 1
    outer loop
      vertex 4.12746 3.32236 -1.90735e-07
      vertex 3.66565 2.73215 -1.90735e-07
      vertex 3.93864 2.659 -1.90735e-07
    endloop
  endfacet
  facet normal 0 0 1
    outer loop
      vertex 3.40181 2.83343 -1.90735e-07
      vertex 3.88316 3.41614 -1.90735e-07
      vertex 3.65 3.53494 -1.90735e-07
    endloop
  endfacet
  facet normal 0 0 1
    outer loop
      vertex 3.15 2.96173 -1.90735e-07
      vertex 3.65 3.53494 -1.90735e-07
      vertex 3.43054 3.67746 -1.90735e-07
    endloop
  endfacet
  facet normal 0 0 1
    outer loop
      vertex 3.88316 3.41614 -1.90735e-07
      vertex 3.40181 2.83343 -1.90735e-07
      vertex 3.66565 2.73215 -1.90735e-07
    endloop
  endfacet
  facet normal 0 0 1
    outer loop
      vertex 2.91298 3.11565 -1.90735e-07
      vertex 3.43054 3.67746 -1.90735e-07
      vertex 3.22717 3.84214 -1.90735e-07
    endloop
  endfacet
  facet normal 0 0 1
    outer loop
      vertex 3.65 3.53494 -1.90735e-07
      vertex 3.15 2.96173 -1.90735e-07
      vertex 3.40181 2.83343 -1.90735e-07
    endloop
  endfacet
  facet normal 0 0 1
    outer loop
      vertex 2.69335 3.29351 -1.90735e-07
      vertex 3.22717 3.84214 -1.90735e-07
      vertex 3.04214 4.02717 -1.90735e-07
    endloop
  endfacet
  facet normal 0 0 1
    outer loop
      vertex 3.43054 3.67746 -1.90735e-07
      vertex 2.91298 3.11565 -1.90735e-07
      vertex 3.15 2.96173 -1.90735e-07
    endloop
  endfacet
  facet normal 0 0 1
    outer loop
      vertex 2.31565 3.71298 -1.90735e-07
      vertex 3.04214 4.02717 -1.90735e-07
      vertex 2.87746 4.23054 -1.90735e-07
    endloop
  endfacet
  facet normal 0 0 1
    outer loop
      vertex 2.16173 3.95 -1.90735e-07
      vertex 2.87746 4.23054 -1.90735e-07
      vertex 2.73494 4.45 -1.90735e-07
    endloop
  endfacet
  facet normal 0 0 1
    outer loop
      vertex 3.22717 3.84214 -1.90735e-07
      vertex 2.69335 3.29351 -1.90735e-07
      vertex 2.91298 3.11565 -1.90735e-07
    endloop
  endfacet
  facet normal 0 0 1
    outer loop
      vertex 2.03343 4.20181 -1.90735e-07
      vertex 2.73494 4.45 -1.90735e-07
      vertex 2.61614 4.68316 -1.90735e-07
    endloop
  endfacet
  facet normal 0 0 1
    outer loop
      vertex 1.93215 4.46565 -1.90735e-07
      vertex 2.61614 4.68316 -1.90735e-07
      vertex 2.52236 4.92746 -1.90735e-07
    endloop
  endfacet
  facet normal 0 0 1
    outer loop
      vertex 3.04214 4.02717 -1.90735e-07
      vertex 2.49351 3.49335 -1.90735e-07
      vertex 2.69335 3.29351 -1.90735e-07
    endloop
  endfacet
  facet normal -0 0 1
    outer loop
      vertex 1.81479 5.01777 -1.90735e-07
      vertex 2.52236 4.92746 -1.90735e-07
      vertex 2.45463 5.18022 -1.90735e-07
    endloop
  endfacet
  facet normal -0 0 1
    outer loop
      vertex 1.8 5.3 -1.90735e-07
      vertex 2.45463 5.18022 -1.90735e-07
      vertex 2.41369 5.43868 -1.90735e-07
    endloop
  endfacet
  facet normal 0 0 1
    outer loop
      vertex 1.8 5.3 -1.90735e-07
      vertex 2.41369 5.43868 -1.90735e-07
      vertex 2.4 5.7 -1.90735e-07
    endloop
  endfacet
  facet normal 0 0 1
    outer loop
      vertex 1.8 5.3 -1.90735e-07
      vertex 2.39229 20.2356 -1.90735e-07
      vertex 2.34978 20.2991 -1.90735e-07
    endloop
  endfacet
  facet normal 0 0 1
    outer loop
      vertex 1.8 5.3 -1.90735e-07
      vertex 2.34978 20.2991 -1.90735e-07
      vertex 2.31908 20.3649 -1.90735e-07
    endloop
  endfacet
  facet normal 0 0 1
    outer loop
      vertex 3.04214 4.02717 -1.90735e-07
      vertex 2.31565 3.71298 -1.90735e-07
      vertex 2.49351 3.49335 -1.90735e-07
    endloop
  endfacet
  facet normal 0 0 1
    outer loop
      vertex 2.4 20.2269 -1.90735e-07
      vertex 1.8 5.3 -1.90735e-07
      vertex 2.4 5.7 -1.90735e-07
    endloop
  endfacet
  facet normal 0 0 1
    outer loop
      vertex 1.8 5.3 -1.90735e-07
      vertex 2.31908 20.3649 -1.90735e-07
      vertex 2.30139 20.4289 -1.90735e-07
    endloop
  endfacet
  facet normal 0 0 1
    outer loop
      vertex 1.8 5.3 -1.90735e-07
      vertex 2.30139 20.4289 -1.90735e-07
      vertex 2.30052 20.4321 -1.90735e-07
    endloop
  endfacet
  facet normal 0 0 1
    outer loop
      vertex 1.8 5.3 -1.90735e-07
      vertex 2.30052 20.4321 -1.90735e-07
      vertex 2.30023 20.4353 -1.90735e-07
    endloop
  endfacet
  facet normal 0 0 1
    outer loop
      vertex 1.8 5.3 -1.90735e-07
      vertex 2.30023 20.4353 -1.90735e-07
      vertex 2.29431 20.5 -1.90735e-07
    endloop
  endfacet
  facet normal 0 0 1
    outer loop
      vertex 2.29431 52.5 -1.90735e-07
      vertex 1.8 72.5 -1.90735e-07
      vertex 2.29431 20.5 -1.90735e-07
    endloop
  endfacet
  facet normal 0 0 1
    outer loop
      vertex 1.8 5.3 -1.90735e-07
      vertex 2.29431 20.5 -1.90735e-07
      vertex 1.8 72.5 -1.90735e-07
    endloop
  endfacet
  facet normal 0 0 1
    outer loop
      vertex 2.52236 72.8725 -1.90735e-07
      vertex 1.81479 72.7822 -1.90735e-07
      vertex 2.45463 72.6198 -1.90735e-07
    endloop
  endfacet
  facet normal 0 0 1
    outer loop
      vertex 2.45463 5.18022 -1.90735e-07
      vertex 1.8 5.3 -1.90735e-07
      vertex 1.81479 5.01777 -1.90735e-07
    endloop
  endfacet
  facet normal 0 0 1
    outer loop
      vertex 1.8 72.5 -1.90735e-07
      vertex 2.45463 72.6198 -1.90735e-07
      vertex 1.81479 72.7822 -1.90735e-07
    endloop
  endfacet
  facet normal 0 0 1
    outer loop
      vertex 2.87746 4.23054 -1.90735e-07
      vertex 2.16173 3.95 -1.90735e-07
      vertex 2.31565 3.71298 -1.90735e-07
    endloop
  endfacet
  facet normal 0 0 1
    outer loop
      vertex 2.45463 72.6198 -1.90735e-07
      vertex 1.8 72.5 -1.90735e-07
      vertex 2.41369 72.3613 -1.90735e-07
    endloop
  endfacet
  facet normal 0 0 1
    outer loop
      vertex 2.73494 4.45 -1.90735e-07
      vertex 2.03343 4.20181 -1.90735e-07
      vertex 2.16173 3.95 -1.90735e-07
    endloop
  endfacet
  facet normal 0 0 1
    outer loop
      vertex 2.41369 72.3613 -1.90735e-07
      vertex 1.8 72.5 -1.90735e-07
      vertex 2.4 72.1 -1.90735e-07
    endloop
  endfacet
  facet normal 0 0 1
    outer loop
      vertex 2.61614 4.68316 -1.90735e-07
      vertex 1.93215 4.46565 -1.90735e-07
      vertex 2.03343 4.20181 -1.90735e-07
    endloop
  endfacet
  facet normal 0 0 1
    outer loop
      vertex 2.52236 4.92746 -1.90735e-07
      vertex 1.859 4.73864 -1.90735e-07
      vertex 1.93215 4.46565 -1.90735e-07
    endloop
  endfacet
  facet normal 0 0 1
    outer loop
      vertex 2.52236 4.92746 -1.90735e-07
      vertex 1.81479 5.01777 -1.90735e-07
      vertex 1.859 4.73864 -1.90735e-07
    endloop
  endfacet
  facet normal 0 0 1
    outer loop
      vertex 102.2 72.5 -1.90735e-07
      vertex 101.6 52.7731 -1.90735e-07
      vertex 101.608 52.7644 -1.90735e-07
    endloop
  endfacet
  facet normal 0 1 -0
    outer loop
      vertex 99.5 75.2 -2.2
      vertex 4.5 75.2 -1.90735e-07
      vertex 99.5 75.2 -1.90735e-07
    endloop
  endfacet
  facet normal 0 1 0
    outer loop
      vertex 4.5 75.2 -1.90735e-07
      vertex 99.5 75.2 -2.2
      vertex 4.5 75.2 -2.2
    endloop
  endfacet
  facet normal 0.776849 0.629687 0
    outer loop
      vertex 101.684 74.087 -1.90735e-07
      vertex 101.506 74.3066 -2.2
      vertex 101.506 74.3066 -1.90735e-07
    endloop
  endfacet
  facet normal 0.776849 0.629687 0
    outer loop
      vertex 101.506 74.3066 -2.2
      vertex 101.684 74.087 -1.90735e-07
      vertex 101.684 74.087 -2.2
    endloop
  endfacet
  facet normal -0.965924 -0.258827 0
    outer loop
      vertex 1.93215 4.46565 -2.2
      vertex 1.859 4.73864 -1.90735e-07
      vertex 1.859 4.73864 -2.2
    endloop
  endfacet
  facet normal -0.965924 -0.258827 0
    outer loop
      vertex 1.859 4.73864 -1.90735e-07
      vertex 1.93215 4.46565 -2.2
      vertex 1.93215 4.46565 -1.90735e-07
    endloop
  endfacet
  facet normal -0.777092 0.629388 0
    outer loop
      vertex 2.31565 74.087 -2.2
      vertex 2.49351 74.3066 -1.90735e-07
      vertex 2.49351 74.3066 -2.2
    endloop
  endfacet
  facet normal -0.777092 0.629388 0
    outer loop
      vertex 2.49351 74.3066 -1.90735e-07
      vertex 2.31565 74.087 -2.2
      vertex 2.31565 74.087 -1.90735e-07
    endloop
  endfacet
  facet normal -0.933606 0.358301 0
    outer loop
      vertex 1.93215 73.3343 -2.2
      vertex 2.03343 73.5982 -1.90735e-07
      vertex 2.03343 73.5982 -2.2
    endloop
  endfacet
  facet normal -0.933606 0.358301 0
    outer loop
      vertex 2.03343 73.5982 -1.90735e-07
      vertex 1.93215 73.3343 -2.2
      vertex 1.93215 73.3343 -1.90735e-07
    endloop
  endfacet
  facet normal 0.966035 0.258412 0
    outer loop
      vertex 102.141 73.0614 -1.90735e-07
      vertex 102.068 73.3343 -2.2
      vertex 102.068 73.3343 -1.90735e-07
    endloop
  endfacet
  facet normal 0.966035 0.258412 0
    outer loop
      vertex 102.068 73.3343 -2.2
      vertex 102.141 73.0614 -1.90735e-07
      vertex 102.141 73.0614 -2.2
    endloop
  endfacet
  facet normal 0.628567 0.777755 -0
    outer loop
      vertex 101.307 74.5065 -2.2
      vertex 101.087 74.6843 -1.90735e-07
      vertex 101.307 74.5065 -1.90735e-07
    endloop
  endfacet
  facet normal 0.628567 0.777755 0
    outer loop
      vertex 101.087 74.6843 -1.90735e-07
      vertex 101.307 74.5065 -2.2
      vertex 101.087 74.6843 -2.2
    endloop
  endfacet
  facet normal 0.890001 0.455958 0
    outer loop
      vertex 101.967 73.5982 -1.90735e-07
      vertex 101.838 73.85 -2.2
      vertex 101.838 73.85 -1.90735e-07
    endloop
  endfacet
  facet normal 0.890001 0.455958 0
    outer loop
      vertex 101.838 73.85 -2.2
      vertex 101.967 73.5982 -1.90735e-07
      vertex 101.967 73.5982 -2.2
    endloop
  endfacet
  facet normal -0.358434 0.933555 0
    outer loop
      vertex 3.66565 75.0679 -2.2
      vertex 3.40181 74.9666 -1.90735e-07
      vertex 3.66565 75.0679 -1.90735e-07
    endloop
  endfacet
  facet normal -0.358434 0.933555 0
    outer loop
      vertex 3.40181 74.9666 -1.90735e-07
      vertex 3.66565 75.0679 -2.2
      vertex 3.40181 74.9666 -2.2
    endloop
  endfacet
  facet normal -0.838675 -0.544633 0
    outer loop
      vertex 2.31565 3.71298 -2.2
      vertex 2.16173 3.95 -1.90735e-07
      vertex 2.16173 3.95 -2.2
    endloop
  endfacet
  facet normal -0.838675 -0.544633 0
    outer loop
      vertex 2.16173 3.95 -1.90735e-07
      vertex 2.31565 3.71298 -2.2
      vertex 2.31565 3.71298 -1.90735e-07
    endloop
  endfacet
  facet normal -0.629336 -0.777134 0
    outer loop
      vertex 2.69335 3.29351 -2.2
      vertex 2.91298 3.11565 -1.90735e-07
      vertex 2.69335 3.29351 -1.90735e-07
    endloop
  endfacet
  facet normal -0.629336 -0.777134 -0
    outer loop
      vertex 2.91298 3.11565 -1.90735e-07
      vertex 2.69335 3.29351 -2.2
      vertex 2.91298 3.11565 -2.2
    endloop
  endfacet
  facet normal -0.258662 0.965968 0
    outer loop
      vertex 3.93864 75.141 -2.2
      vertex 3.66565 75.0679 -1.90735e-07
      vertex 3.93864 75.141 -1.90735e-07
    endloop
  endfacet
  facet normal -0.258662 0.965968 0
    outer loop
      vertex 3.66565 75.0679 -1.90735e-07
      vertex 3.93864 75.141 -2.2
      vertex 3.66565 75.0679 -2.2
    endloop
  endfacet
  facet normal -0.258827 -0.965924 0
    outer loop
      vertex 3.66565 2.73215 -2.2
      vertex 3.93864 2.659 -1.90735e-07
      vertex 3.66565 2.73215 -1.90735e-07
    endloop
  endfacet
  facet normal -0.258827 -0.965924 -0
    outer loop
      vertex 3.93864 2.659 -1.90735e-07
      vertex 3.66565 2.73215 -2.2
      vertex 3.93864 2.659 -2.2
    endloop
  endfacet
  facet normal -0.838654 0.544665 0
    outer loop
      vertex 2.16173 73.85 -2.2
      vertex 2.31565 74.087 -1.90735e-07
      vertex 2.31565 74.087 -2.2
    endloop
  endfacet
  facet normal -0.838654 0.544665 0
    outer loop
      vertex 2.31565 74.087 -1.90735e-07
      vertex 2.16173 73.85 -2.2
      vertex 2.16173 73.85 -1.90735e-07
    endloop
  endfacet
  facet normal 0.966056 -0.258332 0
    outer loop
      vertex 102.068 4.46565 -1.90735e-07
      vertex 102.141 4.73864 -2.2
      vertex 102.141 4.73864 -1.90735e-07
    endloop
  endfacet
  facet normal 0.966056 -0.258332 0
    outer loop
      vertex 102.141 4.73864 -2.2
      vertex 102.068 4.46565 -1.90735e-07
      vertex 102.068 4.46565 -2.2
    endloop
  endfacet
  facet normal 0.776891 -0.629635 0
    outer loop
      vertex 101.506 3.49335 -1.90735e-07
      vertex 101.684 3.71298 -2.2
      vertex 101.684 3.71298 -1.90735e-07
    endloop
  endfacet
  facet normal 0.776891 -0.629635 0
    outer loop
      vertex 101.684 3.71298 -2.2
      vertex 101.506 3.49335 -1.90735e-07
      vertex 101.506 3.49335 -2.2
    endloop
  endfacet
  facet normal 0.358244 0.933628 -0
    outer loop
      vertex 100.598 74.9666 -2.2
      vertex 100.334 75.0679 -1.90735e-07
      vertex 100.598 74.9666 -1.90735e-07
    endloop
  endfacet
  facet normal 0.358244 0.933628 0
    outer loop
      vertex 100.334 75.0679 -1.90735e-07
      vertex 100.598 74.9666 -2.2
      vertex 100.334 75.0679 -2.2
    endloop
  endfacet
  facet normal -0.45398 -0.891012 0
    outer loop
      vertex 3.15 2.96173 -2.2
      vertex 3.40181 2.83343 -1.90735e-07
      vertex 3.15 2.96173 -1.90735e-07
    endloop
  endfacet
  facet normal -0.45398 -0.891012 -0
    outer loop
      vertex 3.40181 2.83343 -1.90735e-07
      vertex 3.15 2.96173 -2.2
      vertex 3.40181 2.83343 -2.2
    endloop
  endfacet
  facet normal -0.0523323 -0.99863 0
    outer loop
      vertex 4.21777 2.61479 -2.2
      vertex 4.5 2.6 -1.90735e-07
      vertex 4.21777 2.61479 -1.90735e-07
    endloop
  endfacet
  facet normal -0.0523323 -0.99863 -0
    outer loop
      vertex 4.5 2.6 -1.90735e-07
      vertex 4.21777 2.61479 -2.2
      vertex 4.5 2.6 -2.2
    endloop
  endfacet
  facet normal -0.965902 0.258907 0
    outer loop
      vertex 1.859 73.0614 -2.2
      vertex 1.93215 73.3343 -1.90735e-07
      vertex 1.93215 73.3343 -2.2
    endloop
  endfacet
  facet normal -0.965902 0.258907 0
    outer loop
      vertex 1.93215 73.3343 -1.90735e-07
      vertex 1.859 73.0614 -2.2
      vertex 1.859 73.0614 -1.90735e-07
    endloop
  endfacet
  facet normal -0.629207 0.777237 0
    outer loop
      vertex 2.91298 74.6843 -2.2
      vertex 2.69335 74.5065 -1.90735e-07
      vertex 2.91298 74.6843 -1.90735e-07
    endloop
  endfacet
  facet normal -0.629207 0.777237 0
    outer loop
      vertex 2.69335 74.5065 -1.90735e-07
      vertex 2.91298 74.6843 -2.2
      vertex 2.69335 74.5065 -2.2
    endloop
  endfacet
  facet normal 0.987803 -0.15571 0
    outer loop
      vertex 102.141 4.73864 -1.90735e-07
      vertex 102.185 5.01777 -2.2
      vertex 102.185 5.01777 -1.90735e-07
    endloop
  endfacet
  facet normal 0.987803 -0.15571 0
    outer loop
      vertex 102.185 5.01777 -2.2
      vertex 102.141 4.73864 -1.90735e-07
      vertex 102.141 4.73864 -2.2
    endloop
  endfacet
  facet normal 0.258654 0.96597 -0
    outer loop
      vertex 100.334 75.0679 -2.2
      vertex 100.061 75.141 -1.90735e-07
      vertex 100.334 75.0679 -1.90735e-07
    endloop
  endfacet
  facet normal 0.258654 0.96597 0
    outer loop
      vertex 100.061 75.141 -1.90735e-07
      vertex 100.334 75.0679 -2.2
      vertex 100.061 75.141 -2.2
    endloop
  endfacet
  facet normal 0.453709 -0.89115 0
    outer loop
      vertex 100.598 2.83343 -2.2
      vertex 100.85 2.96173 -1.90735e-07
      vertex 100.598 2.83343 -1.90735e-07
    endloop
  endfacet
  facet normal 0.453709 -0.89115 0
    outer loop
      vertex 100.85 2.96173 -1.90735e-07
      vertex 100.598 2.83343 -2.2
      vertex 100.85 2.96173 -2.2
    endloop
  endfacet
  facet normal -0.358372 -0.933579 0
    outer loop
      vertex 3.40181 2.83343 -2.2
      vertex 3.66565 2.73215 -1.90735e-07
      vertex 3.40181 2.83343 -1.90735e-07
    endloop
  endfacet
  facet normal -0.358372 -0.933579 -0
    outer loop
      vertex 3.66565 2.73215 -1.90735e-07
      vertex 3.40181 2.83343 -2.2
      vertex 3.66565 2.73215 -2.2
    endloop
  endfacet
  facet normal 0.708594 -0.705616 0
    outer loop
      vertex 101.307 3.29351 -2.2
      vertex 101.506 3.49335 -1.90735e-07
      vertex 101.307 3.29351 -1.90735e-07
    endloop
  endfacet
  facet normal 0.708594 -0.705616 0
    outer loop
      vertex 101.506 3.49335 -1.90735e-07
      vertex 101.307 3.29351 -2.2
      vertex 101.506 3.49335 -2.2
    endloop
  endfacet
  facet normal 0.933937 0.357437 0
    outer loop
      vertex 102.068 73.3343 -1.90735e-07
      vertex 101.967 73.5982 -2.2
      vertex 101.967 73.5982 -1.90735e-07
    endloop
  endfacet
  facet normal 0.933937 0.357437 0
    outer loop
      vertex 101.967 73.5982 -2.2
      vertex 102.068 73.3343 -1.90735e-07
      vertex 102.068 73.3343 -2.2
    endloop
  endfacet
  facet normal 0.358183 -0.933652 0
    outer loop
      vertex 100.334 2.73215 -2.2
      vertex 100.598 2.83343 -1.90735e-07
      vertex 100.334 2.73215 -1.90735e-07
    endloop
  endfacet
  facet normal 0.358183 -0.933652 0
    outer loop
      vertex 100.598 2.83343 -1.90735e-07
      vertex 100.334 2.73215 -2.2
      vertex 100.598 2.83343 -2.2
    endloop
  endfacet
  facet normal -0.777134 -0.629336 0
    outer loop
      vertex 2.49351 3.49335 -2.2
      vertex 2.31565 3.71298 -1.90735e-07
      vertex 2.31565 3.71298 -2.2
    endloop
  endfacet
  facet normal -0.777134 -0.629336 0
    outer loop
      vertex 2.31565 3.71298 -1.90735e-07
      vertex 2.49351 3.49335 -2.2
      vertex 2.49351 3.49335 -1.90735e-07
    endloop
  endfacet
  facet normal -0.0523675 0.998628 0
    outer loop
      vertex 4.5 75.2 -2.2
      vertex 4.21777 75.1852 -1.90735e-07
      vertex 4.5 75.2 -1.90735e-07
    endloop
  endfacet
  facet normal -0.0523675 0.998628 0
    outer loop
      vertex 4.21777 75.1852 -1.90735e-07
      vertex 4.5 75.2 -2.2
      vertex 4.21777 75.1852 -2.2
    endloop
  endfacet
  facet normal -0.933579 -0.358372 0
    outer loop
      vertex 2.03343 4.20181 -2.2
      vertex 1.93215 4.46565 -1.90735e-07
      vertex 1.93215 4.46565 -2.2
    endloop
  endfacet
  facet normal -0.933579 -0.358372 0
    outer loop
      vertex 1.93215 4.46565 -1.90735e-07
      vertex 2.03343 4.20181 -2.2
      vertex 2.03343 4.20181 -1.90735e-07
    endloop
  endfacet
  facet normal 0.890009 -0.455943 0
    outer loop
      vertex 101.838 3.95 -1.90735e-07
      vertex 101.967 4.20181 -2.2
      vertex 101.967 4.20181 -1.90735e-07
    endloop
  endfacet
  facet normal 0.890009 -0.455943 0
    outer loop
      vertex 101.967 4.20181 -2.2
      vertex 101.838 3.95 -1.90735e-07
      vertex 101.838 3.95 -2.2
    endloop
  endfacet
  facet normal 0.156616 -0.98766 0
    outer loop
      vertex 99.7822 2.61479 -2.2
      vertex 100.061 2.659 -1.90735e-07
      vertex 99.7822 2.61479 -1.90735e-07
    endloop
  endfacet
  facet normal 0.156616 -0.98766 0
    outer loop
      vertex 100.061 2.659 -1.90735e-07
      vertex 99.7822 2.61479 -2.2
      vertex 100.061 2.659 -2.2
    endloop
  endfacet
  facet normal -0.45398 0.891012 0
    outer loop
      vertex 3.40181 74.9666 -2.2
      vertex 3.15 74.8383 -1.90735e-07
      vertex 3.40181 74.9666 -1.90735e-07
    endloop
  endfacet
  facet normal -0.45398 0.891012 0
    outer loop
      vertex 3.15 74.8383 -1.90735e-07
      vertex 3.40181 74.9666 -2.2
      vertex 3.15 74.8383 -2.2
    endloop
  endfacet
  facet normal 0.93391 -0.357508 0
    outer loop
      vertex 101.967 4.20181 -1.90735e-07
      vertex 102.068 4.46565 -2.2
      vertex 102.068 4.46565 -1.90735e-07
    endloop
  endfacet
  facet normal 0.93391 -0.357508 0
    outer loop
      vertex 102.068 4.46565 -2.2
      vertex 101.967 4.20181 -1.90735e-07
      vertex 101.967 4.20181 -2.2
    endloop
  endfacet
  facet normal 0.838545 -0.544832 0
    outer loop
      vertex 101.684 3.71298 -1.90735e-07
      vertex 101.838 3.95 -2.2
      vertex 101.838 3.95 -1.90735e-07
    endloop
  endfacet
  facet normal 0.838545 -0.544832 0
    outer loop
      vertex 101.838 3.95 -2.2
      vertex 101.684 3.71298 -1.90735e-07
      vertex 101.684 3.71298 -2.2
    endloop
  endfacet
  facet normal -0.544633 -0.838675 0
    outer loop
      vertex 2.91298 3.11565 -2.2
      vertex 3.15 2.96173 -1.90735e-07
      vertex 2.91298 3.11565 -1.90735e-07
    endloop
  endfacet
  facet normal -0.544633 -0.838675 -0
    outer loop
      vertex 3.15 2.96173 -1.90735e-07
      vertex 2.91298 3.11565 -2.2
      vertex 3.15 2.96173 -2.2
    endloop
  endfacet
  facet normal 0.453709 0.89115 -0
    outer loop
      vertex 100.85 74.8383 -2.2
      vertex 100.598 74.9666 -1.90735e-07
      vertex 100.85 74.8383 -1.90735e-07
    endloop
  endfacet
  facet normal 0.453709 0.89115 0
    outer loop
      vertex 100.598 74.9666 -1.90735e-07
      vertex 100.85 74.8383 -2.2
      vertex 100.598 74.9666 -2.2
    endloop
  endfacet
  facet normal -0.156435 -0.987688 0
    outer loop
      vertex 3.93864 2.659 -2.2
      vertex 4.21777 2.61479 -1.90735e-07
      vertex 3.93864 2.659 -1.90735e-07
    endloop
  endfacet
  facet normal -0.156435 -0.987688 -0
    outer loop
      vertex 4.21777 2.61479 -1.90735e-07
      vertex 3.93864 2.659 -2.2
      vertex 4.21777 2.61479 -2.2
    endloop
  endfacet
  facet normal 0.0523731 0.998628 -0
    outer loop
      vertex 99.7822 75.1852 -2.2
      vertex 99.5 75.2 -1.90735e-07
      vertex 99.7822 75.1852 -1.90735e-07
    endloop
  endfacet
  facet normal 0.0523731 0.998628 0
    outer loop
      vertex 99.5 75.2 -1.90735e-07
      vertex 99.7822 75.1852 -2.2
      vertex 99.5 75.2 -2.2
    endloop
  endfacet
  facet normal -0.1564 0.987694 0
    outer loop
      vertex 4.21777 75.1852 -2.2
      vertex 3.93864 75.141 -1.90735e-07
      vertex 4.21777 75.1852 -1.90735e-07
    endloop
  endfacet
  facet normal -0.1564 0.987694 0
    outer loop
      vertex 3.93864 75.141 -1.90735e-07
      vertex 4.21777 75.1852 -2.2
      vertex 3.93864 75.141 -2.2
    endloop
  endfacet
  facet normal 0.7087 0.70551 0
    outer loop
      vertex 101.506 74.3066 -1.90735e-07
      vertex 101.307 74.5065 -2.2
      vertex 101.307 74.5065 -1.90735e-07
    endloop
  endfacet
  facet normal 0.7087 0.70551 0
    outer loop
      vertex 101.307 74.5065 -2.2
      vertex 101.506 74.3066 -1.90735e-07
      vertex 101.506 74.3066 -2.2
    endloop
  endfacet
  facet normal 0.156581 0.987665 -0
    outer loop
      vertex 100.061 75.141 -2.2
      vertex 99.7822 75.1852 -1.90735e-07
      vertex 100.061 75.141 -1.90735e-07
    endloop
  endfacet
  facet normal 0.156581 0.987665 0
    outer loop
      vertex 99.7822 75.1852 -1.90735e-07
      vertex 100.061 75.141 -2.2
      vertex 99.7822 75.1852 -2.2
    endloop
  endfacet
  facet normal 0.544864 0.838524 -0
    outer loop
      vertex 101.087 74.6843 -2.2
      vertex 100.85 74.8383 -1.90735e-07
      vertex 101.087 74.6843 -1.90735e-07
    endloop
  endfacet
  facet normal 0.544864 0.838524 0
    outer loop
      vertex 100.85 74.8383 -1.90735e-07
      vertex 101.087 74.6843 -2.2
      vertex 100.85 74.8383 -2.2
    endloop
  endfacet
  facet normal 0.987686 0.156449 -0
    outer loop
      vertex 2.45463 5.18022 0
      vertex 2.41369 5.43868 8.5214
      vertex 2.45463 5.18022 8.54856
    endloop
  endfacet
  facet normal 0.987686 0.156449 0
    outer loop
      vertex 2.41369 5.43868 8.5214
      vertex 2.45463 5.18022 0
      vertex 2.41369 5.43868 0
    endloop
  endfacet
  facet normal 0.987686 0.156449 0
    outer loop
      vertex 2.45463 5.18022 -1.90735e-07
      vertex 2.41369 5.43868 -2.2
      vertex 2.41369 5.43868 -1.90735e-07
    endloop
  endfacet
  facet normal 0.987686 0.156449 0
    outer loop
      vertex 2.41369 5.43868 -2.2
      vertex 2.45463 5.18022 -1.90735e-07
      vertex 2.45463 5.18022 -2.2
    endloop
  endfacet
  facet normal -0.0523582 -0.998628 0
    outer loop
      vertex 99.1 74.6 0
      vertex 99.3613 74.5863 1.25369
      vertex 99.1 74.6 1.25225
    endloop
  endfacet
  facet normal -0.0523582 -0.998628 -0
    outer loop
      vertex 99.3613 74.5863 1.25369
      vertex 99.1 74.6 0
      vertex 99.3613 74.5863 0
    endloop
  endfacet
  facet normal -0.0523582 -0.998628 0
    outer loop
      vertex 99.1 74.6 -2.2
      vertex 99.3613 74.5863 -1.90735e-07
      vertex 99.1 74.6 -1.90735e-07
    endloop
  endfacet
  facet normal -0.0523582 -0.998628 -0
    outer loop
      vertex 99.3613 74.5863 -1.90735e-07
      vertex 99.1 74.6 -2.2
      vertex 99.3613 74.5863 -2.2
    endloop
  endfacet
  facet normal 0.998631 0.0523161 -0
    outer loop
      vertex 2.41369 5.43868 0
      vertex 2.4 5.7 8.49393
      vertex 2.41369 5.43868 8.5214
    endloop
  endfacet
  facet normal 0.998631 0.0523161 0
    outer loop
      vertex 2.4 5.7 8.49393
      vertex 2.41369 5.43868 0
      vertex 2.4 5.7 0
    endloop
  endfacet
  facet normal 0.998631 0.0523161 0
    outer loop
      vertex 2.41369 5.43868 -1.90735e-07
      vertex 2.4 5.7 -2.2
      vertex 2.4 5.7 -1.90735e-07
    endloop
  endfacet
  facet normal 0.998631 0.0523161 0
    outer loop
      vertex 2.4 5.7 -2.2
      vertex 2.41369 5.43868 -1.90735e-07
      vertex 2.41369 5.43868 -2.2
    endloop
  endfacet
  facet normal -0.156277 -0.987713 0
    outer loop
      vertex 99.6198 74.5454 0
      vertex 99.3613 74.5863 1.25369
      vertex 99.3613 74.5863 0
    endloop
  endfacet
  facet normal -0.156277 -0.987713 0
    outer loop
      vertex 99.3613 74.5863 1.25369
      vertex 99.6198 74.5454 0
      vertex 99.6198 74.5454 1.25799
    endloop
  endfacet
  facet normal -0.156277 -0.987713 0
    outer loop
      vertex 99.3613 74.5863 -2.2
      vertex 99.6198 74.5454 -1.90735e-07
      vertex 99.3613 74.5863 -1.90735e-07
    endloop
  endfacet
  facet normal -0.156277 -0.987713 -0
    outer loop
      vertex 99.6198 74.5454 -1.90735e-07
      vertex 99.3613 74.5863 -2.2
      vertex 99.6198 74.5454 -2.2
    endloop
  endfacet
  facet normal -0.776559 0.630045 0
    outer loop
      vertex 100.958 4.02717 0
      vertex 101.123 4.23054 8.64838
      vertex 101.123 4.23054 0
    endloop
  endfacet
  facet normal -0.776559 0.630045 0
    outer loop
      vertex 101.123 4.23054 8.64838
      vertex 100.958 4.02717 0
      vertex 100.958 4.02717 8.66975
    endloop
  endfacet
  facet normal -0.776559 0.630045 0
    outer loop
      vertex 100.958 4.02717 -2.2
      vertex 101.123 4.23054 -1.90735e-07
      vertex 101.123 4.23054 -2.2
    endloop
  endfacet
  facet normal -0.776559 0.630045 0
    outer loop
      vertex 101.123 4.23054 -1.90735e-07
      vertex 100.958 4.02717 -2.2
      vertex 100.958 4.02717 -1.90735e-07
    endloop
  endfacet
  facet normal -0.987654 -0.156649 0
    outer loop
      vertex 101.586 72.3613 0
      vertex 101.545 72.6198 1.46038
      vertex 101.545 72.6198 0
    endloop
  endfacet
  facet normal -0.987654 -0.156649 0
    outer loop
      vertex 101.545 72.6198 1.46038
      vertex 101.586 72.3613 0
      vertex 101.586 72.3613 1.48754
    endloop
  endfacet
  facet normal -0.987654 -0.156649 0
    outer loop
      vertex 101.586 72.3613 -2.2
      vertex 101.545 72.6198 -1.90735e-07
      vertex 101.545 72.6198 -2.2
    endloop
  endfacet
  facet normal -0.987654 -0.156649 0
    outer loop
      vertex 101.545 72.6198 -1.90735e-07
      vertex 101.586 72.3613 -2.2
      vertex 101.586 72.3613 -1.90735e-07
    endloop
  endfacet
  facet normal -0.998568 -0.0535015 0
    outer loop
      vertex 101.6 72.1 0
      vertex 101.586 72.3613 1.48754
      vertex 101.586 72.3613 0
    endloop
  endfacet
  facet normal -0.998568 -0.0535015 0
    outer loop
      vertex 101.586 72.3613 1.48754
      vertex 101.6 72.1 0
      vertex 101.6 72.1 1.51501
    endloop
  endfacet
  facet normal -0.998568 -0.0535015 0
    outer loop
      vertex 101.6 72.1 -2.2
      vertex 101.586 72.3613 -1.90735e-07
      vertex 101.586 72.3613 -2.2
    endloop
  endfacet
  facet normal -0.998568 -0.0535015 0
    outer loop
      vertex 101.586 72.3613 -1.90735e-07
      vertex 101.6 72.1 -2.2
      vertex 101.6 72.1 -1.90735e-07
    endloop
  endfacet
  facet normal -0.933296 0.359107 0
    outer loop
      vertex 101.384 4.68316 0
      vertex 101.478 4.92746 8.57513
      vertex 101.478 4.92746 0
    endloop
  endfacet
  facet normal -0.933296 0.359107 0
    outer loop
      vertex 101.478 4.92746 8.57513
      vertex 101.384 4.68316 0
      vertex 101.384 4.68316 8.60081
    endloop
  endfacet
  facet normal -0.933296 0.359107 0
    outer loop
      vertex 101.384 4.68316 -2.2
      vertex 101.478 4.92746 -1.90735e-07
      vertex 101.478 4.92746 -2.2
    endloop
  endfacet
  facet normal -0.933296 0.359107 0
    outer loop
      vertex 101.478 4.92746 -1.90735e-07
      vertex 101.384 4.68316 -2.2
      vertex 101.384 4.68316 -1.90735e-07
    endloop
  endfacet
  facet normal -0.156426 0.98769 0
    outer loop
      vertex 99.3613 3.21369 0
      vertex 99.6198 3.25463 8.75095
      vertex 99.6198 3.25463 0
    endloop
  endfacet
  facet normal -0.156426 0.98769 0
    outer loop
      vertex 99.6198 3.25463 8.75095
      vertex 99.3613 3.21369 0
      vertex 99.3613 3.21369 8.75525
    endloop
  endfacet
  facet normal -0.156426 0.98769 0
    outer loop
      vertex 99.6198 3.25463 -2.2
      vertex 99.3613 3.21369 -1.90735e-07
      vertex 99.6198 3.25463 -1.90735e-07
    endloop
  endfacet
  facet normal -0.156426 0.98769 0
    outer loop
      vertex 99.3613 3.21369 -1.90735e-07
      vertex 99.6198 3.25463 -2.2
      vertex 99.3613 3.21369 -2.2
    endloop
  endfacet
  facet normal -1 0 0
    outer loop
      vertex 2.4 19.9062 4.24225
      vertex 2.4 19.8818 4.16471
      vertex 2.4 19.9033 4.23309
    endloop
  endfacet
  facet normal 1 0 0
    outer loop
      vertex 2.4 19.8642 0.88448
      vertex 2.4 5.7 0
      vertex 2.4 19.8536 0.802445
    endloop
  endfacet
  facet normal 1 0 0
    outer loop
      vertex 2.4 19.8536 4.00244
      vertex 2.4 5.7 8.49393
      vertex 2.4 19.85 3.9195
    endloop
  endfacet
  facet normal 1 0 0
    outer loop
      vertex 2.4 19.8642 4.08448
      vertex 2.4 5.7 8.49393
      vertex 2.4 19.8536 4.00244
    endloop
  endfacet
  facet normal 1 0 0
    outer loop
      vertex 2.4 19.8661 4.09306
      vertex 2.4 5.7 8.49393
      vertex 2.4 19.8642 4.08448
    endloop
  endfacet
  facet normal 1 0 0
    outer loop
      vertex 2.4 19.8818 4.16471
      vertex 2.4 5.7 8.49393
      vertex 2.4 19.8661 4.09306
    endloop
  endfacet
  facet normal 1 0 0
    outer loop
      vertex 2.4 19.9062 4.24225
      vertex 2.4 5.7 8.49393
      vertex 2.4 19.8818 4.16471
    endloop
  endfacet
  facet normal 1 0 0
    outer loop
      vertex 2.4 19.9099 4.25109
      vertex 2.4 5.7 8.49393
      vertex 2.4 19.9062 4.24225
    endloop
  endfacet
  facet normal 1 0 0
    outer loop
      vertex 2.4 19.9371 4.31625
      vertex 2.4 5.7 8.49393
      vertex 2.4 19.9099 4.25109
    endloop
  endfacet
  facet normal 1 0 0
    outer loop
      vertex 2.4 19.9693 4.37689
      vertex 2.4 5.7 8.49393
      vertex 2.4 19.9371 4.31625
    endloop
  endfacet
  facet normal 1 0 0
    outer loop
      vertex 2.4 19.9741 4.38591
      vertex 2.4 5.7 8.49393
      vertex 2.4 19.9693 4.37689
    endloop
  endfacet
  facet normal 1 0 0
    outer loop
      vertex 2.4 20.017 4.45046
      vertex 2.4 5.7 8.49393
      vertex 2.4 19.9741 4.38591
    endloop
  endfacet
  facet normal 1 0 0
    outer loop
      vertex 2.4 20.0651 4.50919
      vertex 2.4 5.7 8.49393
      vertex 2.4 20.017 4.45046
    endloop
  endfacet
  facet normal 1 0 0
    outer loop
      vertex 2.4 20.1179 4.56146
      vertex 2.4 5.7 8.49393
      vertex 2.4 20.0651 4.50919
    endloop
  endfacet
  facet normal 1 0 0
    outer loop
      vertex 2.4 20.175 4.6067
      vertex 2.4 5.7 8.49393
      vertex 2.4 20.1179 4.56146
    endloop
  endfacet
  facet normal 1 0 0
    outer loop
      vertex 2.4 20.2356 4.6444
      vertex 2.4 5.7 8.49393
      vertex 2.4 20.175 4.6067
    endloop
  endfacet
  facet normal 1 0 0
    outer loop
      vertex 2.4 20.2991 4.67417
      vertex 2.4 5.7 8.49393
      vertex 2.4 20.2356 4.6444
    endloop
  endfacet
  facet normal 1 0 0
    outer loop
      vertex 2.4 20.3649 4.69566
      vertex 2.4 5.7 8.49393
      vertex 2.4 20.2991 4.67417
    endloop
  endfacet
  facet normal 1 0 0
    outer loop
      vertex 2.4 20.3753 4.69768
      vertex 2.4 5.7 8.49393
      vertex 2.4 20.3649 4.69566
    endloop
  endfacet
  facet normal 1 0 0
    outer loop
      vertex 2.4 20.4321 4.70866
      vertex 2.4 5.7 8.49393
      vertex 2.4 20.3753 4.69768
    endloop
  endfacet
  facet normal 1 0 0
    outer loop
      vertex 2.4 20.4894 4.71233
      vertex 2.4 5.7 8.49393
      vertex 2.4 20.4321 4.70866
    endloop
  endfacet
  facet normal 1 0 0
    outer loop
      vertex 2.4 20.5 4.71301
      vertex 2.4 5.7 8.49393
      vertex 2.4 20.4894 4.71233
    endloop
  endfacet
  facet normal 1 0 0
    outer loop
      vertex 2.4 5.7 8.49393
      vertex 2.4 20.5 4.71301
      vertex 2.4 41.6731 4.71301
    endloop
  endfacet
  facet normal 1 0 0
    outer loop
      vertex 2.4 72.1 1.51501
      vertex 2.4 53.15 0.719501
      vertex 2.4 72.1 0
    endloop
  endfacet
  facet normal 1 0 0
    outer loop
      vertex 2.4 72.1 1.51501
      vertex 2.4 53.1464 0.802445
      vertex 2.4 53.15 0.719501
    endloop
  endfacet
  facet normal 1 0 0
    outer loop
      vertex 2.4 72.1 1.51501
      vertex 2.4 53.1358 0.88448
      vertex 2.4 53.1464 0.802445
    endloop
  endfacet
  facet normal 1 0 0
    outer loop
      vertex 2.4 53.0595 3.51625
      vertex 2.4 53.1358 0.88448
      vertex 2.4 72.1 1.51501
    endloop
  endfacet
  facet normal 1 0 0
    outer loop
      vertex 2.4 53.1358 0.88448
      vertex 2.4 53.0595 3.51625
      vertex 2.4 53.1339 0.893056
    endloop
  endfacet
  facet normal 1 0 0
    outer loop
      vertex 2.4 53.1339 0.893056
      vertex 2.4 53.0595 3.51625
      vertex 2.4 53.1182 0.964707
    endloop
  endfacet
  facet normal 1 0 0
    outer loop
      vertex 2.4 53.1182 0.964707
      vertex 2.4 53.0595 3.51625
      vertex 2.4 53.0967 1.03309
    endloop
  endfacet
  facet normal 1 0 0
    outer loop
      vertex 2.4 53.0967 1.03309
      vertex 2.4 53.0595 3.51625
      vertex 2.4 53.0938 1.04225
    endloop
  endfacet
  facet normal 1 0 0
    outer loop
      vertex 2.4 53.0938 1.04225
      vertex 2.4 53.0595 3.51625
      vertex 2.4 53.0901 1.05109
    endloop
  endfacet
  facet normal 1 0 0
    outer loop
      vertex 2.4 53.0901 1.05109
      vertex 2.4 53.0595 3.51625
      vertex 2.4 53.0629 1.11625
    endloop
  endfacet
  facet normal 1 0 0
    outer loop
      vertex 2.4 53.0595 3.51625
      vertex 2.4 53.0307 1.17689
      vertex 2.4 53.0629 1.11625
    endloop
  endfacet
  facet normal 1 -0 0
    outer loop
      vertex 2.4 53.0259 3.45309
      vertex 2.4 53.0307 1.17689
      vertex 2.4 53.0595 3.51625
    endloop
  endfacet
  facet normal 1 0 0
    outer loop
      vertex 2.4 53.0259 3.45309
      vertex 2.4 53.0259 1.18591
      vertex 2.4 53.0307 1.17689
    endloop
  endfacet
  facet normal 1 -0 0
    outer loop
      vertex 2.4 52.983 3.38854
      vertex 2.4 53.0259 1.18591
      vertex 2.4 53.0259 3.45309
    endloop
  endfacet
  facet normal 1 0 0
    outer loop
      vertex 2.4 52.983 3.38854
      vertex 2.4 52.983 1.25046
      vertex 2.4 53.0259 1.18591
    endloop
  endfacet
  facet normal 1 -0 0
    outer loop
      vertex 2.4 52.9349 3.32981
      vertex 2.4 52.983 1.25046
      vertex 2.4 52.983 3.38854
    endloop
  endfacet
  facet normal 1 0 0
    outer loop
      vertex 2.4 52.9349 3.32981
      vertex 2.4 52.9349 1.30919
      vertex 2.4 52.983 1.25046
    endloop
  endfacet
  facet normal 1 -0 0
    outer loop
      vertex 2.4 52.8821 3.27754
      vertex 2.4 52.9349 1.30919
      vertex 2.4 52.9349 3.32981
    endloop
  endfacet
  facet normal 1 0 0
    outer loop
      vertex 2.4 52.8821 3.27754
      vertex 2.4 52.8821 1.36146
      vertex 2.4 52.9349 1.30919
    endloop
  endfacet
  facet normal 1 -0 0
    outer loop
      vertex 2.4 52.825 3.23231
      vertex 2.4 52.8821 1.36146
      vertex 2.4 52.8821 3.27754
    endloop
  endfacet
  facet normal 1 0 0
    outer loop
      vertex 2.4 52.825 3.23231
      vertex 2.4 52.825 1.4067
      vertex 2.4 52.8821 1.36146
    endloop
  endfacet
  facet normal 1 -0 0
    outer loop
      vertex 2.4 52.7644 3.1946
      vertex 2.4 52.825 1.4067
      vertex 2.4 52.825 3.23231
    endloop
  endfacet
  facet normal 1 0 0
    outer loop
      vertex 2.4 52.7644 3.1946
      vertex 2.4 52.7644 1.4444
      vertex 2.4 52.825 1.4067
    endloop
  endfacet
  facet normal 1 -0 0
    outer loop
      vertex 2.4 52.7009 3.16483
      vertex 2.4 52.7644 1.4444
      vertex 2.4 52.7644 3.1946
    endloop
  endfacet
  facet normal 1 0 0
    outer loop
      vertex 2.4 52.7009 3.16483
      vertex 2.4 52.7009 1.47417
      vertex 2.4 52.7644 1.4444
    endloop
  endfacet
  facet normal 1 -0 0
    outer loop
      vertex 2.4 52.6351 3.14334
      vertex 2.4 52.7009 1.47417
      vertex 2.4 52.7009 3.16483
    endloop
  endfacet
  facet normal 1 0 0
    outer loop
      vertex 2.4 52.6351 3.14334
      vertex 2.4 52.6351 1.49566
      vertex 2.4 52.7009 1.47417
    endloop
  endfacet
  facet normal 1 0 0
    outer loop
      vertex 2.4 52.6351 3.14334
      vertex 2.4 52.6247 1.49768
      vertex 2.4 52.6351 1.49566
    endloop
  endfacet
  facet normal 1 -0 0
    outer loop
      vertex 2.4 52.57 3.13074
      vertex 2.4 52.6247 1.49768
      vertex 2.4 52.6351 3.14334
    endloop
  endfacet
  facet normal 1 0 0
    outer loop
      vertex 2.4 52.5679 1.50866
      vertex 2.4 52.57 3.13074
      vertex 2.4 52.5679 3.13034
    endloop
  endfacet
  facet normal 1 0 0
    outer loop
      vertex 2.4 52.57 3.13074
      vertex 2.4 52.5679 1.50866
      vertex 2.4 52.6247 1.49768
    endloop
  endfacet
  facet normal 1 0 0
    outer loop
      vertex 2.4 52.5679 3.13034
      vertex 2.4 52.5573 1.50934
      vertex 2.4 52.5679 1.50866
    endloop
  endfacet
  facet normal 1 -0 0
    outer loop
      vertex 2.4 52.502 3.12613
      vertex 2.4 52.5573 1.50934
      vertex 2.4 52.5679 3.13034
    endloop
  endfacet
  facet normal 1 0 0
    outer loop
      vertex 2.4 52.5 1.513
      vertex 2.4 52.502 3.12613
      vertex 2.4 52.5 3.126
    endloop
  endfacet
  facet normal 1 0 0
    outer loop
      vertex 2.4 52.502 3.12613
      vertex 2.4 52.5 1.513
      vertex 2.4 52.5573 1.50934
    endloop
  endfacet
  facet normal 1 -0 0
    outer loop
      vertex 2.4 20.5 3.126
      vertex 2.4 52.5 1.513
      vertex 2.4 52.5 3.126
    endloop
  endfacet
  facet normal 1 0 0
    outer loop
      vertex 2.4 20.5 3.126
      vertex 2.4 20.5 1.513
      vertex 2.4 52.5 1.513
    endloop
  endfacet
  facet normal 1 0 0
    outer loop
      vertex 2.4 20.498 3.12613
      vertex 2.4 20.5 1.513
      vertex 2.4 20.5 3.126
    endloop
  endfacet
  facet normal 1 0 0
    outer loop
      vertex 2.4 20.498 3.12613
      vertex 2.4 20.4427 1.50934
      vertex 2.4 20.5 1.513
    endloop
  endfacet
  facet normal 1 0 0
    outer loop
      vertex 2.4 20.4321 3.13034
      vertex 2.4 20.4427 1.50934
      vertex 2.4 20.498 3.12613
    endloop
  endfacet
  facet normal 1 0 0
    outer loop
      vertex 2.4 20.4321 3.13034
      vertex 2.4 20.4321 1.50866
      vertex 2.4 20.4427 1.50934
    endloop
  endfacet
  facet normal 1 0 0
    outer loop
      vertex 2.4 20.43 3.13074
      vertex 2.4 20.4321 1.50866
      vertex 2.4 20.4321 3.13034
    endloop
  endfacet
  facet normal 1 0 0
    outer loop
      vertex 2.4 20.43 3.13074
      vertex 2.4 20.3753 1.49768
      vertex 2.4 20.4321 1.50866
    endloop
  endfacet
  facet normal 1 0 0
    outer loop
      vertex 2.4 20.3649 3.14334
      vertex 2.4 20.3753 1.49768
      vertex 2.4 20.43 3.13074
    endloop
  endfacet
  facet normal 1 0 0
    outer loop
      vertex 2.4 20.3649 3.14334
      vertex 2.4 20.3649 1.49566
      vertex 2.4 20.3753 1.49768
    endloop
  endfacet
  facet normal 1 0 0
    outer loop
      vertex 2.4 20.2991 3.16483
      vertex 2.4 20.3649 1.49566
      vertex 2.4 20.3649 3.14334
    endloop
  endfacet
  facet normal 1 0 0
    outer loop
      vertex 2.4 20.2991 3.16483
      vertex 2.4 20.2991 1.47417
      vertex 2.4 20.3649 1.49566
    endloop
  endfacet
  facet normal 1 0 0
    outer loop
      vertex 2.4 20.2356 3.1946
      vertex 2.4 20.2991 1.47417
      vertex 2.4 20.2991 3.16483
    endloop
  endfacet
  facet normal 1 0 0
    outer loop
      vertex 2.4 20.2356 3.1946
      vertex 2.4 20.2356 1.4444
      vertex 2.4 20.2991 1.47417
    endloop
  endfacet
  facet normal 1 0 0
    outer loop
      vertex 2.4 20.175 3.23231
      vertex 2.4 20.2356 1.4444
      vertex 2.4 20.2356 3.1946
    endloop
  endfacet
  facet normal 1 0 0
    outer loop
      vertex 2.4 20.175 3.23231
      vertex 2.4 20.175 1.4067
      vertex 2.4 20.2356 1.4444
    endloop
  endfacet
  facet normal 1 0 0
    outer loop
      vertex 2.4 20.1179 3.27754
      vertex 2.4 20.175 1.4067
      vertex 2.4 20.175 3.23231
    endloop
  endfacet
  facet normal 1 0 0
    outer loop
      vertex 2.4 20.1179 3.27754
      vertex 2.4 20.1179 1.36146
      vertex 2.4 20.175 1.4067
    endloop
  endfacet
  facet normal 1 0 0
    outer loop
      vertex 2.4 20.0651 3.32981
      vertex 2.4 20.1179 1.36146
      vertex 2.4 20.1179 3.27754
    endloop
  endfacet
  facet normal 1 0 0
    outer loop
      vertex 2.4 20.0651 3.32981
      vertex 2.4 20.0651 1.30919
      vertex 2.4 20.1179 1.36146
    endloop
  endfacet
  facet normal 1 0 0
    outer loop
      vertex 2.4 20.017 3.38854
      vertex 2.4 20.0651 1.30919
      vertex 2.4 20.0651 3.32981
    endloop
  endfacet
  facet normal 1 0 0
    outer loop
      vertex 2.4 20.017 3.38854
      vertex 2.4 20.017 1.25046
      vertex 2.4 20.0651 1.30919
    endloop
  endfacet
  facet normal 1 0 0
    outer loop
      vertex 2.4 19.9741 3.45309
      vertex 2.4 20.017 1.25046
      vertex 2.4 20.017 3.38854
    endloop
  endfacet
  facet normal 1 0 0
    outer loop
      vertex 2.4 19.9741 3.45309
      vertex 2.4 19.9741 1.18591
      vertex 2.4 20.017 1.25046
    endloop
  endfacet
  facet normal 1 0 0
    outer loop
      vertex 2.4 19.9741 3.45309
      vertex 2.4 19.9693 1.17689
      vertex 2.4 19.9741 1.18591
    endloop
  endfacet
  facet normal 1 0 0
    outer loop
      vertex 2.4 19.9393 3.51849
      vertex 2.4 19.9693 1.17689
      vertex 2.4 19.9741 3.45309
    endloop
  endfacet
  facet normal 1 0 0
    outer loop
      vertex 2.4 19.9371 1.11625
      vertex 2.4 19.9393 3.51849
      vertex 2.4 19.9371 3.52275
    endloop
  endfacet
  facet normal 1 0 0
    outer loop
      vertex 2.4 19.9393 3.51849
      vertex 2.4 19.9371 1.11625
      vertex 2.4 19.9693 1.17689
    endloop
  endfacet
  facet normal 1 0 0
    outer loop
      vertex 2.4 19.9352 3.52732
      vertex 2.4 19.9371 1.11625
      vertex 2.4 19.9371 3.52275
    endloop
  endfacet
  facet normal 1 0 0
    outer loop
      vertex 2.4 19.9352 3.52732
      vertex 2.4 19.9099 1.05109
      vertex 2.4 19.9371 1.11625
    endloop
  endfacet
  facet normal 1 0 0
    outer loop
      vertex 2.4 19.9062 3.59675
      vertex 2.4 19.9099 1.05109
      vertex 2.4 19.9352 3.52732
    endloop
  endfacet
  facet normal 1 0 0
    outer loop
      vertex 2.4 19.9062 3.59675
      vertex 2.4 19.9062 1.04225
      vertex 2.4 19.9099 1.05109
    endloop
  endfacet
  facet normal 1 0 0
    outer loop
      vertex 2.4 19.9062 3.59675
      vertex 2.4 19.9033 1.03309
      vertex 2.4 19.9062 1.04225
    endloop
  endfacet
  facet normal 1 0 0
    outer loop
      vertex 2.4 19.8836 3.66863
      vertex 2.4 19.9033 1.03309
      vertex 2.4 19.9062 3.59675
    endloop
  endfacet
  facet normal 1 0 0
    outer loop
      vertex 2.4 19.8818 3.67429
      vertex 2.4 19.9033 1.03309
      vertex 2.4 19.8836 3.66863
    endloop
  endfacet
  facet normal 1 0 0
    outer loop
      vertex 2.4 19.8818 3.67429
      vertex 2.4 19.8818 0.964707
      vertex 2.4 19.9033 1.03309
    endloop
  endfacet
  facet normal 1 0 0
    outer loop
      vertex 2.4 19.8805 3.68023
      vertex 2.4 19.8818 0.964707
      vertex 2.4 19.8818 3.67429
    endloop
  endfacet
  facet normal 1 0 0
    outer loop
      vertex 2.4 19.8805 3.68023
      vertex 2.4 19.8661 0.893056
      vertex 2.4 19.8818 0.964707
    endloop
  endfacet
  facet normal 1 0 0
    outer loop
      vertex 2.4 19.8642 3.75452
      vertex 2.4 19.8661 0.893056
      vertex 2.4 19.8805 3.68023
    endloop
  endfacet
  facet normal 1 0 0
    outer loop
      vertex 2.4 19.8642 3.75452
      vertex 2.4 19.8642 0.88448
      vertex 2.4 19.8661 0.893056
    endloop
  endfacet
  facet normal 1 0 0
    outer loop
      vertex 2.4 19.85 3.9195
      vertex 2.4 5.7 0
      vertex 2.4 19.8536 3.83656
    endloop
  endfacet
  facet normal 1 0 0
    outer loop
      vertex 2.4 19.8536 3.83656
      vertex 2.4 5.7 0
      vertex 2.4 19.8642 3.75452
    endloop
  endfacet
  facet normal 1 0 0
    outer loop
      vertex 2.4 5.7 0
      vertex 2.4 19.85 3.9195
      vertex 2.4 5.7 8.49393
    endloop
  endfacet
  facet normal 1 0 0
    outer loop
      vertex 2.4 19.8642 3.75452
      vertex 2.4 5.7 0
      vertex 2.4 19.8642 0.88448
    endloop
  endfacet
  facet normal 1 -0 0
    outer loop
      vertex 2.4 53.1464 0.636558
      vertex 2.4 72.1 0
      vertex 2.4 53.15 0.719501
    endloop
  endfacet
  facet normal 1 -0 0
    outer loop
      vertex 2.4 53.1358 0.554523
      vertex 2.4 72.1 0
      vertex 2.4 53.1464 0.636558
    endloop
  endfacet
  facet normal 1 -0 0
    outer loop
      vertex 2.4 53.1195 0.480233
      vertex 2.4 72.1 0
      vertex 2.4 53.1358 0.554523
    endloop
  endfacet
  facet normal 1 -0 0
    outer loop
      vertex 2.4 53.1182 0.474295
      vertex 2.4 72.1 0
      vertex 2.4 53.1195 0.480233
    endloop
  endfacet
  facet normal 1 -0 0
    outer loop
      vertex 2.4 53.1164 0.468627
      vertex 2.4 72.1 0
      vertex 2.4 53.1182 0.474295
    endloop
  endfacet
  facet normal 1 -0 0
    outer loop
      vertex 2.4 53.0938 0.396754
      vertex 2.4 72.1 0
      vertex 2.4 53.1164 0.468627
    endloop
  endfacet
  facet normal 1 -0 0
    outer loop
      vertex 2.4 53.0648 0.327325
      vertex 2.4 72.1 0
      vertex 2.4 53.0938 0.396754
    endloop
  endfacet
  facet normal 1 -0 0
    outer loop
      vertex 2.4 53.0629 0.322749
      vertex 2.4 72.1 0
      vertex 2.4 53.0648 0.327325
    endloop
  endfacet
  facet normal 1 -0 0
    outer loop
      vertex 2.4 53.0606 0.318491
      vertex 2.4 72.1 0
      vertex 2.4 53.0629 0.322749
    endloop
  endfacet
  facet normal 1 -0 0
    outer loop
      vertex 2.4 53.0259 0.253091
      vertex 2.4 72.1 0
      vertex 2.4 53.0606 0.318491
    endloop
  endfacet
  facet normal 1 -0 0
    outer loop
      vertex 2.4 53.0235 0.2495
      vertex 2.4 72.1 0
      vertex 2.4 53.0259 0.253091
    endloop
  endfacet
  facet normal 1 -0 0
    outer loop
      vertex 2.4 52.983 0.188544
      vertex 2.4 72.1 0
      vertex 2.4 53.0235 0.2495
    endloop
  endfacet
  facet normal 1 -0 0
    outer loop
      vertex 2.4 52.9349 0.129814
      vertex 2.4 72.1 0
      vertex 2.4 52.983 0.188544
    endloop
  endfacet
  facet normal 1 -0 0
    outer loop
      vertex 2.4 52.8821 0.0775447
      vertex 2.4 72.1 0
      vertex 2.4 52.9349 0.129814
    endloop
  endfacet
  facet normal 1 -0 0
    outer loop
      vertex 2.4 52.825 0.0323076
      vertex 2.4 72.1 0
      vertex 2.4 52.8821 0.0775447
    endloop
  endfacet
  facet normal 1 0 0
    outer loop
      vertex 2.4 72.1 0
      vertex 2.4 52.825 0.0323076
      vertex 2.4 52.7731 0
    endloop
  endfacet
  facet normal 1 0 0
    outer loop
      vertex 2.4 19.9741 0.253091
      vertex 2.4 20.017 0.188544
      vertex 2.4 19.9765 0.2495
    endloop
  endfacet
  facet normal 1 0 0
    outer loop
      vertex 2.4 19.8642 0.554523
      vertex 2.4 19.8818 0.474295
      vertex 2.4 19.8805 0.480233
    endloop
  endfacet
  facet normal 1 0 0
    outer loop
      vertex 2.4 19.8536 0.802445
      vertex 2.4 5.7 0
      vertex 2.4 19.85 0.719501
    endloop
  endfacet
  facet normal 1 0 0
    outer loop
      vertex 2.4 19.85 0.719501
      vertex 2.4 5.7 0
      vertex 2.4 19.8536 0.636558
    endloop
  endfacet
  facet normal 1 0 0
    outer loop
      vertex 2.4 19.8536 0.636558
      vertex 2.4 5.7 0
      vertex 2.4 19.8642 0.554523
    endloop
  endfacet
  facet normal 1 0 0
    outer loop
      vertex 2.4 19.8642 0.554523
      vertex 2.4 5.7 0
      vertex 2.4 19.8818 0.474295
    endloop
  endfacet
  facet normal 1 0 0
    outer loop
      vertex 2.4 19.8818 0.474295
      vertex 2.4 5.7 0
      vertex 2.4 19.8836 0.468627
    endloop
  endfacet
  facet normal 1 0 0
    outer loop
      vertex 2.4 19.8836 0.468627
      vertex 2.4 5.7 0
      vertex 2.4 19.9062 0.396754
    endloop
  endfacet
  facet normal 1 0 0
    outer loop
      vertex 2.4 19.9062 0.396754
      vertex 2.4 5.7 0
      vertex 2.4 19.9352 0.327325
    endloop
  endfacet
  facet normal 1 0 0
    outer loop
      vertex 2.4 19.9352 0.327325
      vertex 2.4 5.7 0
      vertex 2.4 19.9371 0.322749
    endloop
  endfacet
  facet normal 1 0 0
    outer loop
      vertex 2.4 19.9371 0.322749
      vertex 2.4 5.7 0
      vertex 2.4 19.9393 0.318491
    endloop
  endfacet
  facet normal 1 0 0
    outer loop
      vertex 2.4 19.9393 0.318491
      vertex 2.4 5.7 0
      vertex 2.4 19.9741 0.253091
    endloop
  endfacet
  facet normal 1 0 0
    outer loop
      vertex 2.4 19.9741 0.253091
      vertex 2.4 5.7 0
      vertex 2.4 20.017 0.188544
    endloop
  endfacet
  facet normal 1 0 0
    outer loop
      vertex 2.4 20.017 0.188544
      vertex 2.4 5.7 0
      vertex 2.4 20.0651 0.129814
    endloop
  endfacet
  facet normal 1 0 0
    outer loop
      vertex 2.4 20.0651 0.129814
      vertex 2.4 5.7 0
      vertex 2.4 20.1179 0.0775447
    endloop
  endfacet
  facet normal 1 0 0
    outer loop
      vertex 2.4 20.1179 0.0775447
      vertex 2.4 5.7 0
      vertex 2.4 20.175 0.0323076
    endloop
  endfacet
  facet normal 1 0 0
    outer loop
      vertex 2.4 20.175 0.0323076
      vertex 2.4 5.7 0
      vertex 2.4 20.2269 0
    endloop
  endfacet
  facet normal 1 -0 0
    outer loop
      vertex 2.4 52.7731 -1.90735e-07
      vertex 2.4 72.1 -2.2
      vertex 2.4 72.1 -1.90735e-07
    endloop
  endfacet
  facet normal 1 -0 0
    outer loop
      vertex 2.4 52.7644 -0.00539947
      vertex 2.4 72.1 -2.2
      vertex 2.4 52.7731 -1.90735e-07
    endloop
  endfacet
  facet normal 1 -0 0
    outer loop
      vertex 2.4 52.7009 -0.0351644
      vertex 2.4 72.1 -2.2
      vertex 2.4 52.7644 -0.00539947
    endloop
  endfacet
  facet normal 1 -0 0
    outer loop
      vertex 2.4 52.6351 -0.0566611
      vertex 2.4 72.1 -2.2
      vertex 2.4 52.7009 -0.0351644
    endloop
  endfacet
  facet normal 1 -0 0
    outer loop
      vertex 2.4 52.57 -0.0692618
      vertex 2.4 72.1 -2.2
      vertex 2.4 52.6351 -0.0566611
    endloop
  endfacet
  facet normal 1 -0 0
    outer loop
      vertex 2.4 52.5679 -0.0696547
      vertex 2.4 72.1 -2.2
      vertex 2.4 52.57 -0.0692618
    endloop
  endfacet
  facet normal 1 -0 0
    outer loop
      vertex 2.4 52.5659 -0.0697859
      vertex 2.4 72.1 -2.2
      vertex 2.4 52.5679 -0.0696547
    endloop
  endfacet
  facet normal 1 -0 0
    outer loop
      vertex 2.4 52.5 -0.0740017
      vertex 2.4 72.1 -2.2
      vertex 2.4 52.5659 -0.0697859
    endloop
  endfacet
  facet normal 1 0 0
    outer loop
      vertex 2.4 5.7 -2.2
      vertex 2.4 52.5 -0.0740017
      vertex 2.4 20.5 -0.0740017
    endloop
  endfacet
  facet normal -1 0 0
    outer loop
      vertex 2.4 20.4321 -0.0696547
      vertex 2.4 20.5 -0.0740017
      vertex 2.4 20.4341 -0.0697859
    endloop
  endfacet
  facet normal -1 0 0
    outer loop
      vertex 2.4 20.3649 -0.0566611
      vertex 2.4 20.4321 -0.0696547
      vertex 2.4 20.43 -0.0692618
    endloop
  endfacet
  facet normal 1 0 0
    outer loop
      vertex 2.4 5.7 -2.2
      vertex 2.4 20.2269 -1.90735e-07
      vertex 2.4 5.7 -1.90735e-07
    endloop
  endfacet
  facet normal 1 0 0
    outer loop
      vertex 2.4 20.2269 -1.90735e-07
      vertex 2.4 5.7 -2.2
      vertex 2.4 20.2356 -0.00539947
    endloop
  endfacet
  facet normal 1 0 0
    outer loop
      vertex 2.4 20.2356 -0.00539947
      vertex 2.4 5.7 -2.2
      vertex 2.4 20.2991 -0.0351644
    endloop
  endfacet
  facet normal 1 0 0
    outer loop
      vertex 2.4 20.2991 -0.0351644
      vertex 2.4 5.7 -2.2
      vertex 2.4 20.3649 -0.0566611
    endloop
  endfacet
  facet normal 1 0 0
    outer loop
      vertex 2.4 20.3649 -0.0566611
      vertex 2.4 5.7 -2.2
      vertex 2.4 20.4321 -0.0696547
    endloop
  endfacet
  facet normal 1 0 0
    outer loop
      vertex 2.4 20.4321 -0.0696547
      vertex 2.4 5.7 -2.2
      vertex 2.4 20.5 -0.0740017
    endloop
  endfacet
  facet normal 1 0 0
    outer loop
      vertex 2.4 52.5 -0.0740017
      vertex 2.4 5.7 -2.2
      vertex 2.4 72.1 -2.2
    endloop
  endfacet
  facet normal -0.357853 -0.933778 0
    outer loop
      vertex 100.117 74.3839 0
      vertex 99.8725 74.4776 1.26511
      vertex 99.8725 74.4776 0
    endloop
  endfacet
  facet normal -0.357853 -0.933778 0
    outer loop
      vertex 99.8725 74.4776 1.26511
      vertex 100.117 74.3839 0
      vertex 100.117 74.3839 1.27497
    endloop
  endfacet
  facet normal -0.357853 -0.933778 0
    outer loop
      vertex 99.8725 74.4776 -2.2
      vertex 100.117 74.3839 -1.90735e-07
      vertex 99.8725 74.4776 -1.90735e-07
    endloop
  endfacet
  facet normal -0.357853 -0.933778 -0
    outer loop
      vertex 100.117 74.3839 -1.90735e-07
      vertex 99.8725 74.4776 -2.2
      vertex 100.117 74.3839 -2.2
    endloop
  endfacet
  facet normal 0 -1 0
    outer loop
      vertex 4.9 74.6 0
      vertex 99.1 74.6 1.25225
      vertex 4.9 74.6 1.25225
    endloop
  endfacet
  facet normal 0 -1 -0
    outer loop
      vertex 99.1 74.6 1.25225
      vertex 4.9 74.6 0
      vertex 99.1 74.6 0
    endloop
  endfacet
  facet normal 0 -1 0
    outer loop
      vertex 4.9 74.6 -2.2
      vertex 99.1 74.6 -1.90735e-07
      vertex 4.9 74.6 -1.90735e-07
    endloop
  endfacet
  facet normal 0 -1 -0
    outer loop
      vertex 99.1 74.6 -1.90735e-07
      vertex 4.9 74.6 -2.2
      vertex 99.1 74.6 -2.2
    endloop
  endfacet
  facet normal 0 1 -0
    outer loop
      vertex 99.1 3.2 0
      vertex 4.9 3.2 8.75669
      vertex 99.1 3.2 8.75669
    endloop
  endfacet
  facet normal 0 1 0
    outer loop
      vertex 4.9 3.2 8.75669
      vertex 99.1 3.2 0
      vertex 4.9 3.2 0
    endloop
  endfacet
  facet normal 0 1 -0
    outer loop
      vertex 99.1 3.2 -2.2
      vertex 4.9 3.2 -1.90735e-07
      vertex 99.1 3.2 -1.90735e-07
    endloop
  endfacet
  facet normal 0 1 0
    outer loop
      vertex 4.9 3.2 -1.90735e-07
      vertex 99.1 3.2 -2.2
      vertex 4.9 3.2 -2.2
    endloop
  endfacet
  facet normal -1 0 0
    outer loop
      vertex 101.6 20.017 0.188545
      vertex 101.6 19.9741 0.253092
      vertex 101.6 19.9765 0.249501
    endloop
  endfacet
  facet normal -1 0 0
    outer loop
      vertex 101.6 19.8818 0.474295
      vertex 101.6 19.8642 0.554523
      vertex 101.6 19.8805 0.480233
    endloop
  endfacet
  facet normal -1 -0 0
    outer loop
      vertex 101.6 19.8536 3.83656
      vertex 101.6 5.7 0
      vertex 101.6 19.85 3.9195
    endloop
  endfacet
  facet normal -1 -0 0
    outer loop
      vertex 101.6 19.8536 0.636558
      vertex 101.6 5.7 0
      vertex 101.6 19.85 0.719501
    endloop
  endfacet
  facet normal -1 -0 0
    outer loop
      vertex 101.6 19.8642 0.554523
      vertex 101.6 5.7 0
      vertex 101.6 19.8536 0.636558
    endloop
  endfacet
  facet normal -1 -0 0
    outer loop
      vertex 101.6 19.8818 0.474295
      vertex 101.6 5.7 0
      vertex 101.6 19.8642 0.554523
    endloop
  endfacet
  facet normal -1 -0 0
    outer loop
      vertex 101.6 19.8836 0.468628
      vertex 101.6 5.7 0
      vertex 101.6 19.8818 0.474295
    endloop
  endfacet
  facet normal -1 -0 0
    outer loop
      vertex 101.6 19.9062 0.396754
      vertex 101.6 5.7 0
      vertex 101.6 19.8836 0.468628
    endloop
  endfacet
  facet normal -1 -0 0
    outer loop
      vertex 101.6 19.9352 0.327326
      vertex 101.6 5.7 0
      vertex 101.6 19.9062 0.396754
    endloop
  endfacet
  facet normal -1 -0 0
    outer loop
      vertex 101.6 19.9371 0.32275
      vertex 101.6 5.7 0
      vertex 101.6 19.9352 0.327326
    endloop
  endfacet
  facet normal -1 -0 0
    outer loop
      vertex 101.6 19.9393 0.318492
      vertex 101.6 5.7 0
      vertex 101.6 19.9371 0.32275
    endloop
  endfacet
  facet normal -1 -0 0
    outer loop
      vertex 101.6 19.9741 0.253092
      vertex 101.6 5.7 0
      vertex 101.6 19.9393 0.318492
    endloop
  endfacet
  facet normal -1 -0 0
    outer loop
      vertex 101.6 20.017 0.188545
      vertex 101.6 5.7 0
      vertex 101.6 19.9741 0.253092
    endloop
  endfacet
  facet normal -1 -0 0
    outer loop
      vertex 101.6 20.0651 0.129815
      vertex 101.6 5.7 0
      vertex 101.6 20.017 0.188545
    endloop
  endfacet
  facet normal -1 -0 0
    outer loop
      vertex 101.6 20.1179 0.0775452
      vertex 101.6 5.7 0
      vertex 101.6 20.0651 0.129815
    endloop
  endfacet
  facet normal -1 -0 0
    outer loop
      vertex 101.6 20.175 0.0323081
      vertex 101.6 5.7 0
      vertex 101.6 20.1179 0.0775452
    endloop
  endfacet
  facet normal -1 0 0
    outer loop
      vertex 101.6 5.7 0
      vertex 101.6 20.175 0.0323081
      vertex 101.6 20.2269 0
    endloop
  endfacet
  facet normal -1 0 0
    outer loop
      vertex 101.6 72.1 0
      vertex 101.6 53.15 0.719501
      vertex 101.6 72.1 1.51501
    endloop
  endfacet
  facet normal -1 0 0
    outer loop
      vertex 101.6 72.1 0
      vertex 101.6 53.1464 0.636558
      vertex 101.6 53.15 0.719501
    endloop
  endfacet
  facet normal -1 0 0
    outer loop
      vertex 101.6 72.1 0
      vertex 101.6 53.1358 0.554523
      vertex 101.6 53.1464 0.636558
    endloop
  endfacet
  facet normal -1 0 0
    outer loop
      vertex 101.6 72.1 0
      vertex 101.6 53.1195 0.480233
      vertex 101.6 53.1358 0.554523
    endloop
  endfacet
  facet normal -1 0 0
    outer loop
      vertex 101.6 72.1 0
      vertex 101.6 53.1182 0.474295
      vertex 101.6 53.1195 0.480233
    endloop
  endfacet
  facet normal -1 0 0
    outer loop
      vertex 101.6 72.1 0
      vertex 101.6 53.1164 0.468628
      vertex 101.6 53.1182 0.474295
    endloop
  endfacet
  facet normal -1 0 0
    outer loop
      vertex 101.6 72.1 0
      vertex 101.6 53.0938 0.396754
      vertex 101.6 53.1164 0.468628
    endloop
  endfacet
  facet normal -1 0 0
    outer loop
      vertex 101.6 72.1 0
      vertex 101.6 53.0648 0.327326
      vertex 101.6 53.0938 0.396754
    endloop
  endfacet
  facet normal -1 0 0
    outer loop
      vertex 101.6 72.1 0
      vertex 101.6 53.0629 0.32275
      vertex 101.6 53.0648 0.327326
    endloop
  endfacet
  facet normal -1 0 0
    outer loop
      vertex 101.6 72.1 0
      vertex 101.6 53.0606 0.318492
      vertex 101.6 53.0629 0.32275
    endloop
  endfacet
  facet normal -1 0 0
    outer loop
      vertex 101.6 72.1 0
      vertex 101.6 53.0259 0.253092
      vertex 101.6 53.0606 0.318492
    endloop
  endfacet
  facet normal -1 0 0
    outer loop
      vertex 101.6 72.1 0
      vertex 101.6 53.0235 0.249501
      vertex 101.6 53.0259 0.253092
    endloop
  endfacet
  facet normal -1 0 0
    outer loop
      vertex 101.6 72.1 0
      vertex 101.6 52.983 0.188545
      vertex 101.6 53.0235 0.249501
    endloop
  endfacet
  facet normal -1 0 0
    outer loop
      vertex 101.6 72.1 0
      vertex 101.6 52.9349 0.129815
      vertex 101.6 52.983 0.188545
    endloop
  endfacet
  facet normal -1 0 0
    outer loop
      vertex 101.6 72.1 0
      vertex 101.6 52.8821 0.0775452
      vertex 101.6 52.9349 0.129815
    endloop
  endfacet
  facet normal -1 0 0
    outer loop
      vertex 101.6 72.1 0
      vertex 101.6 52.825 0.0323081
      vertex 101.6 52.8821 0.0775452
    endloop
  endfacet
  facet normal -1 0 -0
    outer loop
      vertex 101.6 52.825 0.0323081
      vertex 101.6 72.1 0
      vertex 101.6 52.7731 0
    endloop
  endfacet
  facet normal -1 0 0
    outer loop
      vertex 101.6 53.1464 0.802446
      vertex 101.6 72.1 1.51501
      vertex 101.6 53.15 0.719501
    endloop
  endfacet
  facet normal -1 0 0
    outer loop
      vertex 101.6 53.1358 0.88448
      vertex 101.6 72.1 1.51501
      vertex 101.6 53.1464 0.802446
    endloop
  endfacet
  facet normal -1 0 0
    outer loop
      vertex 101.6 53.0595 3.51625
      vertex 101.6 53.1358 0.88448
      vertex 101.6 53.1339 0.893057
    endloop
  endfacet
  facet normal -1 0 0
    outer loop
      vertex 101.6 53.0595 3.51625
      vertex 101.6 53.1339 0.893057
      vertex 101.6 53.1182 0.964708
    endloop
  endfacet
  facet normal -1 0 0
    outer loop
      vertex 101.6 53.0595 3.51625
      vertex 101.6 53.1182 0.964708
      vertex 101.6 53.0967 1.03309
    endloop
  endfacet
  facet normal -1 0 0
    outer loop
      vertex 101.6 53.0595 3.51625
      vertex 101.6 53.0967 1.03309
      vertex 101.6 53.0938 1.04225
    endloop
  endfacet
  facet normal -1 0 0
    outer loop
      vertex 101.6 53.0595 3.51625
      vertex 101.6 53.0938 1.04225
      vertex 101.6 53.0901 1.05109
    endloop
  endfacet
  facet normal -1 0 0
    outer loop
      vertex 101.6 53.0595 3.51625
      vertex 101.6 53.0901 1.05109
      vertex 101.6 53.0629 1.11625
    endloop
  endfacet
  facet normal -1 0 0
    outer loop
      vertex 101.6 53.1358 0.88448
      vertex 101.6 53.0595 3.51625
      vertex 101.6 72.1 1.51501
    endloop
  endfacet
  facet normal -1 0 0
    outer loop
      vertex 101.6 53.0307 1.17689
      vertex 101.6 53.0595 3.51625
      vertex 101.6 53.0629 1.11625
    endloop
  endfacet
  facet normal -1 0 0
    outer loop
      vertex 101.6 53.0259 3.45309
      vertex 101.6 53.0307 1.17689
      vertex 101.6 53.0259 1.18591
    endloop
  endfacet
  facet normal -1 0 0
    outer loop
      vertex 101.6 53.0307 1.17689
      vertex 101.6 53.0259 3.45309
      vertex 101.6 53.0595 3.51625
    endloop
  endfacet
  facet normal -1 0 0
    outer loop
      vertex 101.6 52.983 1.25046
      vertex 101.6 53.0259 3.45309
      vertex 101.6 53.0259 1.18591
    endloop
  endfacet
  facet normal -1 0 0
    outer loop
      vertex 101.6 52.983 1.25046
      vertex 101.6 52.983 3.38854
      vertex 101.6 53.0259 3.45309
    endloop
  endfacet
  facet normal -1 0 0
    outer loop
      vertex 101.6 52.9349 1.30919
      vertex 101.6 52.983 3.38854
      vertex 101.6 52.983 1.25046
    endloop
  endfacet
  facet normal -1 0 0
    outer loop
      vertex 101.6 52.9349 1.30919
      vertex 101.6 52.9349 3.32981
      vertex 101.6 52.983 3.38854
    endloop
  endfacet
  facet normal -1 0 0
    outer loop
      vertex 101.6 52.8821 1.36146
      vertex 101.6 52.9349 3.32981
      vertex 101.6 52.9349 1.30919
    endloop
  endfacet
  facet normal -1 0 0
    outer loop
      vertex 101.6 52.8821 1.36146
      vertex 101.6 52.8821 3.27754
      vertex 101.6 52.9349 3.32981
    endloop
  endfacet
  facet normal -1 0 0
    outer loop
      vertex 101.6 52.825 1.4067
      vertex 101.6 52.8821 3.27754
      vertex 101.6 52.8821 1.36146
    endloop
  endfacet
  facet normal -1 0 0
    outer loop
      vertex 101.6 52.825 1.4067
      vertex 101.6 52.825 3.23231
      vertex 101.6 52.8821 3.27754
    endloop
  endfacet
  facet normal -1 0 0
    outer loop
      vertex 101.6 52.7644 1.4444
      vertex 101.6 52.825 3.23231
      vertex 101.6 52.825 1.4067
    endloop
  endfacet
  facet normal -1 0 0
    outer loop
      vertex 101.6 52.7644 1.4444
      vertex 101.6 52.7644 3.1946
      vertex 101.6 52.825 3.23231
    endloop
  endfacet
  facet normal -1 0 0
    outer loop
      vertex 101.6 52.7009 1.47417
      vertex 101.6 52.7644 3.1946
      vertex 101.6 52.7644 1.4444
    endloop
  endfacet
  facet normal -1 0 0
    outer loop
      vertex 101.6 52.7009 1.47417
      vertex 101.6 52.7009 3.16483
      vertex 101.6 52.7644 3.1946
    endloop
  endfacet
  facet normal -1 0 0
    outer loop
      vertex 101.6 52.6351 1.49567
      vertex 101.6 52.7009 3.16483
      vertex 101.6 52.7009 1.47417
    endloop
  endfacet
  facet normal -1 0 0
    outer loop
      vertex 101.6 52.6351 1.49567
      vertex 101.6 52.6351 3.14334
      vertex 101.6 52.7009 3.16483
    endloop
  endfacet
  facet normal -1 0 0
    outer loop
      vertex 101.6 52.6247 1.49768
      vertex 101.6 52.6351 3.14334
      vertex 101.6 52.6351 1.49567
    endloop
  endfacet
  facet normal -1 0 0
    outer loop
      vertex 101.6 52.6247 1.49768
      vertex 101.6 52.57 3.13074
      vertex 101.6 52.6351 3.14334
    endloop
  endfacet
  facet normal -1 0 0
    outer loop
      vertex 101.6 52.5679 1.50866
      vertex 101.6 52.57 3.13074
      vertex 101.6 52.6247 1.49768
    endloop
  endfacet
  facet normal -1 0 0
    outer loop
      vertex 101.6 52.5679 1.50866
      vertex 101.6 52.5679 3.13034
      vertex 101.6 52.57 3.13074
    endloop
  endfacet
  facet normal -1 0 0
    outer loop
      vertex 101.6 52.5573 1.50934
      vertex 101.6 52.5679 3.13034
      vertex 101.6 52.5679 1.50866
    endloop
  endfacet
  facet normal -1 0 0
    outer loop
      vertex 101.6 52.5573 1.50934
      vertex 101.6 52.502 3.12613
      vertex 101.6 52.5679 3.13034
    endloop
  endfacet
  facet normal -1 0 0
    outer loop
      vertex 101.6 52.5 1.513
      vertex 101.6 52.502 3.12613
      vertex 101.6 52.5573 1.50934
    endloop
  endfacet
  facet normal -1 0 0
    outer loop
      vertex 101.6 52.5 1.513
      vertex 101.6 52.5 3.126
      vertex 101.6 52.502 3.12613
    endloop
  endfacet
  facet normal -1 0 0
    outer loop
      vertex 101.6 20.5 1.513
      vertex 101.6 52.5 3.126
      vertex 101.6 52.5 1.513
    endloop
  endfacet
  facet normal -1 0 0
    outer loop
      vertex 101.6 20.5 1.513
      vertex 101.6 20.5 3.126
      vertex 101.6 52.5 3.126
    endloop
  endfacet
  facet normal -1 0 0
    outer loop
      vertex 101.6 20.5 1.513
      vertex 101.6 20.498 3.12613
      vertex 101.6 20.5 3.126
    endloop
  endfacet
  facet normal -1 0 0
    outer loop
      vertex 101.6 20.4427 1.50934
      vertex 101.6 20.498 3.12613
      vertex 101.6 20.5 1.513
    endloop
  endfacet
  facet normal -1 0 0
    outer loop
      vertex 101.6 20.4321 3.13034
      vertex 101.6 20.4427 1.50934
      vertex 101.6 20.4321 1.50866
    endloop
  endfacet
  facet normal -1 0 0
    outer loop
      vertex 101.6 20.4427 1.50934
      vertex 101.6 20.4321 3.13034
      vertex 101.6 20.498 3.12613
    endloop
  endfacet
  facet normal -1 0 0
    outer loop
      vertex 101.6 20.4321 1.50866
      vertex 101.6 20.43 3.13074
      vertex 101.6 20.4321 3.13034
    endloop
  endfacet
  facet normal -1 0 0
    outer loop
      vertex 101.6 20.3753 1.49768
      vertex 101.6 20.43 3.13074
      vertex 101.6 20.4321 1.50866
    endloop
  endfacet
  facet normal -1 0 0
    outer loop
      vertex 101.6 20.3649 3.14334
      vertex 101.6 20.3753 1.49768
      vertex 101.6 20.3649 1.49567
    endloop
  endfacet
  facet normal -1 0 0
    outer loop
      vertex 101.6 20.3753 1.49768
      vertex 101.6 20.3649 3.14334
      vertex 101.6 20.43 3.13074
    endloop
  endfacet
  facet normal -1 0 0
    outer loop
      vertex 101.6 20.2991 1.47417
      vertex 101.6 20.3649 3.14334
      vertex 101.6 20.3649 1.49567
    endloop
  endfacet
  facet normal -1 0 0
    outer loop
      vertex 101.6 20.2991 1.47417
      vertex 101.6 20.2991 3.16483
      vertex 101.6 20.3649 3.14334
    endloop
  endfacet
  facet normal -1 0 0
    outer loop
      vertex 101.6 20.2356 1.4444
      vertex 101.6 20.2991 3.16483
      vertex 101.6 20.2991 1.47417
    endloop
  endfacet
  facet normal -1 0 0
    outer loop
      vertex 101.6 20.2356 1.4444
      vertex 101.6 20.2356 3.1946
      vertex 101.6 20.2991 3.16483
    endloop
  endfacet
  facet normal -1 0 0
    outer loop
      vertex 101.6 20.175 1.4067
      vertex 101.6 20.2356 3.1946
      vertex 101.6 20.2356 1.4444
    endloop
  endfacet
  facet normal -1 0 0
    outer loop
      vertex 101.6 20.175 1.4067
      vertex 101.6 20.175 3.23231
      vertex 101.6 20.2356 3.1946
    endloop
  endfacet
  facet normal -1 0 0
    outer loop
      vertex 101.6 20.1179 1.36146
      vertex 101.6 20.175 3.23231
      vertex 101.6 20.175 1.4067
    endloop
  endfacet
  facet normal -1 0 0
    outer loop
      vertex 101.6 20.1179 1.36146
      vertex 101.6 20.1179 3.27754
      vertex 101.6 20.175 3.23231
    endloop
  endfacet
  facet normal -1 0 0
    outer loop
      vertex 101.6 20.0651 1.30919
      vertex 101.6 20.1179 3.27754
      vertex 101.6 20.1179 1.36146
    endloop
  endfacet
  facet normal -1 0 0
    outer loop
      vertex 101.6 20.0651 1.30919
      vertex 101.6 20.0651 3.32981
      vertex 101.6 20.1179 3.27754
    endloop
  endfacet
  facet normal -1 0 0
    outer loop
      vertex 101.6 20.017 1.25046
      vertex 101.6 20.0651 3.32981
      vertex 101.6 20.0651 1.30919
    endloop
  endfacet
  facet normal -1 0 0
    outer loop
      vertex 101.6 20.017 1.25046
      vertex 101.6 20.017 3.38854
      vertex 101.6 20.0651 3.32981
    endloop
  endfacet
  facet normal -1 0 0
    outer loop
      vertex 101.6 19.9741 1.18591
      vertex 101.6 20.017 3.38854
      vertex 101.6 20.017 1.25046
    endloop
  endfacet
  facet normal -1 0 0
    outer loop
      vertex 101.6 19.9741 1.18591
      vertex 101.6 19.9741 3.45309
      vertex 101.6 20.017 3.38854
    endloop
  endfacet
  facet normal -1 0 0
    outer loop
      vertex 101.6 19.9693 1.17689
      vertex 101.6 19.9741 3.45309
      vertex 101.6 19.9741 1.18591
    endloop
  endfacet
  facet normal -1 0 0
    outer loop
      vertex 101.6 19.9693 1.17689
      vertex 101.6 19.9393 3.51849
      vertex 101.6 19.9741 3.45309
    endloop
  endfacet
  facet normal -1 0 0
    outer loop
      vertex 101.6 19.9371 1.11625
      vertex 101.6 19.9393 3.51849
      vertex 101.6 19.9693 1.17689
    endloop
  endfacet
  facet normal -1 0 0
    outer loop
      vertex 101.6 19.9371 1.11625
      vertex 101.6 19.9371 3.52275
      vertex 101.6 19.9393 3.51849
    endloop
  endfacet
  facet normal -1 0 0
    outer loop
      vertex 101.6 19.9371 1.11625
      vertex 101.6 19.9352 3.52733
      vertex 101.6 19.9371 3.52275
    endloop
  endfacet
  facet normal -1 0 0
    outer loop
      vertex 101.6 19.9099 1.05109
      vertex 101.6 19.9352 3.52733
      vertex 101.6 19.9371 1.11625
    endloop
  endfacet
  facet normal -1 0 0
    outer loop
      vertex 101.6 19.9062 3.59675
      vertex 101.6 19.9099 1.05109
      vertex 101.6 19.9062 1.04225
    endloop
  endfacet
  facet normal -1 0 0
    outer loop
      vertex 101.6 19.9099 1.05109
      vertex 101.6 19.9062 3.59675
      vertex 101.6 19.9352 3.52733
    endloop
  endfacet
  facet normal -1 0 0
    outer loop
      vertex 101.6 19.9033 1.03309
      vertex 101.6 19.9062 3.59675
      vertex 101.6 19.9062 1.04225
    endloop
  endfacet
  facet normal -1 0 0
    outer loop
      vertex 101.6 19.9033 1.03309
      vertex 101.6 19.8836 3.66863
      vertex 101.6 19.9062 3.59675
    endloop
  endfacet
  facet normal -1 0 0
    outer loop
      vertex 101.6 19.8818 0.964708
      vertex 101.6 19.8836 3.66863
      vertex 101.6 19.9033 1.03309
    endloop
  endfacet
  facet normal -1 0 0
    outer loop
      vertex 101.6 19.8818 0.964708
      vertex 101.6 19.8818 3.67429
      vertex 101.6 19.8836 3.66863
    endloop
  endfacet
  facet normal -1 0 0
    outer loop
      vertex 101.6 19.8818 0.964708
      vertex 101.6 19.8805 3.68023
      vertex 101.6 19.8818 3.67429
    endloop
  endfacet
  facet normal -1 0 0
    outer loop
      vertex 101.6 19.8661 0.893057
      vertex 101.6 19.8805 3.68023
      vertex 101.6 19.8818 0.964708
    endloop
  endfacet
  facet normal -1 0 0
    outer loop
      vertex 101.6 19.8642 0.88448
      vertex 101.6 19.8805 3.68023
      vertex 101.6 19.8661 0.893057
    endloop
  endfacet
  facet normal -1 0 0
    outer loop
      vertex 101.6 19.8642 0.88448
      vertex 101.6 19.8642 3.75452
      vertex 101.6 19.8805 3.68023
    endloop
  endfacet
  facet normal -1 0 0
    outer loop
      vertex 101.6 5.7 0
      vertex 101.6 19.8642 0.88448
      vertex 101.6 19.8536 0.802446
    endloop
  endfacet
  facet normal -1 -0 0
    outer loop
      vertex 101.6 19.8642 0.88448
      vertex 101.6 5.7 0
      vertex 101.6 19.8642 3.75452
    endloop
  endfacet
  facet normal -1 0 0
    outer loop
      vertex 101.6 5.7 0
      vertex 101.6 19.8536 0.802446
      vertex 101.6 19.85 0.719501
    endloop
  endfacet
  facet normal -1 -0 0
    outer loop
      vertex 101.6 19.8642 3.75452
      vertex 101.6 5.7 0
      vertex 101.6 19.8536 3.83656
    endloop
  endfacet
  facet normal 1 0 0
    outer loop
      vertex 101.6 19.8818 4.16471
      vertex 101.6 19.9062 4.24225
      vertex 101.6 19.9033 4.23309
    endloop
  endfacet
  facet normal -1 0 0
    outer loop
      vertex 101.6 5.7 0
      vertex 101.6 19.8536 4.00245
      vertex 101.6 19.85 3.9195
    endloop
  endfacet
  facet normal -1 0 0
    outer loop
      vertex 101.6 5.7 8.49393
      vertex 101.6 19.8536 4.00245
      vertex 101.6 5.7 0
    endloop
  endfacet
  facet normal -1 0 0
    outer loop
      vertex 101.6 19.8536 4.00245
      vertex 101.6 5.7 8.49393
      vertex 101.6 19.8642 4.08448
    endloop
  endfacet
  facet normal -1 0 0
    outer loop
      vertex 101.6 19.8642 4.08448
      vertex 101.6 5.7 8.49393
      vertex 101.6 19.8661 4.09306
    endloop
  endfacet
  facet normal -1 0 0
    outer loop
      vertex 101.6 19.8661 4.09306
      vertex 101.6 5.7 8.49393
      vertex 101.6 19.8818 4.16471
    endloop
  endfacet
  facet normal -1 0 0
    outer loop
      vertex 101.6 19.8818 4.16471
      vertex 101.6 5.7 8.49393
      vertex 101.6 19.9062 4.24225
    endloop
  endfacet
  facet normal -1 0 0
    outer loop
      vertex 101.6 19.9062 4.24225
      vertex 101.6 5.7 8.49393
      vertex 101.6 19.9099 4.25109
    endloop
  endfacet
  facet normal -1 0 0
    outer loop
      vertex 101.6 19.9099 4.25109
      vertex 101.6 5.7 8.49393
      vertex 101.6 19.9371 4.31625
    endloop
  endfacet
  facet normal -1 0 0
    outer loop
      vertex 101.6 19.9371 4.31625
      vertex 101.6 5.7 8.49393
      vertex 101.6 19.9693 4.37689
    endloop
  endfacet
  facet normal -1 0 0
    outer loop
      vertex 101.6 19.9693 4.37689
      vertex 101.6 5.7 8.49393
      vertex 101.6 19.9741 4.38591
    endloop
  endfacet
  facet normal -1 0 0
    outer loop
      vertex 101.6 19.9741 4.38591
      vertex 101.6 5.7 8.49393
      vertex 101.6 20.017 4.45046
    endloop
  endfacet
  facet normal -1 0 0
    outer loop
      vertex 101.6 20.017 4.45046
      vertex 101.6 5.7 8.49393
      vertex 101.6 20.0651 4.50919
    endloop
  endfacet
  facet normal -1 0 0
    outer loop
      vertex 101.6 20.0651 4.50919
      vertex 101.6 5.7 8.49393
      vertex 101.6 20.1179 4.56146
    endloop
  endfacet
  facet normal -1 0 0
    outer loop
      vertex 101.6 20.1179 4.56146
      vertex 101.6 5.7 8.49393
      vertex 101.6 20.175 4.6067
    endloop
  endfacet
  facet normal -1 0 0
    outer loop
      vertex 101.6 20.175 4.6067
      vertex 101.6 5.7 8.49393
      vertex 101.6 20.2356 4.6444
    endloop
  endfacet
  facet normal -1 0 0
    outer loop
      vertex 101.6 20.2356 4.6444
      vertex 101.6 5.7 8.49393
      vertex 101.6 20.2991 4.67417
    endloop
  endfacet
  facet normal -1 0 0
    outer loop
      vertex 101.6 20.5 4.71301
      vertex 101.6 5.7 8.49393
      vertex 101.6 41.6731 4.71301
    endloop
  endfacet
  facet normal -1 0 0
    outer loop
      vertex 101.6 20.4894 4.71233
      vertex 101.6 5.7 8.49393
      vertex 101.6 20.5 4.71301
    endloop
  endfacet
  facet normal -1 0 0
    outer loop
      vertex 101.6 20.4321 4.70866
      vertex 101.6 5.7 8.49393
      vertex 101.6 20.4894 4.71233
    endloop
  endfacet
  facet normal -1 0 0
    outer loop
      vertex 101.6 20.3753 4.69768
      vertex 101.6 5.7 8.49393
      vertex 101.6 20.4321 4.70866
    endloop
  endfacet
  facet normal -1 0 0
    outer loop
      vertex 101.6 20.3649 4.69566
      vertex 101.6 5.7 8.49393
      vertex 101.6 20.3753 4.69768
    endloop
  endfacet
  facet normal -1 0 0
    outer loop
      vertex 101.6 20.2991 4.67417
      vertex 101.6 5.7 8.49393
      vertex 101.6 20.3649 4.69566
    endloop
  endfacet
  facet normal -1 0 0
    outer loop
      vertex 101.6 72.1 -2.2
      vertex 101.6 52.7731 -1.90735e-07
      vertex 101.6 72.1 -1.90735e-07
    endloop
  endfacet
  facet normal -1 0 0
    outer loop
      vertex 101.6 72.1 -2.2
      vertex 101.6 52.7644 -0.00539896
      vertex 101.6 52.7731 -1.90735e-07
    endloop
  endfacet
  facet normal -1 0 0
    outer loop
      vertex 101.6 72.1 -2.2
      vertex 101.6 52.7009 -0.0351639
      vertex 101.6 52.7644 -0.00539896
    endloop
  endfacet
  facet normal -1 0 0
    outer loop
      vertex 101.6 72.1 -2.2
      vertex 101.6 52.6351 -0.0566606
      vertex 101.6 52.7009 -0.0351639
    endloop
  endfacet
  facet normal -1 0 0
    outer loop
      vertex 101.6 72.1 -2.2
      vertex 101.6 52.57 -0.0692612
      vertex 101.6 52.6351 -0.0566606
    endloop
  endfacet
  facet normal -1 0 0
    outer loop
      vertex 101.6 72.1 -2.2
      vertex 101.6 52.5679 -0.0696541
      vertex 101.6 52.57 -0.0692612
    endloop
  endfacet
  facet normal -1 0 0
    outer loop
      vertex 101.6 72.1 -2.2
      vertex 101.6 52.5659 -0.0697854
      vertex 101.6 52.5679 -0.0696541
    endloop
  endfacet
  facet normal -1 0 0
    outer loop
      vertex 101.6 72.1 -2.2
      vertex 101.6 52.5 -0.0740011
      vertex 101.6 52.5659 -0.0697854
    endloop
  endfacet
  facet normal -1 0 0
    outer loop
      vertex 101.6 5.7 -2.2
      vertex 101.6 52.5 -0.0740011
      vertex 101.6 72.1 -2.2
    endloop
  endfacet
  facet normal 1 0 0
    outer loop
      vertex 101.6 20.5 -0.0740011
      vertex 101.6 20.4321 -0.0696541
      vertex 101.6 20.4341 -0.0697854
    endloop
  endfacet
  facet normal 1 0 0
    outer loop
      vertex 101.6 20.4321 -0.0696541
      vertex 101.6 20.3649 -0.0566606
      vertex 101.6 20.43 -0.0692612
    endloop
  endfacet
  facet normal -1 -0 0
    outer loop
      vertex 101.6 52.5 -0.0740011
      vertex 101.6 5.7 -2.2
      vertex 101.6 20.5 -0.0740011
    endloop
  endfacet
  facet normal -1 0 0
    outer loop
      vertex 101.6 5.7 -2.2
      vertex 101.6 20.4321 -0.0696541
      vertex 101.6 20.5 -0.0740011
    endloop
  endfacet
  facet normal -1 0 0
    outer loop
      vertex 101.6 5.7 -2.2
      vertex 101.6 20.3649 -0.0566606
      vertex 101.6 20.4321 -0.0696541
    endloop
  endfacet
  facet normal -1 0 0
    outer loop
      vertex 101.6 5.7 -2.2
      vertex 101.6 20.2991 -0.0351639
      vertex 101.6 20.3649 -0.0566606
    endloop
  endfacet
  facet normal -1 0 0
    outer loop
      vertex 101.6 5.7 -2.2
      vertex 101.6 20.2356 -0.00539896
      vertex 101.6 20.2991 -0.0351639
    endloop
  endfacet
  facet normal -1 0 0
    outer loop
      vertex 101.6 5.7 -2.2
      vertex 101.6 20.2269 -1.90735e-07
      vertex 101.6 20.2356 -0.00539896
    endloop
  endfacet
  facet normal -1 -0 0
    outer loop
      vertex 101.6 20.2269 -1.90735e-07
      vertex 101.6 5.7 -2.2
      vertex 101.6 5.7 -1.90735e-07
    endloop
  endfacet
  facet normal 0.99863 -0.0523201 0
    outer loop
      vertex 2.4 72.1 0
      vertex 2.41369 72.3613 1.48754
      vertex 2.4 72.1 1.51501
    endloop
  endfacet
  facet normal 0.99863 -0.0523201 0
    outer loop
      vertex 2.41369 72.3613 1.48754
      vertex 2.4 72.1 0
      vertex 2.41369 72.3613 0
    endloop
  endfacet
  facet normal 0.99863 -0.0523201 0
    outer loop
      vertex 2.4 72.1 -1.90735e-07
      vertex 2.41369 72.3613 -2.2
      vertex 2.41369 72.3613 -1.90735e-07
    endloop
  endfacet
  facet normal 0.99863 -0.0523201 0
    outer loop
      vertex 2.41369 72.3613 -2.2
      vertex 2.4 72.1 -1.90735e-07
      vertex 2.4 72.1 -2.2
    endloop
  endfacet
  facet normal -0.707298 -0.706916 0
    outer loop
      vertex 100.958 73.7728 0
      vertex 100.773 73.9579 1.31974
      vertex 100.773 73.9579 0
    endloop
  endfacet
  facet normal -0.707298 -0.706916 0
    outer loop
      vertex 100.773 73.9579 1.31974
      vertex 100.958 73.7728 0
      vertex 100.958 73.7728 1.33919
    endloop
  endfacet
  facet normal -0.707298 -0.706916 0
    outer loop
      vertex 100.958 73.7728 -2.2
      vertex 100.773 73.9579 -1.90735e-07
      vertex 100.773 73.9579 -2.2
    endloop
  endfacet
  facet normal -0.707298 -0.706916 0
    outer loop
      vertex 100.773 73.9579 -1.90735e-07
      vertex 100.958 73.7728 -2.2
      vertex 100.958 73.7728 -1.90735e-07
    endloop
  endfacet
  facet normal 0.25883 0.965923 -0
    outer loop
      vertex 4.38022 3.25463 0
      vertex 4.12746 3.32236 8.74383
      vertex 4.38022 3.25463 8.75095
    endloop
  endfacet
  facet normal 0.25883 0.965923 0
    outer loop
      vertex 4.12746 3.32236 8.74383
      vertex 4.38022 3.25463 0
      vertex 4.12746 3.32236 0
    endloop
  endfacet
  facet normal 0.25883 0.965923 -0
    outer loop
      vertex 4.38022 3.25463 -2.2
      vertex 4.12746 3.32236 -1.90735e-07
      vertex 4.38022 3.25463 -1.90735e-07
    endloop
  endfacet
  facet normal 0.25883 0.965923 0
    outer loop
      vertex 4.12746 3.32236 -1.90735e-07
      vertex 4.38022 3.25463 -2.2
      vertex 4.12746 3.32236 -2.2
    endloop
  endfacet
  facet normal -0.545446 0.838146 0
    outer loop
      vertex 100.35 3.53494 0
      vertex 100.569 3.67746 8.70651
      vertex 100.569 3.67746 0
    endloop
  endfacet
  facet normal -0.545446 0.838146 0
    outer loop
      vertex 100.569 3.67746 8.70651
      vertex 100.35 3.53494 0
      vertex 100.35 3.53494 8.72149
    endloop
  endfacet
  facet normal -0.545446 0.838146 0
    outer loop
      vertex 100.569 3.67746 -2.2
      vertex 100.35 3.53494 -1.90735e-07
      vertex 100.569 3.67746 -1.90735e-07
    endloop
  endfacet
  facet normal -0.545446 0.838146 0
    outer loop
      vertex 100.35 3.53494 -1.90735e-07
      vertex 100.569 3.67746 -2.2
      vertex 100.35 3.53494 -2.2
    endloop
  endfacet
  facet normal 0.965907 -0.258888 0
    outer loop
      vertex 2.45463 72.6198 0
      vertex 2.52236 72.8725 1.43381
      vertex 2.45463 72.6198 1.46038
    endloop
  endfacet
  facet normal 0.965907 -0.258888 0
    outer loop
      vertex 2.52236 72.8725 1.43381
      vertex 2.45463 72.6198 0
      vertex 2.52236 72.8725 0
    endloop
  endfacet
  facet normal 0.965907 -0.258888 0
    outer loop
      vertex 2.45463 72.6198 -1.90735e-07
      vertex 2.52236 72.8725 -2.2
      vertex 2.52236 72.8725 -1.90735e-07
    endloop
  endfacet
  facet normal 0.965907 -0.258888 0
    outer loop
      vertex 2.52236 72.8725 -2.2
      vertex 2.45463 72.6198 -1.90735e-07
      vertex 2.45463 72.6198 -2.2
    endloop
  endfacet
  facet normal 0.891039 -0.453926 0
    outer loop
      vertex 2.61614 73.1168 0
      vertex 2.73494 73.35 1.38363
      vertex 2.61614 73.1168 1.40814
    endloop
  endfacet
  facet normal 0.891039 -0.453926 0
    outer loop
      vertex 2.73494 73.35 1.38363
      vertex 2.61614 73.1168 0
      vertex 2.73494 73.35 0
    endloop
  endfacet
  facet normal 0.891039 -0.453926 0
    outer loop
      vertex 2.61614 73.1168 -1.90735e-07
      vertex 2.73494 73.35 -2.2
      vertex 2.73494 73.35 -1.90735e-07
    endloop
  endfacet
  facet normal 0.891039 -0.453926 0
    outer loop
      vertex 2.73494 73.35 -2.2
      vertex 2.61614 73.1168 -1.90735e-07
      vertex 2.61614 73.1168 -2.2
    endloop
  endfacet
  facet normal -0.839576 0.543242 0
    outer loop
      vertex 101.123 4.23054 0
      vertex 101.265 4.45 8.62531
      vertex 101.265 4.45 0
    endloop
  endfacet
  facet normal -0.839576 0.543242 0
    outer loop
      vertex 101.265 4.45 8.62531
      vertex 101.123 4.23054 0
      vertex 101.123 4.23054 8.64838
    endloop
  endfacet
  facet normal -0.839576 0.543242 0
    outer loop
      vertex 101.123 4.23054 -2.2
      vertex 101.265 4.45 -1.90735e-07
      vertex 101.265 4.45 -2.2
    endloop
  endfacet
  facet normal -0.839576 0.543242 0
    outer loop
      vertex 101.265 4.45 -1.90735e-07
      vertex 101.123 4.23054 -2.2
      vertex 101.123 4.23054 -1.90735e-07
    endloop
  endfacet
  facet normal 0.544857 -0.838529 0
    outer loop
      vertex 3.43054 74.1225 0
      vertex 3.65 74.2651 1.28745
      vertex 3.43054 74.1225 1.30243
    endloop
  endfacet
  facet normal 0.544857 -0.838529 0
    outer loop
      vertex 3.65 74.2651 1.28745
      vertex 3.43054 74.1225 0
      vertex 3.65 74.2651 0
    endloop
  endfacet
  facet normal 0.544857 -0.838529 0
    outer loop
      vertex 3.43054 74.1225 -2.2
      vertex 3.65 74.2651 -1.90735e-07
      vertex 3.43054 74.1225 -1.90735e-07
    endloop
  endfacet
  facet normal 0.544857 -0.838529 0
    outer loop
      vertex 3.65 74.2651 -1.90735e-07
      vertex 3.43054 74.1225 -2.2
      vertex 3.65 74.2651 -2.2
    endloop
  endfacet
  facet normal 0.358375 0.933578 -0
    outer loop
      vertex 4.12746 3.32236 0
      vertex 3.88316 3.41614 8.73398
      vertex 4.12746 3.32236 8.74383
    endloop
  endfacet
  facet normal 0.358375 0.933578 0
    outer loop
      vertex 3.88316 3.41614 8.73398
      vertex 4.12746 3.32236 0
      vertex 3.88316 3.41614 0
    endloop
  endfacet
  facet normal 0.358375 0.933578 -0
    outer loop
      vertex 4.12746 3.32236 -2.2
      vertex 3.88316 3.41614 -1.90735e-07
      vertex 4.12746 3.32236 -1.90735e-07
    endloop
  endfacet
  facet normal 0.358375 0.933578 0
    outer loop
      vertex 3.88316 3.41614 -1.90735e-07
      vertex 4.12746 3.32236 -2.2
      vertex 3.88316 3.41614 -2.2
    endloop
  endfacet
  facet normal -0.776453 -0.630176 0
    outer loop
      vertex 101.123 73.5695 0
      vertex 100.958 73.7728 1.33919
      vertex 100.958 73.7728 0
    endloop
  endfacet
  facet normal -0.776453 -0.630176 0
    outer loop
      vertex 100.958 73.7728 1.33919
      vertex 101.123 73.5695 0
      vertex 101.123 73.5695 1.36056
    endloop
  endfacet
  facet normal -0.776453 -0.630176 0
    outer loop
      vertex 101.123 73.5695 -2.2
      vertex 100.958 73.7728 -1.90735e-07
      vertex 100.958 73.7728 -2.2
    endloop
  endfacet
  facet normal -0.776453 -0.630176 0
    outer loop
      vertex 100.958 73.7728 -1.90735e-07
      vertex 101.123 73.5695 -2.2
      vertex 101.123 73.5695 -1.90735e-07
    endloop
  endfacet
  facet normal 0.933578 -0.358375 0
    outer loop
      vertex 2.52236 72.8725 0
      vertex 2.61614 73.1168 1.40814
      vertex 2.52236 72.8725 1.43381
    endloop
  endfacet
  facet normal 0.933578 -0.358375 0
    outer loop
      vertex 2.61614 73.1168 1.40814
      vertex 2.52236 72.8725 0
      vertex 2.61614 73.1168 0
    endloop
  endfacet
  facet normal 0.933578 -0.358375 0
    outer loop
      vertex 2.52236 72.8725 -1.90735e-07
      vertex 2.61614 73.1168 -2.2
      vertex 2.61614 73.1168 -1.90735e-07
    endloop
  endfacet
  facet normal 0.933578 -0.358375 0
    outer loop
      vertex 2.61614 73.1168 -2.2
      vertex 2.52236 72.8725 -1.90735e-07
      vertex 2.52236 72.8725 -2.2
    endloop
  endfacet
  facet normal -0.966617 0.256225 0
    outer loop
      vertex 101.478 4.92746 0
      vertex 101.545 5.18022 8.54856
      vertex 101.545 5.18022 0
    endloop
  endfacet
  facet normal -0.966617 0.256225 0
    outer loop
      vertex 101.545 5.18022 8.54856
      vertex 101.478 4.92746 0
      vertex 101.478 4.92746 8.57513
    endloop
  endfacet
  facet normal -0.966617 0.256225 0
    outer loop
      vertex 101.478 4.92746 -2.2
      vertex 101.545 5.18022 -1.90735e-07
      vertex 101.545 5.18022 -2.2
    endloop
  endfacet
  facet normal -0.966617 0.256225 0
    outer loop
      vertex 101.545 5.18022 -1.90735e-07
      vertex 101.478 4.92746 -2.2
      vertex 101.478 4.92746 -1.90735e-07
    endloop
  endfacet
  facet normal -0.890699 0.454594 0
    outer loop
      vertex 101.265 4.45 0
      vertex 101.384 4.68316 8.60081
      vertex 101.384 4.68316 0
    endloop
  endfacet
  facet normal -0.890699 0.454594 0
    outer loop
      vertex 101.384 4.68316 8.60081
      vertex 101.265 4.45 0
      vertex 101.265 4.45 8.62531
    endloop
  endfacet
  facet normal -0.890699 0.454594 0
    outer loop
      vertex 101.265 4.45 -2.2
      vertex 101.384 4.68316 -1.90735e-07
      vertex 101.384 4.68316 -2.2
    endloop
  endfacet
  facet normal -0.890699 0.454594 0
    outer loop
      vertex 101.384 4.68316 -1.90735e-07
      vertex 101.265 4.45 -2.2
      vertex 101.265 4.45 -1.90735e-07
    endloop
  endfacet
  facet normal 0.358108 -0.93368 0
    outer loop
      vertex 3.88316 74.3839 0
      vertex 4.12746 74.4776 1.26511
      vertex 3.88316 74.3839 1.27497
    endloop
  endfacet
  facet normal 0.358108 -0.93368 0
    outer loop
      vertex 4.12746 74.4776 1.26511
      vertex 3.88316 74.3839 0
      vertex 4.12746 74.4776 0
    endloop
  endfacet
  facet normal 0.358108 -0.93368 0
    outer loop
      vertex 3.88316 74.3839 -2.2
      vertex 4.12746 74.4776 -1.90735e-07
      vertex 3.88316 74.3839 -1.90735e-07
    endloop
  endfacet
  facet normal 0.358108 -0.93368 0
    outer loop
      vertex 4.12746 74.4776 -1.90735e-07
      vertex 3.88316 74.3839 -2.2
      vertex 4.12746 74.4776 -2.2
    endloop
  endfacet
  facet normal -0.933296 -0.359107 0
    outer loop
      vertex 101.478 72.8725 0
      vertex 101.384 73.1168 1.40814
      vertex 101.384 73.1168 0
    endloop
  endfacet
  facet normal -0.933296 -0.359107 0
    outer loop
      vertex 101.384 73.1168 1.40814
      vertex 101.478 72.8725 0
      vertex 101.478 72.8725 1.43381
    endloop
  endfacet
  facet normal -0.933296 -0.359107 0
    outer loop
      vertex 101.478 72.8725 -2.2
      vertex 101.384 73.1168 -1.90735e-07
      vertex 101.384 73.1168 -2.2
    endloop
  endfacet
  facet normal -0.933296 -0.359107 0
    outer loop
      vertex 101.384 73.1168 -1.90735e-07
      vertex 101.478 72.8725 -2.2
      vertex 101.478 72.8725 -1.90735e-07
    endloop
  endfacet
  facet normal -0.89073 -0.454532 0
    outer loop
      vertex 101.384 73.1168 0
      vertex 101.265 73.35 1.38363
      vertex 101.265 73.35 0
    endloop
  endfacet
  facet normal -0.89073 -0.454532 0
    outer loop
      vertex 101.265 73.35 1.38363
      vertex 101.384 73.1168 0
      vertex 101.384 73.1168 1.40814
    endloop
  endfacet
  facet normal -0.89073 -0.454532 0
    outer loop
      vertex 101.384 73.1168 -2.2
      vertex 101.265 73.35 -1.90735e-07
      vertex 101.265 73.35 -2.2
    endloop
  endfacet
  facet normal -0.89073 -0.454532 0
    outer loop
      vertex 101.265 73.35 -1.90735e-07
      vertex 101.384 73.1168 -2.2
      vertex 101.384 73.1168 -1.90735e-07
    endloop
  endfacet
  facet normal 0.965923 0.25883 -0
    outer loop
      vertex 2.52236 4.92746 0
      vertex 2.45463 5.18022 8.54856
      vertex 2.52236 4.92746 8.57513
    endloop
  endfacet
  facet normal 0.965923 0.25883 0
    outer loop
      vertex 2.45463 5.18022 8.54856
      vertex 2.52236 4.92746 0
      vertex 2.45463 5.18022 0
    endloop
  endfacet
  facet normal 0.965923 0.25883 0
    outer loop
      vertex 2.52236 4.92746 -1.90735e-07
      vertex 2.45463 5.18022 -2.2
      vertex 2.45463 5.18022 -1.90735e-07
    endloop
  endfacet
  facet normal 0.965923 0.25883 0
    outer loop
      vertex 2.45463 5.18022 -2.2
      vertex 2.52236 4.92746 -1.90735e-07
      vertex 2.52236 4.92746 -2.2
    endloop
  endfacet
  facet normal -0.258888 0.965907 0
    outer loop
      vertex 99.6198 3.25463 0
      vertex 99.8725 3.32236 8.74383
      vertex 99.8725 3.32236 0
    endloop
  endfacet
  facet normal -0.258888 0.965907 0
    outer loop
      vertex 99.8725 3.32236 8.74383
      vertex 99.6198 3.25463 0
      vertex 99.6198 3.25463 8.75095
    endloop
  endfacet
  facet normal -0.258888 0.965907 0
    outer loop
      vertex 99.8725 3.32236 -2.2
      vertex 99.6198 3.25463 -1.90735e-07
      vertex 99.8725 3.32236 -1.90735e-07
    endloop
  endfacet
  facet normal -0.258888 0.965907 0
    outer loop
      vertex 99.6198 3.25463 -1.90735e-07
      vertex 99.8725 3.32236 -2.2
      vertex 99.6198 3.25463 -2.2
    endloop
  endfacet
  facet normal 0.838714 -0.544572 0
    outer loop
      vertex 2.73494 73.35 0
      vertex 2.87746 73.5695 1.36056
      vertex 2.73494 73.35 1.38363
    endloop
  endfacet
  facet normal 0.838714 -0.544572 0
    outer loop
      vertex 2.87746 73.5695 1.36056
      vertex 2.73494 73.35 0
      vertex 2.87746 73.5695 0
    endloop
  endfacet
  facet normal 0.838714 -0.544572 0
    outer loop
      vertex 2.73494 73.35 -1.90735e-07
      vertex 2.87746 73.5695 -2.2
      vertex 2.87746 73.5695 -1.90735e-07
    endloop
  endfacet
  facet normal 0.838714 -0.544572 0
    outer loop
      vertex 2.87746 73.5695 -2.2
      vertex 2.73494 73.35 -1.90735e-07
      vertex 2.73494 73.35 -2.2
    endloop
  endfacet
  facet normal 0.98769 -0.156426 0
    outer loop
      vertex 2.41369 72.3613 0
      vertex 2.45463 72.6198 1.46038
      vertex 2.41369 72.3613 1.48754
    endloop
  endfacet
  facet normal 0.98769 -0.156426 0
    outer loop
      vertex 2.45463 72.6198 1.46038
      vertex 2.41369 72.3613 0
      vertex 2.45463 72.6198 0
    endloop
  endfacet
  facet normal 0.98769 -0.156426 0
    outer loop
      vertex 2.41369 72.3613 -1.90735e-07
      vertex 2.45463 72.6198 -2.2
      vertex 2.45463 72.6198 -1.90735e-07
    endloop
  endfacet
  facet normal 0.98769 -0.156426 0
    outer loop
      vertex 2.45463 72.6198 -2.2
      vertex 2.41369 72.3613 -1.90735e-07
      vertex 2.41369 72.3613 -2.2
    endloop
  endfacet
  facet normal -0.0523201 0.99863 0
    outer loop
      vertex 99.3613 3.21369 0
      vertex 99.1 3.2 8.75669
      vertex 99.3613 3.21369 8.75525
    endloop
  endfacet
  facet normal -0.0523201 0.99863 0
    outer loop
      vertex 99.1 3.2 8.75669
      vertex 99.3613 3.21369 0
      vertex 99.1 3.2 0
    endloop
  endfacet
  facet normal -0.0523201 0.99863 0
    outer loop
      vertex 99.3613 3.21369 -2.2
      vertex 99.1 3.2 -1.90735e-07
      vertex 99.3613 3.21369 -1.90735e-07
    endloop
  endfacet
  facet normal -0.0523201 0.99863 0
    outer loop
      vertex 99.1 3.2 -1.90735e-07
      vertex 99.3613 3.21369 -2.2
      vertex 99.1 3.2 -2.2
    endloop
  endfacet
  facet normal -0.839621 -0.543172 0
    outer loop
      vertex 101.265 73.35 0
      vertex 101.123 73.5695 1.36056
      vertex 101.123 73.5695 0
    endloop
  endfacet
  facet normal -0.839621 -0.543172 0
    outer loop
      vertex 101.123 73.5695 1.36056
      vertex 101.265 73.35 0
      vertex 101.265 73.35 1.38363
    endloop
  endfacet
  facet normal -0.839621 -0.543172 0
    outer loop
      vertex 101.265 73.35 -2.2
      vertex 101.123 73.5695 -1.90735e-07
      vertex 101.123 73.5695 -2.2
    endloop
  endfacet
  facet normal -0.839621 -0.543172 0
    outer loop
      vertex 101.123 73.5695 -1.90735e-07
      vertex 101.265 73.35 -2.2
      vertex 101.265 73.35 -1.90735e-07
    endloop
  endfacet
  facet normal 0.933578 0.358375 -0
    outer loop
      vertex 2.61614 4.68316 0
      vertex 2.52236 4.92746 8.57513
      vertex 2.61614 4.68316 8.60081
    endloop
  endfacet
  facet normal 0.933578 0.358375 0
    outer loop
      vertex 2.52236 4.92746 8.57513
      vertex 2.61614 4.68316 0
      vertex 2.52236 4.92746 0
    endloop
  endfacet
  facet normal 0.933578 0.358375 0
    outer loop
      vertex 2.61614 4.68316 -1.90735e-07
      vertex 2.52236 4.92746 -2.2
      vertex 2.52236 4.92746 -1.90735e-07
    endloop
  endfacet
  facet normal 0.933578 0.358375 0
    outer loop
      vertex 2.52236 4.92746 -2.2
      vertex 2.61614 4.68316 -1.90735e-07
      vertex 2.61614 4.68316 -2.2
    endloop
  endfacet
  facet normal 0.156449 0.987686 -0
    outer loop
      vertex 4.63868 3.21369 0
      vertex 4.38022 3.25463 8.75095
      vertex 4.63868 3.21369 8.75525
    endloop
  endfacet
  facet normal 0.156449 0.987686 0
    outer loop
      vertex 4.38022 3.25463 8.75095
      vertex 4.63868 3.21369 0
      vertex 4.38022 3.25463 0
    endloop
  endfacet
  facet normal 0.156449 0.987686 -0
    outer loop
      vertex 4.63868 3.21369 -2.2
      vertex 4.38022 3.25463 -1.90735e-07
      vertex 4.63868 3.21369 -1.90735e-07
    endloop
  endfacet
  facet normal 0.156449 0.987686 0
    outer loop
      vertex 4.38022 3.25463 -1.90735e-07
      vertex 4.63868 3.21369 -2.2
      vertex 4.38022 3.25463 -2.2
    endloop
  endfacet
  facet normal -0.454235 -0.890882 0
    outer loop
      vertex 100.35 74.2651 0
      vertex 100.117 74.3839 1.27497
      vertex 100.117 74.3839 0
    endloop
  endfacet
  facet normal -0.454235 -0.890882 0
    outer loop
      vertex 100.117 74.3839 1.27497
      vertex 100.35 74.2651 0
      vertex 100.35 74.2651 1.28745
    endloop
  endfacet
  facet normal -0.454235 -0.890882 0
    outer loop
      vertex 100.117 74.3839 -2.2
      vertex 100.35 74.2651 -1.90735e-07
      vertex 100.117 74.3839 -1.90735e-07
    endloop
  endfacet
  facet normal -0.454235 -0.890882 -0
    outer loop
      vertex 100.35 74.2651 -1.90735e-07
      vertex 100.117 74.3839 -2.2
      vertex 100.35 74.2651 -2.2
    endloop
  endfacet
  facet normal -0.545661 -0.838006 0
    outer loop
      vertex 100.569 74.1225 0
      vertex 100.35 74.2651 1.28745
      vertex 100.35 74.2651 0
    endloop
  endfacet
  facet normal -0.545661 -0.838006 0
    outer loop
      vertex 100.35 74.2651 1.28745
      vertex 100.569 74.1225 0
      vertex 100.569 74.1225 1.30243
    endloop
  endfacet
  facet normal -0.545661 -0.838006 0
    outer loop
      vertex 100.35 74.2651 -2.2
      vertex 100.569 74.1225 -1.90735e-07
      vertex 100.35 74.2651 -1.90735e-07
    endloop
  endfacet
  facet normal -0.545661 -0.838006 -0
    outer loop
      vertex 100.569 74.1225 -1.90735e-07
      vertex 100.35 74.2651 -2.2
      vertex 100.569 74.1225 -2.2
    endloop
  endfacet
  facet normal 0.0523542 -0.998629 0
    outer loop
      vertex 4.63868 74.5863 0
      vertex 4.9 74.6 1.25225
      vertex 4.63868 74.5863 1.25369
    endloop
  endfacet
  facet normal 0.0523542 -0.998629 0
    outer loop
      vertex 4.9 74.6 1.25225
      vertex 4.63868 74.5863 0
      vertex 4.9 74.6 0
    endloop
  endfacet
  facet normal 0.0523542 -0.998629 0
    outer loop
      vertex 4.63868 74.5863 -2.2
      vertex 4.9 74.6 -1.90735e-07
      vertex 4.63868 74.5863 -1.90735e-07
    endloop
  endfacet
  facet normal 0.0523542 -0.998629 0
    outer loop
      vertex 4.9 74.6 -1.90735e-07
      vertex 4.63868 74.5863 -2.2
      vertex 4.9 74.6 -2.2
    endloop
  endfacet
  facet normal 0.70724 -0.706973 0
    outer loop
      vertex 3.04214 73.7728 0
      vertex 3.22717 73.9579 1.31974
      vertex 3.04214 73.7728 1.33919
    endloop
  endfacet
  facet normal 0.70724 -0.706973 0
    outer loop
      vertex 3.22717 73.9579 1.31974
      vertex 3.04214 73.7728 0
      vertex 3.22717 73.9579 0
    endloop
  endfacet
  facet normal 0.70724 -0.706973 0
    outer loop
      vertex 3.04214 73.7728 -1.90735e-07
      vertex 3.22717 73.9579 -2.2
      vertex 3.22717 73.9579 -1.90735e-07
    endloop
  endfacet
  facet normal 0.70724 -0.706973 0
    outer loop
      vertex 3.22717 73.9579 -2.2
      vertex 3.04214 73.7728 -1.90735e-07
      vertex 3.04214 73.7728 -2.2
    endloop
  endfacet
  facet normal -0.454235 0.890882 0
    outer loop
      vertex 100.117 3.41614 0
      vertex 100.35 3.53494 8.72149
      vertex 100.35 3.53494 0
    endloop
  endfacet
  facet normal -0.454235 0.890882 0
    outer loop
      vertex 100.35 3.53494 8.72149
      vertex 100.117 3.41614 0
      vertex 100.117 3.41614 8.73398
    endloop
  endfacet
  facet normal -0.454235 0.890882 0
    outer loop
      vertex 100.35 3.53494 -2.2
      vertex 100.117 3.41614 -1.90735e-07
      vertex 100.35 3.53494 -1.90735e-07
    endloop
  endfacet
  facet normal -0.454235 0.890882 0
    outer loop
      vertex 100.117 3.41614 -1.90735e-07
      vertex 100.35 3.53494 -2.2
      vertex 100.117 3.41614 -2.2
    endloop
  endfacet
  facet normal -0.627946 -0.778257 0
    outer loop
      vertex 100.773 73.9579 0
      vertex 100.569 74.1225 1.30243
      vertex 100.569 74.1225 0
    endloop
  endfacet
  facet normal -0.627946 -0.778257 0
    outer loop
      vertex 100.569 74.1225 1.30243
      vertex 100.773 73.9579 0
      vertex 100.773 73.9579 1.31974
    endloop
  endfacet
  facet normal -0.627946 -0.778257 0
    outer loop
      vertex 100.569 74.1225 -2.2
      vertex 100.773 73.9579 -1.90735e-07
      vertex 100.569 74.1225 -1.90735e-07
    endloop
  endfacet
  facet normal -0.627946 -0.778257 -0
    outer loop
      vertex 100.773 73.9579 -1.90735e-07
      vertex 100.569 74.1225 -2.2
      vertex 100.773 73.9579 -2.2
    endloop
  endfacet
  facet normal 0.1563 -0.98771 0
    outer loop
      vertex 4.38022 74.5454 0
      vertex 4.63868 74.5863 1.25369
      vertex 4.38022 74.5454 1.25799
    endloop
  endfacet
  facet normal 0.1563 -0.98771 0
    outer loop
      vertex 4.63868 74.5863 1.25369
      vertex 4.38022 74.5454 0
      vertex 4.63868 74.5863 0
    endloop
  endfacet
  facet normal 0.1563 -0.98771 0
    outer loop
      vertex 4.38022 74.5454 -2.2
      vertex 4.63868 74.5863 -1.90735e-07
      vertex 4.38022 74.5454 -1.90735e-07
    endloop
  endfacet
  facet normal 0.1563 -0.98771 0
    outer loop
      vertex 4.63868 74.5863 -1.90735e-07
      vertex 4.38022 74.5454 -2.2
      vertex 4.63868 74.5863 -2.2
    endloop
  endfacet
  facet normal -0.707164 0.707049 0
    outer loop
      vertex 100.773 3.84214 0
      vertex 100.958 4.02717 8.66975
      vertex 100.958 4.02717 0
    endloop
  endfacet
  facet normal -0.707164 0.707049 0
    outer loop
      vertex 100.958 4.02717 8.66975
      vertex 100.773 3.84214 0
      vertex 100.773 3.84214 8.6892
    endloop
  endfacet
  facet normal -0.707164 0.707049 0
    outer loop
      vertex 100.958 4.02717 -2.2
      vertex 100.773 3.84214 -1.90735e-07
      vertex 100.958 4.02717 -1.90735e-07
    endloop
  endfacet
  facet normal -0.707164 0.707049 0
    outer loop
      vertex 100.773 3.84214 -1.90735e-07
      vertex 100.958 4.02717 -2.2
      vertex 100.773 3.84214 -2.2
    endloop
  endfacet
  facet normal 0.25908 -0.965856 0
    outer loop
      vertex 4.12746 74.4776 0
      vertex 4.38022 74.5454 1.25799
      vertex 4.12746 74.4776 1.26511
    endloop
  endfacet
  facet normal 0.25908 -0.965856 0
    outer loop
      vertex 4.38022 74.5454 1.25799
      vertex 4.12746 74.4776 0
      vertex 4.38022 74.5454 0
    endloop
  endfacet
  facet normal 0.25908 -0.965856 0
    outer loop
      vertex 4.12746 74.4776 -2.2
      vertex 4.38022 74.5454 -1.90735e-07
      vertex 4.12746 74.4776 -1.90735e-07
    endloop
  endfacet
  facet normal 0.25908 -0.965856 0
    outer loop
      vertex 4.38022 74.5454 -1.90735e-07
      vertex 4.12746 74.4776 -2.2
      vertex 4.38022 74.5454 -2.2
    endloop
  endfacet
  facet normal -0.998568 0.0534974 0
    outer loop
      vertex 101.586 5.43868 0
      vertex 101.6 5.7 8.49393
      vertex 101.6 5.7 0
    endloop
  endfacet
  facet normal -0.998568 0.0534974 0
    outer loop
      vertex 101.6 5.7 8.49393
      vertex 101.586 5.43868 0
      vertex 101.586 5.43868 8.5214
    endloop
  endfacet
  facet normal -0.998568 0.0534974 0
    outer loop
      vertex 101.586 5.43868 -2.2
      vertex 101.6 5.7 -1.90735e-07
      vertex 101.6 5.7 -2.2
    endloop
  endfacet
  facet normal -0.998568 0.0534974 0
    outer loop
      vertex 101.6 5.7 -1.90735e-07
      vertex 101.586 5.43868 -2.2
      vertex 101.586 5.43868 -1.90735e-07
    endloop
  endfacet
  facet normal -0.358119 0.933676 0
    outer loop
      vertex 99.8725 3.32236 0
      vertex 100.117 3.41614 8.73398
      vertex 100.117 3.41614 0
    endloop
  endfacet
  facet normal -0.358119 0.933676 0
    outer loop
      vertex 100.117 3.41614 8.73398
      vertex 99.8725 3.32236 0
      vertex 99.8725 3.32236 8.74383
    endloop
  endfacet
  facet normal -0.358119 0.933676 0
    outer loop
      vertex 100.117 3.41614 -2.2
      vertex 99.8725 3.32236 -1.90735e-07
      vertex 100.117 3.41614 -1.90735e-07
    endloop
  endfacet
  facet normal -0.358119 0.933676 0
    outer loop
      vertex 99.8725 3.32236 -1.90735e-07
      vertex 100.117 3.41614 -2.2
      vertex 99.8725 3.32236 -2.2
    endloop
  endfacet
  facet normal -0.628131 0.778108 0
    outer loop
      vertex 100.569 3.67746 0
      vertex 100.773 3.84214 8.6892
      vertex 100.773 3.84214 0
    endloop
  endfacet
  facet normal -0.628131 0.778108 0
    outer loop
      vertex 100.773 3.84214 8.6892
      vertex 100.569 3.67746 0
      vertex 100.569 3.67746 8.70651
    endloop
  endfacet
  facet normal -0.628131 0.778108 0
    outer loop
      vertex 100.773 3.84214 -2.2
      vertex 100.569 3.67746 -1.90735e-07
      vertex 100.773 3.84214 -1.90735e-07
    endloop
  endfacet
  facet normal -0.628131 0.778108 0
    outer loop
      vertex 100.569 3.67746 -1.90735e-07
      vertex 100.773 3.84214 -2.2
      vertex 100.569 3.67746 -2.2
    endloop
  endfacet
  facet normal -0.987651 0.156673 0
    outer loop
      vertex 101.545 5.18022 0
      vertex 101.586 5.43868 8.5214
      vertex 101.586 5.43868 0
    endloop
  endfacet
  facet normal -0.987651 0.156673 0
    outer loop
      vertex 101.586 5.43868 8.5214
      vertex 101.545 5.18022 0
      vertex 101.545 5.18022 8.54856
    endloop
  endfacet
  facet normal -0.987651 0.156673 0
    outer loop
      vertex 101.545 5.18022 -2.2
      vertex 101.586 5.43868 -1.90735e-07
      vertex 101.586 5.43868 -2.2
    endloop
  endfacet
  facet normal -0.987651 0.156673 0
    outer loop
      vertex 101.586 5.43868 -1.90735e-07
      vertex 101.545 5.18022 -2.2
      vertex 101.545 5.18022 -1.90735e-07
    endloop
  endfacet
  facet normal 0.0523161 0.998631 -0
    outer loop
      vertex 4.9 3.2 0
      vertex 4.63868 3.21369 8.75525
      vertex 4.9 3.2 8.75669
    endloop
  endfacet
  facet normal 0.0523161 0.998631 0
    outer loop
      vertex 4.63868 3.21369 8.75525
      vertex 4.9 3.2 0
      vertex 4.63868 3.21369 0
    endloop
  endfacet
  facet normal 0.0523161 0.998631 -0
    outer loop
      vertex 4.9 3.2 -2.2
      vertex 4.63868 3.21369 -1.90735e-07
      vertex 4.9 3.2 -1.90735e-07
    endloop
  endfacet
  facet normal 0.0523161 0.998631 0
    outer loop
      vertex 4.63868 3.21369 -1.90735e-07
      vertex 4.9 3.2 -2.2
      vertex 4.63868 3.21369 -2.2
    endloop
  endfacet
  facet normal 0.453988 0.891008 -0
    outer loop
      vertex 3.88316 3.41614 0
      vertex 3.65 3.53494 8.72149
      vertex 3.88316 3.41614 8.73398
    endloop
  endfacet
  facet normal 0.453988 0.891008 0
    outer loop
      vertex 3.65 3.53494 8.72149
      vertex 3.88316 3.41614 0
      vertex 3.65 3.53494 0
    endloop
  endfacet
  facet normal 0.453988 0.891008 -0
    outer loop
      vertex 3.88316 3.41614 -2.2
      vertex 3.65 3.53494 -1.90735e-07
      vertex 3.88316 3.41614 -1.90735e-07
    endloop
  endfacet
  facet normal 0.453988 0.891008 0
    outer loop
      vertex 3.65 3.53494 -1.90735e-07
      vertex 3.88316 3.41614 -2.2
      vertex 3.65 3.53494 -2.2
    endloop
  endfacet
  facet normal 0.544642 0.838669 -0
    outer loop
      vertex 3.65 3.53494 0
      vertex 3.43054 3.67746 8.70651
      vertex 3.65 3.53494 8.72149
    endloop
  endfacet
  facet normal 0.544642 0.838669 0
    outer loop
      vertex 3.43054 3.67746 8.70651
      vertex 3.65 3.53494 0
      vertex 3.43054 3.67746 0
    endloop
  endfacet
  facet normal 0.544642 0.838669 -0
    outer loop
      vertex 3.65 3.53494 -2.2
      vertex 3.43054 3.67746 -1.90735e-07
      vertex 3.65 3.53494 -1.90735e-07
    endloop
  endfacet
  facet normal 0.544642 0.838669 0
    outer loop
      vertex 3.43054 3.67746 -1.90735e-07
      vertex 3.65 3.53494 -2.2
      vertex 3.43054 3.67746 -2.2
    endloop
  endfacet
  facet normal 0.629122 -0.777306 0
    outer loop
      vertex 3.22717 73.9579 0
      vertex 3.43054 74.1225 1.30243
      vertex 3.22717 73.9579 1.31974
    endloop
  endfacet
  facet normal 0.629122 -0.777306 0
    outer loop
      vertex 3.43054 74.1225 1.30243
      vertex 3.22717 73.9579 0
      vertex 3.43054 74.1225 0
    endloop
  endfacet
  facet normal 0.629122 -0.777306 0
    outer loop
      vertex 3.22717 73.9579 -2.2
      vertex 3.43054 74.1225 -1.90735e-07
      vertex 3.22717 73.9579 -1.90735e-07
    endloop
  endfacet
  facet normal 0.629122 -0.777306 0
    outer loop
      vertex 3.43054 74.1225 -1.90735e-07
      vertex 3.22717 73.9579 -2.2
      vertex 3.43054 74.1225 -2.2
    endloop
  endfacet
  facet normal 0.453988 -0.891008 0
    outer loop
      vertex 3.65 74.2651 0
      vertex 3.88316 74.3839 1.27497
      vertex 3.65 74.2651 1.28745
    endloop
  endfacet
  facet normal 0.453988 -0.891008 0
    outer loop
      vertex 3.88316 74.3839 1.27497
      vertex 3.65 74.2651 0
      vertex 3.88316 74.3839 0
    endloop
  endfacet
  facet normal 0.453988 -0.891008 0
    outer loop
      vertex 3.65 74.2651 -2.2
      vertex 3.88316 74.3839 -1.90735e-07
      vertex 3.65 74.2651 -1.90735e-07
    endloop
  endfacet
  facet normal 0.453988 -0.891008 0
    outer loop
      vertex 3.88316 74.3839 -1.90735e-07
      vertex 3.65 74.2651 -2.2
      vertex 3.88316 74.3839 -2.2
    endloop
  endfacet
  facet normal 0.777051 -0.629438 0
    outer loop
      vertex 2.87746 73.5695 0
      vertex 3.04214 73.7728 1.33919
      vertex 2.87746 73.5695 1.36056
    endloop
  endfacet
  facet normal 0.777051 -0.629438 0
    outer loop
      vertex 3.04214 73.7728 1.33919
      vertex 2.87746 73.5695 0
      vertex 3.04214 73.7728 0
    endloop
  endfacet
  facet normal 0.777051 -0.629438 0
    outer loop
      vertex 2.87746 73.5695 -1.90735e-07
      vertex 3.04214 73.7728 -2.2
      vertex 3.04214 73.7728 -1.90735e-07
    endloop
  endfacet
  facet normal 0.777051 -0.629438 0
    outer loop
      vertex 3.04214 73.7728 -2.2
      vertex 2.87746 73.5695 -1.90735e-07
      vertex 2.87746 73.5695 -2.2
    endloop
  endfacet
  facet normal -0.259137 -0.965841 0
    outer loop
      vertex 99.8725 74.4776 0
      vertex 99.6198 74.5454 1.25799
      vertex 99.6198 74.5454 0
    endloop
  endfacet
  facet normal -0.259137 -0.965841 0
    outer loop
      vertex 99.6198 74.5454 1.25799
      vertex 99.8725 74.4776 0
      vertex 99.8725 74.4776 1.26511
    endloop
  endfacet
  facet normal -0.259137 -0.965841 0
    outer loop
      vertex 99.6198 74.5454 -2.2
      vertex 99.8725 74.4776 -1.90735e-07
      vertex 99.6198 74.5454 -1.90735e-07
    endloop
  endfacet
  facet normal -0.259137 -0.965841 -0
    outer loop
      vertex 99.8725 74.4776 -1.90735e-07
      vertex 99.6198 74.5454 -2.2
      vertex 99.8725 74.4776 -2.2
    endloop
  endfacet
  facet normal 0.838669 0.544642 -0
    outer loop
      vertex 2.87746 4.23054 0
      vertex 2.73494 4.45 8.62531
      vertex 2.87746 4.23054 8.64838
    endloop
  endfacet
  facet normal 0.838669 0.544642 0
    outer loop
      vertex 2.73494 4.45 8.62531
      vertex 2.87746 4.23054 0
      vertex 2.73494 4.45 0
    endloop
  endfacet
  facet normal 0.838669 0.544642 0
    outer loop
      vertex 2.87746 4.23054 -1.90735e-07
      vertex 2.73494 4.45 -2.2
      vertex 2.73494 4.45 -1.90735e-07
    endloop
  endfacet
  facet normal 0.838669 0.544642 0
    outer loop
      vertex 2.73494 4.45 -2.2
      vertex 2.87746 4.23054 -1.90735e-07
      vertex 2.87746 4.23054 -2.2
    endloop
  endfacet
  facet normal 0.629307 0.777157 -0
    outer loop
      vertex 3.43054 3.67746 0
      vertex 3.22717 3.84214 8.6892
      vertex 3.43054 3.67746 8.70651
    endloop
  endfacet
  facet normal 0.629307 0.777157 0
    outer loop
      vertex 3.22717 3.84214 8.6892
      vertex 3.43054 3.67746 0
      vertex 3.22717 3.84214 0
    endloop
  endfacet
  facet normal 0.629307 0.777157 -0
    outer loop
      vertex 3.43054 3.67746 -2.2
      vertex 3.22717 3.84214 -1.90735e-07
      vertex 3.43054 3.67746 -1.90735e-07
    endloop
  endfacet
  facet normal 0.629307 0.777157 0
    outer loop
      vertex 3.22717 3.84214 -1.90735e-07
      vertex 3.43054 3.67746 -2.2
      vertex 3.22717 3.84214 -2.2
    endloop
  endfacet
  facet normal 0.777157 0.629307 -0
    outer loop
      vertex 3.04214 4.02717 0
      vertex 2.87746 4.23054 8.64838
      vertex 3.04214 4.02717 8.66975
    endloop
  endfacet
  facet normal 0.777157 0.629307 0
    outer loop
      vertex 2.87746 4.23054 8.64838
      vertex 3.04214 4.02717 0
      vertex 2.87746 4.23054 0
    endloop
  endfacet
  facet normal 0.777157 0.629307 0
    outer loop
      vertex 3.04214 4.02717 -1.90735e-07
      vertex 2.87746 4.23054 -2.2
      vertex 2.87746 4.23054 -1.90735e-07
    endloop
  endfacet
  facet normal 0.777157 0.629307 0
    outer loop
      vertex 2.87746 4.23054 -2.2
      vertex 3.04214 4.02717 -1.90735e-07
      vertex 3.04214 4.02717 -2.2
    endloop
  endfacet
  facet normal 0.707107 0.707107 -0
    outer loop
      vertex 3.22717 3.84214 0
      vertex 3.04214 4.02717 8.66975
      vertex 3.22717 3.84214 8.6892
    endloop
  endfacet
  facet normal 0.707107 0.707107 0
    outer loop
      vertex 3.04214 4.02717 8.66975
      vertex 3.22717 3.84214 0
      vertex 3.04214 4.02717 0
    endloop
  endfacet
  facet normal 0.707107 0.707107 -0
    outer loop
      vertex 3.22717 3.84214 -2.2
      vertex 3.04214 4.02717 -1.90735e-07
      vertex 3.22717 3.84214 -1.90735e-07
    endloop
  endfacet
  facet normal 0.707107 0.707107 0
    outer loop
      vertex 3.04214 4.02717 -1.90735e-07
      vertex 3.22717 3.84214 -2.2
      vertex 3.04214 4.02717 -2.2
    endloop
  endfacet
  facet normal -0.966602 -0.256282 0
    outer loop
      vertex 101.545 72.6198 0
      vertex 101.478 72.8725 1.43381
      vertex 101.478 72.8725 0
    endloop
  endfacet
  facet normal -0.966602 -0.256282 0
    outer loop
      vertex 101.478 72.8725 1.43381
      vertex 101.545 72.6198 0
      vertex 101.545 72.6198 1.46038
    endloop
  endfacet
  facet normal -0.966602 -0.256282 0
    outer loop
      vertex 101.545 72.6198 -2.2
      vertex 101.478 72.8725 -1.90735e-07
      vertex 101.478 72.8725 -2.2
    endloop
  endfacet
  facet normal -0.966602 -0.256282 0
    outer loop
      vertex 101.478 72.8725 -1.90735e-07
      vertex 101.545 72.6198 -2.2
      vertex 101.545 72.6198 -1.90735e-07
    endloop
  endfacet
  facet normal 0.891008 0.453988 -0
    outer loop
      vertex 2.73494 4.45 0
      vertex 2.61614 4.68316 8.60081
      vertex 2.73494 4.45 8.62531
    endloop
  endfacet
  facet normal 0.891008 0.453988 0
    outer loop
      vertex 2.61614 4.68316 8.60081
      vertex 2.73494 4.45 0
      vertex 2.61614 4.68316 0
    endloop
  endfacet
  facet normal 0.891008 0.453988 0
    outer loop
      vertex 2.73494 4.45 -1.90735e-07
      vertex 2.61614 4.68316 -2.2
      vertex 2.61614 4.68316 -1.90735e-07
    endloop
  endfacet
  facet normal 0.891008 0.453988 0
    outer loop
      vertex 2.61614 4.68316 -2.2
      vertex 2.73494 4.45 -1.90735e-07
      vertex 2.73494 4.45 -2.2
    endloop
  endfacet
  facet normal 1.69803e-05 -0.104545 -0.99452
    outer loop
      vertex 99.1 3.2 8.75669
      vertex 101.6 5.7 8.49393
      vertex 101.586 5.43868 8.5214
    endloop
  endfacet
  facet normal -1.8969e-05 -0.104506 -0.994524
    outer loop
      vertex 99.1 3.2 8.75669
      vertex 101.586 5.43868 8.5214
      vertex 101.545 5.18022 8.54856
    endloop
  endfacet
  facet normal 1.53824e-05 -0.104547 -0.99452
    outer loop
      vertex 99.1 3.2 8.75669
      vertex 101.545 5.18022 8.54856
      vertex 101.478 4.92746 8.57513
    endloop
  endfacet
  facet normal 1.44101e-05 -0.104546 -0.99452
    outer loop
      vertex 99.1 3.2 8.75669
      vertex 101.478 4.92746 8.57513
      vertex 101.384 4.68316 8.60081
    endloop
  endfacet
  facet normal -2.11195e-05 -0.104492 -0.994526
    outer loop
      vertex 99.1 3.2 8.75669
      vertex 101.384 4.68316 8.60081
      vertex 101.265 4.45 8.62531
    endloop
  endfacet
  facet normal 1.619e-05 -0.104556 -0.994519
    outer loop
      vertex 99.1 3.2 8.75669
      vertex 101.265 4.45 8.62531
      vertex 101.123 4.23054 8.64838
    endloop
  endfacet
  facet normal -1.79842e-05 -0.10449 -0.994526
    outer loop
      vertex 99.1 3.2 8.75669
      vertex 101.123 4.23054 8.64838
      vertex 100.958 4.02717 8.66975
    endloop
  endfacet
  facet normal 1.01574e-05 -0.104552 -0.994519
    outer loop
      vertex 99.1 3.2 8.75669
      vertex 100.958 4.02717 8.66975
      vertex 100.773 3.84214 8.6892
    endloop
  endfacet
  facet normal 9.11663e-08 -0.104528 -0.994522
    outer loop
      vertex 101.6 5.7 8.49393
      vertex 99.1 3.2 8.75669
      vertex 101.6 41.6731 4.71301
    endloop
  endfacet
  facet normal 8.1908e-06 -0.104547 -0.99452
    outer loop
      vertex 99.1 3.2 8.75669
      vertex 100.773 3.84214 8.6892
      vertex 100.569 3.67746 8.70651
    endloop
  endfacet
  facet normal 0.0012845 -0.104529 -0.994521
    outer loop
      vertex 101.597 53.0607 3.51612
      vertex 101.6 72.1 1.51501
      vertex 101.6 53.0595 3.51625
    endloop
  endfacet
  facet normal -0.000174629 -0.104528 -0.994522
    outer loop
      vertex 101.59 53.0629 3.51589
      vertex 101.6 72.1 1.51501
      vertex 101.597 53.0607 3.51612
    endloop
  endfacet
  facet normal 0.000134631 -0.104529 -0.994522
    outer loop
      vertex 101.584 53.0647 3.5157
      vertex 101.6 72.1 1.51501
      vertex 101.59 53.0629 3.51589
    endloop
  endfacet
  facet normal 1.40323e-05 -0.104528 -0.994522
    outer loop
      vertex 101.48 53.0938 3.51264
      vertex 101.6 72.1 1.51501
      vertex 101.584 53.0647 3.5157
    endloop
  endfacet
  facet normal -9.35684e-05 -0.104528 -0.994522
    outer loop
      vertex 101.369 53.1174 3.51017
      vertex 101.6 72.1 1.51501
      vertex 101.48 53.0938 3.51264
    endloop
  endfacet
  facet normal 0.00146739 -0.104546 -0.994519
    outer loop
      vertex 101.365 53.1182 3.51008
      vertex 101.6 72.1 1.51501
      vertex 101.369 53.1174 3.51017
    endloop
  endfacet
  facet normal -0.00101277 -0.104516 -0.994523
    outer loop
      vertex 101.362 53.1188 3.51002
      vertex 101.6 72.1 1.51501
      vertex 101.365 53.1182 3.51008
    endloop
  endfacet
  facet normal 2.80653e-05 -0.104529 -0.994522
    outer loop
      vertex 101.248 53.1358 3.50823
      vertex 101.6 72.1 1.51501
      vertex 101.362 53.1188 3.51002
    endloop
  endfacet
  facet normal 4.95915e-05 -0.104529 -0.994522
    outer loop
      vertex 101.13 53.1464 3.50711
      vertex 101.6 72.1 1.51501
      vertex 101.248 53.1358 3.50823
    endloop
  endfacet
  facet normal -0.000154747 -0.104524 -0.994522
    outer loop
      vertex 101.071 53.1482 3.50693
      vertex 101.6 72.1 1.51501
      vertex 101.13 53.1464 3.50711
    endloop
  endfacet
  facet normal -5.11167e-07 -0.104529 -0.994522
    outer loop
      vertex 99.1 74.6 1.25225
      vertex 101.6 72.1 1.51501
      vertex 101.071 53.1482 3.50693
    endloop
  endfacet
  facet normal -2.54352e-05 -0.104553 -0.994519
    outer loop
      vertex 101.6 72.1 1.51501
      vertex 99.1 74.6 1.25225
      vertex 101.586 72.3613 1.48754
    endloop
  endfacet
  facet normal 3.49771e-05 -0.104487 -0.994526
    outer loop
      vertex 101.586 72.3613 1.48754
      vertex 99.1 74.6 1.25225
      vertex 101.545 72.6198 1.46038
    endloop
  endfacet
  facet normal -3.98952e-05 -0.104578 -0.994517
    outer loop
      vertex 101.545 72.6198 1.46038
      vertex 99.1 74.6 1.25225
      vertex 101.478 72.8725 1.43381
    endloop
  endfacet
  facet normal 2.41954e-05 -0.104491 -0.994526
    outer loop
      vertex 101.478 72.8725 1.43381
      vertex 99.1 74.6 1.25225
      vertex 101.384 73.1168 1.40814
    endloop
  endfacet
  facet normal 8.82461e-07 -0.104527 -0.994522
    outer loop
      vertex 101.384 73.1168 1.40814
      vertex 99.1 74.6 1.25225
      vertex 101.265 73.35 1.38363
    endloop
  endfacet
  facet normal 0 -0.0995037 -0.995037
    outer loop
      vertex 2.9292 53.1482 3.50693
      vertex 101.071 53.1482 3.50693
      vertex 101.071 53.1464 3.50711
    endloop
  endfacet
  facet normal -1.03241e-07 -0.105075 -0.994464
    outer loop
      vertex 2.9292 53.1482 3.50693
      vertex 101.071 53.1464 3.50711
      vertex 101.07 53.1411 3.50767
    endloop
  endfacet
  facet normal 3.25085e-08 -0.103219 -0.994659
    outer loop
      vertex 2.9292 53.1482 3.50693
      vertex 101.07 53.1411 3.50767
      vertex 101.07 53.1358 3.50822
    endloop
  endfacet
  facet normal -2.09072e-07 -0.105111 -0.994461
    outer loop
      vertex 2.9292 53.1482 3.50693
      vertex 101.07 53.1358 3.50822
      vertex 101.069 53.12 3.50989
    endloop
  endfacet
  facet normal -1.5432e-07 -0.104922 -0.99448
    outer loop
      vertex 2.9292 53.1482 3.50693
      vertex 101.069 53.12 3.50989
      vertex 101.068 53.1091 3.51104
    endloop
  endfacet
  facet normal 3.775e-08 -0.104445 -0.994531
    outer loop
      vertex 2.9292 53.1482 3.50693
      vertex 101.068 53.1091 3.51104
      vertex 101.062 53.0334 3.51899
    endloop
  endfacet
  facet normal -7.87994e-08 -0.104544 -0.99452
    outer loop
      vertex 2.9292 53.1482 3.50693
      vertex 101.062 53.0334 3.51899
      vertex 101.058 52.9709 3.52556
    endloop
  endfacet
  facet normal -3.59543e-08 -0.104521 -0.994523
    outer loop
      vertex 2.9292 53.1482 3.50693
      vertex 101.058 52.9709 3.52556
      vertex 101.05 52.8669 3.53649
    endloop
  endfacet
  facet normal 1.3696e-06 -0.104526 -0.994522
    outer loop
      vertex 101.265 73.35 1.38363
      vertex 99.1 74.6 1.25225
      vertex 101.123 73.5695 1.36056
    endloop
  endfacet
  facet normal 0 -0.104527 -0.994522
    outer loop
      vertex 2.9499 52.8669 3.53649
      vertex 101.05 52.8669 3.53649
      vertex 100.802 49.4901 3.8914
    endloop
  endfacet
  facet normal -9.73729e-06 -0.104547 -0.99452
    outer loop
      vertex 101.123 73.5695 1.36056
      vertex 99.1 74.6 1.25225
      vertex 100.958 73.7728 1.33919
    endloop
  endfacet
  facet normal 0 -0.104537 -0.994521
    outer loop
      vertex 3.19842 49.4901 3.8914
      vertex 100.802 49.4901 3.8914
      vertex 100.728 48.4927 3.99624
    endloop
  endfacet
  facet normal 0 -0.10453 -0.994522
    outer loop
      vertex 3.27182 48.4927 3.99624
      vertex 100.728 48.4927 3.99624
      vertex 100.686 47.9247 4.05594
    endloop
  endfacet
  facet normal 2.71948e-07 -0.104484 -0.994527
    outer loop
      vertex 3.27182 48.4927 3.99624
      vertex 100.686 47.9247 4.05594
      vertex 100.678 47.814 4.06757
    endloop
  endfacet
  facet normal 1.85167e-05 -0.104485 -0.994526
    outer loop
      vertex 100.958 73.7728 1.33919
      vertex 99.1 74.6 1.25225
      vertex 100.773 73.9579 1.31974
    endloop
  endfacet
  facet normal 0 -0.104528 -0.994522
    outer loop
      vertex 2.4 41.6731 4.71301
      vertex 101.6 41.6731 4.71301
      vertex 99.1 3.2 8.75669
    endloop
  endfacet
  facet normal 6.61634e-06 -0.104542 -0.99452
    outer loop
      vertex 99.1 3.2 8.75669
      vertex 100.569 3.67746 8.70651
      vertex 100.35 3.53494 8.72149
    endloop
  endfacet
  facet normal -0 -0.104529 -0.994522
    outer loop
      vertex 101.6 41.6731 4.71301
      vertex 2.4 41.6731 4.71301
      vertex 100.678 47.814 4.06757
    endloop
  endfacet
  facet normal 2.31567e-05 -0.104603 -0.994514
    outer loop
      vertex 99.1 3.2 8.75669
      vertex 100.35 3.53494 8.72149
      vertex 100.117 3.41614 8.73398
    endloop
  endfacet
  facet normal -4.06173e-05 -0.104637 -0.99451
    outer loop
      vertex 100.773 73.9579 1.31974
      vertex 99.1 74.6 1.25225
      vertex 100.569 74.1225 1.30243
    endloop
  endfacet
  facet normal -1.78851e-05 -0.104412 -0.994534
    outer loop
      vertex 99.1 3.2 8.75669
      vertex 100.117 3.41614 8.73398
      vertex 99.8725 3.32236 8.74383
    endloop
  endfacet
  facet normal 2.5767e-05 -0.104435 -0.994532
    outer loop
      vertex 100.569 74.1225 1.30243
      vertex 99.1 74.6 1.25225
      vertex 100.35 74.2651 1.28745
    endloop
  endfacet
  facet normal 9.08032e-06 -0.104581 -0.994516
    outer loop
      vertex 99.1 3.2 8.75669
      vertex 99.8725 3.32236 8.74383
      vertex 99.6198 3.25463 8.75095
    endloop
  endfacet
  facet normal 3.1162e-05 -0.104415 -0.994534
    outer loop
      vertex 100.35 74.2651 1.28745
      vertex 99.1 74.6 1.25225
      vertex 100.117 74.3839 1.27497
    endloop
  endfacet
  facet normal -1.2031e-05 -0.104382 -0.994537
    outer loop
      vertex 99.1 3.2 8.75669
      vertex 99.6198 3.25463 8.75095
      vertex 99.3613 3.21369 8.75525
    endloop
  endfacet
  facet normal -4.40838e-05 -0.104765 -0.994497
    outer loop
      vertex 100.117 74.3839 1.27497
      vertex 99.1 74.6 1.25225
      vertex 99.8725 74.4776 1.26511
    endloop
  endfacet
  facet normal 1.9478e-05 -0.104369 -0.994539
    outer loop
      vertex 99.8725 74.4776 1.26511
      vertex 99.1 74.6 1.25225
      vertex 99.6198 74.5454 1.25799
    endloop
  endfacet
  facet normal -1.94847e-06 -0.10457 -0.994517
    outer loop
      vertex 99.6198 74.5454 1.25799
      vertex 99.1 74.6 1.25225
      vertex 99.3613 74.5863 1.25369
    endloop
  endfacet
  facet normal 0 -0.104528 -0.994522
    outer loop
      vertex 2.4 41.6731 4.71301
      vertex 99.1 3.2 8.75669
      vertex 4.9 3.2 8.75669
    endloop
  endfacet
  facet normal -0 -0.104529 -0.994522
    outer loop
      vertex 100.678 47.814 4.06757
      vertex 2.4 41.6731 4.71301
      vertex 3.32177 47.814 4.06757
    endloop
  endfacet
  facet normal 4.52316e-06 -0.104524 -0.994522
    outer loop
      vertex 2.4 5.7 8.49393
      vertex 4.9 3.2 8.75669
      vertex 4.63868 3.21369 8.75525
    endloop
  endfacet
  facet normal -5.30547e-08 -0.10453 -0.994522
    outer loop
      vertex 3.27182 48.4927 3.99624
      vertex 100.678 47.814 4.06757
      vertex 3.31362 47.9247 4.05594
    endloop
  endfacet
  facet normal -1.31911e-05 -0.10454 -0.994521
    outer loop
      vertex 2.4 5.7 8.49393
      vertex 4.63868 3.21369 8.75525
      vertex 4.38022 3.25463 8.75095
    endloop
  endfacet
  facet normal -0 -0.104537 -0.994521
    outer loop
      vertex 100.728 48.4927 3.99624
      vertex 3.27182 48.4927 3.99624
      vertex 3.19842 49.4901 3.8914
    endloop
  endfacet
  facet normal 6.30819e-06 -0.104524 -0.994522
    outer loop
      vertex 2.4 5.7 8.49393
      vertex 4.38022 3.25463 8.75095
      vertex 4.12746 3.32236 8.74383
    endloop
  endfacet
  facet normal -0 -0.104527 -0.994522
    outer loop
      vertex 100.802 49.4901 3.8914
      vertex 3.19842 49.4901 3.8914
      vertex 2.9499 52.8669 3.53649
    endloop
  endfacet
  facet normal -3.76765e-05 -0.104556 -0.994519
    outer loop
      vertex 2.4 5.7 8.49393
      vertex 4.12746 3.32236 8.74383
      vertex 3.88316 3.41614 8.73398
    endloop
  endfacet
  facet normal -0 -0.104521 -0.994523
    outer loop
      vertex 101.05 52.8669 3.53649
      vertex 2.9499 52.8669 3.53649
      vertex 2.94225 52.9709 3.52556
    endloop
  endfacet
  facet normal 2.08542e-05 -0.104518 -0.994523
    outer loop
      vertex 2.4 5.7 8.49393
      vertex 3.88316 3.41614 8.73398
      vertex 3.65 3.53494 8.72149
    endloop
  endfacet
  facet normal -2.51418e-08 -0.104544 -0.99452
    outer loop
      vertex 101.05 52.8669 3.53649
      vertex 2.94225 52.9709 3.52556
      vertex 2.93765 53.0334 3.51899
    endloop
  endfacet
  facet normal 2.50343e-06 -0.104528 -0.994522
    outer loop
      vertex 2.4 5.7 8.49393
      vertex 3.65 3.53494 8.72149
      vertex 3.43054 3.67746 8.70651
    endloop
  endfacet
  facet normal 1.43966e-07 -0.104445 -0.994531
    outer loop
      vertex 101.05 52.8669 3.53649
      vertex 2.93765 53.0334 3.51899
      vertex 2.93208 53.1091 3.51104
    endloop
  endfacet
  facet normal -1.04629e-06 -0.104922 -0.99448
    outer loop
      vertex 101.05 52.8669 3.53649
      vertex 2.93208 53.1091 3.51104
      vertex 2.93128 53.12 3.50989
    endloop
  endfacet
  facet normal 1.02616e-05 -0.104524 -0.994522
    outer loop
      vertex 2.4 5.7 8.49393
      vertex 3.43054 3.67746 8.70651
      vertex 3.22717 3.84214 8.6892
    endloop
  endfacet
  facet normal 2.38263e-05 -0.104519 -0.994523
    outer loop
      vertex 2.4 5.7 8.49393
      vertex 3.22717 3.84214 8.6892
      vertex 3.04214 4.02717 8.66975
    endloop
  endfacet
  facet normal -5.58474e-05 -0.104549 -0.99452
    outer loop
      vertex 2.4 5.7 8.49393
      vertex 3.04214 4.02717 8.66975
      vertex 2.87746 4.23054 8.64838
    endloop
  endfacet
  facet normal 4.60481e-05 -0.104516 -0.994523
    outer loop
      vertex 2.4 5.7 8.49393
      vertex 2.87746 4.23054 8.64838
      vertex 2.73494 4.45 8.62531
    endloop
  endfacet
  facet normal -0.000106801 -0.104557 -0.994519
    outer loop
      vertex 2.4 5.7 8.49393
      vertex 2.73494 4.45 8.62531
      vertex 2.61614 4.68316 8.60081
    endloop
  endfacet
  facet normal 3.89618e-05 -0.104526 -0.994522
    outer loop
      vertex 2.4 5.7 8.49393
      vertex 2.61614 4.68316 8.60081
      vertex 2.52236 4.92746 8.57513
    endloop
  endfacet
  facet normal 0.000105781 -0.104515 -0.994523
    outer loop
      vertex 2.4 5.7 8.49393
      vertex 2.52236 4.92746 8.57513
      vertex 2.45463 5.18022 8.54856
    endloop
  endfacet
  facet normal -0.000339603 -0.104562 -0.994518
    outer loop
      vertex 2.4 5.7 8.49393
      vertex 2.45463 5.18022 8.54856
      vertex 2.41369 5.43868 8.5214
    endloop
  endfacet
  facet normal -9.11663e-08 -0.104528 -0.994522
    outer loop
      vertex 4.9 3.2 8.75669
      vertex 2.4 5.7 8.49393
      vertex 2.4 41.6731 4.71301
    endloop
  endfacet
  facet normal 0 -0.104484 -0.994527
    outer loop
      vertex 3.31362 47.9247 4.05594
      vertex 100.678 47.814 4.06757
      vertex 3.32177 47.814 4.06757
    endloop
  endfacet
  facet normal -1.53791e-06 -0.105111 -0.994461
    outer loop
      vertex 101.05 52.8669 3.53649
      vertex 2.93128 53.12 3.50989
      vertex 2.93011 53.1358 3.50822
    endloop
  endfacet
  facet normal 3.70369e-06 -0.103219 -0.994659
    outer loop
      vertex 101.05 52.8669 3.53649
      vertex 2.93011 53.1358 3.50822
      vertex 2.92972 53.1411 3.50767
    endloop
  endfacet
  facet normal -1.54163e-06 -0.105076 -0.994464
    outer loop
      vertex 101.05 52.8669 3.53649
      vertex 2.92972 53.1411 3.50767
      vertex 2.92933 53.1464 3.50711
    endloop
  endfacet
  facet normal 1.45045e-05 -0.0995027 -0.995037
    outer loop
      vertex 101.05 52.8669 3.53649
      vertex 2.92933 53.1464 3.50711
      vertex 2.9292 53.1482 3.50693
    endloop
  endfacet
  facet normal -0 -0.104529 -0.994522
    outer loop
      vertex 101.071 53.1482 3.50693
      vertex 2.9292 53.1482 3.50693
      vertex 99.1 74.6 1.25225
    endloop
  endfacet
  facet normal -0 -0.104529 -0.994522
    outer loop
      vertex 99.1 74.6 1.25225
      vertex 2.9292 53.1482 3.50693
      vertex 4.9 74.6 1.25225
    endloop
  endfacet
  facet normal 5.11162e-07 -0.104529 -0.994522
    outer loop
      vertex 2.4 72.1 1.51501
      vertex 4.9 74.6 1.25225
      vertex 2.9292 53.1482 3.50693
    endloop
  endfacet
  facet normal -3.02028e-07 -0.104528 -0.994522
    outer loop
      vertex 4.9 74.6 1.25225
      vertex 2.4 72.1 1.51501
      vertex 4.63868 74.5863 1.25369
    endloop
  endfacet
  facet normal -5.59845e-06 -0.104523 -0.994522
    outer loop
      vertex 4.63868 74.5863 1.25369
      vertex 2.4 72.1 1.51501
      vertex 4.38022 74.5454 1.25799
    endloop
  endfacet
  facet normal 3.02319e-05 -0.104552 -0.994519
    outer loop
      vertex 4.38022 74.5454 1.25799
      vertex 2.4 72.1 1.51501
      vertex 4.12746 74.4776 1.26511
    endloop
  endfacet
  facet normal -6.52899e-05 -0.104483 -0.994527
    outer loop
      vertex 4.12746 74.4776 1.26511
      vertex 2.4 72.1 1.51501
      vertex 3.88316 74.3839 1.27497
    endloop
  endfacet
  facet normal 3.81826e-05 -0.10455 -0.99452
    outer loop
      vertex 3.88316 74.3839 1.27497
      vertex 2.4 72.1 1.51501
      vertex 3.65 74.2651 1.28745
    endloop
  endfacet
  facet normal 5.64683e-05 -0.10456 -0.994519
    outer loop
      vertex 3.65 74.2651 1.28745
      vertex 2.4 72.1 1.51501
      vertex 3.43054 74.1225 1.30243
    endloop
  endfacet
  facet normal -7.73889e-05 -0.104493 -0.994526
    outer loop
      vertex 3.43054 74.1225 1.30243
      vertex 2.4 72.1 1.51501
      vertex 3.22717 73.9579 1.31974
    endloop
  endfacet
  facet normal 4.34096e-05 -0.104546 -0.99452
    outer loop
      vertex 3.22717 73.9579 1.31974
      vertex 2.4 72.1 1.51501
      vertex 3.04214 73.7728 1.33919
    endloop
  endfacet
  facet normal 0.000155537 -0.104524 -0.994522
    outer loop
      vertex 2.4 72.1 1.51501
      vertex 2.9292 53.1482 3.50693
      vertex 2.8705 53.1464 3.50711
    endloop
  endfacet
  facet normal -4.92747e-05 -0.104529 -0.994522
    outer loop
      vertex 2.4 72.1 1.51501
      vertex 2.8705 53.1464 3.50711
      vertex 2.75174 53.1358 3.50823
    endloop
  endfacet
  facet normal -2.42232e-05 -0.10452 -0.994523
    outer loop
      vertex 3.04214 73.7728 1.33919
      vertex 2.4 72.1 1.51501
      vertex 2.87746 73.5695 1.36056
    endloop
  endfacet
  facet normal -2.82358e-05 -0.104529 -0.994522
    outer loop
      vertex 2.4 72.1 1.51501
      vertex 2.75174 53.1358 3.50823
      vertex 2.63843 53.1188 3.51002
    endloop
  endfacet
  facet normal 0.000777514 -0.104519 -0.994523
    outer loop
      vertex 2.4 72.1 1.51501
      vertex 2.63843 53.1188 3.51002
      vertex 2.63452 53.1182 3.51008
    endloop
  endfacet
  facet normal -0.00150109 -0.104547 -0.994519
    outer loop
      vertex 2.4 72.1 1.51501
      vertex 2.63452 53.1182 3.51008
      vertex 2.63061 53.1174 3.51017
    endloop
  endfacet
  facet normal 3.89708e-06 -0.104529 -0.994522
    outer loop
      vertex 2.87746 73.5695 1.36056
      vertex 2.4 72.1 1.51501
      vertex 2.73494 73.35 1.38363
    endloop
  endfacet
  facet normal 4.46455e-06 -0.104529 -0.994522
    outer loop
      vertex 2.73494 73.35 1.38363
      vertex 2.4 72.1 1.51501
      vertex 2.61614 73.1168 1.40814
    endloop
  endfacet
  facet normal 9.39996e-05 -0.104528 -0.994522
    outer loop
      vertex 2.4 72.1 1.51501
      vertex 2.63061 53.1174 3.51017
      vertex 2.52012 53.0938 3.51264
    endloop
  endfacet
  facet normal 0.000165587 -0.104563 -0.994518
    outer loop
      vertex 2.61614 73.1168 1.40814
      vertex 2.4 72.1 1.51501
      vertex 2.52236 72.8725 1.43381
    endloop
  endfacet
  facet normal -1.40579e-05 -0.104528 -0.994522
    outer loop
      vertex 2.4 72.1 1.51501
      vertex 2.52012 53.0938 3.51264
      vertex 2.41631 53.0647 3.5157
    endloop
  endfacet
  facet normal -0.000282775 -0.104493 -0.994526
    outer loop
      vertex 2.52236 72.8725 1.43381
      vertex 2.4 72.1 1.51501
      vertex 2.45463 72.6198 1.46038
    endloop
  endfacet
  facet normal -0.000124085 -0.104529 -0.994522
    outer loop
      vertex 2.4 72.1 1.51501
      vertex 2.41631 53.0647 3.5157
      vertex 2.4098 53.0629 3.51589
    endloop
  endfacet
  facet normal 0.000192199 -0.104528 -0.994522
    outer loop
      vertex 2.4 72.1 1.51501
      vertex 2.4098 53.0629 3.51589
      vertex 2.40344 53.0607 3.51612
    endloop
  endfacet
  facet normal -0.00112021 -0.104529 -0.994521
    outer loop
      vertex 2.4 72.1 1.51501
      vertex 2.40344 53.0607 3.51612
      vertex 2.4 53.0595 3.51625
    endloop
  endfacet
  facet normal 0.000567778 -0.104581 -0.994516
    outer loop
      vertex 2.45463 72.6198 1.46038
      vertex 2.4 72.1 1.51501
      vertex 2.41369 72.3613 1.48754
    endloop
  endfacet
  facet normal 0.572738 0.0536595 0.81798
    outer loop
      vertex 2.4 20.4341 -0.0697859
      vertex 2.30052 20.4321 -1.90735e-07
      vertex 2.4 20.4321 -0.0696547
    endloop
  endfacet
  facet normal 0.572815 0.0519114 0.818039
    outer loop
      vertex 2.30052 20.4321 -1.90735e-07
      vertex 2.4 20.4341 -0.0697859
      vertex 2.30023 20.4353 -1.90735e-07
    endloop
  endfacet
  facet normal 0.572784 0.0525082 0.818023
    outer loop
      vertex 0 20.4321 1.61084
      vertex 2.30023 20.4353 0
      vertex 0 20.4617 1.60894
    endloop
  endfacet
  facet normal 0.572803 0.0519103 0.818048
    outer loop
      vertex 2.30023 20.4353 0
      vertex 0 20.4321 1.61084
      vertex 2.30052 20.4321 0
    endloop
  endfacet
  facet normal -0.148558 0.965879 -0.212153
    outer loop
      vertex 2.4 19.8661 0.893056
      vertex 0 19.8642 2.56498
      vertex 0 19.8733 2.60641
    endloop
  endfacet
  facet normal -0.14975 0.965317 -0.213865
    outer loop
      vertex 0 19.8642 2.56498
      vertex 2.4 19.8661 0.893056
      vertex 2.4 19.8642 0.88448
    endloop
  endfacet
  facet normal 0.567003 0.151485 0.809667
    outer loop
      vertex 2.4 20.4321 -0.0696547
      vertex 2.30139 20.4289 -1.90735e-07
      vertex 2.4 20.43 -0.0692618
    endloop
  endfacet
  facet normal 0.566716 0.154076 0.809379
    outer loop
      vertex 2.30139 20.4289 -1.90735e-07
      vertex 2.4 20.4321 -0.0696547
      vertex 2.30052 20.4321 -1.90735e-07
    endloop
  endfacet
  facet normal 0.566501 0.156581 0.809048
    outer loop
      vertex 0 20.4027 1.61653
      vertex 2.30052 20.4321 0
      vertex 0 20.4321 1.61084
    endloop
  endfacet
  facet normal 0.566748 0.154085 0.809354
    outer loop
      vertex 2.30052 20.4321 0
      vertex 0 20.4027 1.61653
      vertex 2.30139 20.4289 0
    endloop
  endfacet
  facet normal 0.573559 0 0.819165
    outer loop
      vertex 2.29431 52.5 -1.90735e-07
      vertex 2.4 20.5 -0.0740017
      vertex 2.4 52.5 -0.0740017
    endloop
  endfacet
  facet normal 0.573559 0 0.819165
    outer loop
      vertex 2.4 20.5 -0.0740017
      vertex 2.29431 52.5 -1.90735e-07
      vertex 2.29431 20.5 -1.90735e-07
    endloop
  endfacet
  facet normal 0.573578 0 0.819151
    outer loop
      vertex 0 52.5 1.6065
      vertex 2.29431 20.5 0
      vertex 2.29431 52.5 0
    endloop
  endfacet
  facet normal 0.573578 0 0.819151
    outer loop
      vertex 2.29431 20.5 0
      vertex 0 52.5 1.6065
      vertex 0 20.5 1.6065
    endloop
  endfacet
  facet normal -0.572793 -0.0522513 -0.818033
    outer loop
      vertex 0 52.5679 3.18916
      vertex 2.4 52.5573 1.50934
      vertex 0 52.5297 3.1916
    endloop
  endfacet
  facet normal -0.572787 -0.052477 -0.818023
    outer loop
      vertex 2.4 52.5573 1.50934
      vertex 0 52.5679 3.18916
      vertex 2.4 52.5679 1.50866
    endloop
  endfacet
  facet normal 0.572806 0.0523309 0.818019
    outer loop
      vertex 2.4 20.5 -0.0740017
      vertex 2.30023 20.4353 -1.90735e-07
      vertex 2.4 20.4341 -0.0697859
    endloop
  endfacet
  facet normal 0.57277 0.052408 0.818039
    outer loop
      vertex 2.30023 20.4353 -1.90735e-07
      vertex 2.4 20.5 -0.0740017
      vertex 2.29431 20.5 -1.90735e-07
    endloop
  endfacet
  facet normal 0.572799 0.0521152 0.818038
    outer loop
      vertex 0 20.4617 1.60894
      vertex 2.29431 20.5 0
      vertex 0 20.5 1.6065
    endloop
  endfacet
  facet normal 0.572786 0.0524095 0.818027
    outer loop
      vertex 2.29431 20.5 0
      vertex 0 20.4617 1.60894
      vertex 2.30023 20.4353 0
    endloop
  endfacet
  facet normal -0.572793 0.0522513 -0.818033
    outer loop
      vertex 0 20.4703 3.1916
      vertex 2.4 20.5 1.513
      vertex 2.4 20.4427 1.50934
    endloop
  endfacet
  facet normal -0.572791 0.0523318 -0.818029
    outer loop
      vertex 2.4 20.5 1.513
      vertex 0 20.4703 3.1916
      vertex 0 20.5 3.1935
    endloop
  endfacet
  facet normal 0.204998 -0.933963 0.292728
    outer loop
      vertex 0 53.0938 2.07725
      vertex 2.4 53.1164 0.468627
      vertex 0 53.1065 2.11777
    endloop
  endfacet
  facet normal 0.205551 -0.93358 0.293558
    outer loop
      vertex 2.4 53.1164 0.468627
      vertex 0 53.0938 2.07725
      vertex 2.4 53.0938 0.396754
    endloop
  endfacet
  facet normal 0.261046 0.890427 0.37282
    outer loop
      vertex 2.4 19.9352 0.327325
      vertex 0 19.9371 2.00325
      vertex 0 19.9225 2.03812
    endloop
  endfacet
  facet normal 0.259323 0.89196 0.37035
    outer loop
      vertex 0 19.9371 2.00325
      vertex 2.4 19.9352 0.327325
      vertex 2.4 19.9371 0.322749
    endloop
  endfacet
  facet normal -0.572791 -0.0523318 -0.818029
    outer loop
      vertex 0 52.5297 3.1916
      vertex 2.4 52.5 1.513
      vertex 0 52.5 3.1935
    endloop
  endfacet
  facet normal -0.572793 -0.0522513 -0.818033
    outer loop
      vertex 2.4 52.5 1.513
      vertex 0 52.5297 3.1916
      vertex 2.4 52.5573 1.50934
    endloop
  endfacet
  facet normal 0.405542 -0.707172 0.579175
    outer loop
      vertex 0 52.9349 1.81031
      vertex 2.4 52.983 0.188544
      vertex 0 52.983 1.86904
    endloop
  endfacet
  facet normal 0.405542 -0.707172 0.579175
    outer loop
      vertex 2.4 52.983 0.188544
      vertex 0 52.9349 1.81031
      vertex 2.4 52.9349 0.129814
    endloop
  endfacet
  facet normal -0.566511 -0.156462 -0.809064
    outer loop
      vertex 0 52.6351 3.17616
      vertex 2.4 52.6247 1.49768
      vertex 0 52.5973 3.18347
    endloop
  endfacet
  facet normal -0.566452 -0.157128 -0.808976
    outer loop
      vertex 2.4 52.6247 1.49768
      vertex 0 52.6351 3.17616
      vertex 2.4 52.6351 1.49566
    endloop
  endfacet
  facet normal -0.405543 0.707171 -0.579175
    outer loop
      vertex 2.4 20.0651 1.30919
      vertex 0 20.017 2.93096
      vertex 0 20.0651 2.98969
    endloop
  endfacet
  facet normal -0.405543 0.707171 -0.579175
    outer loop
      vertex 0 20.017 2.93096
      vertex 2.4 20.0651 1.30919
      vertex 2.4 20.017 1.25046
    endloop
  endfacet
  facet normal 0.572806 -0.0523309 0.818019
    outer loop
      vertex 2.30023 52.5647 -1.90735e-07
      vertex 2.4 52.5 -0.0740017
      vertex 2.4 52.5659 -0.0697859
    endloop
  endfacet
  facet normal 0.57277 -0.052408 0.818039
    outer loop
      vertex 2.4 52.5 -0.0740017
      vertex 2.30023 52.5647 -1.90735e-07
      vertex 2.29431 52.5 -1.90735e-07
    endloop
  endfacet
  facet normal 0.572786 -0.0524095 0.818027
    outer loop
      vertex 0 52.5383 1.60894
      vertex 2.29431 52.5 0
      vertex 2.30023 52.5647 0
    endloop
  endfacet
  facet normal 0.572799 -0.0521152 0.818038
    outer loop
      vertex 2.29431 52.5 0
      vertex 0 52.5383 1.60894
      vertex 0 52.5 1.6065
    endloop
  endfacet
  facet normal -0.573577 0 -0.819152
    outer loop
      vertex 0 20.5 3.1935
      vertex 2.4 52.5 1.513
      vertex 2.4 20.5 1.513
    endloop
  endfacet
  facet normal -0.573577 0 -0.819152
    outer loop
      vertex 2.4 52.5 1.513
      vertex 0 20.5 3.1935
      vertex 0 52.5 3.1935
    endloop
  endfacet
  facet normal -0.566502 -0.156581 -0.809048
    outer loop
      vertex 0 52.5973 3.18347
      vertex 2.4 52.5679 1.50866
      vertex 0 52.5679 3.18916
    endloop
  endfacet
  facet normal -0.566517 -0.156402 -0.809072
    outer loop
      vertex 2.4 52.5679 1.50866
      vertex 0 52.5973 3.18347
      vertex 2.4 52.6247 1.49768
    endloop
  endfacet
  facet normal -0.206422 0.932977 -0.294863
    outer loop
      vertex 2.4 19.9033 1.03309
      vertex 0 19.8818 2.64521
      vertex 0 19.8935 2.68223
    endloop
  endfacet
  facet normal -0.205531 0.933595 -0.293527
    outer loop
      vertex 0 19.8818 2.64521
      vertex 2.4 19.9033 1.03309
      vertex 2.4 19.8818 0.964707
    endloop
  endfacet
  facet normal -0.312455 0.8386 -0.446231
    outer loop
      vertex 2.4 19.9741 1.18591
      vertex 0 19.9543 2.8292
      vertex 0 19.9741 2.86641
    endloop
  endfacet
  facet normal -0.312469 0.838583 -0.446253
    outer loop
      vertex 0 19.9543 2.8292
      vertex 2.4 19.9741 1.18591
      vertex 2.4 19.9693 1.17689
    endloop
  endfacet
  facet normal 0.360946 0.777193 0.515451
    outer loop
      vertex 2.4 19.9765 0.2495
      vertex 0 20.017 1.86904
      vertex 0 19.9939 1.90387
    endloop
  endfacet
  facet normal 0.361317 0.776646 0.516014
    outer loop
      vertex 0 20.017 1.86904
      vertex 2.4 19.9765 0.2495
      vertex 2.4 20.017 0.188544
    endloop
  endfacet
  facet normal 0.535509 -0.35844 0.76469
    outer loop
      vertex 2.39229 52.7644 -1.90735e-07
      vertex 2.4 52.7009 -0.0351644
      vertex 2.4 52.7644 -0.00539947
    endloop
  endfacet
  facet normal 0.535457 -0.358461 0.764717
    outer loop
      vertex 2.4 52.7009 -0.0351644
      vertex 2.39229 52.7644 -1.90735e-07
      vertex 2.34978 52.7009 -1.90735e-07
    endloop
  endfacet
  facet normal 0.535459 -0.358462 0.764715
    outer loop
      vertex 0 52.7644 1.6751
      vertex 2.34978 52.7009 0
      vertex 2.39229 52.7644 0
    endloop
  endfacet
  facet normal 0.535448 -0.358506 0.764701
    outer loop
      vertex 2.34978 52.7009 0
      vertex 0 52.7644 1.6751
      vertex 0 52.7009 1.64533
    endloop
  endfacet
  facet normal 0.572738 -0.0536595 0.81798
    outer loop
      vertex 2.30052 52.5679 -1.90735e-07
      vertex 2.4 52.5659 -0.0697859
      vertex 2.4 52.5679 -0.0696547
    endloop
  endfacet
  facet normal 0.572815 -0.0519114 0.818039
    outer loop
      vertex 2.4 52.5659 -0.0697859
      vertex 2.30052 52.5679 -1.90735e-07
      vertex 2.30023 52.5647 -1.90735e-07
    endloop
  endfacet
  facet normal 0.572803 -0.0519103 0.818048
    outer loop
      vertex 0 52.5679 1.61084
      vertex 2.30023 52.5647 0
      vertex 2.30052 52.5679 0
    endloop
  endfacet
  facet normal 0.572784 -0.0525082 0.818023
    outer loop
      vertex 2.30023 52.5647 0
      vertex 0 52.5679 1.61084
      vertex 0 52.5383 1.60894
    endloop
  endfacet
  facet normal -0.554091 -0.258443 -0.791322
    outer loop
      vertex 0 52.6351 3.17616
      vertex 2.4 52.7009 1.47417
      vertex 2.4 52.6351 1.49566
    endloop
  endfacet
  facet normal -0.554091 -0.258443 -0.791322
    outer loop
      vertex 2.4 52.7009 1.47417
      vertex 0 52.6351 3.17616
      vertex 0 52.7009 3.15467
    endloop
  endfacet
  facet normal 0.554076 0.258518 0.791308
    outer loop
      vertex 2.4 20.3649 -0.0566611
      vertex 2.34978 20.2991 -1.90735e-07
      vertex 2.4 20.2991 -0.0351644
    endloop
  endfacet
  facet normal 0.55408 0.258514 0.791306
    outer loop
      vertex 2.34978 20.2991 -1.90735e-07
      vertex 2.4 20.3649 -0.0566611
      vertex 2.31908 20.3649 -1.90735e-07
    endloop
  endfacet
  facet normal 0.554091 0.258442 0.791322
    outer loop
      vertex 0 20.2991 1.64533
      vertex 2.31908 20.3649 0
      vertex 0 20.3649 1.62384
    endloop
  endfacet
  facet normal 0.554078 0.258514 0.791308
    outer loop
      vertex 2.31908 20.3649 0
      vertex 0 20.2991 1.64533
      vertex 2.34978 20.2991 0
    endloop
  endfacet
  facet normal 0.566501 0.156598 0.809045
    outer loop
      vertex 2.4 20.43 -0.0692618
      vertex 2.31908 20.3649 -1.90735e-07
      vertex 2.4 20.3649 -0.0566611
    endloop
  endfacet
  facet normal 0.566508 0.156586 0.809042
    outer loop
      vertex 2.31908 20.3649 -1.90735e-07
      vertex 2.4 20.43 -0.0692618
      vertex 2.30139 20.4289 -1.90735e-07
    endloop
  endfacet
  facet normal 0.566515 0.156461 0.809061
    outer loop
      vertex 0 20.3649 1.62384
      vertex 2.30139 20.4289 0
      vertex 0 20.4027 1.61653
    endloop
  endfacet
  facet normal 0.566502 0.156585 0.809047
    outer loop
      vertex 2.30139 20.4289 0
      vertex 0 20.3649 1.62384
      vertex 2.31908 20.3649 0
    endloop
  endfacet
  facet normal 0.445505 0.629853 0.636248
    outer loop
      vertex 0 20.1179 1.75804
      vertex 2.4 20.0651 0.129814
      vertex 2.4 20.1179 0.0775447
    endloop
  endfacet
  facet normal 0.445502 0.629858 0.636244
    outer loop
      vertex 2.4 20.0651 0.129814
      vertex 0 20.1179 1.75804
      vertex 0 20.0651 1.81031
    endloop
  endfacet
  facet normal 0.567003 -0.151485 0.809667
    outer loop
      vertex 2.30139 52.5711 -1.90735e-07
      vertex 2.4 52.5679 -0.0696547
      vertex 2.4 52.57 -0.0692618
    endloop
  endfacet
  facet normal 0.566716 -0.154076 0.809379
    outer loop
      vertex 2.4 52.5679 -0.0696547
      vertex 2.30139 52.5711 -1.90735e-07
      vertex 2.30052 52.5679 -1.90735e-07
    endloop
  endfacet
  facet normal 0.566748 -0.154085 0.809354
    outer loop
      vertex 0 52.5973 1.61653
      vertex 2.30052 52.5679 0
      vertex 2.30139 52.5711 0
    endloop
  endfacet
  facet normal 0.566501 -0.156581 0.809048
    outer loop
      vertex 2.30052 52.5679 0
      vertex 0 52.5973 1.61653
      vertex 0 52.5679 1.61084
    endloop
  endfacet
  facet normal 0.206463 -0.932969 0.29486
    outer loop
      vertex 0 53.1065 2.11777
      vertex 2.4 53.1182 0.474295
      vertex 0 53.1182 2.15479
    endloop
  endfacet
  facet normal 0.20731 -0.932388 0.296101
    outer loop
      vertex 2.4 53.1182 0.474295
      vertex 0 53.1065 2.11777
      vertex 2.4 53.1164 0.468627
    endloop
  endfacet
  facet normal -0.445503 -0.629857 -0.636244
    outer loop
      vertex 0 52.8821 3.04196
      vertex 2.4 52.9349 1.30919
      vertex 2.4 52.8821 1.36146
    endloop
  endfacet
  facet normal -0.445503 -0.629857 -0.636244
    outer loop
      vertex 2.4 52.9349 1.30919
      vertex 0 52.8821 3.04196
      vertex 0 52.9349 2.98969
    endloop
  endfacet
  facet normal -0.445503 0.629857 -0.636244
    outer loop
      vertex 0 20.0651 2.98969
      vertex 2.4 20.1179 1.36146
      vertex 2.4 20.0651 1.30919
    endloop
  endfacet
  facet normal -0.445503 0.629857 -0.636244
    outer loop
      vertex 2.4 20.1179 1.36146
      vertex 0 20.0651 2.98969
      vertex 0 20.1179 3.04196
    endloop
  endfacet
  facet normal -0.554091 0.258443 -0.791322
    outer loop
      vertex 0 20.2991 3.15467
      vertex 2.4 20.3649 1.49566
      vertex 2.4 20.2991 1.47417
    endloop
  endfacet
  facet normal -0.554091 0.258443 -0.791322
    outer loop
      vertex 2.4 20.3649 1.49566
      vertex 0 20.2991 3.15467
      vertex 0 20.3649 3.17616
    endloop
  endfacet
  facet normal 0.361908 0.775809 0.516858
    outer loop
      vertex 2.4 19.9741 0.253091
      vertex 0 19.9939 1.90387
      vertex 0 19.9741 1.93359
    endloop
  endfacet
  facet normal 0.362582 0.774833 0.51785
    outer loop
      vertex 0 19.9939 1.90387
      vertex 2.4 19.9741 0.253091
      vertex 2.4 19.9765 0.2495
    endloop
  endfacet
  facet normal 0.405542 0.707172 0.579175
    outer loop
      vertex 2.4 20.017 0.188544
      vertex 0 20.0651 1.81031
      vertex 0 20.017 1.86904
    endloop
  endfacet
  facet normal 0.405542 0.707172 0.579175
    outer loop
      vertex 0 20.0651 1.81031
      vertex 2.4 20.017 0.188544
      vertex 2.4 20.0651 0.129814
    endloop
  endfacet
  facet normal 0.481139 0.544379 0.687136
    outer loop
      vertex 0 20.175 1.71281
      vertex 2.4 20.1179 0.0775447
      vertex 2.4 20.175 0.0323076
    endloop
  endfacet
  facet normal 0.48116 0.54432 0.687169
    outer loop
      vertex 2.4 20.1179 0.0775447
      vertex 0 20.175 1.71281
      vertex 0 20.1179 1.75804
    endloop
  endfacet
  facet normal 0.511346 0.453159 0.730186
    outer loop
      vertex 2.4 20.2269 -1.90735e-07
      vertex 2.4 20.2356 -0.00539947
      vertex 2.39229 20.2356 -1.90735e-07
    endloop
  endfacet
  facet normal 0.512175 0.453893 0.729149
    outer loop
      vertex 2.39229 20.2356 0
      vertex 2.4 20.175 0.0323076
      vertex 2.4 20.2269 0
    endloop
  endfacet
  facet normal 0.511016 0.454142 0.729807
    outer loop
      vertex 0 20.175 1.71281
      vertex 2.39229 20.2356 0
      vertex 0 20.2356 1.6751
    endloop
  endfacet
  facet normal 0.511028 0.454106 0.729821
    outer loop
      vertex 2.39229 20.2356 0
      vertex 0 20.175 1.71281
      vertex 2.4 20.175 0.0323076
    endloop
  endfacet
  facet normal 0.535509 0.35844 0.76469
    outer loop
      vertex 2.4 20.2991 -0.0351644
      vertex 2.39229 20.2356 -1.90735e-07
      vertex 2.4 20.2356 -0.00539947
    endloop
  endfacet
  facet normal 0.535457 0.358461 0.764717
    outer loop
      vertex 2.39229 20.2356 -1.90735e-07
      vertex 2.4 20.2991 -0.0351644
      vertex 2.34978 20.2991 -1.90735e-07
    endloop
  endfacet
  facet normal 0.535448 0.358506 0.764701
    outer loop
      vertex 0 20.2356 1.6751
      vertex 2.34978 20.2991 0
      vertex 0 20.2991 1.64533
    endloop
  endfacet
  facet normal 0.535459 0.358462 0.764715
    outer loop
      vertex 2.34978 20.2991 0
      vertex 0 20.2356 1.6751
      vertex 2.39229 20.2356 0
    endloop
  endfacet
  facet normal -0.259999 0.891365 -0.371307
    outer loop
      vertex 2.4 19.9099 1.05109
      vertex 0 19.9062 2.72275
      vertex 0 19.9225 2.76188
    endloop
  endfacet
  facet normal -0.260979 0.89049 -0.372716
    outer loop
      vertex 0 19.9062 2.72275
      vertex 2.4 19.9099 1.05109
      vertex 2.4 19.9062 1.04225
    endloop
  endfacet
  facet normal -0.261051 0.890426 -0.372819
    outer loop
      vertex 2.4 19.9371 1.11625
      vertex 0 19.9225 2.76188
      vertex 0 19.9371 2.79675
    endloop
  endfacet
  facet normal -0.260441 0.890978 -0.371925
    outer loop
      vertex 0 19.9225 2.76188
      vertex 2.4 19.9371 1.11625
      vertex 2.4 19.9099 1.05109
    endloop
  endfacet
  facet normal -0.53545 0.358506 -0.764701
    outer loop
      vertex 0 20.2356 3.1249
      vertex 2.4 20.2991 1.47417
      vertex 2.4 20.2356 1.4444
    endloop
  endfacet
  facet normal -0.53545 0.358506 -0.764701
    outer loop
      vertex 2.4 20.2991 1.47417
      vertex 0 20.2356 3.1249
      vertex 0 20.2991 3.15467
    endloop
  endfacet
  facet normal 0.360946 -0.777193 0.515451
    outer loop
      vertex 0 52.983 1.86904
      vertex 2.4 53.0235 0.2495
      vertex 0 53.0061 1.90387
    endloop
  endfacet
  facet normal 0.361317 -0.776646 0.516014
    outer loop
      vertex 2.4 53.0235 0.2495
      vertex 0 52.983 1.86904
      vertex 2.4 52.983 0.188544
    endloop
  endfacet
  facet normal 0.0893659 -0.987788 0.127627
    outer loop
      vertex 0 53.1358 2.23502
      vertex 2.4 53.1464 0.636558
      vertex 0 53.1464 2.31706
    endloop
  endfacet
  facet normal 0.0893709 -0.987786 0.127635
    outer loop
      vertex 2.4 53.1464 0.636558
      vertex 0 53.1358 2.23502
      vertex 2.4 53.1358 0.554523
    endloop
  endfacet
  facet normal -0.361379 0.776559 -0.516102
    outer loop
      vertex 2.4 20.017 1.25046
      vertex 0 19.9741 2.86641
      vertex 0 20.017 2.93096
    endloop
  endfacet
  facet normal -0.361379 0.776559 -0.516102
    outer loop
      vertex 0 19.9741 2.86641
      vertex 2.4 20.017 1.25046
      vertex 2.4 19.9741 1.18591
    endloop
  endfacet
  facet normal -0.566517 0.156402 -0.809072
    outer loop
      vertex 0 20.4027 3.18347
      vertex 2.4 20.4321 1.50866
      vertex 2.4 20.3753 1.49768
    endloop
  endfacet
  facet normal -0.566502 0.156581 -0.809048
    outer loop
      vertex 2.4 20.4321 1.50866
      vertex 0 20.4027 3.18347
      vertex 0 20.4321 3.18916
    endloop
  endfacet
  facet normal -0.572787 0.052477 -0.818023
    outer loop
      vertex 0 20.4321 3.18916
      vertex 2.4 20.4427 1.50934
      vertex 2.4 20.4321 1.50866
    endloop
  endfacet
  facet normal -0.572793 0.0522513 -0.818033
    outer loop
      vertex 2.4 20.4427 1.50934
      vertex 0 20.4321 3.18916
      vertex 0 20.4703 3.1916
    endloop
  endfacet
  facet normal 0.206463 0.932969 0.29486
    outer loop
      vertex 2.4 19.8818 0.474295
      vertex 0 19.8935 2.11777
      vertex 0 19.8818 2.15479
    endloop
  endfacet
  facet normal 0.20731 0.932388 0.296101
    outer loop
      vertex 0 19.8935 2.11777
      vertex 2.4 19.8818 0.474295
      vertex 2.4 19.8836 0.468627
    endloop
  endfacet
  facet normal 0.312455 0.8386 0.446232
    outer loop
      vertex 2.4 19.9393 0.318491
      vertex 0 19.9741 1.93359
      vertex 0 19.9543 1.9708
    endloop
  endfacet
  facet normal 0.312453 0.838602 0.446229
    outer loop
      vertex 0 19.9741 1.93359
      vertex 2.4 19.9393 0.318491
      vertex 2.4 19.9741 0.253091
    endloop
  endfacet
  facet normal 0.311599 0.839567 0.445009
    outer loop
      vertex 2.4 19.9371 0.322749
      vertex 0 19.9543 1.9708
      vertex 0 19.9371 2.00325
    endloop
  endfacet
  facet normal 0.306135 0.845768 0.436987
    outer loop
      vertex 0 19.9543 1.9708
      vertex 2.4 19.9371 0.322749
      vertex 2.4 19.9393 0.318491
    endloop
  endfacet
  facet normal -0.148188 0.966049 -0.211634
    outer loop
      vertex 2.4 19.8818 0.964707
      vertex 0 19.8733 2.60641
      vertex 0 19.8818 2.64521
    endloop
  endfacet
  facet normal -0.148217 0.966036 -0.211676
    outer loop
      vertex 0 19.8733 2.60641
      vertex 2.4 19.8818 0.964707
      vertex 2.4 19.8661 0.893056
    endloop
  endfacet
  facet normal -0.311618 0.839562 -0.445006
    outer loop
      vertex 2.4 19.9693 1.17689
      vertex 0 19.9371 2.79675
      vertex 0 19.9543 2.8292
    endloop
  endfacet
  facet normal -0.311995 0.83912 -0.445575
    outer loop
      vertex 0 19.9371 2.79675
      vertex 2.4 19.9693 1.17689
      vertex 2.4 19.9371 1.11625
    endloop
  endfacet
  facet normal -0.361379 -0.776559 -0.516102
    outer loop
      vertex 0 53.0259 2.86641
      vertex 2.4 52.983 1.25046
      vertex 0 52.983 2.93096
    endloop
  endfacet
  facet normal -0.361379 -0.776559 -0.516102
    outer loop
      vertex 2.4 52.983 1.25046
      vertex 0 53.0259 2.86641
      vertex 2.4 53.0259 1.18591
    endloop
  endfacet
  facet normal -0.312455 -0.8386 -0.446231
    outer loop
      vertex 0 53.0457 2.8292
      vertex 2.4 53.0259 1.18591
      vertex 0 53.0259 2.86641
    endloop
  endfacet
  facet normal -0.312469 -0.838583 -0.446253
    outer loop
      vertex 2.4 53.0259 1.18591
      vertex 0 53.0457 2.8292
      vertex 2.4 53.0307 1.17689
    endloop
  endfacet
  facet normal -0.261051 -0.890426 -0.372819
    outer loop
      vertex 0 53.0775 2.76188
      vertex 2.4 53.0629 1.11625
      vertex 0 53.0629 2.79675
    endloop
  endfacet
  facet normal -0.260441 -0.890978 -0.371925
    outer loop
      vertex 2.4 53.0629 1.11625
      vertex 0 53.0775 2.76188
      vertex 2.4 53.0901 1.05109
    endloop
  endfacet
  facet normal -0.405543 -0.707171 -0.579175
    outer loop
      vertex 0 52.983 2.93096
      vertex 2.4 52.9349 1.30919
      vertex 0 52.9349 2.98969
    endloop
  endfacet
  facet normal -0.405543 -0.707171 -0.579175
    outer loop
      vertex 2.4 52.9349 1.30919
      vertex 0 52.983 2.93096
      vertex 2.4 52.983 1.25046
    endloop
  endfacet
  facet normal 0.566501 -0.156598 0.809045
    outer loop
      vertex 2.31908 52.6351 -1.90735e-07
      vertex 2.4 52.57 -0.0692618
      vertex 2.4 52.6351 -0.0566611
    endloop
  endfacet
  facet normal 0.566508 -0.156586 0.809042
    outer loop
      vertex 2.4 52.57 -0.0692618
      vertex 2.31908 52.6351 -1.90735e-07
      vertex 2.30139 52.5711 -1.90735e-07
    endloop
  endfacet
  facet normal 0.566502 -0.156585 0.809047
    outer loop
      vertex 0 52.6351 1.62384
      vertex 2.30139 52.5711 0
      vertex 2.31908 52.6351 0
    endloop
  endfacet
  facet normal 0.566515 -0.156461 0.809061
    outer loop
      vertex 2.30139 52.5711 0
      vertex 0 52.6351 1.62384
      vertex 0 52.5973 1.61653
    endloop
  endfacet
  facet normal 0.148187 -0.966049 0.211635
    outer loop
      vertex 0 53.1182 2.15479
      vertex 2.4 53.1195 0.480233
      vertex 0 53.1267 2.19359
    endloop
  endfacet
  facet normal 0.148097 -0.966091 0.211505
    outer loop
      vertex 2.4 53.1195 0.480233
      vertex 0 53.1182 2.15479
      vertex 2.4 53.1182 0.474295
    endloop
  endfacet
  facet normal 0.148551 -0.96588 0.212153
    outer loop
      vertex 0 53.1267 2.19359
      vertex 2.4 53.1358 0.554523
      vertex 0 53.1358 2.23502
    endloop
  endfacet
  facet normal 0.148405 -0.965949 0.211939
    outer loop
      vertex 2.4 53.1358 0.554523
      vertex 0 53.1267 2.19359
      vertex 2.4 53.1195 0.480233
    endloop
  endfacet
  facet normal 0.0303499 -0.998599 0.0433441
    outer loop
      vertex 0 53.1464 2.31706
      vertex 2.4 53.15 0.719501
      vertex 0 53.15 2.4
    endloop
  endfacet
  facet normal 0.0303488 -0.998599 0.0433425
    outer loop
      vertex 2.4 53.15 0.719501
      vertex 0 53.1464 2.31706
      vertex 2.4 53.1464 0.636558
    endloop
  endfacet
  facet normal -0.48113 0.544404 -0.687123
    outer loop
      vertex 0 20.1179 3.04196
      vertex 2.4 20.175 1.4067
      vertex 2.4 20.1179 1.36146
    endloop
  endfacet
  facet normal -0.481159 0.54432 -0.687169
    outer loop
      vertex 2.4 20.175 1.4067
      vertex 0 20.1179 3.04196
      vertex 0 20.175 3.08719
    endloop
  endfacet
  facet normal -0.566452 0.157128 -0.808976
    outer loop
      vertex 0 20.3649 3.17616
      vertex 2.4 20.3753 1.49768
      vertex 2.4 20.3649 1.49566
    endloop
  endfacet
  facet normal -0.566511 0.156462 -0.809064
    outer loop
      vertex 2.4 20.3753 1.49768
      vertex 0 20.3649 3.17616
      vertex 0 20.4027 3.18347
    endloop
  endfacet
  facet normal -0.511042 0.454047 -0.729847
    outer loop
      vertex 0 20.175 3.08719
      vertex 2.4 20.2356 1.4444
      vertex 2.4 20.175 1.4067
    endloop
  endfacet
  facet normal -0.511016 0.454142 -0.729806
    outer loop
      vertex 2.4 20.2356 1.4444
      vertex 0 20.175 3.08719
      vertex 0 20.2356 3.1249
    endloop
  endfacet
  facet normal -0.53545 -0.358506 -0.764701
    outer loop
      vertex 0 52.7009 3.15467
      vertex 2.4 52.7644 1.4444
      vertex 2.4 52.7009 1.47417
    endloop
  endfacet
  facet normal -0.53545 -0.358506 -0.764701
    outer loop
      vertex 2.4 52.7644 1.4444
      vertex 0 52.7009 3.15467
      vertex 0 52.7644 3.1249
    endloop
  endfacet
  facet normal -0.481127 -0.544405 -0.687124
    outer loop
      vertex 0 52.825 3.08719
      vertex 2.4 52.8821 1.36146
      vertex 2.4 52.825 1.4067
    endloop
  endfacet
  facet normal -0.481161 -0.544319 -0.687168
    outer loop
      vertex 2.4 52.8821 1.36146
      vertex 0 52.825 3.08719
      vertex 0 52.8821 3.04196
    endloop
  endfacet
  facet normal 0.204998 0.933963 0.292728
    outer loop
      vertex 2.4 19.8836 0.468627
      vertex 0 19.9062 2.07725
      vertex 0 19.8935 2.11777
    endloop
  endfacet
  facet normal 0.205551 0.93358 0.293558
    outer loop
      vertex 0 19.9062 2.07725
      vertex 2.4 19.8836 0.468627
      vertex 2.4 19.9062 0.396754
    endloop
  endfacet
  facet normal 0.0893659 0.987788 0.127627
    outer loop
      vertex 2.4 19.8536 0.636558
      vertex 0 19.8642 2.23502
      vertex 0 19.8536 2.31706
    endloop
  endfacet
  facet normal 0.0893709 0.987786 0.127635
    outer loop
      vertex 0 19.8642 2.23502
      vertex 2.4 19.8536 0.636558
      vertex 2.4 19.8642 0.554523
    endloop
  endfacet
  facet normal 0.148551 0.96588 0.212153
    outer loop
      vertex 2.4 19.8642 0.554523
      vertex 0 19.8733 2.19359
      vertex 0 19.8642 2.23502
    endloop
  endfacet
  facet normal 0.148405 0.965949 0.211939
    outer loop
      vertex 0 19.8733 2.19359
      vertex 2.4 19.8642 0.554523
      vertex 2.4 19.8805 0.480233
    endloop
  endfacet
  facet normal -0.204972 0.933968 -0.292729
    outer loop
      vertex 2.4 19.9062 1.04225
      vertex 0 19.8935 2.68223
      vertex 0 19.9062 2.72275
    endloop
  endfacet
  facet normal -0.206728 0.932768 -0.295309
    outer loop
      vertex 0 19.8935 2.68223
      vertex 2.4 19.9062 1.04225
      vertex 2.4 19.9033 1.03309
    endloop
  endfacet
  facet normal -0.0893658 0.987788 -0.127627
    outer loop
      vertex 2.4 19.8642 0.88448
      vertex 0 19.8536 2.48294
      vertex 0 19.8642 2.56498
    endloop
  endfacet
  facet normal -0.0893708 0.987786 -0.127635
    outer loop
      vertex 0 19.8536 2.48294
      vertex 2.4 19.8642 0.88448
      vertex 2.4 19.8536 0.802445
    endloop
  endfacet
  facet normal 0.261046 -0.890427 0.37282
    outer loop
      vertex 0 53.0629 2.00325
      vertex 2.4 53.0648 0.327325
      vertex 0 53.0775 2.03812
    endloop
  endfacet
  facet normal 0.259323 -0.89196 0.37035
    outer loop
      vertex 2.4 53.0648 0.327325
      vertex 0 53.0629 2.00325
      vertex 2.4 53.0629 0.322749
    endloop
  endfacet
  facet normal 0.259992 -0.891367 0.371308
    outer loop
      vertex 0 53.0775 2.03812
      vertex 2.4 53.0938 0.396754
      vertex 0 53.0938 2.07725
    endloop
  endfacet
  facet normal 0.260538 -0.890872 0.372111
    outer loop
      vertex 2.4 53.0938 0.396754
      vertex 0 53.0775 2.03812
      vertex 2.4 53.0648 0.327325
    endloop
  endfacet
  facet normal 0.312423 -0.838609 0.446236
    outer loop
      vertex 0 53.0259 1.93359
      vertex 2.4 53.0606 0.318491
      vertex 0 53.0457 1.9708
    endloop
  endfacet
  facet normal 0.311821 -0.839317 0.445326
    outer loop
      vertex 2.4 53.0606 0.318491
      vertex 0 53.0259 1.93359
      vertex 2.4 53.0259 0.253091
    endloop
  endfacet
  facet normal 0.361908 -0.775809 0.516858
    outer loop
      vertex 0 53.0061 1.90387
      vertex 2.4 53.0259 0.253091
      vertex 0 53.0259 1.93359
    endloop
  endfacet
  facet normal 0.362582 -0.774833 0.51785
    outer loop
      vertex 2.4 53.0259 0.253091
      vertex 0 53.0061 1.90387
      vertex 2.4 53.0235 0.2495
    endloop
  endfacet
  facet normal 0.511346 -0.453159 0.730186
    outer loop
      vertex 2.4 52.7644 -0.00539947
      vertex 2.4 52.7731 -1.90735e-07
      vertex 2.39229 52.7644 -1.90735e-07
    endloop
  endfacet
  facet normal 0.512175 -0.453893 0.729149
    outer loop
      vertex 2.4 52.825 0.0323076
      vertex 2.39229 52.7644 0
      vertex 2.4 52.7731 0
    endloop
  endfacet
  facet normal 0.511028 -0.454106 0.729821
    outer loop
      vertex 0 52.825 1.71281
      vertex 2.39229 52.7644 0
      vertex 2.4 52.825 0.0323076
    endloop
  endfacet
  facet normal 0.511016 -0.454142 0.729807
    outer loop
      vertex 2.39229 52.7644 0
      vertex 0 52.825 1.71281
      vertex 0 52.7644 1.6751
    endloop
  endfacet
  facet normal 0.481138 -0.54438 0.687137
    outer loop
      vertex 0 52.8821 1.75804
      vertex 2.4 52.825 0.0323076
      vertex 2.4 52.8821 0.0775447
    endloop
  endfacet
  facet normal 0.481162 -0.544319 0.687168
    outer loop
      vertex 2.4 52.825 0.0323076
      vertex 0 52.8821 1.75804
      vertex 0 52.825 1.71281
    endloop
  endfacet
  facet normal -0.148558 -0.965879 -0.212153
    outer loop
      vertex 0 53.1358 2.56498
      vertex 2.4 53.1339 0.893056
      vertex 0 53.1267 2.60641
    endloop
  endfacet
  facet normal -0.14975 -0.965317 -0.213865
    outer loop
      vertex 2.4 53.1339 0.893056
      vertex 0 53.1358 2.56498
      vertex 2.4 53.1358 0.88448
    endloop
  endfacet
  facet normal -0.311618 -0.839562 -0.445006
    outer loop
      vertex 0 53.0629 2.79675
      vertex 2.4 53.0307 1.17689
      vertex 0 53.0457 2.8292
    endloop
  endfacet
  facet normal -0.311995 -0.83912 -0.445575
    outer loop
      vertex 2.4 53.0307 1.17689
      vertex 0 53.0629 2.79675
      vertex 2.4 53.0629 1.11625
    endloop
  endfacet
  facet normal 0.554076 -0.258518 0.791308
    outer loop
      vertex 2.34978 52.7009 -1.90735e-07
      vertex 2.4 52.6351 -0.0566611
      vertex 2.4 52.7009 -0.0351644
    endloop
  endfacet
  facet normal 0.55408 -0.258514 0.791306
    outer loop
      vertex 2.4 52.6351 -0.0566611
      vertex 2.34978 52.7009 -1.90735e-07
      vertex 2.31908 52.6351 -1.90735e-07
    endloop
  endfacet
  facet normal 0.554078 -0.258514 0.791308
    outer loop
      vertex 0 52.7009 1.64533
      vertex 2.31908 52.6351 0
      vertex 2.34978 52.7009 0
    endloop
  endfacet
  facet normal 0.554091 -0.258442 0.791322
    outer loop
      vertex 2.31908 52.6351 0
      vertex 0 52.7009 1.64533
      vertex 0 52.6351 1.62384
    endloop
  endfacet
  facet normal -0.511044 -0.454046 -0.729846
    outer loop
      vertex 0 52.7644 3.1249
      vertex 2.4 52.825 1.4067
      vertex 2.4 52.7644 1.4444
    endloop
  endfacet
  facet normal -0.511014 -0.454143 -0.729807
    outer loop
      vertex 2.4 52.825 1.4067
      vertex 0 52.7644 3.1249
      vertex 0 52.825 3.08719
    endloop
  endfacet
  facet normal 0.259992 0.891367 0.371308
    outer loop
      vertex 2.4 19.9062 0.396754
      vertex 0 19.9225 2.03812
      vertex 0 19.9062 2.07725
    endloop
  endfacet
  facet normal 0.260538 0.890872 0.372111
    outer loop
      vertex 0 19.9225 2.03812
      vertex 2.4 19.9062 0.396754
      vertex 2.4 19.9352 0.327325
    endloop
  endfacet
  facet normal 0.0303499 0.998599 0.0433441
    outer loop
      vertex 2.4 19.85 0.719501
      vertex 0 19.8536 2.31706
      vertex 0 19.85 2.4
    endloop
  endfacet
  facet normal 0.0303488 0.998599 0.0433425
    outer loop
      vertex 0 19.8536 2.31706
      vertex 2.4 19.85 0.719501
      vertex 2.4 19.8536 0.636558
    endloop
  endfacet
  facet normal 0.311599 -0.839567 0.445009
    outer loop
      vertex 0 53.0457 1.9708
      vertex 2.4 53.0629 0.322749
      vertex 0 53.0629 2.00325
    endloop
  endfacet
  facet normal 0.315652 -0.834864 0.45096
    outer loop
      vertex 2.4 53.0629 0.322749
      vertex 0 53.0457 1.9708
      vertex 2.4 53.0606 0.318491
    endloop
  endfacet
  facet normal 0.445505 -0.629853 0.636248
    outer loop
      vertex 0 52.9349 1.81031
      vertex 2.4 52.8821 0.0775447
      vertex 2.4 52.9349 0.129814
    endloop
  endfacet
  facet normal 0.445502 -0.629858 0.636244
    outer loop
      vertex 2.4 52.8821 0.0775447
      vertex 0 52.9349 1.81031
      vertex 0 52.8821 1.75804
    endloop
  endfacet
  facet normal -0.0893658 -0.987788 -0.127627
    outer loop
      vertex 0 53.1464 2.48294
      vertex 2.4 53.1358 0.88448
      vertex 0 53.1358 2.56498
    endloop
  endfacet
  facet normal -0.0893708 -0.987786 -0.127635
    outer loop
      vertex 2.4 53.1358 0.88448
      vertex 0 53.1464 2.48294
      vertex 2.4 53.1464 0.802445
    endloop
  endfacet
  facet normal -0.0303498 -0.998599 -0.0433441
    outer loop
      vertex 0 53.15 2.4
      vertex 2.4 53.1464 0.802445
      vertex 0 53.1464 2.48294
    endloop
  endfacet
  facet normal -0.0303484 -0.998599 -0.043342
    outer loop
      vertex 2.4 53.1464 0.802445
      vertex 0 53.15 2.4
      vertex 2.4 53.15 0.719501
    endloop
  endfacet
  facet normal -0.204972 -0.933968 -0.292729
    outer loop
      vertex 0 53.1065 2.68223
      vertex 2.4 53.0938 1.04225
      vertex 0 53.0938 2.72275
    endloop
  endfacet
  facet normal -0.206728 -0.932768 -0.295309
    outer loop
      vertex 2.4 53.0938 1.04225
      vertex 0 53.1065 2.68223
      vertex 2.4 53.0967 1.03309
    endloop
  endfacet
  facet normal -0.148188 -0.966049 -0.211634
    outer loop
      vertex 0 53.1267 2.60641
      vertex 2.4 53.1182 0.964707
      vertex 0 53.1182 2.64521
    endloop
  endfacet
  facet normal -0.148217 -0.966036 -0.211676
    outer loop
      vertex 2.4 53.1182 0.964707
      vertex 0 53.1267 2.60641
      vertex 2.4 53.1339 0.893056
    endloop
  endfacet
  facet normal -0.206422 -0.932977 -0.294863
    outer loop
      vertex 0 53.1182 2.64521
      vertex 2.4 53.0967 1.03309
      vertex 0 53.1065 2.68223
    endloop
  endfacet
  facet normal -0.205531 -0.933595 -0.293527
    outer loop
      vertex 2.4 53.0967 1.03309
      vertex 0 53.1182 2.64521
      vertex 2.4 53.1182 0.964707
    endloop
  endfacet
  facet normal -0.0303498 0.998599 -0.0433441
    outer loop
      vertex 2.4 19.8536 0.802445
      vertex 0 19.85 2.4
      vertex 0 19.8536 2.48294
    endloop
  endfacet
  facet normal -0.0303484 0.998599 -0.043342
    outer loop
      vertex 0 19.85 2.4
      vertex 2.4 19.8536 0.802445
      vertex 2.4 19.85 0.719501
    endloop
  endfacet
  facet normal 0.148187 0.966049 0.211635
    outer loop
      vertex 2.4 19.8805 0.480233
      vertex 0 19.8818 2.15479
      vertex 0 19.8733 2.19359
    endloop
  endfacet
  facet normal 0.148097 0.966091 0.211505
    outer loop
      vertex 0 19.8818 2.15479
      vertex 2.4 19.8805 0.480233
      vertex 2.4 19.8818 0.474295
    endloop
  endfacet
  facet normal -0.259999 -0.891365 -0.371307
    outer loop
      vertex 0 53.0938 2.72275
      vertex 2.4 53.0901 1.05109
      vertex 0 53.0775 2.76188
    endloop
  endfacet
  facet normal -0.260979 -0.89049 -0.372716
    outer loop
      vertex 2.4 53.0901 1.05109
      vertex 0 53.0938 2.72275
      vertex 2.4 53.0938 1.04225
    endloop
  endfacet
  facet normal -0.564721 0.176475 0.806193
    outer loop
      vertex 101.6 20.4341 -0.0697854
      vertex 101.699 20.4321 -1.90735e-07
      vertex 101.7 20.4353 -1.90735e-07
    endloop
  endfacet
  facet normal -0.574595 0.053615 0.81668
    outer loop
      vertex 101.699 20.4321 -1.90735e-07
      vertex 101.6 20.4341 -0.0697854
      vertex 101.6 20.4321 -0.0696541
    endloop
  endfacet
  facet normal -0.572823 0.0525065 0.817996
    outer loop
      vertex 101.7 20.4353 0
      vertex 104 20.4321 1.61084
      vertex 104 20.4617 1.60894
    endloop
  endfacet
  facet normal -0.564502 0.176407 0.806361
    outer loop
      vertex 104 20.4321 1.61084
      vertex 101.7 20.4353 0
      vertex 101.699 20.4321 0
    endloop
  endfacet
  facet normal -0.571623 0.0530099 0.818802
    outer loop
      vertex 101.6 20.5 -0.0740011
      vertex 101.7 20.4353 -1.90735e-07
      vertex 101.706 20.5 -1.90735e-07
    endloop
  endfacet
  facet normal -0.571917 0.0523692 0.818638
    outer loop
      vertex 101.7 20.4353 -1.90735e-07
      vertex 101.6 20.5 -0.0740011
      vertex 101.6 20.4341 -0.0697854
    endloop
  endfacet
  facet normal -0.572851 0.0521129 0.818001
    outer loop
      vertex 101.706 20.5 0
      vertex 104 20.4617 1.60894
      vertex 104 20.5 1.6065
    endloop
  endfacet
  facet normal -0.572809 0.0531198 0.817966
    outer loop
      vertex 104 20.4617 1.60894
      vertex 101.706 20.5 0
      vertex 101.7 20.4353 0
    endloop
  endfacet
  facet normal 0.573577 0 -0.819152
    outer loop
      vertex 101.6 20.5 1.513
      vertex 104 52.5 3.1935
      vertex 104 20.5 3.1935
    endloop
  endfacet
  facet normal 0.573577 0 -0.819152
    outer loop
      vertex 104 52.5 3.1935
      vertex 101.6 20.5 1.513
      vertex 101.6 52.5 1.513
    endloop
  endfacet
  facet normal -0.555757 -0.25817 0.790242
    outer loop
      vertex 101.6 52.6351 -0.0566606
      vertex 101.65 52.7009 -1.90735e-07
      vertex 101.6 52.7009 -0.0351639
    endloop
  endfacet
  facet normal -0.553371 -0.260707 0.791083
    outer loop
      vertex 101.65 52.7009 -1.90735e-07
      vertex 101.6 52.6351 -0.0566606
      vertex 101.681 52.6351 -1.90735e-07
    endloop
  endfacet
  facet normal -0.554104 -0.25844 0.791314
    outer loop
      vertex 104 52.7009 1.64533
      vertex 101.681 52.6351 0
      vertex 104 52.6351 1.62384
    endloop
  endfacet
  facet normal -0.553683 -0.260854 0.790817
    outer loop
      vertex 101.681 52.6351 0
      vertex 104 52.7009 1.64533
      vertex 101.65 52.7009 0
    endloop
  endfacet
  facet normal -0.572428 0 0.819955
    outer loop
      vertex 101.6 52.5 -0.0740011
      vertex 101.706 20.5 -1.90735e-07
      vertex 101.706 52.5 -1.90735e-07
    endloop
  endfacet
  facet normal -0.572428 0 0.819955
    outer loop
      vertex 101.706 20.5 -1.90735e-07
      vertex 101.6 52.5 -0.0740011
      vertex 101.6 20.5 -0.0740011
    endloop
  endfacet
  facet normal -0.57363 0 0.819114
    outer loop
      vertex 101.706 52.5 0
      vertex 104 20.5 1.6065
      vertex 104 52.5 1.6065
    endloop
  endfacet
  facet normal -0.57363 0 0.819114
    outer loop
      vertex 104 20.5 1.6065
      vertex 101.706 52.5 0
      vertex 101.706 20.5 0
    endloop
  endfacet
  facet normal -0.575423 0 0.817856
    outer loop
      vertex 101.6 20.4321 -0.0696541
      vertex 101.699 20.4289 -1.90735e-07
      vertex 101.699 20.4321 -1.90735e-07
    endloop
  endfacet
  facet normal -0.565481 0.151677 0.810694
    outer loop
      vertex 101.699 20.4289 -1.90735e-07
      vertex 101.6 20.4321 -0.0696541
      vertex 101.6 20.43 -0.0692612
    endloop
  endfacet
  facet normal -0.566421 0.156592 0.809102
    outer loop
      vertex 101.699 20.4321 0
      vertex 104 20.4027 1.61653
      vertex 104 20.4321 1.61084
    endloop
  endfacet
  facet normal -0.574853 0 0.818257
    outer loop
      vertex 104 20.4027 1.61653
      vertex 101.699 20.4321 0
      vertex 101.699 20.4289 0
    endloop
  endfacet
  facet normal 0.405543 0.707171 -0.579175
    outer loop
      vertex 104 20.017 2.93096
      vertex 101.6 20.0651 1.30919
      vertex 104 20.0651 2.98969
    endloop
  endfacet
  facet normal 0.405543 0.707171 -0.579175
    outer loop
      vertex 101.6 20.0651 1.30919
      vertex 104 20.017 2.93096
      vertex 101.6 20.017 1.25046
    endloop
  endfacet
  facet normal -0.564782 0.158845 0.809808
    outer loop
      vertex 101.6 20.43 -0.0692612
      vertex 101.681 20.3649 -1.90735e-07
      vertex 101.699 20.4289 -1.90735e-07
    endloop
  endfacet
  facet normal -0.566117 0.156647 0.809304
    outer loop
      vertex 101.681 20.3649 -1.90735e-07
      vertex 101.6 20.43 -0.0692612
      vertex 101.6 20.3649 -0.0566606
    endloop
  endfacet
  facet normal -0.566581 0.156453 0.809017
    outer loop
      vertex 101.699 20.4289 0
      vertex 104 20.3649 1.62384
      vertex 104 20.4027 1.61653
    endloop
  endfacet
  facet normal -0.566269 0.159263 0.808687
    outer loop
      vertex 104 20.3649 1.62384
      vertex 101.699 20.4289 0
      vertex 101.681 20.3649 0
    endloop
  endfacet
  facet normal 0.554091 0.258443 -0.791322
    outer loop
      vertex 101.6 20.2991 1.47417
      vertex 104 20.3649 3.17616
      vertex 104 20.2991 3.15467
    endloop
  endfacet
  facet normal 0.554071 0.258555 -0.791299
    outer loop
      vertex 104 20.3649 3.17616
      vertex 101.6 20.2991 1.47417
      vertex 101.6 20.3649 1.49567
    endloop
  endfacet
  facet normal 0.206422 -0.932977 -0.294863
    outer loop
      vertex 101.6 53.0967 1.03309
      vertex 104 53.1182 2.64521
      vertex 104 53.1065 2.68223
    endloop
  endfacet
  facet normal 0.205533 -0.933593 -0.293531
    outer loop
      vertex 104 53.1182 2.64521
      vertex 101.6 53.0967 1.03309
      vertex 101.6 53.1182 0.964708
    endloop
  endfacet
  facet normal -0.445502 0.629858 0.636244
    outer loop
      vertex 101.6 20.1179 0.0775452
      vertex 104 20.0651 1.81031
      vertex 104 20.1179 1.75804
    endloop
  endfacet
  facet normal -0.445503 0.629856 0.636245
    outer loop
      vertex 104 20.0651 1.81031
      vertex 101.6 20.1179 0.0775452
      vertex 101.6 20.0651 0.129815
    endloop
  endfacet
  facet normal 0.511014 0.454143 -0.729807
    outer loop
      vertex 101.6 20.175 1.4067
      vertex 104 20.2356 3.1249
      vertex 104 20.175 3.08719
    endloop
  endfacet
  facet normal 0.511044 0.454046 -0.729846
    outer loop
      vertex 104 20.2356 3.1249
      vertex 101.6 20.175 1.4067
      vertex 101.6 20.2356 1.4444
    endloop
  endfacet
  facet normal -0.405542 -0.707172 0.579175
    outer loop
      vertex 101.6 52.983 0.188545
      vertex 104 52.9349 1.81031
      vertex 104 52.983 1.86904
    endloop
  endfacet
  facet normal -0.405542 -0.707172 0.579175
    outer loop
      vertex 104 52.9349 1.81031
      vertex 101.6 52.983 0.188545
      vertex 101.6 52.9349 0.129815
    endloop
  endfacet
  facet normal -0.571917 -0.0523692 0.818638
    outer loop
      vertex 101.6 52.5 -0.0740011
      vertex 101.7 52.5647 -1.90735e-07
      vertex 101.6 52.5659 -0.0697854
    endloop
  endfacet
  facet normal -0.571623 -0.0530099 0.818802
    outer loop
      vertex 101.7 52.5647 -1.90735e-07
      vertex 101.6 52.5 -0.0740011
      vertex 101.706 52.5 -1.90735e-07
    endloop
  endfacet
  facet normal -0.572851 -0.0521129 0.818001
    outer loop
      vertex 104 52.5383 1.60894
      vertex 101.706 52.5 0
      vertex 104 52.5 1.6065
    endloop
  endfacet
  facet normal -0.572809 -0.0531198 0.817966
    outer loop
      vertex 101.706 52.5 0
      vertex 104 52.5383 1.60894
      vertex 101.7 52.5647 0
    endloop
  endfacet
  facet normal -0.481162 0.544319 0.687168
    outer loop
      vertex 101.6 20.175 0.0323081
      vertex 104 20.1179 1.75804
      vertex 104 20.175 1.71281
    endloop
  endfacet
  facet normal -0.481138 0.54438 0.687137
    outer loop
      vertex 104 20.1179 1.75804
      vertex 101.6 20.175 0.0323081
      vertex 101.6 20.1179 0.0775452
    endloop
  endfacet
  facet normal -0.360945 0.777193 0.515451
    outer loop
      vertex 104 20.017 1.86904
      vertex 101.6 19.9765 0.249501
      vertex 104 19.9939 1.90387
    endloop
  endfacet
  facet normal -0.361317 0.776646 0.516014
    outer loop
      vertex 101.6 19.9765 0.249501
      vertex 104 20.017 1.86904
      vertex 101.6 20.017 0.188545
    endloop
  endfacet
  facet normal -0.361908 0.775809 0.516858
    outer loop
      vertex 104 19.9939 1.90387
      vertex 101.6 19.9741 0.253092
      vertex 104 19.9741 1.93359
    endloop
  endfacet
  facet normal -0.362582 0.774833 0.51785
    outer loop
      vertex 101.6 19.9741 0.253092
      vertex 104 19.9939 1.90387
      vertex 101.6 19.9765 0.249501
    endloop
  endfacet
  facet normal -0.204998 0.933963 0.292728
    outer loop
      vertex 104 19.9062 2.07725
      vertex 101.6 19.8836 0.468628
      vertex 104 19.8935 2.11777
    endloop
  endfacet
  facet normal -0.205549 0.933582 0.293555
    outer loop
      vertex 101.6 19.8836 0.468628
      vertex 104 19.9062 2.07725
      vertex 101.6 19.9062 0.396754
    endloop
  endfacet
  facet normal -0.0893659 0.987788 0.127627
    outer loop
      vertex 104 19.8642 2.23502
      vertex 101.6 19.8536 0.636558
      vertex 104 19.8536 2.31706
    endloop
  endfacet
  facet normal -0.0893709 0.987786 0.127635
    outer loop
      vertex 101.6 19.8536 0.636558
      vertex 104 19.8642 2.23502
      vertex 101.6 19.8642 0.554523
    endloop
  endfacet
  facet normal 0.0303498 -0.998599 -0.0433441
    outer loop
      vertex 101.6 53.1464 0.802446
      vertex 104 53.15 2.4
      vertex 104 53.1464 2.48294
    endloop
  endfacet
  facet normal 0.030348 -0.998599 -0.0433415
    outer loop
      vertex 104 53.15 2.4
      vertex 101.6 53.1464 0.802446
      vertex 101.6 53.15 0.719501
    endloop
  endfacet
  facet normal -0.553371 0.260707 0.791083
    outer loop
      vertex 101.6 20.3649 -0.0566606
      vertex 101.65 20.2991 -1.90735e-07
      vertex 101.681 20.3649 -1.90735e-07
    endloop
  endfacet
  facet normal -0.555757 0.25817 0.790242
    outer loop
      vertex 101.65 20.2991 -1.90735e-07
      vertex 101.6 20.3649 -0.0566606
      vertex 101.6 20.2991 -0.0351639
    endloop
  endfacet
  facet normal -0.554104 0.25844 0.791314
    outer loop
      vertex 101.681 20.3649 0
      vertex 104 20.2991 1.64533
      vertex 104 20.3649 1.62384
    endloop
  endfacet
  facet normal -0.553683 0.260854 0.790817
    outer loop
      vertex 104 20.2991 1.64533
      vertex 101.681 20.3649 0
      vertex 101.65 20.2991 0
    endloop
  endfacet
  facet normal -0.537655 0.355615 0.764503
    outer loop
      vertex 101.6 20.2991 -0.0351639
      vertex 101.608 20.2356 -1.90735e-07
      vertex 101.65 20.2991 -1.90735e-07
    endloop
  endfacet
  facet normal -0.521411 0.362165 0.772637
    outer loop
      vertex 101.608 20.2356 -1.90735e-07
      vertex 101.6 20.2991 -0.0351639
      vertex 101.6 20.2356 -0.00539896
    endloop
  endfacet
  facet normal -0.535413 0.358516 0.764722
    outer loop
      vertex 101.65 20.2991 0
      vertex 104 20.2356 1.6751
      vertex 104 20.2991 1.64533
    endloop
  endfacet
  facet normal -0.53632 0.354731 0.765851
    outer loop
      vertex 104 20.2356 1.6751
      vertex 101.65 20.2991 0
      vertex 101.608 20.2356 0
    endloop
  endfacet
  facet normal -0.312455 0.8386 0.446232
    outer loop
      vertex 104 19.9741 1.93359
      vertex 101.6 19.9393 0.318492
      vertex 104 19.9543 1.9708
    endloop
  endfacet
  facet normal -0.312453 0.838602 0.446229
    outer loop
      vertex 101.6 19.9393 0.318492
      vertex 104 19.9741 1.93359
      vertex 101.6 19.9741 0.253092
    endloop
  endfacet
  facet normal -0.259992 0.891367 0.371308
    outer loop
      vertex 104 19.9225 2.03812
      vertex 101.6 19.9062 0.396754
      vertex 104 19.9062 2.07725
    endloop
  endfacet
  facet normal -0.260541 0.89087 0.372115
    outer loop
      vertex 101.6 19.9062 0.396754
      vertex 104 19.9225 2.03812
      vertex 101.6 19.9352 0.327326
    endloop
  endfacet
  facet normal 0.53545 0.358506 -0.764701
    outer loop
      vertex 101.6 20.2356 1.4444
      vertex 104 20.2991 3.15467
      vertex 104 20.2356 3.1249
    endloop
  endfacet
  facet normal 0.53545 0.358506 -0.764701
    outer loop
      vertex 104 20.2991 3.15467
      vertex 101.6 20.2356 1.4444
      vertex 101.6 20.2991 1.47417
    endloop
  endfacet
  facet normal -0.360945 -0.777193 0.515451
    outer loop
      vertex 101.6 53.0235 0.249501
      vertex 104 52.983 1.86904
      vertex 104 53.0061 1.90387
    endloop
  endfacet
  facet normal -0.361317 -0.776646 0.516014
    outer loop
      vertex 104 52.983 1.86904
      vertex 101.6 53.0235 0.249501
      vertex 101.6 52.983 0.188545
    endloop
  endfacet
  facet normal 0.259999 -0.891365 -0.371307
    outer loop
      vertex 101.6 53.0901 1.05109
      vertex 104 53.0938 2.72275
      vertex 104 53.0775 2.76188
    endloop
  endfacet
  facet normal 0.260979 -0.89049 -0.372716
    outer loop
      vertex 104 53.0938 2.72275
      vertex 101.6 53.0901 1.05109
      vertex 101.6 53.0938 1.04225
    endloop
  endfacet
  facet normal 0.481159 -0.54432 -0.687169
    outer loop
      vertex 101.6 52.825 1.4067
      vertex 104 52.8821 3.04196
      vertex 104 52.825 3.08719
    endloop
  endfacet
  facet normal 0.48113 -0.544404 -0.687123
    outer loop
      vertex 104 52.8821 3.04196
      vertex 101.6 52.825 1.4067
      vertex 101.6 52.8821 1.36146
    endloop
  endfacet
  facet normal -0.311599 0.839567 0.445009
    outer loop
      vertex 104 19.9543 1.9708
      vertex 101.6 19.9371 0.32275
      vertex 104 19.9371 2.00325
    endloop
  endfacet
  facet normal -0.306135 0.845768 0.436987
    outer loop
      vertex 101.6 19.9371 0.32275
      vertex 104 19.9543 1.9708
      vertex 101.6 19.9393 0.318492
    endloop
  endfacet
  facet normal -0.261046 0.890427 0.37282
    outer loop
      vertex 104 19.9371 2.00325
      vertex 101.6 19.9352 0.327326
      vertex 104 19.9225 2.03812
    endloop
  endfacet
  facet normal -0.259322 0.89196 0.37035
    outer loop
      vertex 101.6 19.9352 0.327326
      vertex 104 19.9371 2.00325
      vertex 101.6 19.9371 0.32275
    endloop
  endfacet
  facet normal 0.481161 0.544319 -0.687168
    outer loop
      vertex 101.6 20.1179 1.36146
      vertex 104 20.175 3.08719
      vertex 104 20.1179 3.04196
    endloop
  endfacet
  facet normal 0.481127 0.544405 -0.687124
    outer loop
      vertex 104 20.175 3.08719
      vertex 101.6 20.1179 1.36146
      vertex 101.6 20.175 1.4067
    endloop
  endfacet
  facet normal 0.204972 0.933968 -0.292729
    outer loop
      vertex 104 19.8935 2.68223
      vertex 101.6 19.9062 1.04225
      vertex 104 19.9062 2.72275
    endloop
  endfacet
  facet normal 0.206728 0.932768 -0.295309
    outer loop
      vertex 101.6 19.9062 1.04225
      vertex 104 19.8935 2.68223
      vertex 101.6 19.9033 1.03309
    endloop
  endfacet
  facet normal 0.53545 -0.358506 -0.764701
    outer loop
      vertex 101.6 52.7009 1.47417
      vertex 104 52.7644 3.1249
      vertex 104 52.7009 3.15467
    endloop
  endfacet
  facet normal 0.53545 -0.358506 -0.764701
    outer loop
      vertex 104 52.7644 3.1249
      vertex 101.6 52.7009 1.47417
      vertex 101.6 52.7644 1.4444
    endloop
  endfacet
  facet normal -0.497436 0.457412 0.73711
    outer loop
      vertex 101.608 20.2356 -1.90735e-07
      vertex 101.6 20.2356 -0.00539896
      vertex 101.6 20.2269 -1.90735e-07
    endloop
  endfacet
  facet normal -0.511062 0.454128 0.729783
    outer loop
      vertex 101.608 20.2356 0
      vertex 104 20.175 1.71281
      vertex 104 20.2356 1.6751
    endloop
  endfacet
  facet normal -0.498287 0.458195 0.736048
    outer loop
      vertex 101.6 20.175 0.0323081
      vertex 101.608 20.2356 0
      vertex 101.6 20.2269 0
    endloop
  endfacet
  facet normal -0.510458 0.456048 0.729008
    outer loop
      vertex 101.608 20.2356 0
      vertex 101.6 20.175 0.0323081
      vertex 104 20.175 1.71281
    endloop
  endfacet
  facet normal -0.405542 0.707172 0.579175
    outer loop
      vertex 104 20.0651 1.81031
      vertex 101.6 20.017 0.188545
      vertex 104 20.017 1.86904
    endloop
  endfacet
  facet normal -0.405542 0.707172 0.579175
    outer loop
      vertex 101.6 20.017 0.188545
      vertex 104 20.0651 1.81031
      vertex 101.6 20.0651 0.129815
    endloop
  endfacet
  facet normal 0.566519 0.15637 -0.809077
    outer loop
      vertex 101.6 20.3753 1.49768
      vertex 104 20.3649 3.17616
      vertex 101.6 20.3649 1.49567
    endloop
  endfacet
  facet normal 0.566511 0.156462 -0.809064
    outer loop
      vertex 104 20.3649 3.17616
      vertex 101.6 20.3753 1.49768
      vertex 104 20.4027 3.18347
    endloop
  endfacet
  facet normal 0.572793 0.0522513 -0.818033
    outer loop
      vertex 101.6 20.5 1.513
      vertex 104 20.4703 3.1916
      vertex 101.6 20.4427 1.50934
    endloop
  endfacet
  facet normal 0.572791 0.0523318 -0.818029
    outer loop
      vertex 104 20.4703 3.1916
      vertex 101.6 20.5 1.513
      vertex 104 20.5 3.1935
    endloop
  endfacet
  facet normal 0.0303498 0.998599 -0.0433441
    outer loop
      vertex 104 19.85 2.4
      vertex 101.6 19.8536 0.802446
      vertex 104 19.8536 2.48294
    endloop
  endfacet
  facet normal 0.030348 0.998599 -0.0433415
    outer loop
      vertex 101.6 19.8536 0.802446
      vertex 104 19.85 2.4
      vertex 101.6 19.85 0.719501
    endloop
  endfacet
  facet normal -0.148551 0.96588 0.212153
    outer loop
      vertex 104 19.8733 2.19359
      vertex 101.6 19.8642 0.554523
      vertex 104 19.8642 2.23502
    endloop
  endfacet
  facet normal -0.148405 0.965949 0.211939
    outer loop
      vertex 101.6 19.8642 0.554523
      vertex 104 19.8733 2.19359
      vertex 101.6 19.8805 0.480233
    endloop
  endfacet
  facet normal -0.0303499 0.998599 0.0433441
    outer loop
      vertex 104 19.8536 2.31706
      vertex 101.6 19.85 0.719501
      vertex 104 19.85 2.4
    endloop
  endfacet
  facet normal -0.0303488 0.998599 0.0433425
    outer loop
      vertex 101.6 19.85 0.719501
      vertex 104 19.8536 2.31706
      vertex 101.6 19.8536 0.636558
    endloop
  endfacet
  facet normal -0.361908 -0.775809 0.516858
    outer loop
      vertex 101.6 53.0259 0.253092
      vertex 104 53.0061 1.90387
      vertex 104 53.0259 1.93359
    endloop
  endfacet
  facet normal -0.362582 -0.774833 0.51785
    outer loop
      vertex 104 53.0061 1.90387
      vertex 101.6 53.0259 0.253092
      vertex 101.6 53.0235 0.249501
    endloop
  endfacet
  facet normal -0.148187 -0.966049 0.211635
    outer loop
      vertex 101.6 53.1195 0.480233
      vertex 104 53.1182 2.15479
      vertex 104 53.1267 2.19359
    endloop
  endfacet
  facet normal -0.148097 -0.966091 0.211505
    outer loop
      vertex 104 53.1182 2.15479
      vertex 101.6 53.1195 0.480233
      vertex 101.6 53.1182 0.474295
    endloop
  endfacet
  facet normal -0.565481 -0.151677 0.810694
    outer loop
      vertex 101.6 52.5679 -0.0696541
      vertex 101.699 52.5711 -1.90735e-07
      vertex 101.6 52.57 -0.0692612
    endloop
  endfacet
  facet normal -0.575423 0 0.817856
    outer loop
      vertex 101.699 52.5711 -1.90735e-07
      vertex 101.6 52.5679 -0.0696541
      vertex 101.699 52.5679 -1.90735e-07
    endloop
  endfacet
  facet normal -0.566421 -0.156592 0.809102
    outer loop
      vertex 104 52.5973 1.61653
      vertex 101.699 52.5679 0
      vertex 104 52.5679 1.61084
    endloop
  endfacet
  facet normal -0.574853 0 0.818257
    outer loop
      vertex 101.699 52.5679 0
      vertex 104 52.5973 1.61653
      vertex 101.699 52.5711 0
    endloop
  endfacet
  facet normal -0.0303499 -0.998599 0.0433441
    outer loop
      vertex 101.6 53.15 0.719501
      vertex 104 53.1464 2.31706
      vertex 104 53.15 2.4
    endloop
  endfacet
  facet normal -0.0303488 -0.998599 0.0433425
    outer loop
      vertex 104 53.1464 2.31706
      vertex 101.6 53.15 0.719501
      vertex 101.6 53.1464 0.636558
    endloop
  endfacet
  facet normal 0.361379 0.776559 -0.516102
    outer loop
      vertex 104 19.9741 2.86641
      vertex 101.6 20.017 1.25046
      vertex 104 20.017 2.93096
    endloop
  endfacet
  facet normal 0.361379 0.776559 -0.516102
    outer loop
      vertex 101.6 20.017 1.25046
      vertex 104 19.9741 2.86641
      vertex 101.6 19.9741 1.18591
    endloop
  endfacet
  facet normal 0.312455 0.8386 -0.446231
    outer loop
      vertex 104 19.9543 2.8292
      vertex 101.6 19.9741 1.18591
      vertex 104 19.9741 2.86641
    endloop
  endfacet
  facet normal 0.312469 0.838583 -0.446253
    outer loop
      vertex 101.6 19.9741 1.18591
      vertex 104 19.9543 2.8292
      vertex 101.6 19.9693 1.17689
    endloop
  endfacet
  facet normal 0.566517 0.156402 -0.809072
    outer loop
      vertex 101.6 20.4321 1.50866
      vertex 104 20.4027 3.18347
      vertex 101.6 20.3753 1.49768
    endloop
  endfacet
  facet normal 0.566502 0.156581 -0.809048
    outer loop
      vertex 104 20.4027 3.18347
      vertex 101.6 20.4321 1.50866
      vertex 104 20.4321 3.18916
    endloop
  endfacet
  facet normal 0.572787 0.052477 -0.818023
    outer loop
      vertex 101.6 20.4427 1.50934
      vertex 104 20.4321 3.18916
      vertex 101.6 20.4321 1.50866
    endloop
  endfacet
  facet normal 0.572793 0.0522513 -0.818033
    outer loop
      vertex 104 20.4321 3.18916
      vertex 101.6 20.4427 1.50934
      vertex 104 20.4703 3.1916
    endloop
  endfacet
  facet normal 0.148558 0.965879 -0.212153
    outer loop
      vertex 104 19.8642 2.56498
      vertex 101.6 19.8661 0.893057
      vertex 104 19.8733 2.60641
    endloop
  endfacet
  facet normal 0.149733 0.965325 -0.213841
    outer loop
      vertex 101.6 19.8661 0.893057
      vertex 104 19.8642 2.56498
      vertex 101.6 19.8642 0.88448
    endloop
  endfacet
  facet normal 0.206422 0.932977 -0.294863
    outer loop
      vertex 104 19.8818 2.64521
      vertex 101.6 19.9033 1.03309
      vertex 104 19.8935 2.68223
    endloop
  endfacet
  facet normal 0.205533 0.933593 -0.293531
    outer loop
      vertex 101.6 19.9033 1.03309
      vertex 104 19.8818 2.64521
      vertex 101.6 19.8818 0.964708
    endloop
  endfacet
  facet normal -0.148187 0.966049 0.211635
    outer loop
      vertex 104 19.8818 2.15479
      vertex 101.6 19.8805 0.480233
      vertex 104 19.8733 2.19359
    endloop
  endfacet
  facet normal -0.148097 0.966091 0.211505
    outer loop
      vertex 101.6 19.8805 0.480233
      vertex 104 19.8818 2.15479
      vertex 101.6 19.8818 0.474295
    endloop
  endfacet
  facet normal -0.206463 0.932969 0.29486
    outer loop
      vertex 104 19.8935 2.11777
      vertex 101.6 19.8818 0.474295
      vertex 104 19.8818 2.15479
    endloop
  endfacet
  facet normal -0.207341 0.932367 0.296146
    outer loop
      vertex 101.6 19.8818 0.474295
      vertex 104 19.8935 2.11777
      vertex 101.6 19.8836 0.468628
    endloop
  endfacet
  facet normal 0.0893658 -0.987788 -0.127627
    outer loop
      vertex 101.6 53.1358 0.88448
      vertex 104 53.1464 2.48294
      vertex 104 53.1358 2.56498
    endloop
  endfacet
  facet normal 0.0893718 -0.987786 -0.127637
    outer loop
      vertex 104 53.1464 2.48294
      vertex 101.6 53.1358 0.88448
      vertex 101.6 53.1464 0.802446
    endloop
  endfacet
  facet normal 0.405543 -0.707171 -0.579175
    outer loop
      vertex 101.6 52.9349 1.30919
      vertex 104 52.983 2.93096
      vertex 104 52.9349 2.98969
    endloop
  endfacet
  facet normal 0.405543 -0.707171 -0.579175
    outer loop
      vertex 104 52.983 2.93096
      vertex 101.6 52.9349 1.30919
      vertex 101.6 52.983 1.25046
    endloop
  endfacet
  facet normal 0.572793 -0.0522513 -0.818033
    outer loop
      vertex 101.6 52.5573 1.50934
      vertex 104 52.5679 3.18916
      vertex 104 52.5297 3.1916
    endloop
  endfacet
  facet normal 0.572787 -0.052477 -0.818023
    outer loop
      vertex 104 52.5679 3.18916
      vertex 101.6 52.5573 1.50934
      vertex 101.6 52.5679 1.50866
    endloop
  endfacet
  facet normal 0.566502 -0.156581 -0.809048
    outer loop
      vertex 101.6 52.5679 1.50866
      vertex 104 52.5973 3.18347
      vertex 104 52.5679 3.18916
    endloop
  endfacet
  facet normal 0.566517 -0.156402 -0.809072
    outer loop
      vertex 104 52.5973 3.18347
      vertex 101.6 52.5679 1.50866
      vertex 101.6 52.6247 1.49768
    endloop
  endfacet
  facet normal 0.554088 -0.258443 -0.791324
    outer loop
      vertex 101.6 52.6351 1.49567
      vertex 104 52.7009 3.15467
      vertex 104 52.6351 3.17616
    endloop
  endfacet
  facet normal 0.554073 -0.258555 -0.791298
    outer loop
      vertex 104 52.7009 3.15467
      vertex 101.6 52.6351 1.49567
      vertex 101.6 52.7009 1.47417
    endloop
  endfacet
  facet normal -0.445502 -0.629858 0.636244
    outer loop
      vertex 101.6 52.9349 0.129815
      vertex 104 52.8821 1.75804
      vertex 104 52.9349 1.81031
    endloop
  endfacet
  facet normal -0.445503 -0.629856 0.636245
    outer loop
      vertex 104 52.8821 1.75804
      vertex 101.6 52.9349 0.129815
      vertex 101.6 52.8821 0.0775452
    endloop
  endfacet
  facet normal -0.148551 -0.96588 0.212153
    outer loop
      vertex 101.6 53.1358 0.554523
      vertex 104 53.1267 2.19359
      vertex 104 53.1358 2.23502
    endloop
  endfacet
  facet normal -0.148405 -0.965949 0.211939
    outer loop
      vertex 104 53.1267 2.19359
      vertex 101.6 53.1358 0.554523
      vertex 101.6 53.1195 0.480233
    endloop
  endfacet
  facet normal 0.148558 -0.965879 -0.212153
    outer loop
      vertex 101.6 53.1339 0.893057
      vertex 104 53.1358 2.56498
      vertex 104 53.1267 2.60641
    endloop
  endfacet
  facet normal 0.149733 -0.965325 -0.213841
    outer loop
      vertex 104 53.1358 2.56498
      vertex 101.6 53.1339 0.893057
      vertex 101.6 53.1358 0.88448
    endloop
  endfacet
  facet normal 0.511016 -0.454142 -0.729806
    outer loop
      vertex 101.6 52.7644 1.4444
      vertex 104 52.825 3.08719
      vertex 104 52.7644 3.1249
    endloop
  endfacet
  facet normal 0.511042 -0.454047 -0.729847
    outer loop
      vertex 104 52.825 3.08719
      vertex 101.6 52.7644 1.4444
      vertex 101.6 52.825 1.4067
    endloop
  endfacet
  facet normal 0.261051 0.890426 -0.372819
    outer loop
      vertex 104 19.9225 2.76188
      vertex 101.6 19.9371 1.11625
      vertex 104 19.9371 2.79675
    endloop
  endfacet
  facet normal 0.260441 0.890978 -0.371925
    outer loop
      vertex 101.6 19.9371 1.11625
      vertex 104 19.9225 2.76188
      vertex 101.6 19.9099 1.05109
    endloop
  endfacet
  facet normal 0.259999 0.891365 -0.371307
    outer loop
      vertex 104 19.9062 2.72275
      vertex 101.6 19.9099 1.05109
      vertex 104 19.9225 2.76188
    endloop
  endfacet
  facet normal 0.260979 0.89049 -0.372716
    outer loop
      vertex 101.6 19.9099 1.05109
      vertex 104 19.9062 2.72275
      vertex 101.6 19.9062 1.04225
    endloop
  endfacet
  facet normal 0.445503 0.629857 -0.636244
    outer loop
      vertex 101.6 20.0651 1.30919
      vertex 104 20.1179 3.04196
      vertex 104 20.0651 2.98969
    endloop
  endfacet
  facet normal 0.445503 0.629857 -0.636244
    outer loop
      vertex 104 20.1179 3.04196
      vertex 101.6 20.0651 1.30919
      vertex 101.6 20.1179 1.36146
    endloop
  endfacet
  facet normal 0.0893658 0.987788 -0.127627
    outer loop
      vertex 104 19.8536 2.48294
      vertex 101.6 19.8642 0.88448
      vertex 104 19.8642 2.56498
    endloop
  endfacet
  facet normal 0.0893718 0.987786 -0.127637
    outer loop
      vertex 101.6 19.8642 0.88448
      vertex 104 19.8536 2.48294
      vertex 101.6 19.8536 0.802446
    endloop
  endfacet
  facet normal 0.148188 0.966049 -0.211634
    outer loop
      vertex 104 19.8733 2.60641
      vertex 101.6 19.8818 0.964708
      vertex 104 19.8818 2.64521
    endloop
  endfacet
  facet normal 0.148216 0.966036 -0.211676
    outer loop
      vertex 101.6 19.8818 0.964708
      vertex 104 19.8733 2.60641
      vertex 101.6 19.8661 0.893057
    endloop
  endfacet
  facet normal 0.148188 -0.966049 -0.211634
    outer loop
      vertex 101.6 53.1182 0.964708
      vertex 104 53.1267 2.60641
      vertex 104 53.1182 2.64521
    endloop
  endfacet
  facet normal 0.148216 -0.966036 -0.211676
    outer loop
      vertex 104 53.1267 2.60641
      vertex 101.6 53.1182 0.964708
      vertex 101.6 53.1339 0.893057
    endloop
  endfacet
  facet normal -0.204998 -0.933963 0.292728
    outer loop
      vertex 101.6 53.1164 0.468628
      vertex 104 53.0938 2.07725
      vertex 104 53.1065 2.11777
    endloop
  endfacet
  facet normal -0.205549 -0.933582 0.293555
    outer loop
      vertex 104 53.0938 2.07725
      vertex 101.6 53.1164 0.468628
      vertex 101.6 53.0938 0.396754
    endloop
  endfacet
  facet normal -0.259992 -0.891367 0.371308
    outer loop
      vertex 101.6 53.0938 0.396754
      vertex 104 53.0775 2.03812
      vertex 104 53.0938 2.07725
    endloop
  endfacet
  facet normal -0.260541 -0.89087 0.372115
    outer loop
      vertex 104 53.0775 2.03812
      vertex 101.6 53.0938 0.396754
      vertex 101.6 53.0648 0.327326
    endloop
  endfacet
  facet normal -0.206463 -0.932969 0.29486
    outer loop
      vertex 101.6 53.1182 0.474295
      vertex 104 53.1065 2.11777
      vertex 104 53.1182 2.15479
    endloop
  endfacet
  facet normal -0.207341 -0.932367 0.296146
    outer loop
      vertex 104 53.1065 2.11777
      vertex 101.6 53.1182 0.474295
      vertex 101.6 53.1164 0.468628
    endloop
  endfacet
  facet normal 0.566511 -0.156462 -0.809064
    outer loop
      vertex 101.6 52.6247 1.49768
      vertex 104 52.6351 3.17616
      vertex 104 52.5973 3.18347
    endloop
  endfacet
  facet normal 0.566519 -0.15637 -0.809077
    outer loop
      vertex 104 52.6351 3.17616
      vertex 101.6 52.6247 1.49768
      vertex 101.6 52.6351 1.49567
    endloop
  endfacet
  facet normal 0.572791 -0.0523318 -0.818029
    outer loop
      vertex 101.6 52.5 1.513
      vertex 104 52.5297 3.1916
      vertex 104 52.5 3.1935
    endloop
  endfacet
  facet normal 0.572793 -0.0522513 -0.818033
    outer loop
      vertex 104 52.5297 3.1916
      vertex 101.6 52.5 1.513
      vertex 101.6 52.5573 1.50934
    endloop
  endfacet
  facet normal -0.48116 -0.54432 0.687169
    outer loop
      vertex 101.6 52.8821 0.0775452
      vertex 104 52.825 1.71281
      vertex 104 52.8821 1.75804
    endloop
  endfacet
  facet normal -0.481139 -0.544379 0.687136
    outer loop
      vertex 104 52.825 1.71281
      vertex 101.6 52.8821 0.0775452
      vertex 101.6 52.825 0.0323081
    endloop
  endfacet
  facet normal -0.566117 -0.156647 0.809304
    outer loop
      vertex 101.6 52.57 -0.0692612
      vertex 101.681 52.6351 -1.90735e-07
      vertex 101.6 52.6351 -0.0566606
    endloop
  endfacet
  facet normal -0.564782 -0.158845 0.809808
    outer loop
      vertex 101.681 52.6351 -1.90735e-07
      vertex 101.6 52.57 -0.0692612
      vertex 101.699 52.5711 -1.90735e-07
    endloop
  endfacet
  facet normal -0.566581 -0.156453 0.809017
    outer loop
      vertex 104 52.6351 1.62384
      vertex 101.699 52.5711 0
      vertex 104 52.5973 1.61653
    endloop
  endfacet
  facet normal -0.566269 -0.159263 0.808687
    outer loop
      vertex 101.699 52.5711 0
      vertex 104 52.6351 1.62384
      vertex 101.681 52.6351 0
    endloop
  endfacet
  facet normal -0.574595 -0.053615 0.81668
    outer loop
      vertex 101.6 52.5659 -0.0697854
      vertex 101.699 52.5679 -1.90735e-07
      vertex 101.6 52.5679 -0.0696541
    endloop
  endfacet
  facet normal -0.564721 -0.176475 0.806193
    outer loop
      vertex 101.699 52.5679 -1.90735e-07
      vertex 101.6 52.5659 -0.0697854
      vertex 101.7 52.5647 -1.90735e-07
    endloop
  endfacet
  facet normal -0.572823 -0.0525065 0.817996
    outer loop
      vertex 104 52.5679 1.61084
      vertex 101.7 52.5647 0
      vertex 104 52.5383 1.60894
    endloop
  endfacet
  facet normal -0.564502 -0.176407 0.806361
    outer loop
      vertex 101.7 52.5647 0
      vertex 104 52.5679 1.61084
      vertex 101.699 52.5679 0
    endloop
  endfacet
  facet normal -0.0893659 -0.987788 0.127627
    outer loop
      vertex 101.6 53.1464 0.636558
      vertex 104 53.1358 2.23502
      vertex 104 53.1464 2.31706
    endloop
  endfacet
  facet normal -0.0893709 -0.987786 0.127635
    outer loop
      vertex 104 53.1358 2.23502
      vertex 101.6 53.1464 0.636558
      vertex 101.6 53.1358 0.554523
    endloop
  endfacet
  facet normal 0.312455 -0.8386 -0.446231
    outer loop
      vertex 101.6 53.0259 1.18591
      vertex 104 53.0457 2.8292
      vertex 104 53.0259 2.86641
    endloop
  endfacet
  facet normal 0.312469 -0.838583 -0.446253
    outer loop
      vertex 104 53.0457 2.8292
      vertex 101.6 53.0259 1.18591
      vertex 101.6 53.0307 1.17689
    endloop
  endfacet
  facet normal 0.361379 -0.776559 -0.516102
    outer loop
      vertex 101.6 52.983 1.25046
      vertex 104 53.0259 2.86641
      vertex 104 52.983 2.93096
    endloop
  endfacet
  facet normal 0.361379 -0.776559 -0.516102
    outer loop
      vertex 104 53.0259 2.86641
      vertex 101.6 52.983 1.25046
      vertex 101.6 53.0259 1.18591
    endloop
  endfacet
  facet normal 0.311618 -0.839562 -0.445006
    outer loop
      vertex 101.6 53.0307 1.17689
      vertex 104 53.0629 2.79675
      vertex 104 53.0457 2.8292
    endloop
  endfacet
  facet normal 0.311995 -0.83912 -0.445575
    outer loop
      vertex 104 53.0629 2.79675
      vertex 101.6 53.0307 1.17689
      vertex 101.6 53.0629 1.11625
    endloop
  endfacet
  facet normal 0.261051 -0.890426 -0.372819
    outer loop
      vertex 101.6 53.0629 1.11625
      vertex 104 53.0775 2.76188
      vertex 104 53.0629 2.79675
    endloop
  endfacet
  facet normal 0.260441 -0.890978 -0.371925
    outer loop
      vertex 104 53.0775 2.76188
      vertex 101.6 53.0629 1.11625
      vertex 101.6 53.0901 1.05109
    endloop
  endfacet
  facet normal 0.311618 0.839562 -0.445006
    outer loop
      vertex 104 19.9371 2.79675
      vertex 101.6 19.9693 1.17689
      vertex 104 19.9543 2.8292
    endloop
  endfacet
  facet normal 0.311995 0.83912 -0.445575
    outer loop
      vertex 101.6 19.9693 1.17689
      vertex 104 19.9371 2.79675
      vertex 101.6 19.9371 1.11625
    endloop
  endfacet
  facet normal -0.312423 -0.838609 0.446236
    outer loop
      vertex 101.6 53.0606 0.318492
      vertex 104 53.0259 1.93359
      vertex 104 53.0457 1.9708
    endloop
  endfacet
  facet normal -0.31182 -0.839317 0.445326
    outer loop
      vertex 104 53.0259 1.93359
      vertex 101.6 53.0606 0.318492
      vertex 101.6 53.0259 0.253092
    endloop
  endfacet
  facet normal -0.521411 -0.362165 0.772637
    outer loop
      vertex 101.6 52.7009 -0.0351639
      vertex 101.608 52.7644 -1.90735e-07
      vertex 101.6 52.7644 -0.00539896
    endloop
  endfacet
  facet normal -0.537655 -0.355615 0.764503
    outer loop
      vertex 101.608 52.7644 -1.90735e-07
      vertex 101.6 52.7009 -0.0351639
      vertex 101.65 52.7009 -1.90735e-07
    endloop
  endfacet
  facet normal -0.535413 -0.358516 0.764722
    outer loop
      vertex 104 52.7644 1.6751
      vertex 101.65 52.7009 0
      vertex 104 52.7009 1.64533
    endloop
  endfacet
  facet normal -0.53632 -0.354731 0.765851
    outer loop
      vertex 101.65 52.7009 0
      vertex 104 52.7644 1.6751
      vertex 101.608 52.7644 0
    endloop
  endfacet
  facet normal -0.497436 -0.457412 0.73711
    outer loop
      vertex 101.608 52.7644 -1.90735e-07
      vertex 101.6 52.7731 -1.90735e-07
      vertex 101.6 52.7644 -0.00539896
    endloop
  endfacet
  facet normal -0.511062 -0.454128 0.729783
    outer loop
      vertex 104 52.825 1.71281
      vertex 101.608 52.7644 0
      vertex 104 52.7644 1.6751
    endloop
  endfacet
  facet normal -0.510458 -0.456048 0.729008
    outer loop
      vertex 101.6 52.825 0.0323081
      vertex 101.608 52.7644 0
      vertex 104 52.825 1.71281
    endloop
  endfacet
  facet normal -0.498287 -0.458195 0.736048
    outer loop
      vertex 101.608 52.7644 0
      vertex 101.6 52.825 0.0323081
      vertex 101.6 52.7731 0
    endloop
  endfacet
  facet normal 0.204972 -0.933968 -0.292729
    outer loop
      vertex 101.6 53.0938 1.04225
      vertex 104 53.1065 2.68223
      vertex 104 53.0938 2.72275
    endloop
  endfacet
  facet normal 0.206728 -0.932768 -0.295309
    outer loop
      vertex 104 53.1065 2.68223
      vertex 101.6 53.0938 1.04225
      vertex 101.6 53.0967 1.03309
    endloop
  endfacet
  facet normal 0.445503 -0.629857 -0.636244
    outer loop
      vertex 101.6 52.8821 1.36146
      vertex 104 52.9349 2.98969
      vertex 104 52.8821 3.04196
    endloop
  endfacet
  facet normal 0.445503 -0.629857 -0.636244
    outer loop
      vertex 104 52.9349 2.98969
      vertex 101.6 52.8821 1.36146
      vertex 101.6 52.9349 1.30919
    endloop
  endfacet
  facet normal -0.311599 -0.839567 0.445009
    outer loop
      vertex 101.6 53.0629 0.32275
      vertex 104 53.0457 1.9708
      vertex 104 53.0629 2.00325
    endloop
  endfacet
  facet normal -0.315652 -0.834865 0.45096
    outer loop
      vertex 104 53.0457 1.9708
      vertex 101.6 53.0629 0.32275
      vertex 101.6 53.0606 0.318492
    endloop
  endfacet
  facet normal -0.261046 -0.890427 0.37282
    outer loop
      vertex 101.6 53.0648 0.327326
      vertex 104 53.0629 2.00325
      vertex 104 53.0775 2.03812
    endloop
  endfacet
  facet normal -0.259322 -0.89196 0.37035
    outer loop
      vertex 104 53.0629 2.00325
      vertex 101.6 53.0648 0.327326
      vertex 101.6 53.0629 0.32275
    endloop
  endfacet
  facet normal -0.554091 0.258443 -0.791322
    outer loop
      vertex 0 20.2991 6.35467
      vertex 2.4 20.3649 4.69566
      vertex 2.4 20.2991 4.67417
    endloop
  endfacet
  facet normal -0.554091 0.258443 -0.791322
    outer loop
      vertex 2.4 20.3649 4.69566
      vertex 0 20.2991 6.35467
      vertex 0 20.3649 6.37616
    endloop
  endfacet
  facet normal 0.572793 0.0522597 0.818032
    outer loop
      vertex 0 20.4703 4.8084
      vertex 2.4 20.4321 3.13034
      vertex 2.4 20.498 3.12613
    endloop
  endfacet
  facet normal 0.572793 0.0522513 0.818033
    outer loop
      vertex 2.4 20.4321 3.13034
      vertex 0 20.4703 4.8084
      vertex 0 20.4321 4.81084
    endloop
  endfacet
  facet normal 0.572766 0.0531695 0.817993
    outer loop
      vertex 0 20.5 4.8065
      vertex 2.4 20.498 3.12613
      vertex 2.4 20.5 3.126
    endloop
  endfacet
  facet normal 0.57279 0.0523319 0.81803
    outer loop
      vertex 2.4 20.498 3.12613
      vertex 0 20.5 4.8065
      vertex 0 20.4703 4.8084
    endloop
  endfacet
  facet normal 0.56672 0.154164 0.809359
    outer loop
      vertex 0 20.4321 4.81084
      vertex 2.4 20.43 3.13074
      vertex 2.4 20.4321 3.13034
    endloop
  endfacet
  facet normal 0.566503 0.156581 0.809047
    outer loop
      vertex 2.4 20.43 3.13074
      vertex 0 20.4321 4.81084
      vertex 0 20.4027 4.81653
    endloop
  endfacet
  facet normal -0.445503 0.629857 -0.636244
    outer loop
      vertex 0 20.0651 6.18969
      vertex 2.4 20.1179 4.56146
      vertex 2.4 20.0651 4.50919
    endloop
  endfacet
  facet normal -0.445503 0.629857 -0.636244
    outer loop
      vertex 2.4 20.1179 4.56146
      vertex 0 20.0651 6.18969
      vertex 0 20.1179 6.24196
    endloop
  endfacet
  facet normal -0.148557 0.965879 -0.212153
    outer loop
      vertex 2.4 19.8661 4.09306
      vertex 0 19.8642 5.76498
      vertex 0 19.8733 5.80641
    endloop
  endfacet
  facet normal -0.149685 0.965348 -0.213772
    outer loop
      vertex 0 19.8642 5.76498
      vertex 2.4 19.8661 4.09306
      vertex 2.4 19.8642 4.08448
    endloop
  endfacet
  facet normal -0.573575 0 -0.819153
    outer loop
      vertex 2.4 20.5 4.71301
      vertex 0 20.5 6.3935
      vertex 2.4 41.6731 4.71301
    endloop
  endfacet
  facet normal -0.573578 -1.01847e-06 -0.819151
    outer loop
      vertex 0 52.5 6.3935
      vertex 3.32177 47.814 4.06757
      vertex 2.4 41.6731 4.71301
    endloop
  endfacet
  facet normal -0.573575 -0 -0.819153
    outer loop
      vertex 0 52.5 6.3935
      vertex 2.4 41.6731 4.71301
      vertex 0 20.5 6.3935
    endloop
  endfacet
  facet normal -0.573577 0 -0.819152
    outer loop
      vertex 3.32177 47.814 4.06757
      vertex 0 52.5 6.3935
      vertex 3.32177 52.5 4.06757
    endloop
  endfacet
  facet normal -0.572796 0.0521153 -0.818039
    outer loop
      vertex 0 20.5 6.3935
      vertex 2.4 20.4894 4.71233
      vertex 0 20.4617 6.39106
    endloop
  endfacet
  facet normal -0.572784 0.0524771 -0.818025
    outer loop
      vertex 2.4 20.4894 4.71233
      vertex 0 20.5 6.3935
      vertex 2.4 20.5 4.71301
    endloop
  endfacet
  facet normal -0.261051 0.890426 -0.372819
    outer loop
      vertex 2.4 19.9371 4.31625
      vertex 0 19.9225 5.96188
      vertex 0 19.9371 5.99675
    endloop
  endfacet
  facet normal -0.260441 0.890978 -0.371925
    outer loop
      vertex 0 19.9225 5.96188
      vertex 2.4 19.9371 4.31625
      vertex 2.4 19.9099 4.25109
    endloop
  endfacet
  facet normal -0.554069 -0.258578 -0.791293
    outer loop
      vertex 0 52.6351 6.37616
      vertex 3.30352 52.7009 4.04151
      vertex 3.31362 52.6351 4.05594
    endloop
  endfacet
  facet normal -0.554092 -0.258442 -0.791322
    outer loop
      vertex 3.30352 52.7009 4.04151
      vertex 0 52.6351 6.37616
      vertex 0 52.7009 6.35467
    endloop
  endfacet
  facet normal 0.573577 0 0.819152
    outer loop
      vertex 0 52.5 4.8065
      vertex 2.4 20.5 3.126
      vertex 2.4 52.5 3.126
    endloop
  endfacet
  facet normal 0.573577 0 0.819152
    outer loop
      vertex 2.4 20.5 3.126
      vertex 0 52.5 4.8065
      vertex 0 20.5 4.8065
    endloop
  endfacet
  facet normal 0.445503 0.629857 0.636244
    outer loop
      vertex 0 20.1179 4.95804
      vertex 2.4 20.0651 3.32981
      vertex 2.4 20.1179 3.27754
    endloop
  endfacet
  facet normal 0.445503 0.629857 0.636244
    outer loop
      vertex 2.4 20.0651 3.32981
      vertex 0 20.1179 4.95804
      vertex 0 20.0651 5.01031
    endloop
  endfacet
  facet normal 0.204998 0.933963 0.292728
    outer loop
      vertex 2.4 19.8836 3.66863
      vertex 0 19.9062 5.27725
      vertex 0 19.8935 5.31777
    endloop
  endfacet
  facet normal 0.205534 0.933592 0.293533
    outer loop
      vertex 0 19.9062 5.27725
      vertex 2.4 19.8836 3.66863
      vertex 2.4 19.9062 3.59675
    endloop
  endfacet
  facet normal 0.259993 0.891367 0.371308
    outer loop
      vertex 2.4 19.9062 3.59675
      vertex 0 19.9225 5.23812
      vertex 0 19.9062 5.27725
    endloop
  endfacet
  facet normal 0.260536 0.890875 0.372107
    outer loop
      vertex 0 19.9225 5.23812
      vertex 2.4 19.9062 3.59675
      vertex 2.4 19.9352 3.52732
    endloop
  endfacet
  facet normal 0.57279 -0.0523319 0.81803
    outer loop
      vertex 0 52.5 4.8065
      vertex 2.4 52.502 3.12613
      vertex 0 52.5297 4.8084
    endloop
  endfacet
  facet normal 0.572766 -0.0531695 0.817993
    outer loop
      vertex 2.4 52.502 3.12613
      vertex 0 52.5 4.8065
      vertex 2.4 52.5 3.126
    endloop
  endfacet
  facet normal 0.566502 0.156589 0.809046
    outer loop
      vertex 0 20.4027 4.81653
      vertex 2.4 20.3649 3.14334
      vertex 2.4 20.43 3.13074
    endloop
  endfacet
  facet normal 0.566513 0.156462 0.809063
    outer loop
      vertex 2.4 20.3649 3.14334
      vertex 0 20.4027 4.81653
      vertex 0 20.3649 4.82384
    endloop
  endfacet
  facet normal -0.48113 0.544404 -0.687123
    outer loop
      vertex 0 20.1179 6.24196
      vertex 2.4 20.175 4.6067
      vertex 2.4 20.1179 4.56146
    endloop
  endfacet
  facet normal -0.481159 0.54432 -0.687169
    outer loop
      vertex 2.4 20.175 4.6067
      vertex 0 20.1179 6.24196
      vertex 0 20.175 6.28719
    endloop
  endfacet
  facet normal 0.361379 0.776559 0.516102
    outer loop
      vertex 2.4 19.9741 3.45309
      vertex 0 20.017 5.06904
      vertex 0 19.9741 5.13359
    endloop
  endfacet
  facet normal 0.361379 0.776559 0.516102
    outer loop
      vertex 0 20.017 5.06904
      vertex 2.4 19.9741 3.45309
      vertex 2.4 20.017 3.38854
    endloop
  endfacet
  facet normal 0.206464 0.932968 0.29486
    outer loop
      vertex 2.4 19.8818 3.67429
      vertex 0 19.8935 5.31777
      vertex 0 19.8818 5.35479
    endloop
  endfacet
  facet normal 0.207559 0.932217 0.296465
    outer loop
      vertex 0 19.8935 5.31777
      vertex 2.4 19.8818 3.67429
      vertex 2.4 19.8836 3.66863
    endloop
  endfacet
  facet normal -0.819188 0 0.573525
    outer loop
      vertex 3.19842 49.4901 3.8914
      vertex 3.27182 52.825 3.99624
      vertex 3.19842 52.983 3.8914
    endloop
  endfacet
  facet normal -0.819188 0 0.573525
    outer loop
      vertex 3.27182 52.825 3.99624
      vertex 3.19842 49.4901 3.8914
      vertex 3.27182 48.4927 3.99624
    endloop
  endfacet
  facet normal -0.566512 -0.156462 -0.809064
    outer loop
      vertex 0 52.6351 6.37616
      vertex 3.31362 52.6351 4.05594
      vertex 0 52.5973 6.38347
    endloop
  endfacet
  facet normal -0.572797 -0.0521153 -0.818039
    outer loop
      vertex 0 52.5383 6.39106
      vertex 3.32177 52.5 4.06757
      vertex 0 52.5 6.3935
    endloop
  endfacet
  facet normal -0.818934 0 0.573888
    outer loop
      vertex 3.31362 47.9247 4.05594
      vertex 3.32177 52.5 4.06757
      vertex 3.31362 52.6351 4.05594
    endloop
  endfacet
  facet normal -0.818934 0 0.573888
    outer loop
      vertex 3.32177 52.5 4.06757
      vertex 3.31362 47.9247 4.05594
      vertex 3.32177 47.814 4.06757
    endloop
  endfacet
  facet normal 0.511016 0.454142 0.729806
    outer loop
      vertex 0 20.2356 4.8751
      vertex 2.4 20.175 3.23231
      vertex 2.4 20.2356 3.1946
    endloop
  endfacet
  facet normal 0.511042 0.454047 0.729847
    outer loop
      vertex 2.4 20.175 3.23231
      vertex 0 20.2356 4.8751
      vertex 0 20.175 4.9128
    endloop
  endfacet
  facet normal 0.53545 0.358506 0.764701
    outer loop
      vertex 0 20.2991 4.84533
      vertex 2.4 20.2356 3.1946
      vertex 2.4 20.2991 3.16483
    endloop
  endfacet
  facet normal 0.53545 0.358506 0.764701
    outer loop
      vertex 2.4 20.2356 3.1946
      vertex 0 20.2991 4.84533
      vertex 0 20.2356 4.8751
    endloop
  endfacet
  facet normal 0.148551 0.96588 0.212153
    outer loop
      vertex 2.4 19.8642 3.75452
      vertex 0 19.8733 5.39359
      vertex 0 19.8642 5.43502
    endloop
  endfacet
  facet normal 0.148406 0.965949 0.211939
    outer loop
      vertex 0 19.8733 5.39359
      vertex 2.4 19.8642 3.75452
      vertex 2.4 19.8805 3.68023
    endloop
  endfacet
  facet normal 0.0303499 0.998599 0.0433441
    outer loop
      vertex 2.4 19.85 3.9195
      vertex 0 19.8536 5.51706
      vertex 0 19.85 5.6
    endloop
  endfacet
  facet normal 0.0303499 0.998599 0.0433441
    outer loop
      vertex 0 19.8536 5.51706
      vertex 2.4 19.85 3.9195
      vertex 2.4 19.8536 3.83656
    endloop
  endfacet
  facet normal 0.312455 0.8386 0.446231
    outer loop
      vertex 2.4 19.9393 3.51849
      vertex 0 19.9741 5.13359
      vertex 0 19.9543 5.1708
    endloop
  endfacet
  facet normal 0.312453 0.838602 0.446229
    outer loop
      vertex 0 19.9741 5.13359
      vertex 2.4 19.9393 3.51849
      vertex 2.4 19.9741 3.45309
    endloop
  endfacet
  facet normal 0.405543 0.707171 0.579175
    outer loop
      vertex 2.4 20.017 3.38854
      vertex 0 20.0651 5.01031
      vertex 0 20.017 5.06904
    endloop
  endfacet
  facet normal 0.405543 0.707171 0.579175
    outer loop
      vertex 0 20.0651 5.01031
      vertex 2.4 20.017 3.38854
      vertex 2.4 20.0651 3.32981
    endloop
  endfacet
  facet normal -0.148188 0.966049 -0.211634
    outer loop
      vertex 2.4 19.8818 4.16471
      vertex 0 19.8733 5.80641
      vertex 0 19.8818 5.84521
    endloop
  endfacet
  facet normal -0.148218 0.966035 -0.211678
    outer loop
      vertex 0 19.8733 5.80641
      vertex 2.4 19.8818 4.16471
      vertex 2.4 19.8661 4.09306
    endloop
  endfacet
  facet normal -0.311618 0.839562 -0.445006
    outer loop
      vertex 2.4 19.9693 4.37689
      vertex 0 19.9371 5.99675
      vertex 0 19.9543 6.0292
    endloop
  endfacet
  facet normal -0.311995 0.83912 -0.445575
    outer loop
      vertex 0 19.9371 5.99675
      vertex 2.4 19.9693 4.37689
      vertex 2.4 19.9371 4.31625
    endloop
  endfacet
  facet normal -0.361379 0.776559 -0.516102
    outer loop
      vertex 2.4 20.017 4.45046
      vertex 0 19.9741 6.06641
      vertex 0 20.017 6.13096
    endloop
  endfacet
  facet normal -0.361379 0.776559 -0.516102
    outer loop
      vertex 0 19.9741 6.06641
      vertex 2.4 20.017 4.45046
      vertex 2.4 19.9741 4.38591
    endloop
  endfacet
  facet normal -0.0303499 0.998599 -0.0433441
    outer loop
      vertex 2.4 19.8536 4.00244
      vertex 0 19.85 5.6
      vertex 0 19.8536 5.68294
    endloop
  endfacet
  facet normal -0.0303499 0.998599 -0.0433441
    outer loop
      vertex 0 19.85 5.6
      vertex 2.4 19.8536 4.00244
      vertex 2.4 19.85 3.9195
    endloop
  endfacet
  facet normal -0.819032 -1.79696e-05 0.573748
    outer loop
      vertex 3.32177 52.5 4.06757
      vertex 3.31973 52.5679 4.06466
      vertex 3.31362 52.6351 4.05594
    endloop
  endfacet
  facet normal -0.818813 0.000237367 0.574061
    outer loop
      vertex 3.31362 52.6351 4.05594
      vertex 3.28954 52.7644 4.02154
      vertex 3.27182 52.825 3.99624
    endloop
  endfacet
  facet normal 0.572793 -0.0522513 0.818033
    outer loop
      vertex 0 52.5297 4.8084
      vertex 2.4 52.5679 3.13034
      vertex 0 52.5679 4.81084
    endloop
  endfacet
  facet normal 0.572793 -0.0522597 0.818032
    outer loop
      vertex 2.4 52.5679 3.13034
      vertex 0 52.5297 4.8084
      vertex 2.4 52.502 3.12613
    endloop
  endfacet
  facet normal 0.554091 0.258443 0.791322
    outer loop
      vertex 0 20.3649 4.82384
      vertex 2.4 20.2991 3.16483
      vertex 2.4 20.3649 3.14334
    endloop
  endfacet
  facet normal 0.554091 0.258443 0.791322
    outer loop
      vertex 2.4 20.2991 3.16483
      vertex 0 20.3649 4.82384
      vertex 0 20.2991 4.84533
    endloop
  endfacet
  facet normal 0.481159 0.54432 0.687169
    outer loop
      vertex 0 20.175 4.9128
      vertex 2.4 20.1179 3.27754
      vertex 2.4 20.175 3.23231
    endloop
  endfacet
  facet normal 0.48113 0.544404 0.687123
    outer loop
      vertex 2.4 20.1179 3.27754
      vertex 0 20.175 4.9128
      vertex 0 20.1179 4.95804
    endloop
  endfacet
  facet normal 0.148188 0.966049 0.211635
    outer loop
      vertex 2.4 19.8805 3.68023
      vertex 0 19.8818 5.35479
      vertex 0 19.8733 5.39359
    endloop
  endfacet
  facet normal 0.148051 0.966113 0.211439
    outer loop
      vertex 0 19.8818 5.35479
      vertex 2.4 19.8805 3.68023
      vertex 2.4 19.8818 3.67429
    endloop
  endfacet
  facet normal 0.311599 0.839567 0.445009
    outer loop
      vertex 2.4 19.9371 3.52275
      vertex 0 19.9543 5.1708
      vertex 0 19.9371 5.20325
    endloop
  endfacet
  facet normal 0.306035 0.845881 0.43684
    outer loop
      vertex 0 19.9543 5.1708
      vertex 2.4 19.9371 3.52275
      vertex 2.4 19.9393 3.51849
    endloop
  endfacet
  facet normal 0.261047 0.890427 0.37282
    outer loop
      vertex 2.4 19.9352 3.52732
      vertex 0 19.9371 5.20325
      vertex 0 19.9225 5.23812
    endloop
  endfacet
  facet normal 0.259593 0.89172 0.370737
    outer loop
      vertex 0 19.9371 5.20325
      vertex 2.4 19.9352 3.52732
      vertex 2.4 19.9371 3.52275
    endloop
  endfacet
  facet normal -0.0893658 0.987788 -0.127627
    outer loop
      vertex 2.4 19.8642 4.08448
      vertex 0 19.8536 5.68294
      vertex 0 19.8642 5.76498
    endloop
  endfacet
  facet normal -0.0893658 0.987788 -0.127627
    outer loop
      vertex 0 19.8536 5.68294
      vertex 2.4 19.8642 4.08448
      vertex 2.4 19.8536 4.00244
    endloop
  endfacet
  facet normal -0.405543 0.707171 -0.579175
    outer loop
      vertex 2.4 20.0651 4.50919
      vertex 0 20.017 6.13096
      vertex 0 20.0651 6.18969
    endloop
  endfacet
  facet normal -0.405543 0.707171 -0.579175
    outer loop
      vertex 0 20.017 6.13096
      vertex 2.4 20.0651 4.50919
      vertex 2.4 20.017 4.45046
    endloop
  endfacet
  facet normal -0.819155 2.50977e-05 0.573572
    outer loop
      vertex 2.9499 52.8669 3.53649
      vertex 3.10059 53.0938 3.75169
      vertex 2.94225 52.9709 3.52556
    endloop
  endfacet
  facet normal -0.819142 -1.71219e-06 0.573591
    outer loop
      vertex 3.10059 53.0938 3.75169
      vertex 2.9499 52.8669 3.53649
      vertex 3.19842 52.983 3.8914
    endloop
  endfacet
  facet normal -0.566509 -0.156494 -0.809059
    outer loop
      vertex 0 52.5679 6.38916
      vertex 3.31362 52.6351 4.05594
      vertex 3.31973 52.5679 4.06466
    endloop
  endfacet
  facet normal -0.5665 -0.156581 -0.809049
    outer loop
      vertex 3.31362 52.6351 4.05594
      vertex 0 52.5679 6.38916
      vertex 0 52.5973 6.38347
    endloop
  endfacet
  facet normal -0.572794 -0.0522676 -0.818031
    outer loop
      vertex 0 52.5383 6.39106
      vertex 3.31973 52.5679 4.06466
      vertex 3.32177 52.5 4.06757
    endloop
  endfacet
  facet normal -0.572785 -0.0525082 -0.818022
    outer loop
      vertex 3.31973 52.5679 4.06466
      vertex 0 52.5383 6.39106
      vertex 0 52.5679 6.38916
    endloop
  endfacet
  facet normal 0.0893658 0.987788 0.127627
    outer loop
      vertex 2.4 19.8536 3.83656
      vertex 0 19.8642 5.43502
      vertex 0 19.8536 5.51706
    endloop
  endfacet
  facet normal 0.0893658 0.987788 0.127627
    outer loop
      vertex 0 19.8642 5.43502
      vertex 2.4 19.8536 3.83656
      vertex 2.4 19.8642 3.75452
    endloop
  endfacet
  facet normal -0.204972 -0.933968 -0.292729
    outer loop
      vertex 0 53.1065 5.88223
      vertex 3.10059 53.0938 3.75169
      vertex 0 53.0938 5.92275
    endloop
  endfacet
  facet normal 0.204972 -0.933968 0.292729
    outer loop
      vertex 2.52012 53.0938 3.51264
      vertex 0 53.1065 5.31777
      vertex 0 53.0938 5.27725
    endloop
  endfacet
  facet normal 0.205929 -0.933339 0.294062
    outer loop
      vertex 0 53.1065 5.31777
      vertex 2.52012 53.0938 3.51264
      vertex 2.63061 53.1174 3.51017
    endloop
  endfacet
  facet normal -0.206422 0.932977 -0.294863
    outer loop
      vertex 2.4 19.9033 4.23309
      vertex 0 19.8818 5.84521
      vertex 0 19.8935 5.88223
    endloop
  endfacet
  facet normal -0.205538 0.933589 -0.293539
    outer loop
      vertex 0 19.8818 5.84521
      vertex 2.4 19.9033 4.23309
      vertex 2.4 19.8818 4.16471
    endloop
  endfacet
  facet normal -0.53545 0.358506 -0.764701
    outer loop
      vertex 0 20.2356 6.3249
      vertex 2.4 20.2991 4.67417
      vertex 2.4 20.2356 4.6444
    endloop
  endfacet
  facet normal -0.53545 0.358506 -0.764701
    outer loop
      vertex 2.4 20.2991 4.67417
      vertex 0 20.2356 6.3249
      vertex 0 20.2991 6.35467
    endloop
  endfacet
  facet normal -0.566517 0.156402 -0.809072
    outer loop
      vertex 0 20.4027 6.38347
      vertex 2.4 20.4321 4.70866
      vertex 2.4 20.3753 4.69768
    endloop
  endfacet
  facet normal -0.566502 0.156581 -0.809048
    outer loop
      vertex 2.4 20.4321 4.70866
      vertex 0 20.4027 6.38347
      vertex 0 20.4321 6.38916
    endloop
  endfacet
  facet normal -0.572786 0.0525082 -0.818022
    outer loop
      vertex 0 20.4617 6.39106
      vertex 2.4 20.4321 4.70866
      vertex 0 20.4321 6.38916
    endloop
  endfacet
  facet normal -0.57279 0.0523936 -0.818026
    outer loop
      vertex 2.4 20.4321 4.70866
      vertex 0 20.4617 6.39106
      vertex 2.4 20.4894 4.71233
    endloop
  endfacet
  facet normal -0.312455 0.8386 -0.446231
    outer loop
      vertex 2.4 19.9741 4.38591
      vertex 0 19.9543 6.0292
      vertex 0 19.9741 6.06641
    endloop
  endfacet
  facet normal -0.312469 0.838583 -0.446253
    outer loop
      vertex 0 19.9543 6.0292
      vertex 2.4 19.9741 4.38591
      vertex 2.4 19.9693 4.37689
    endloop
  endfacet
  facet normal 0.566503 -0.156581 0.809047
    outer loop
      vertex 0 52.5679 4.81084
      vertex 2.4 52.57 3.13074
      vertex 0 52.5973 4.81653
    endloop
  endfacet
  facet normal 0.56672 -0.154164 0.809359
    outer loop
      vertex 2.4 52.57 3.13074
      vertex 0 52.5679 4.81084
      vertex 2.4 52.5679 3.13034
    endloop
  endfacet
  facet normal -0.361379 -0.776559 -0.516102
    outer loop
      vertex 0 53.0259 6.06641
      vertex 3.19842 52.983 3.8914
      vertex 0 52.983 6.13096
    endloop
  endfacet
  facet normal -0.361388 -0.776546 -0.516115
    outer loop
      vertex 3.19842 52.983 3.8914
      vertex 0 53.0259 6.06641
      vertex 3.16809 53.0259 3.84809
    endloop
  endfacet
  facet normal -0.819209 0.000380835 0.573494
    outer loop
      vertex 2.93208 53.1091 3.51104
      vertex 2.98792 53.1464 3.59078
      vertex 2.93128 53.12 3.50989
    endloop
  endfacet
  facet normal -0.81915 5.25244e-06 0.57358
    outer loop
      vertex 2.94225 52.9709 3.52556
      vertex 3.10059 53.0938 3.75169
      vertex 2.93765 53.0334 3.51899
    endloop
  endfacet
  facet normal -0.819167 0 0.573554
    outer loop
      vertex 3.27182 48.4927 3.99624
      vertex 3.31362 52.6351 4.05594
      vertex 3.27182 52.825 3.99624
    endloop
  endfacet
  facet normal -0.819167 0 0.573554
    outer loop
      vertex 3.31362 52.6351 4.05594
      vertex 3.27182 48.4927 3.99624
      vertex 3.31362 47.9247 4.05594
    endloop
  endfacet
  facet normal -0.511042 0.454047 -0.729847
    outer loop
      vertex 0 20.175 6.28719
      vertex 2.4 20.2356 4.6444
      vertex 2.4 20.175 4.6067
    endloop
  endfacet
  facet normal -0.511016 0.454142 -0.729806
    outer loop
      vertex 2.4 20.2356 4.6444
      vertex 0 20.175 6.28719
      vertex 0 20.2356 6.3249
    endloop
  endfacet
  facet normal -0.566452 0.157128 -0.808976
    outer loop
      vertex 0 20.3649 6.37616
      vertex 2.4 20.3753 4.69768
      vertex 2.4 20.3649 4.69566
    endloop
  endfacet
  facet normal -0.566511 0.156462 -0.809064
    outer loop
      vertex 2.4 20.3753 4.69768
      vertex 0 20.3649 6.37616
      vertex 0 20.4027 6.38347
    endloop
  endfacet
  facet normal -0.204972 0.933968 -0.292729
    outer loop
      vertex 2.4 19.9062 4.24225
      vertex 0 19.8935 5.88223
      vertex 0 19.9062 5.92275
    endloop
  endfacet
  facet normal -0.206728 0.932768 -0.295309
    outer loop
      vertex 0 19.8935 5.88223
      vertex 2.4 19.9062 4.24225
      vertex 2.4 19.9033 4.23309
    endloop
  endfacet
  facet normal -0.259999 0.891365 -0.371307
    outer loop
      vertex 2.4 19.9099 4.25109
      vertex 0 19.9062 5.92275
      vertex 0 19.9225 5.96188
    endloop
  endfacet
  facet normal -0.260979 0.89049 -0.372716
    outer loop
      vertex 0 19.9062 5.92275
      vertex 2.4 19.9099 4.25109
      vertex 2.4 19.9062 4.24225
    endloop
  endfacet
  facet normal -0.81924 -0.000265352 0.573451
    outer loop
      vertex 3.19842 52.983 3.8914
      vertex 3.16809 53.0259 3.84809
      vertex 3.10059 53.0938 3.75169
    endloop
  endfacet
  facet normal 0.53545 -0.358506 0.764701
    outer loop
      vertex 0 52.7644 4.8751
      vertex 2.4 52.7009 3.16483
      vertex 2.4 52.7644 3.1946
    endloop
  endfacet
  facet normal 0.53545 -0.358506 0.764701
    outer loop
      vertex 2.4 52.7009 3.16483
      vertex 0 52.7644 4.8751
      vertex 0 52.7009 4.84533
    endloop
  endfacet
  facet normal -0.818946 -0.00175926 0.573868
    outer loop
      vertex 2.92933 53.1464 3.50711
      vertex 2.94895 53.15 3.53512
      vertex 2.9292 53.1482 3.50693
    endloop
  endfacet
  facet normal -0.819135 0.00135837 0.5736
    outer loop
      vertex 2.94895 53.15 3.53512
      vertex 2.92933 53.1464 3.50711
      vertex 2.98792 53.1464 3.59078
    endloop
  endfacet
  facet normal -0.206433 -0.932975 -0.294862
    outer loop
      vertex 0 53.1182 5.84521
      vertex 3.10059 53.0938 3.75169
      vertex 0 53.1065 5.88223
    endloop
  endfacet
  facet normal -0.205688 -0.933489 -0.293752
    outer loop
      vertex 3.10059 53.0938 3.75169
      vertex 0 53.1182 5.84521
      vertex 3.06416 53.1182 3.69966
    endloop
  endfacet
  facet normal 0.206476 -0.932966 0.29486
    outer loop
      vertex 2.63061 53.1174 3.51017
      vertex 0 53.1182 5.35479
      vertex 0 53.1065 5.31777
    endloop
  endfacet
  facet normal 0.198487 -0.938215 0.283469
    outer loop
      vertex 0 53.1182 5.35479
      vertex 2.63061 53.1174 3.51017
      vertex 2.63452 53.1182 3.51008
    endloop
  endfacet
  facet normal -0.535477 -0.35839 -0.764736
    outer loop
      vertex 0 52.7009 6.35467
      vertex 3.28954 52.7644 4.02154
      vertex 3.30352 52.7009 4.04151
    endloop
  endfacet
  facet normal -0.535449 -0.358506 -0.764701
    outer loop
      vertex 3.28954 52.7644 4.02154
      vertex 0 52.7009 6.35467
      vertex 0 52.7644 6.3249
    endloop
  endfacet
  facet normal -0.819107 7.08468e-05 0.573641
    outer loop
      vertex 3.31362 52.6351 4.05594
      vertex 3.30352 52.7009 4.04151
      vertex 3.28954 52.7644 4.02154
    endloop
  endfacet
  facet normal -0.819119 -2.89473e-05 0.573623
    outer loop
      vertex 2.93765 53.0334 3.51899
      vertex 2.98792 53.1464 3.59078
      vertex 2.93208 53.1091 3.51104
    endloop
  endfacet
  facet normal -0.819151 1.36681e-05 0.573578
    outer loop
      vertex 2.98792 53.1464 3.59078
      vertex 2.93765 53.0334 3.51899
      vertex 3.10059 53.0938 3.75169
    endloop
  endfacet
  facet normal 0.566513 -0.156462 0.809063
    outer loop
      vertex 0 52.5973 4.81653
      vertex 2.4 52.6351 3.14334
      vertex 0 52.6351 4.82384
    endloop
  endfacet
  facet normal 0.566502 -0.156589 0.809046
    outer loop
      vertex 2.4 52.6351 3.14334
      vertex 0 52.5973 4.81653
      vertex 2.4 52.57 3.13074
    endloop
  endfacet
  facet normal -0.819142 0 0.573591
    outer loop
      vertex 3.19842 49.4901 3.8914
      vertex 3.19842 52.983 3.8914
      vertex 2.9499 52.8669 3.53649
    endloop
  endfacet
  facet normal 0.3124 -0.838662 0.446153
    outer loop
      vertex 0 53.0259 5.13359
      vertex 2.4 53.0259 3.45309
      vertex 2.4 53.0595 3.51625
    endloop
  endfacet
  facet normal 0.312452 -0.8386 0.446232
    outer loop
      vertex 2.4 53.0595 3.51625
      vertex 0 53.0457 5.1708
      vertex 0 53.0259 5.13359
    endloop
  endfacet
  facet normal 0.31018 -0.841199 0.442914
    outer loop
      vertex 0 53.0457 5.1708
      vertex 2.4 53.0595 3.51625
      vertex 2.40344 53.0607 3.51612
    endloop
  endfacet
  facet normal 0.511014 -0.454143 0.729807
    outer loop
      vertex 0 52.825 4.9128
      vertex 2.4 52.7644 3.1946
      vertex 2.4 52.825 3.23231
    endloop
  endfacet
  facet normal 0.511044 -0.454046 0.729846
    outer loop
      vertex 2.4 52.7644 3.1946
      vertex 0 52.825 4.9128
      vertex 0 52.7644 4.8751
    endloop
  endfacet
  facet normal 0.481161 -0.544319 0.687168
    outer loop
      vertex 0 52.8821 4.95804
      vertex 2.4 52.825 3.23231
      vertex 2.4 52.8821 3.27754
    endloop
  endfacet
  facet normal 0.481127 -0.544405 0.687124
    outer loop
      vertex 2.4 52.825 3.23231
      vertex 0 52.8821 4.95804
      vertex 0 52.825 4.9128
    endloop
  endfacet
  facet normal -0.819135 0.000330831 0.5736
    outer loop
      vertex 2.92972 53.1411 3.50767
      vertex 2.98792 53.1464 3.59078
      vertex 2.92933 53.1464 3.50711
    endloop
  endfacet
  facet normal -0.81926 -0.000696793 0.573422
    outer loop
      vertex 3.10059 53.0938 3.75169
      vertex 3.02646 53.1358 3.64583
      vertex 2.98792 53.1464 3.59078
    endloop
  endfacet
  facet normal -0.0303498 -0.998599 -0.0433441
    outer loop
      vertex 0 53.15 5.6
      vertex 2.98792 53.1464 3.59078
      vertex 0 53.1464 5.68294
    endloop
  endfacet
  facet normal -0.0303473 -0.998599 -0.0433404
    outer loop
      vertex 2.98792 53.1464 3.59078
      vertex 0 53.15 5.6
      vertex 2.94895 53.15 3.53512
    endloop
  endfacet
  facet normal 0.25996 -0.891375 0.371311
    outer loop
      vertex 2.41631 53.0647 3.5157
      vertex 0 53.0938 5.27725
      vertex 0 53.0775 5.23812
    endloop
  endfacet
  facet normal 0.260672 -0.890763 0.372278
    outer loop
      vertex 0 53.0938 5.27725
      vertex 2.41631 53.0647 3.5157
      vertex 2.52012 53.0938 3.51264
    endloop
  endfacet
  facet normal -0.819594 -0.000682958 0.572945
    outer loop
      vertex 3.25057 52.8821 3.96588
      vertex 3.22601 52.9349 3.93081
      vertex 3.19842 52.983 3.8914
    endloop
  endfacet
  facet normal -0.511022 -0.45412 -0.729816
    outer loop
      vertex 0 52.7644 6.3249
      vertex 3.27182 52.825 3.99624
      vertex 3.28954 52.7644 4.02154
    endloop
  endfacet
  facet normal -0.511016 -0.454142 -0.729807
    outer loop
      vertex 3.27182 52.825 3.99624
      vertex 0 52.7644 6.3249
      vertex 0 52.825 6.28719
    endloop
  endfacet
  facet normal -0.445514 -0.629836 -0.636258
    outer loop
      vertex 0 52.8821 6.24196
      vertex 3.22601 52.9349 3.93081
      vertex 3.25057 52.8821 3.96588
    endloop
  endfacet
  facet normal -0.445503 -0.629857 -0.636244
    outer loop
      vertex 3.22601 52.9349 3.93081
      vertex 0 52.8821 6.24196
      vertex 0 52.9349 6.18969
    endloop
  endfacet
  facet normal -0.405543 -0.707171 -0.579175
    outer loop
      vertex 0 52.983 6.13096
      vertex 3.22601 52.9349 3.93081
      vertex 0 52.9349 6.18969
    endloop
  endfacet
  facet normal -0.405547 -0.707164 -0.579181
    outer loop
      vertex 3.22601 52.9349 3.93081
      vertex 0 52.983 6.13096
      vertex 3.19842 52.983 3.8914
    endloop
  endfacet
  facet normal -0.819305 -0.000462632 0.573358
    outer loop
      vertex 3.16809 53.0259 3.84809
      vertex 3.13536 53.0629 3.80135
      vertex 3.10059 53.0938 3.75169
    endloop
  endfacet
  facet normal -0.259993 -0.891366 -0.371308
    outer loop
      vertex 0 53.0938 5.92275
      vertex 3.10059 53.0938 3.75169
      vertex 0 53.0775 5.96188
    endloop
  endfacet
  facet normal 0.554091 -0.258443 0.791322
    outer loop
      vertex 0 52.7009 4.84533
      vertex 2.4 52.6351 3.14334
      vertex 2.4 52.7009 3.16483
    endloop
  endfacet
  facet normal 0.554091 -0.258443 0.791322
    outer loop
      vertex 2.4 52.6351 3.14334
      vertex 0 52.7009 4.84533
      vertex 0 52.6351 4.82384
    endloop
  endfacet
  facet normal 0.445503 -0.629857 0.636244
    outer loop
      vertex 0 52.9349 5.01031
      vertex 2.4 52.8821 3.27754
      vertex 2.4 52.9349 3.32981
    endloop
  endfacet
  facet normal 0.445503 -0.629857 0.636244
    outer loop
      vertex 2.4 52.8821 3.27754
      vertex 0 52.9349 5.01031
      vertex 0 52.8821 4.95804
    endloop
  endfacet
  facet normal 0.405543 -0.707171 0.579175
    outer loop
      vertex 0 52.9349 5.01031
      vertex 2.4 52.983 3.38854
      vertex 0 52.983 5.06904
    endloop
  endfacet
  facet normal 0.405543 -0.707171 0.579175
    outer loop
      vertex 2.4 52.983 3.38854
      vertex 0 52.9349 5.01031
      vertex 2.4 52.9349 3.32981
    endloop
  endfacet
  facet normal 0.148563 -0.965878 0.212153
    outer loop
      vertex 2.63843 53.1188 3.51002
      vertex 0 53.1358 5.43502
      vertex 0 53.1267 5.39359
    endloop
  endfacet
  facet normal 0.148276 -0.966008 0.21176
    outer loop
      vertex 0 53.1358 5.43502
      vertex 2.63843 53.1188 3.51002
      vertex 2.75174 53.1358 3.50823
    endloop
  endfacet
  facet normal 0.0893657 -0.987788 0.127627
    outer loop
      vertex 2.75174 53.1358 3.50823
      vertex 0 53.1464 5.51706
      vertex 0 53.1358 5.43502
    endloop
  endfacet
  facet normal 0.0893692 -0.987787 0.127632
    outer loop
      vertex 0 53.1464 5.51706
      vertex 2.75174 53.1358 3.50823
      vertex 2.8705 53.1464 3.50711
    endloop
  endfacet
  facet normal 0.261051 -0.890426 0.372819
    outer loop
      vertex 2.4098 53.0629 3.51589
      vertex 0 53.0775 5.23812
      vertex 0 53.0629 5.20325
    endloop
  endfacet
  facet normal 0.257742 -0.893301 0.368214
    outer loop
      vertex 0 53.0775 5.23812
      vertex 2.4098 53.0629 3.51589
      vertex 2.41631 53.0647 3.5157
    endloop
  endfacet
  facet normal 0.311611 -0.839564 0.445007
    outer loop
      vertex 2.40344 53.0607 3.51612
      vertex 0 53.0629 5.20325
      vertex 0 53.0457 5.1708
    endloop
  endfacet
  facet normal 0.307787 -0.84383 0.439566
    outer loop
      vertex 0 53.0629 5.20325
      vertex 2.40344 53.0607 3.51612
      vertex 2.4098 53.0629 3.51589
    endloop
  endfacet
  facet normal -0.818908 0.000395174 0.573925
    outer loop
      vertex 3.27182 52.825 3.99624
      vertex 3.25057 52.8821 3.96588
      vertex 3.19842 52.983 3.8914
    endloop
  endfacet
  facet normal -0.0893657 -0.987788 -0.127627
    outer loop
      vertex 0 53.1464 5.68294
      vertex 3.02646 53.1358 3.64583
      vertex 0 53.1358 5.76498
    endloop
  endfacet
  facet normal -0.0893698 -0.987787 -0.127634
    outer loop
      vertex 3.02646 53.1358 3.64583
      vertex 0 53.1464 5.68294
      vertex 2.98792 53.1464 3.59078
    endloop
  endfacet
  facet normal -0.148551 -0.96588 -0.212153
    outer loop
      vertex 0 53.1358 5.76498
      vertex 3.02646 53.1358 3.64583
      vertex 0 53.1267 5.80641
    endloop
  endfacet
  facet normal -0.312455 -0.8386 -0.446232
    outer loop
      vertex 0 53.0457 6.0292
      vertex 3.16809 53.0259 3.84809
      vertex 0 53.0259 6.06641
    endloop
  endfacet
  facet normal 0.361379 -0.776559 0.516102
    outer loop
      vertex 0 52.983 5.06904
      vertex 2.4 53.0259 3.45309
      vertex 0 53.0259 5.13359
    endloop
  endfacet
  facet normal 0.361379 -0.776559 0.516102
    outer loop
      vertex 2.4 53.0259 3.45309
      vertex 0 52.983 5.06904
      vertex 2.4 52.983 3.38854
    endloop
  endfacet
  facet normal 0.0303499 -0.998599 0.0433441
    outer loop
      vertex 0 53.1464 5.51706
      vertex 2.94895 53.15 3.53512
      vertex 0 53.15 5.6
    endloop
  endfacet
  facet normal 0.0303494 -0.998599 0.0433433
    outer loop
      vertex 2.8705 53.1464 3.50711
      vertex 2.94895 53.15 3.53512
      vertex 0 53.1464 5.51706
    endloop
  endfacet
  facet normal 0.030752 -0.998635 0.0422203
    outer loop
      vertex 2.94895 53.15 3.53512
      vertex 2.8705 53.1464 3.50711
      vertex 2.9292 53.1482 3.50693
    endloop
  endfacet
  facet normal -0.819103 -0.00074429 0.573646
    outer loop
      vertex 2.93011 53.1358 3.50822
      vertex 2.98792 53.1464 3.59078
      vertex 2.92972 53.1411 3.50767
    endloop
  endfacet
  facet normal 0.148188 -0.966049 0.211635
    outer loop
      vertex 2.63452 53.1182 3.51008
      vertex 0 53.1267 5.39359
      vertex 0 53.1182 5.35479
    endloop
  endfacet
  facet normal 0.151334 -0.964588 0.216028
    outer loop
      vertex 0 53.1267 5.39359
      vertex 2.63452 53.1182 3.51008
      vertex 2.63843 53.1188 3.51002
    endloop
  endfacet
  facet normal -0.481131 -0.544399 -0.687127
    outer loop
      vertex 0 52.825 6.28719
      vertex 3.25057 52.8821 3.96588
      vertex 3.27182 52.825 3.99624
    endloop
  endfacet
  facet normal -0.481162 -0.544319 -0.687168
    outer loop
      vertex 3.25057 52.8821 3.96588
      vertex 0 52.825 6.28719
      vertex 0 52.8821 6.24196
    endloop
  endfacet
  facet normal -0.818936 0.00103797 0.573884
    outer loop
      vertex 3.10059 53.0938 3.75169
      vertex 3.06416 53.1182 3.69966
      vertex 3.02646 53.1358 3.64583
    endloop
  endfacet
  facet normal -0.148188 -0.966049 -0.211634
    outer loop
      vertex 0 53.1267 5.80641
      vertex 3.06416 53.1182 3.69966
      vertex 0 53.1182 5.84521
    endloop
  endfacet
  facet normal -0.148377 -0.96596 -0.211909
    outer loop
      vertex 3.06416 53.1182 3.69966
      vertex 0 53.1267 5.80641
      vertex 3.02646 53.1358 3.64583
    endloop
  endfacet
  facet normal -0.261051 -0.890426 -0.37282
    outer loop
      vertex 0 53.0775 5.96188
      vertex 3.13536 53.0629 3.80135
      vertex 0 53.0629 5.99675
    endloop
  endfacet
  facet normal -0.260482 -0.890939 -0.371991
    outer loop
      vertex 3.13536 53.0629 3.80135
      vertex 0 53.0775 5.96188
      vertex 3.10059 53.0938 3.75169
    endloop
  endfacet
  facet normal -0.311617 -0.839562 -0.445007
    outer loop
      vertex 0 53.0629 5.99675
      vertex 3.16809 53.0259 3.84809
      vertex 0 53.0457 6.0292
    endloop
  endfacet
  facet normal -0.312063 -0.839043 -0.445673
    outer loop
      vertex 3.16809 53.0259 3.84809
      vertex 0 53.0629 5.99675
      vertex 3.13536 53.0629 3.80135
    endloop
  endfacet
  facet normal -0.819146 -3.25267e-05 0.573585
    outer loop
      vertex 2.93128 53.12 3.50989
      vertex 2.98792 53.1464 3.59078
      vertex 2.93011 53.1358 3.50822
    endloop
  endfacet
  facet normal -0.572793 0.0522597 0.818032
    outer loop
      vertex 101.6 20.4321 3.13034
      vertex 104 20.4703 4.8084
      vertex 101.6 20.498 3.12613
    endloop
  endfacet
  facet normal -0.572793 0.0522513 0.818033
    outer loop
      vertex 104 20.4703 4.8084
      vertex 101.6 20.4321 3.13034
      vertex 104 20.4321 4.81084
    endloop
  endfacet
  facet normal 0.573575 0 -0.819153
    outer loop
      vertex 101.6 41.6731 4.71301
      vertex 104 20.5 6.3935
      vertex 101.6 20.5 4.71301
    endloop
  endfacet
  facet normal 0.573575 0 -0.819153
    outer loop
      vertex 104 20.5 6.3935
      vertex 101.6 41.6731 4.71301
      vertex 104 52.5 6.3935
    endloop
  endfacet
  facet normal 0.573539 1.17897e-05 -0.819178
    outer loop
      vertex 100.678 47.814 4.06757
      vertex 104 52.5 6.3935
      vertex 101.6 41.6731 4.71301
    endloop
  endfacet
  facet normal 0.57355 0 -0.819171
    outer loop
      vertex 104 52.5 6.3935
      vertex 100.678 47.814 4.06757
      vertex 100.678 52.5 4.06757
    endloop
  endfacet
  facet normal 0.820204 0.00327539 0.572062
    outer loop
      vertex 101.05 52.8669 3.53649
      vertex 100.899 53.0938 3.75169
      vertex 100.802 52.983 3.8914
    endloop
  endfacet
  facet normal 0.817424 -0.00234007 0.576032
    outer loop
      vertex 100.899 53.0938 3.75169
      vertex 101.05 52.8669 3.53649
      vertex 101.058 52.9709 3.52556
    endloop
  endfacet
  facet normal -0.573577 0 0.819152
    outer loop
      vertex 101.6 52.5 3.126
      vertex 104 20.5 4.8065
      vertex 104 52.5 4.8065
    endloop
  endfacet
  facet normal -0.573577 0 0.819152
    outer loop
      vertex 104 20.5 4.8065
      vertex 101.6 52.5 3.126
      vertex 101.6 20.5 3.126
    endloop
  endfacet
  facet normal 0.572771 -0.0521164 -0.818057
    outer loop
      vertex 104 52.5383 6.39106
      vertex 104 52.5 6.3935
      vertex 100.678 52.5 4.06757
    endloop
  endfacet
  facet normal 0.554036 -0.258454 -0.791357
    outer loop
      vertex 104 52.6351 6.37616
      vertex 100.696 52.7009 4.04151
      vertex 104 52.7009 6.35467
    endloop
  endfacet
  facet normal 0.554147 -0.257792 -0.791495
    outer loop
      vertex 100.696 52.7009 4.04151
      vertex 104 52.6351 6.37616
      vertex 100.686 52.6351 4.05594
    endloop
  endfacet
  facet normal -0.572766 0.0531695 0.817993
    outer loop
      vertex 101.6 20.498 3.12613
      vertex 104 20.5 4.8065
      vertex 101.6 20.5 3.126
    endloop
  endfacet
  facet normal -0.57279 0.0523319 0.81803
    outer loop
      vertex 104 20.5 4.8065
      vertex 101.6 20.498 3.12613
      vertex 104 20.4703 4.8084
    endloop
  endfacet
  facet normal 0.818765 0.00885553 0.574061
    outer loop
      vertex 101.069 53.12 3.50989
      vertex 101.07 53.1358 3.50822
      vertex 101.012 53.1464 3.59078
    endloop
  endfacet
  facet normal -0.57279 -0.0523319 0.81803
    outer loop
      vertex 101.6 52.502 3.12613
      vertex 104 52.5 4.8065
      vertex 104 52.5297 4.8084
    endloop
  endfacet
  facet normal -0.572766 -0.0531695 0.817993
    outer loop
      vertex 104 52.5 4.8065
      vertex 101.6 52.502 3.12613
      vertex 101.6 52.5 3.126
    endloop
  endfacet
  facet normal 0.805474 0.00814536 0.592575
    outer loop
      vertex 100.728 52.825 3.99624
      vertex 100.71 52.7644 4.02154
      vertex 100.686 52.6351 4.05594
    endloop
  endfacet
  facet normal 0.819963 0.00768946 0.572366
    outer loop
      vertex 101.058 52.9709 3.52556
      vertex 101.062 53.0334 3.51899
      vertex 100.899 53.0938 3.75169
    endloop
  endfacet
  facet normal 0.481113 -0.544336 -0.687189
    outer loop
      vertex 104 52.825 6.28719
      vertex 100.749 52.8821 3.96588
      vertex 104 52.8821 6.24196
    endloop
  endfacet
  facet normal 0.481664 -0.542914 -0.687927
    outer loop
      vertex 100.749 52.8821 3.96588
      vertex 104 52.825 6.28719
      vertex 100.728 52.825 3.99624
    endloop
  endfacet
  facet normal 0.815249 -0.0137117 0.578949
    outer loop
      vertex 101.068 53.1091 3.51104
      vertex 101.069 53.12 3.50989
      vertex 101.012 53.1464 3.59078
    endloop
  endfacet
  facet normal 0.818913 0.00669627 0.573878
    outer loop
      vertex 100.899 53.0938 3.75169
      vertex 100.832 53.0259 3.84809
      vertex 100.802 52.983 3.8914
    endloop
  endfacet
  facet normal 0.572754 -0.0525096 -0.818044
    outer loop
      vertex 104 52.5383 6.39106
      vertex 100.68 52.5679 4.06466
      vertex 104 52.5679 6.38916
    endloop
  endfacet
  facet normal 0.572775 -0.0519311 -0.818066
    outer loop
      vertex 100.68 52.5679 4.06466
      vertex 104 52.5383 6.39106
      vertex 100.678 52.5 4.06757
    endloop
  endfacet
  facet normal 0.030349 -0.998599 -0.0433441
    outer loop
      vertex 101.012 53.1464 3.59078
      vertex 104 53.15 5.6
      vertex 104 53.1464 5.68294
    endloop
  endfacet
  facet normal 0.0303393 -0.9986 -0.0433297
    outer loop
      vertex 104 53.15 5.6
      vertex 101.012 53.1464 3.59078
      vertex 101.051 53.15 3.53512
    endloop
  endfacet
  facet normal -0.206447 -0.932972 0.294861
    outer loop
      vertex 104 53.1182 5.35479
      vertex 101.369 53.1174 3.51017
      vertex 104 53.1065 5.31777
    endloop
  endfacet
  facet normal -0.194407 -0.940794 0.277692
    outer loop
      vertex 101.369 53.1174 3.51017
      vertex 104 53.1182 5.35479
      vertex 101.365 53.1182 3.51008
    endloop
  endfacet
  facet normal 0.510995 -0.454149 -0.729817
    outer loop
      vertex 104 52.7644 6.3249
      vertex 100.728 52.825 3.99624
      vertex 104 52.825 6.28719
    endloop
  endfacet
  facet normal 0.510426 -0.455991 -0.729066
    outer loop
      vertex 100.728 52.825 3.99624
      vertex 104 52.7644 6.3249
      vertex 100.71 52.7644 4.02154
    endloop
  endfacet
  facet normal -0.0303499 0.998599 0.0433441
    outer loop
      vertex 104 19.8536 5.51706
      vertex 101.6 19.85 3.9195
      vertex 104 19.85 5.6
    endloop
  endfacet
  facet normal -0.0303499 0.998599 0.0433441
    outer loop
      vertex 101.6 19.85 3.9195
      vertex 104 19.8536 5.51706
      vertex 101.6 19.8536 3.83656
    endloop
  endfacet
  facet normal 0.405543 0.707171 -0.579175
    outer loop
      vertex 104 20.017 6.13096
      vertex 101.6 20.0651 4.50919
      vertex 104 20.0651 6.18969
    endloop
  endfacet
  facet normal 0.405543 0.707171 -0.579175
    outer loop
      vertex 101.6 20.0651 4.50919
      vertex 104 20.017 6.13096
      vertex 101.6 20.017 4.45046
    endloop
  endfacet
  facet normal 0.511014 0.454143 -0.729807
    outer loop
      vertex 101.6 20.175 4.6067
      vertex 104 20.2356 6.3249
      vertex 104 20.175 6.28719
    endloop
  endfacet
  facet normal 0.511044 0.454046 -0.729846
    outer loop
      vertex 104 20.2356 6.3249
      vertex 101.6 20.175 4.6067
      vertex 101.6 20.2356 4.6444
    endloop
  endfacet
  facet normal -0.566502 0.156589 0.809046
    outer loop
      vertex 101.6 20.3649 3.14334
      vertex 104 20.4027 4.81653
      vertex 101.6 20.43 3.13074
    endloop
  endfacet
  facet normal -0.566513 0.156462 0.809063
    outer loop
      vertex 104 20.4027 4.81653
      vertex 101.6 20.3649 3.14334
      vertex 104 20.3649 4.82384
    endloop
  endfacet
  facet normal -0.56672 0.154164 0.809359
    outer loop
      vertex 101.6 20.43 3.13074
      vertex 104 20.4321 4.81084
      vertex 101.6 20.4321 3.13034
    endloop
  endfacet
  facet normal -0.566503 0.156581 0.809047
    outer loop
      vertex 104 20.4321 4.81084
      vertex 101.6 20.43 3.13074
      vertex 104 20.4027 4.81653
    endloop
  endfacet
  facet normal 0.811679 0.00473472 0.584084
    outer loop
      vertex 100.71 52.7644 4.02154
      vertex 100.696 52.7009 4.04151
      vertex 100.686 52.6351 4.05594
    endloop
  endfacet
  facet normal 0.36142 -0.776546 -0.516093
    outer loop
      vertex 100.802 52.983 3.8914
      vertex 104 53.0259 6.06641
      vertex 104 52.983 6.13096
    endloop
  endfacet
  facet normal 0.362176 -0.775439 -0.517226
    outer loop
      vertex 104 53.0259 6.06641
      vertex 100.802 52.983 3.8914
      vertex 100.832 53.0259 3.84809
    endloop
  endfacet
  facet normal -0.361379 -0.776559 0.516102
    outer loop
      vertex 101.6 53.0259 3.45309
      vertex 104 52.983 5.06904
      vertex 104 53.0259 5.13359
    endloop
  endfacet
  facet normal -0.361379 -0.776559 0.516102
    outer loop
      vertex 104 52.983 5.06904
      vertex 101.6 53.0259 3.45309
      vertex 101.6 52.983 3.38854
    endloop
  endfacet
  facet normal -0.259991 -0.891367 0.371308
    outer loop
      vertex 104 53.0938 5.27725
      vertex 101.584 53.0647 3.5157
      vertex 104 53.0775 5.23812
    endloop
  endfacet
  facet normal -0.260279 -0.89112 0.371698
    outer loop
      vertex 101.584 53.0647 3.5157
      vertex 104 53.0938 5.27725
      vertex 101.48 53.0938 3.51264
    endloop
  endfacet
  facet normal -0.53545 -0.358506 0.764701
    outer loop
      vertex 101.6 52.7644 3.1946
      vertex 104 52.7009 4.84533
      vertex 104 52.7644 4.8751
    endloop
  endfacet
  facet normal -0.53545 -0.358506 0.764701
    outer loop
      vertex 104 52.7009 4.84533
      vertex 101.6 52.7644 3.1946
      vertex 101.6 52.7009 3.16483
    endloop
  endfacet
  facet normal -0.405543 0.707171 0.579175
    outer loop
      vertex 104 20.0651 5.01031
      vertex 101.6 20.017 3.38854
      vertex 104 20.017 5.06904
    endloop
  endfacet
  facet normal -0.405543 0.707171 0.579175
    outer loop
      vertex 101.6 20.017 3.38854
      vertex 104 20.0651 5.01031
      vertex 101.6 20.0651 3.32981
    endloop
  endfacet
  facet normal 0.554091 0.258443 -0.791322
    outer loop
      vertex 101.6 20.2991 4.67417
      vertex 104 20.3649 6.37616
      vertex 104 20.2991 6.35467
    endloop
  endfacet
  facet normal 0.554091 0.258443 -0.791322
    outer loop
      vertex 104 20.3649 6.37616
      vertex 101.6 20.2991 4.67417
      vertex 101.6 20.3649 4.69566
    endloop
  endfacet
  facet normal 0.572796 0.0521153 -0.818039
    outer loop
      vertex 101.6 20.4894 4.71233
      vertex 104 20.5 6.3935
      vertex 104 20.4617 6.39106
    endloop
  endfacet
  facet normal 0.572784 0.0524771 -0.818025
    outer loop
      vertex 104 20.5 6.3935
      vertex 101.6 20.4894 4.71233
      vertex 101.6 20.5 4.71301
    endloop
  endfacet
  facet normal 0.817878 0 0.575392
    outer loop
      vertex 100.686 52.6351 4.05594
      vertex 100.728 48.4927 3.99624
      vertex 100.728 52.825 3.99624
    endloop
  endfacet
  facet normal 0.817878 0 0.575392
    outer loop
      vertex 100.728 48.4927 3.99624
      vertex 100.686 52.6351 4.05594
      vertex 100.686 47.9247 4.05594
    endloop
  endfacet
  facet normal -0.554091 0.258443 0.791322
    outer loop
      vertex 101.6 20.3649 3.14334
      vertex 104 20.2991 4.84533
      vertex 104 20.3649 4.82384
    endloop
  endfacet
  facet normal -0.554091 0.258443 0.791322
    outer loop
      vertex 104 20.2991 4.84533
      vertex 101.6 20.3649 3.14334
      vertex 101.6 20.2991 3.16483
    endloop
  endfacet
  facet normal 0.566456 -0.156587 -0.809078
    outer loop
      vertex 104 52.5679 6.38916
      vertex 100.686 52.6351 4.05594
      vertex 104 52.5973 6.38347
    endloop
  endfacet
  facet normal 0.56656 -0.155589 -0.809198
    outer loop
      vertex 100.686 52.6351 4.05594
      vertex 104 52.5679 6.38916
      vertex 100.68 52.5679 4.06466
    endloop
  endfacet
  facet normal 0.823672 4.15434e-05 0.567067
    outer loop
      vertex 100.686 52.6351 4.05594
      vertex 100.68 52.5679 4.06466
      vertex 100.678 52.5 4.06757
    endloop
  endfacet
  facet normal 0.535396 -0.358521 -0.764732
    outer loop
      vertex 104 52.7009 6.35467
      vertex 100.71 52.7644 4.02154
      vertex 104 52.7644 6.3249
    endloop
  endfacet
  facet normal 0.535392 -0.358537 -0.764727
    outer loop
      vertex 100.71 52.7644 4.02154
      vertex 104 52.7009 6.35467
      vertex 100.696 52.7009 4.04151
    endloop
  endfacet
  facet normal 0.445505 -0.629857 -0.636244
    outer loop
      vertex 104 52.8821 6.24196
      vertex 100.774 52.9349 3.93081
      vertex 104 52.9349 6.18969
    endloop
  endfacet
  facet normal 0.444433 -0.632068 -0.634798
    outer loop
      vertex 100.774 52.9349 3.93081
      vertex 104 52.8821 6.24196
      vertex 100.749 52.8821 3.96588
    endloop
  endfacet
  facet normal 0.566468 -0.156468 -0.809093
    outer loop
      vertex 104 52.6351 6.37616
      vertex 104 52.5973 6.38347
      vertex 100.686 52.6351 4.05594
    endloop
  endfacet
  facet normal 0.819706 0 0.572785
    outer loop
      vertex 101.05 52.8669 3.53649
      vertex 100.802 52.983 3.8914
      vertex 100.802 49.4901 3.8914
    endloop
  endfacet
  facet normal 0.818744 -0.00248953 0.574154
    outer loop
      vertex 101.062 53.0334 3.51899
      vertex 101.012 53.1464 3.59078
      vertex 100.899 53.0938 3.75169
    endloop
  endfacet
  facet normal 0.817401 -0.00429039 0.576053
    outer loop
      vertex 101.012 53.1464 3.59078
      vertex 101.062 53.0334 3.51899
      vertex 101.068 53.1091 3.51104
    endloop
  endfacet
  facet normal 0.816985 0 0.576659
    outer loop
      vertex 100.728 52.825 3.99624
      vertex 100.802 49.4901 3.8914
      vertex 100.802 52.983 3.8914
    endloop
  endfacet
  facet normal 0.816985 0 0.576659
    outer loop
      vertex 100.802 49.4901 3.8914
      vertex 100.728 52.825 3.99624
      vertex 100.728 48.4927 3.99624
    endloop
  endfacet
  facet normal -0.554091 -0.258443 0.791322
    outer loop
      vertex 101.6 52.7009 3.16483
      vertex 104 52.6351 4.82384
      vertex 104 52.7009 4.84533
    endloop
  endfacet
  facet normal -0.554091 -0.258443 0.791322
    outer loop
      vertex 104 52.6351 4.82384
      vertex 101.6 52.7009 3.16483
      vertex 101.6 52.6351 3.14334
    endloop
  endfacet
  facet normal -0.566513 -0.156462 0.809063
    outer loop
      vertex 101.6 52.6351 3.14334
      vertex 104 52.5973 4.81653
      vertex 104 52.6351 4.82384
    endloop
  endfacet
  facet normal -0.566502 -0.156589 0.809046
    outer loop
      vertex 104 52.5973 4.81653
      vertex 101.6 52.6351 3.14334
      vertex 101.6 52.57 3.13074
    endloop
  endfacet
  facet normal -0.148587 -0.965874 0.212152
    outer loop
      vertex 104 53.1358 5.43502
      vertex 101.362 53.1188 3.51002
      vertex 104 53.1267 5.39359
    endloop
  endfacet
  facet normal -0.147419 -0.966403 0.210556
    outer loop
      vertex 101.362 53.1188 3.51002
      vertex 104 53.1358 5.43502
      vertex 101.248 53.1358 3.50823
    endloop
  endfacet
  facet normal 0.813715 -0.092904 0.573792
    outer loop
      vertex 101.07 53.1411 3.50767
      vertex 101.071 53.1464 3.50711
      vertex 101.012 53.1464 3.59078
    endloop
  endfacet
  facet normal 0.820384 0.0590221 0.568758
    outer loop
      vertex 101.07 53.1358 3.50822
      vertex 101.07 53.1411 3.50767
      vertex 101.012 53.1464 3.59078
    endloop
  endfacet
  facet normal -0.0893573 -0.987789 0.127627
    outer loop
      vertex 104 53.1464 5.51706
      vertex 101.248 53.1358 3.50823
      vertex 104 53.1358 5.43502
    endloop
  endfacet
  facet normal -0.0899385 -0.987633 0.128423
    outer loop
      vertex 101.248 53.1358 3.50823
      vertex 104 53.1464 5.51706
      vertex 101.13 53.1464 3.50711
    endloop
  endfacet
  facet normal -0.148162 -0.966053 0.211635
    outer loop
      vertex 104 53.1267 5.39359
      vertex 101.365 53.1182 3.51008
      vertex 104 53.1182 5.35479
    endloop
  endfacet
  facet normal -0.193825 -0.941585 0.275408
    outer loop
      vertex 101.365 53.1182 3.51008
      vertex 104 53.1267 5.39359
      vertex 101.362 53.1188 3.51002
    endloop
  endfacet
  facet normal -0.511016 0.454142 0.729806
    outer loop
      vertex 101.6 20.2356 3.1946
      vertex 104 20.175 4.91281
      vertex 104 20.2356 4.8751
    endloop
  endfacet
  facet normal -0.511016 0.454142 0.729806
    outer loop
      vertex 104 20.175 4.91281
      vertex 101.6 20.2356 3.1946
      vertex 101.6 20.175 3.23231
    endloop
  endfacet
  facet normal -0.445503 0.629857 0.636244
    outer loop
      vertex 101.6 20.1179 3.27754
      vertex 104 20.0651 5.01031
      vertex 104 20.1179 4.95804
    endloop
  endfacet
  facet normal -0.445503 0.629857 0.636244
    outer loop
      vertex 104 20.0651 5.01031
      vertex 101.6 20.1179 3.27754
      vertex 101.6 20.0651 3.32981
    endloop
  endfacet
  facet normal -0.481161 0.544319 0.687168
    outer loop
      vertex 101.6 20.175 3.23231
      vertex 104 20.1179 4.95804
      vertex 104 20.175 4.91281
    endloop
  endfacet
  facet normal -0.481161 0.544319 0.687168
    outer loop
      vertex 104 20.1179 4.95804
      vertex 101.6 20.175 3.23231
      vertex 101.6 20.1179 3.27754
    endloop
  endfacet
  facet normal 0.566452 0.157128 -0.808976
    outer loop
      vertex 101.6 20.3753 4.69768
      vertex 104 20.3649 6.37616
      vertex 101.6 20.3649 4.69566
    endloop
  endfacet
  facet normal 0.566511 0.156462 -0.809064
    outer loop
      vertex 104 20.3649 6.37616
      vertex 101.6 20.3753 4.69768
      vertex 104 20.4027 6.38347
    endloop
  endfacet
  facet normal 0.0893658 0.987788 -0.127627
    outer loop
      vertex 104 19.8536 5.68294
      vertex 101.6 19.8642 4.08448
      vertex 104 19.8642 5.76498
    endloop
  endfacet
  facet normal 0.0893759 0.987785 -0.127643
    outer loop
      vertex 101.6 19.8642 4.08448
      vertex 104 19.8536 5.68294
      vertex 101.6 19.8536 4.00245
    endloop
  endfacet
  facet normal -0.206464 0.932968 0.29486
    outer loop
      vertex 104 19.8935 5.31777
      vertex 101.6 19.8818 3.67429
      vertex 104 19.8818 5.35479
    endloop
  endfacet
  facet normal -0.207559 0.932217 0.296465
    outer loop
      vertex 101.6 19.8818 3.67429
      vertex 104 19.8935 5.31777
      vertex 101.6 19.8836 3.66863
    endloop
  endfacet
  facet normal -0.204998 0.933963 0.292728
    outer loop
      vertex 104 19.9062 5.27725
      vertex 101.6 19.8836 3.66863
      vertex 104 19.8935 5.31777
    endloop
  endfacet
  facet normal -0.205534 0.933592 0.293533
    outer loop
      vertex 101.6 19.8836 3.66863
      vertex 104 19.9062 5.27725
      vertex 101.6 19.9062 3.59675
    endloop
  endfacet
  facet normal 0.823897 0 0.566739
    outer loop
      vertex 100.678 52.5 4.06757
      vertex 100.686 47.9247 4.05594
      vertex 100.686 52.6351 4.05594
    endloop
  endfacet
  facet normal 0.823897 0 0.566739
    outer loop
      vertex 100.686 47.9247 4.05594
      vertex 100.678 52.5 4.06757
      vertex 100.678 47.814 4.06757
    endloop
  endfacet
  facet normal 0.53545 0.358506 -0.764701
    outer loop
      vertex 101.6 20.2356 4.6444
      vertex 104 20.2991 6.35467
      vertex 104 20.2356 6.3249
    endloop
  endfacet
  facet normal 0.53545 0.358506 -0.764701
    outer loop
      vertex 104 20.2991 6.35467
      vertex 101.6 20.2356 4.6444
      vertex 101.6 20.2991 4.67417
    endloop
  endfacet
  facet normal 0.204972 0.933968 -0.292729
    outer loop
      vertex 104 19.8935 5.88223
      vertex 101.6 19.9062 4.24225
      vertex 104 19.9062 5.92275
    endloop
  endfacet
  facet normal 0.206728 0.932768 -0.295309
    outer loop
      vertex 101.6 19.9062 4.24225
      vertex 104 19.8935 5.88223
      vertex 101.6 19.9033 4.23309
    endloop
  endfacet
  facet normal -0.53545 0.358506 0.764701
    outer loop
      vertex 101.6 20.2991 3.16483
      vertex 104 20.2356 4.8751
      vertex 104 20.2991 4.84533
    endloop
  endfacet
  facet normal -0.53545 0.358506 0.764701
    outer loop
      vertex 104 20.2356 4.8751
      vertex 101.6 20.2991 3.16483
      vertex 101.6 20.2356 3.1946
    endloop
  endfacet
  facet normal 0.204946 -0.933973 -0.292731
    outer loop
      vertex 104 53.1065 5.88223
      vertex 104 53.0938 5.92275
      vertex 100.899 53.0938 3.75169
    endloop
  endfacet
  facet normal 0.259961 -0.891374 -0.371311
    outer loop
      vertex 104 53.0938 5.92275
      vertex 104 53.0775 5.96188
      vertex 100.899 53.0938 3.75169
    endloop
  endfacet
  facet normal 0.405544 -0.707171 -0.579175
    outer loop
      vertex 100.774 52.9349 3.93081
      vertex 104 52.983 6.13096
      vertex 104 52.9349 6.18969
    endloop
  endfacet
  facet normal 0.404593 -0.708886 -0.577742
    outer loop
      vertex 104 52.983 6.13096
      vertex 100.774 52.9349 3.93081
      vertex 100.802 52.983 3.8914
    endloop
  endfacet
  facet normal 0.827313 -0.0737431 0.55688
    outer loop
      vertex 101.012 53.1464 3.59078
      vertex 100.974 53.1358 3.64583
      vertex 100.899 53.0938 3.75169
    endloop
  endfacet
  facet normal 0.148196 -0.966048 -0.211634
    outer loop
      vertex 100.936 53.1182 3.69966
      vertex 104 53.1267 5.80641
      vertex 104 53.1182 5.84521
    endloop
  endfacet
  facet normal 0.148025 -0.966129 -0.211386
    outer loop
      vertex 104 53.1267 5.80641
      vertex 100.936 53.1182 3.69966
      vertex 100.974 53.1358 3.64583
    endloop
  endfacet
  facet normal -0.566503 -0.156581 0.809047
    outer loop
      vertex 101.6 52.57 3.13074
      vertex 104 52.5679 4.81084
      vertex 104 52.5973 4.81653
    endloop
  endfacet
  facet normal -0.56672 -0.154164 0.809359
    outer loop
      vertex 104 52.5679 4.81084
      vertex 101.6 52.57 3.13074
      vertex 101.6 52.5679 3.13034
    endloop
  endfacet
  facet normal -0.572793 -0.0522513 0.818033
    outer loop
      vertex 101.6 52.5679 3.13034
      vertex 104 52.5297 4.8084
      vertex 104 52.5679 4.81084
    endloop
  endfacet
  facet normal -0.572793 -0.0522597 0.818032
    outer loop
      vertex 104 52.5297 4.8084
      vertex 101.6 52.5679 3.13034
      vertex 101.6 52.502 3.12613
    endloop
  endfacet
  facet normal 0.81595 0.056372 0.575368
    outer loop
      vertex 101.071 53.1464 3.50711
      vertex 101.051 53.15 3.53512
      vertex 101.012 53.1464 3.59078
    endloop
  endfacet
  facet normal 0.815966 0.0575231 0.575231
    outer loop
      vertex 101.051 53.15 3.53512
      vertex 101.071 53.1464 3.50711
      vertex 101.071 53.1482 3.50693
    endloop
  endfacet
  facet normal -0.0303494 -0.998599 0.0433441
    outer loop
      vertex 101.051 53.15 3.53512
      vertex 104 53.1464 5.51706
      vertex 104 53.15 5.6
    endloop
  endfacet
  facet normal -0.0302113 -0.998612 0.0431386
    outer loop
      vertex 101.051 53.15 3.53512
      vertex 101.13 53.1464 3.50711
      vertex 104 53.1464 5.51706
    endloop
  endfacet
  facet normal -0.0305955 -0.998647 0.0420594
    outer loop
      vertex 101.13 53.1464 3.50711
      vertex 101.051 53.15 3.53512
      vertex 101.071 53.1482 3.50693
    endloop
  endfacet
  facet normal -0.311663 -0.839549 0.445
    outer loop
      vertex 104 53.0629 5.20325
      vertex 101.597 53.0607 3.51612
      vertex 104 53.0457 5.1708
    endloop
  endfacet
  facet normal -0.285878 -0.866924 0.40831
    outer loop
      vertex 101.597 53.0607 3.51612
      vertex 104 53.0629 5.20325
      vertex 101.59 53.0629 3.51589
    endloop
  endfacet
  facet normal -0.261031 -0.890431 0.372822
    outer loop
      vertex 104 53.0775 5.23812
      vertex 101.59 53.0629 3.51589
      vertex 104 53.0629 5.20325
    endloop
  endfacet
  facet normal -0.275612 -0.877211 0.393114
    outer loop
      vertex 101.59 53.0629 3.51589
      vertex 104 53.0775 5.23812
      vertex 101.584 53.0647 3.5157
    endloop
  endfacet
  facet normal -0.312452 -0.8386 0.446232
    outer loop
      vertex 104 53.0457 5.1708
      vertex 101.6 53.0595 3.51625
      vertex 104 53.0259 5.13359
    endloop
  endfacet
  facet normal -0.34206 -0.802123 0.489483
    outer loop
      vertex 101.6 53.0595 3.51625
      vertex 104 53.0457 5.1708
      vertex 101.597 53.0607 3.51612
    endloop
  endfacet
  facet normal -0.3124 -0.838662 0.446153
    outer loop
      vertex 104 53.0259 5.13359
      vertex 101.6 53.0595 3.51625
      vertex 101.6 53.0259 3.45309
    endloop
  endfacet
  facet normal -0.405543 -0.707171 0.579175
    outer loop
      vertex 101.6 52.983 3.38854
      vertex 104 52.9349 5.01031
      vertex 104 52.983 5.06904
    endloop
  endfacet
  facet normal -0.405543 -0.707171 0.579175
    outer loop
      vertex 104 52.9349 5.01031
      vertex 101.6 52.983 3.38854
      vertex 101.6 52.9349 3.32981
    endloop
  endfacet
  facet normal -0.481161 -0.544319 0.687168
    outer loop
      vertex 101.6 52.8821 3.27754
      vertex 104 52.825 4.91281
      vertex 104 52.8821 4.95804
    endloop
  endfacet
  facet normal -0.481161 -0.544319 0.687168
    outer loop
      vertex 104 52.825 4.91281
      vertex 101.6 52.8821 3.27754
      vertex 101.6 52.825 3.23231
    endloop
  endfacet
  facet normal -0.312455 0.8386 0.446231
    outer loop
      vertex 104 19.9741 5.13359
      vertex 101.6 19.9393 3.51849
      vertex 104 19.9543 5.1708
    endloop
  endfacet
  facet normal -0.312453 0.838602 0.446229
    outer loop
      vertex 101.6 19.9393 3.51849
      vertex 104 19.9741 5.13359
      vertex 101.6 19.9741 3.45309
    endloop
  endfacet
  facet normal -0.361379 0.776559 0.516102
    outer loop
      vertex 104 20.017 5.06904
      vertex 101.6 19.9741 3.45309
      vertex 104 19.9741 5.13359
    endloop
  endfacet
  facet normal -0.361379 0.776559 0.516102
    outer loop
      vertex 101.6 19.9741 3.45309
      vertex 104 20.017 5.06904
      vertex 101.6 20.017 3.38854
    endloop
  endfacet
  facet normal -0.148551 0.96588 0.212153
    outer loop
      vertex 104 19.8733 5.39359
      vertex 101.6 19.8642 3.75452
      vertex 104 19.8642 5.43502
    endloop
  endfacet
  facet normal -0.148406 0.965949 0.211939
    outer loop
      vertex 101.6 19.8642 3.75452
      vertex 104 19.8733 5.39359
      vertex 101.6 19.8805 3.68023
    endloop
  endfacet
  facet normal 0.0303497 0.998599 -0.0433441
    outer loop
      vertex 104 19.85 5.6
      vertex 101.6 19.8536 4.00245
      vertex 104 19.8536 5.68294
    endloop
  endfacet
  facet normal 0.0303462 0.998599 -0.0433389
    outer loop
      vertex 101.6 19.8536 4.00245
      vertex 104 19.85 5.6
      vertex 101.6 19.85 3.9195
    endloop
  endfacet
  facet normal 0.566517 0.156402 -0.809072
    outer loop
      vertex 101.6 20.4321 4.70866
      vertex 104 20.4027 6.38347
      vertex 101.6 20.3753 4.69768
    endloop
  endfacet
  facet normal 0.566502 0.156581 -0.809048
    outer loop
      vertex 104 20.4027 6.38347
      vertex 101.6 20.4321 4.70866
      vertex 104 20.4321 6.38916
    endloop
  endfacet
  facet normal 0.572786 0.0525082 -0.818022
    outer loop
      vertex 101.6 20.4321 4.70866
      vertex 104 20.4617 6.39106
      vertex 104 20.4321 6.38916
    endloop
  endfacet
  facet normal 0.57279 0.0523936 -0.818026
    outer loop
      vertex 104 20.4617 6.39106
      vertex 101.6 20.4321 4.70866
      vertex 101.6 20.4894 4.71233
    endloop
  endfacet
  facet normal 0.206422 0.932977 -0.294863
    outer loop
      vertex 104 19.8818 5.84521
      vertex 101.6 19.9033 4.23309
      vertex 104 19.8935 5.88223
    endloop
  endfacet
  facet normal 0.205538 0.933589 -0.293539
    outer loop
      vertex 101.6 19.9033 4.23309
      vertex 104 19.8818 5.84521
      vertex 101.6 19.8818 4.16471
    endloop
  endfacet
  facet normal 0.148188 0.966049 -0.211634
    outer loop
      vertex 104 19.8733 5.80641
      vertex 101.6 19.8818 4.16471
      vertex 104 19.8818 5.84521
    endloop
  endfacet
  facet normal 0.148218 0.966035 -0.211678
    outer loop
      vertex 101.6 19.8818 4.16471
      vertex 104 19.8733 5.80641
      vertex 101.6 19.8661 4.09306
    endloop
  endfacet
  facet normal 0.148557 0.965879 -0.212153
    outer loop
      vertex 104 19.8642 5.76498
      vertex 101.6 19.8661 4.09306
      vertex 104 19.8733 5.80641
    endloop
  endfacet
  facet normal 0.149685 0.965348 -0.213772
    outer loop
      vertex 101.6 19.8661 4.09306
      vertex 104 19.8642 5.76498
      vertex 101.6 19.8642 4.08448
    endloop
  endfacet
  facet normal 0.361379 0.776559 -0.516102
    outer loop
      vertex 104 19.9741 6.06641
      vertex 101.6 20.017 4.45046
      vertex 104 20.017 6.13096
    endloop
  endfacet
  facet normal 0.361379 0.776559 -0.516102
    outer loop
      vertex 101.6 20.017 4.45046
      vertex 104 19.9741 6.06641
      vertex 101.6 19.9741 4.38591
    endloop
  endfacet
  facet normal 0.148573 -0.965876 -0.212152
    outer loop
      vertex 104 53.1358 5.76498
      vertex 104 53.1267 5.80641
      vertex 100.974 53.1358 3.64583
    endloop
  endfacet
  facet normal 0.819102 -0.00684004 0.573607
    outer loop
      vertex 100.802 52.983 3.8914
      vertex 100.774 52.9349 3.93081
      vertex 100.749 52.8821 3.96588
    endloop
  endfacet
  facet normal 0.794709 0.0300651 0.606245
    outer loop
      vertex 100.802 52.983 3.8914
      vertex 100.749 52.8821 3.96588
      vertex 100.728 52.825 3.99624
    endloop
  endfacet
  facet normal 0.311625 -0.839559 -0.445005
    outer loop
      vertex 100.832 53.0259 3.84809
      vertex 104 53.0629 5.99675
      vertex 104 53.0457 6.0292
    endloop
  endfacet
  facet normal 0.311492 -0.839715 -0.444806
    outer loop
      vertex 104 53.0629 5.99675
      vertex 100.832 53.0259 3.84809
      vertex 100.865 53.0629 3.80135
    endloop
  endfacet
  facet normal 0.312463 -0.838597 -0.44623
    outer loop
      vertex 104 53.0457 6.0292
      vertex 104 53.0259 6.06641
      vertex 100.832 53.0259 3.84809
    endloop
  endfacet
  facet normal 0.0893791 -0.987787 -0.127627
    outer loop
      vertex 100.974 53.1358 3.64583
      vertex 104 53.1464 5.68294
      vertex 104 53.1358 5.76498
    endloop
  endfacet
  facet normal 0.0897719 -0.987675 -0.128211
    outer loop
      vertex 104 53.1464 5.68294
      vertex 100.974 53.1358 3.64583
      vertex 101.012 53.1464 3.59078
    endloop
  endfacet
  facet normal -0.204981 -0.933966 0.292729
    outer loop
      vertex 104 53.1065 5.31777
      vertex 101.48 53.0938 3.51264
      vertex 104 53.0938 5.27725
    endloop
  endfacet
  facet normal -0.205076 -0.933903 0.292862
    outer loop
      vertex 101.48 53.0938 3.51264
      vertex 104 53.1065 5.31777
      vertex 101.369 53.1174 3.51017
    endloop
  endfacet
  facet normal -0.511016 -0.454142 0.729806
    outer loop
      vertex 101.6 52.825 3.23231
      vertex 104 52.7644 4.8751
      vertex 104 52.825 4.91281
    endloop
  endfacet
  facet normal -0.511016 -0.454142 0.729806
    outer loop
      vertex 104 52.7644 4.8751
      vertex 101.6 52.825 3.23231
      vertex 101.6 52.7644 3.1946
    endloop
  endfacet
  facet normal -0.445503 -0.629857 0.636244
    outer loop
      vertex 101.6 52.9349 3.32981
      vertex 104 52.8821 4.95804
      vertex 104 52.9349 5.01031
    endloop
  endfacet
  facet normal -0.445503 -0.629857 0.636244
    outer loop
      vertex 104 52.8821 4.95804
      vertex 101.6 52.9349 3.32981
      vertex 101.6 52.8821 3.27754
    endloop
  endfacet
  facet normal -0.261045 0.890427 0.37282
    outer loop
      vertex 104 19.9371 5.20325
      vertex 101.6 19.9352 3.52733
      vertex 104 19.9225 5.23812
    endloop
  endfacet
  facet normal -0.259142 0.892119 0.370093
    outer loop
      vertex 101.6 19.9352 3.52733
      vertex 104 19.9371 5.20325
      vertex 101.6 19.9371 3.52275
    endloop
  endfacet
  facet normal -0.259993 0.891367 0.371308
    outer loop
      vertex 104 19.9225 5.23812
      vertex 101.6 19.9062 3.59675
      vertex 104 19.9062 5.27725
    endloop
  endfacet
  facet normal -0.260565 0.890848 0.372149
    outer loop
      vertex 101.6 19.9062 3.59675
      vertex 104 19.9225 5.23812
      vertex 101.6 19.9352 3.52733
    endloop
  endfacet
  facet normal -0.148188 0.966049 0.211635
    outer loop
      vertex 104 19.8818 5.35479
      vertex 101.6 19.8805 3.68023
      vertex 104 19.8733 5.39359
    endloop
  endfacet
  facet normal -0.148051 0.966113 0.211439
    outer loop
      vertex 101.6 19.8805 3.68023
      vertex 104 19.8818 5.35479
      vertex 101.6 19.8818 3.67429
    endloop
  endfacet
  facet normal 0.259999 0.891365 -0.371307
    outer loop
      vertex 104 19.9062 5.92275
      vertex 101.6 19.9099 4.25109
      vertex 104 19.9225 5.96188
    endloop
  endfacet
  facet normal 0.260979 0.89049 -0.372716
    outer loop
      vertex 101.6 19.9099 4.25109
      vertex 104 19.9062 5.92275
      vertex 101.6 19.9062 4.24225
    endloop
  endfacet
  facet normal 0.481161 0.544319 -0.687168
    outer loop
      vertex 101.6 20.1179 4.56146
      vertex 104 20.175 6.28719
      vertex 104 20.1179 6.24196
    endloop
  endfacet
  facet normal 0.481127 0.544405 -0.687124
    outer loop
      vertex 104 20.175 6.28719
      vertex 101.6 20.1179 4.56146
      vertex 101.6 20.175 4.6067
    endloop
  endfacet
  facet normal 0.445503 0.629857 -0.636244
    outer loop
      vertex 101.6 20.0651 4.50919
      vertex 104 20.1179 6.24196
      vertex 104 20.0651 6.18969
    endloop
  endfacet
  facet normal 0.445503 0.629857 -0.636244
    outer loop
      vertex 104 20.1179 6.24196
      vertex 101.6 20.0651 4.50919
      vertex 101.6 20.1179 4.56146
    endloop
  endfacet
  facet normal 0.261079 -0.890419 -0.372817
    outer loop
      vertex 100.865 53.0629 3.80135
      vertex 104 53.0775 5.96188
      vertex 104 53.0629 5.99675
    endloop
  endfacet
  facet normal 0.261996 -0.889589 -0.374153
    outer loop
      vertex 104 53.0775 5.96188
      vertex 100.865 53.0629 3.80135
      vertex 100.899 53.0938 3.75169
    endloop
  endfacet
  facet normal 0.850236 -0.107308 0.515348
    outer loop
      vertex 100.899 53.0938 3.75169
      vertex 100.865 53.0629 3.80135
      vertex 100.832 53.0259 3.84809
    endloop
  endfacet
  facet normal 0.821189 -0.030083 0.569863
    outer loop
      vertex 100.974 53.1358 3.64583
      vertex 100.936 53.1182 3.69966
      vertex 100.899 53.0938 3.75169
    endloop
  endfacet
  facet normal 0.206407 -0.93298 -0.294864
    outer loop
      vertex 100.899 53.0938 3.75169
      vertex 104 53.1182 5.84521
      vertex 104 53.1065 5.88223
    endloop
  endfacet
  facet normal 0.204776 -0.934103 -0.292435
    outer loop
      vertex 104 53.1182 5.84521
      vertex 100.899 53.0938 3.75169
      vertex 100.936 53.1182 3.69966
    endloop
  endfacet
  facet normal -0.311599 0.839567 0.445009
    outer loop
      vertex 104 19.9543 5.1708
      vertex 101.6 19.9371 3.52275
      vertex 104 19.9371 5.20325
    endloop
  endfacet
  facet normal -0.306035 0.845881 0.43684
    outer loop
      vertex 101.6 19.9371 3.52275
      vertex 104 19.9543 5.1708
      vertex 101.6 19.9393 3.51849
    endloop
  endfacet
  facet normal -0.0893658 0.987788 0.127627
    outer loop
      vertex 104 19.8642 5.43502
      vertex 101.6 19.8536 3.83656
      vertex 104 19.8536 5.51706
    endloop
  endfacet
  facet normal -0.0893658 0.987788 0.127627
    outer loop
      vertex 101.6 19.8536 3.83656
      vertex 104 19.8642 5.43502
      vertex 101.6 19.8642 3.75452
    endloop
  endfacet
  facet normal 0.312455 0.8386 -0.446231
    outer loop
      vertex 104 19.9543 6.0292
      vertex 101.6 19.9741 4.38591
      vertex 104 19.9741 6.06641
    endloop
  endfacet
  facet normal 0.312469 0.838583 -0.446253
    outer loop
      vertex 101.6 19.9741 4.38591
      vertex 104 19.9543 6.0292
      vertex 101.6 19.9693 4.37689
    endloop
  endfacet
  facet normal 0.261051 0.890426 -0.372819
    outer loop
      vertex 104 19.9225 5.96188
      vertex 101.6 19.9371 4.31625
      vertex 104 19.9371 5.99675
    endloop
  endfacet
  facet normal 0.260441 0.890978 -0.371925
    outer loop
      vertex 101.6 19.9371 4.31625
      vertex 104 19.9225 5.96188
      vertex 101.6 19.9099 4.25109
    endloop
  endfacet
  facet normal 0.311618 0.839562 -0.445006
    outer loop
      vertex 104 19.9371 5.99675
      vertex 101.6 19.9693 4.37689
      vertex 104 19.9543 6.0292
    endloop
  endfacet
  facet normal 0.311995 0.83912 -0.445575
    outer loop
      vertex 101.6 19.9693 4.37689
      vertex 104 19.9371 5.99675
      vertex 101.6 19.9371 4.31625
    endloop
  endfacet
  facet normal -0.707175 0 0.707039
    outer loop
      vertex 67.4684 77 1.6798
      vertex 67.5202 73.4 1.73161
      vertex 67.5202 77 1.73161
    endloop
  endfacet
  facet normal -0.707175 0 0.707039
    outer loop
      vertex 67.5202 73.4 1.73161
      vertex 67.4684 77 1.6798
      vertex 67.4684 73.4 1.6798
    endloop
  endfacet
  facet normal -0.933855 0 0.357652
    outer loop
      vertex 67.6395 73.4 1.91528
      vertex 67.6657 77 1.98369
      vertex 67.6395 77 1.91528
    endloop
  endfacet
  facet normal -0.933855 0 0.357652
    outer loop
      vertex 67.6657 77 1.98369
      vertex 67.6395 73.4 1.91528
      vertex 67.6657 73.4 1.98369
    endloop
  endfacet
  facet normal 0 0 -1
    outer loop
      vertex 37 73.4 2.9
      vertex 67 77 2.9
      vertex 67 73.4 2.9
    endloop
  endfacet
  facet normal -0 0 -1
    outer loop
      vertex 67 77 2.9
      vertex 37 73.4 2.9
      vertex 37 77 2.9
    endloop
  endfacet
  facet normal -0.890796 0 -0.454404
    outer loop
      vertex 67.6395 73.4 2.48472
      vertex 67.6062 77 2.55
      vertex 67.6395 77 2.48472
    endloop
  endfacet
  facet normal -0.890796 -0 -0.454404
    outer loop
      vertex 67.6062 77 2.55
      vertex 67.6395 73.4 2.48472
      vertex 67.6062 73.4 2.55
    endloop
  endfacet
  facet normal -0 0 1
    outer loop
      vertex 37 77 1.5
      vertex 67 73.4 1.5
      vertex 67 77 1.5
    endloop
  endfacet
  facet normal 0 0 1
    outer loop
      vertex 67 73.4 1.5
      vertex 37 77 1.5
      vertex 37 73.4 1.5
    endloop
  endfacet
  facet normal 0.933855 -0 0.357652
    outer loop
      vertex 36.3343 73.4 1.98369
      vertex 36.3605 77 1.91528
      vertex 36.3343 77 1.98369
    endloop
  endfacet
  facet normal 0.933855 0 0.357652
    outer loop
      vertex 36.3605 77 1.91528
      vertex 36.3343 73.4 1.98369
      vertex 36.3605 73.4 1.91528
    endloop
  endfacet
  facet normal 0.358412 0 0.933564
    outer loop
      vertex 36.7153 77 1.56052
      vertex 36.7837 73.4 1.53426
      vertex 36.7837 77 1.53426
    endloop
  endfacet
  facet normal 0.358412 0 0.933564
    outer loop
      vertex 36.7837 73.4 1.53426
      vertex 36.7153 77 1.56052
      vertex 36.7153 73.4 1.56052
    endloop
  endfacet
  facet normal -0.777207 0 0.629245
    outer loop
      vertex 67.5202 73.4 1.73161
      vertex 67.5663 77 1.78855
      vertex 67.5202 77 1.73161
    endloop
  endfacet
  facet normal -0.777207 0 0.629245
    outer loop
      vertex 67.5663 77 1.78855
      vertex 67.5202 73.4 1.73161
      vertex 67.5663 73.4 1.78855
    endloop
  endfacet
  facet normal 0.998654 0 -0.051864
    outer loop
      vertex 36.3038 73.4 2.27317
      vertex 36.3 77 2.2
      vertex 36.3038 77 2.27317
    endloop
  endfacet
  facet normal 0.998654 0 -0.051864
    outer loop
      vertex 36.3 77 2.2
      vertex 36.3038 73.4 2.27317
      vertex 36.3 73.4 2.2
    endloop
  endfacet
  facet normal -0.45386 0 0.891073
    outer loop
      vertex 67.2847 77 1.56052
      vertex 67.35 73.4 1.59378
      vertex 67.35 77 1.59378
    endloop
  endfacet
  facet normal -0.45386 0 0.891073
    outer loop
      vertex 67.35 73.4 1.59378
      vertex 67.2847 77 1.56052
      vertex 67.2847 73.4 1.56052
    endloop
  endfacet
  facet normal -0.777207 0 -0.629245
    outer loop
      vertex 67.5663 73.4 2.61145
      vertex 67.5202 77 2.66839
      vertex 67.5663 77 2.61145
    endloop
  endfacet
  facet normal -0.777207 -0 -0.629245
    outer loop
      vertex 67.5202 77 2.66839
      vertex 67.5663 73.4 2.61145
      vertex 67.5202 73.4 2.66839
    endloop
  endfacet
  facet normal 0.890796 -0 0.454404
    outer loop
      vertex 36.3605 73.4 1.91528
      vertex 36.3938 77 1.85
      vertex 36.3605 77 1.91528
    endloop
  endfacet
  facet normal 0.890796 0 0.454404
    outer loop
      vertex 36.3938 77 1.85
      vertex 36.3605 73.4 1.91528
      vertex 36.3938 73.4 1.85
    endloop
  endfacet
  facet normal 0.628927 0 0.777464
    outer loop
      vertex 36.5316 77 1.6798
      vertex 36.5886 73.4 1.63369
      vertex 36.5886 77 1.63369
    endloop
  endfacet
  facet normal 0.628927 0 0.777464
    outer loop
      vertex 36.5886 73.4 1.63369
      vertex 36.5316 77 1.6798
      vertex 36.5316 73.4 1.6798
    endloop
  endfacet
  facet normal 0.838709 0 -0.544581
    outer loop
      vertex 36.4337 73.4 2.61145
      vertex 36.3938 77 2.55
      vertex 36.4337 77 2.61145
    endloop
  endfacet
  facet normal 0.838709 0 -0.544581
    outer loop
      vertex 36.3938 77 2.55
      vertex 36.4337 73.4 2.61145
      vertex 36.3938 73.4 2.55
    endloop
  endfacet
  facet normal -0.998654 0 0.051864
    outer loop
      vertex 67.6962 73.4 2.12683
      vertex 67.7 77 2.2
      vertex 67.6962 77 2.12683
    endloop
  endfacet
  facet normal -0.998654 0 0.051864
    outer loop
      vertex 67.7 77 2.2
      vertex 67.6962 73.4 2.12683
      vertex 67.7 73.4 2.2
    endloop
  endfacet
  facet normal 0.965799 0 -0.259293
    outer loop
      vertex 36.3343 73.4 2.41631
      vertex 36.3153 77 2.34554
      vertex 36.3343 77 2.41631
    endloop
  endfacet
  facet normal 0.965799 0 -0.259293
    outer loop
      vertex 36.3153 77 2.34554
      vertex 36.3343 73.4 2.41631
      vertex 36.3153 73.4 2.34554
    endloop
  endfacet
  facet normal 0.156552 0 -0.98767
    outer loop
      vertex 36.8545 73.4 2.8847
      vertex 36.9268 77 2.89616
      vertex 36.9268 73.4 2.89616
    endloop
  endfacet
  facet normal 0.156552 0 -0.98767
    outer loop
      vertex 36.9268 77 2.89616
      vertex 36.8545 73.4 2.8847
      vertex 36.8545 77 2.8847
    endloop
  endfacet
  facet normal 0.707175 0 0.707039
    outer loop
      vertex 36.4798 77 1.73161
      vertex 36.5316 73.4 1.6798
      vertex 36.5316 77 1.6798
    endloop
  endfacet
  facet normal 0.707175 0 0.707039
    outer loop
      vertex 36.5316 73.4 1.6798
      vertex 36.4798 77 1.73161
      vertex 36.4798 73.4 1.73161
    endloop
  endfacet
  facet normal -0.544365 0 0.838849
    outer loop
      vertex 67.35 77 1.59378
      vertex 67.4115 73.4 1.63369
      vertex 67.4115 77 1.63369
    endloop
  endfacet
  facet normal -0.544365 0 0.838849
    outer loop
      vertex 67.4115 73.4 1.63369
      vertex 67.35 77 1.59378
      vertex 67.35 73.4 1.59378
    endloop
  endfacet
  facet normal 0.258682 0 0.965963
    outer loop
      vertex 36.7837 77 1.53426
      vertex 36.8545 73.4 1.5153
      vertex 36.8545 77 1.5153
    endloop
  endfacet
  facet normal 0.258682 0 0.965963
    outer loop
      vertex 36.8545 73.4 1.5153
      vertex 36.7837 77 1.53426
      vertex 36.7837 73.4 1.53426
    endloop
  endfacet
  facet normal -0.544365 0 -0.838849
    outer loop
      vertex 67.35 73.4 2.80622
      vertex 67.4115 77 2.76631
      vertex 67.4115 73.4 2.76631
    endloop
  endfacet
  facet normal -0.544365 0 -0.838849
    outer loop
      vertex 67.4115 77 2.76631
      vertex 67.35 73.4 2.80622
      vertex 67.35 77 2.80622
    endloop
  endfacet
  facet normal 0.156685 0 0.987649
    outer loop
      vertex 36.8545 77 1.5153
      vertex 36.9268 73.4 1.50383
      vertex 36.9268 77 1.50383
    endloop
  endfacet
  facet normal 0.156685 0 0.987649
    outer loop
      vertex 36.9268 73.4 1.50383
      vertex 36.8545 77 1.5153
      vertex 36.8545 73.4 1.5153
    endloop
  endfacet
  facet normal 0.0522509 0 0.998634
    outer loop
      vertex 36.9268 77 1.50383
      vertex 37 73.4 1.5
      vertex 37 77 1.5
    endloop
  endfacet
  facet normal 0.0522509 0 0.998634
    outer loop
      vertex 37 73.4 1.5
      vertex 36.9268 77 1.50383
      vertex 36.9268 73.4 1.50383
    endloop
  endfacet
  facet normal -0.45386 0 -0.891073
    outer loop
      vertex 67.2847 73.4 2.83948
      vertex 67.35 77 2.80622
      vertex 67.35 73.4 2.80622
    endloop
  endfacet
  facet normal -0.45386 0 -0.891073
    outer loop
      vertex 67.35 77 2.80622
      vertex 67.2847 73.4 2.83948
      vertex 67.2847 77 2.83948
    endloop
  endfacet
  facet normal -0.987609 0 -0.156937
    outer loop
      vertex 67.6962 73.4 2.27317
      vertex 67.6847 77 2.34554
      vertex 67.6962 77 2.27317
    endloop
  endfacet
  facet normal -0.987609 -0 -0.156937
    outer loop
      vertex 67.6847 77 2.34554
      vertex 67.6962 73.4 2.27317
      vertex 67.6847 73.4 2.34554
    endloop
  endfacet
  facet normal -0.998654 0 -0.051864
    outer loop
      vertex 67.7 73.4 2.2
      vertex 67.6962 77 2.27317
      vertex 67.7 77 2.2
    endloop
  endfacet
  facet normal -0.998654 -0 -0.051864
    outer loop
      vertex 67.6962 77 2.27317
      vertex 67.7 73.4 2.2
      vertex 67.6962 73.4 2.27317
    endloop
  endfacet
  facet normal 0.052387 0 -0.998627
    outer loop
      vertex 36.9268 73.4 2.89616
      vertex 37 77 2.9
      vertex 37 73.4 2.9
    endloop
  endfacet
  facet normal 0.052387 0 -0.998627
    outer loop
      vertex 37 77 2.9
      vertex 36.9268 73.4 2.89616
      vertex 36.9268 77 2.89616
    endloop
  endfacet
  facet normal -0.987609 0 0.156937
    outer loop
      vertex 67.6847 73.4 2.05446
      vertex 67.6962 77 2.12683
      vertex 67.6847 77 2.05446
    endloop
  endfacet
  facet normal -0.987609 0 0.156937
    outer loop
      vertex 67.6962 77 2.12683
      vertex 67.6847 73.4 2.05446
      vertex 67.6962 73.4 2.12683
    endloop
  endfacet
  facet normal 0.544988 0 0.838444
    outer loop
      vertex 36.5886 77 1.63369
      vertex 36.65 73.4 1.59378
      vertex 36.65 77 1.59378
    endloop
  endfacet
  facet normal 0.544988 0 0.838444
    outer loop
      vertex 36.65 73.4 1.59378
      vertex 36.5886 77 1.63369
      vertex 36.5886 73.4 1.63369
    endloop
  endfacet
  facet normal 0.998654 -0 0.051864
    outer loop
      vertex 36.3 73.4 2.2
      vertex 36.3038 77 2.12683
      vertex 36.3 77 2.2
    endloop
  endfacet
  facet normal 0.998654 0 0.051864
    outer loop
      vertex 36.3038 77 2.12683
      vertex 36.3 73.4 2.2
      vertex 36.3038 73.4 2.12683
    endloop
  endfacet
  facet normal -0.890796 0 0.454404
    outer loop
      vertex 67.6062 73.4 1.85
      vertex 67.6395 77 1.91528
      vertex 67.6062 77 1.85
    endloop
  endfacet
  facet normal -0.890796 0 0.454404
    outer loop
      vertex 67.6395 77 1.91528
      vertex 67.6062 73.4 1.85
      vertex 67.6395 73.4 1.91528
    endloop
  endfacet
  facet normal 0.987609 -0 0.156937
    outer loop
      vertex 36.3038 73.4 2.12683
      vertex 36.3153 77 2.05446
      vertex 36.3038 77 2.12683
    endloop
  endfacet
  facet normal 0.987609 0 0.156937
    outer loop
      vertex 36.3153 77 2.05446
      vertex 36.3038 73.4 2.12683
      vertex 36.3153 73.4 2.05446
    endloop
  endfacet
  facet normal -0.258682 0 0.965963
    outer loop
      vertex 67.1455 77 1.5153
      vertex 67.2163 73.4 1.53426
      vertex 67.2163 77 1.53426
    endloop
  endfacet
  facet normal -0.258682 0 0.965963
    outer loop
      vertex 67.2163 73.4 1.53426
      vertex 67.1455 77 1.5153
      vertex 67.1455 73.4 1.5153
    endloop
  endfacet
  facet normal 0.965799 -0 0.259293
    outer loop
      vertex 36.3153 73.4 2.05446
      vertex 36.3343 77 1.98369
      vertex 36.3153 77 2.05446
    endloop
  endfacet
  facet normal 0.965799 0 0.259293
    outer loop
      vertex 36.3343 77 1.98369
      vertex 36.3153 73.4 2.05446
      vertex 36.3343 73.4 1.98369
    endloop
  endfacet
  facet normal -0.156552 0 -0.98767
    outer loop
      vertex 67.0732 73.4 2.89616
      vertex 67.1455 77 2.8847
      vertex 67.1455 73.4 2.8847
    endloop
  endfacet
  facet normal -0.156552 0 -0.98767
    outer loop
      vertex 67.1455 77 2.8847
      vertex 67.0732 73.4 2.89616
      vertex 67.0732 77 2.89616
    endloop
  endfacet
  facet normal -0.156685 0 0.987649
    outer loop
      vertex 67.0732 77 1.50383
      vertex 67.1455 73.4 1.5153
      vertex 67.1455 77 1.5153
    endloop
  endfacet
  facet normal -0.156685 0 0.987649
    outer loop
      vertex 67.1455 73.4 1.5153
      vertex 67.0732 77 1.50383
      vertex 67.0732 73.4 1.50383
    endloop
  endfacet
  facet normal 0.707175 0 -0.707039
    outer loop
      vertex 36.4798 73.4 2.66839
      vertex 36.5316 77 2.7202
      vertex 36.5316 73.4 2.7202
    endloop
  endfacet
  facet normal 0.707175 0 -0.707039
    outer loop
      vertex 36.5316 77 2.7202
      vertex 36.4798 73.4 2.66839
      vertex 36.4798 77 2.66839
    endloop
  endfacet
  facet normal -0.0522509 0 0.998634
    outer loop
      vertex 67 77 1.5
      vertex 67.0732 73.4 1.50383
      vertex 67.0732 77 1.50383
    endloop
  endfacet
  facet normal -0.0522509 0 0.998634
    outer loop
      vertex 67.0732 73.4 1.50383
      vertex 67 77 1.5
      vertex 67 73.4 1.5
    endloop
  endfacet
  facet normal -0.707175 0 -0.707039
    outer loop
      vertex 67.4684 73.4 2.7202
      vertex 67.5202 77 2.66839
      vertex 67.5202 73.4 2.66839
    endloop
  endfacet
  facet normal -0.707175 0 -0.707039
    outer loop
      vertex 67.5202 77 2.66839
      vertex 67.4684 73.4 2.7202
      vertex 67.4684 77 2.7202
    endloop
  endfacet
  facet normal 0.777207 -0 0.629245
    outer loop
      vertex 36.4337 73.4 1.78855
      vertex 36.4798 77 1.73161
      vertex 36.4337 77 1.78855
    endloop
  endfacet
  facet normal 0.777207 0 0.629245
    outer loop
      vertex 36.4798 77 1.73161
      vertex 36.4337 73.4 1.78855
      vertex 36.4798 73.4 1.73161
    endloop
  endfacet
  facet normal -0.838709 0 0.544581
    outer loop
      vertex 67.5663 73.4 1.78855
      vertex 67.6062 77 1.85
      vertex 67.5663 77 1.78855
    endloop
  endfacet
  facet normal -0.838709 0 0.544581
    outer loop
      vertex 67.6062 77 1.85
      vertex 67.5663 73.4 1.78855
      vertex 67.6062 73.4 1.85
    endloop
  endfacet
  facet normal -0.933855 0 -0.357652
    outer loop
      vertex 67.6657 73.4 2.41631
      vertex 67.6395 77 2.48472
      vertex 67.6657 77 2.41631
    endloop
  endfacet
  facet normal -0.933855 -0 -0.357652
    outer loop
      vertex 67.6395 77 2.48472
      vertex 67.6657 73.4 2.41631
      vertex 67.6395 73.4 2.48472
    endloop
  endfacet
  facet normal 0.777207 0 -0.629245
    outer loop
      vertex 36.4798 73.4 2.66839
      vertex 36.4337 77 2.61145
      vertex 36.4798 77 2.66839
    endloop
  endfacet
  facet normal 0.777207 0 -0.629245
    outer loop
      vertex 36.4337 77 2.61145
      vertex 36.4798 73.4 2.66839
      vertex 36.4337 73.4 2.61145
    endloop
  endfacet
  facet normal 0.258682 0 -0.965963
    outer loop
      vertex 36.7837 73.4 2.86574
      vertex 36.8545 77 2.8847
      vertex 36.8545 73.4 2.8847
    endloop
  endfacet
  facet normal 0.258682 0 -0.965963
    outer loop
      vertex 36.8545 77 2.8847
      vertex 36.7837 73.4 2.86574
      vertex 36.7837 77 2.86574
    endloop
  endfacet
  facet normal 0.358412 0 -0.933564
    outer loop
      vertex 36.7153 73.4 2.83948
      vertex 36.7837 77 2.86574
      vertex 36.7837 73.4 2.86574
    endloop
  endfacet
  facet normal 0.358412 0 -0.933564
    outer loop
      vertex 36.7837 77 2.86574
      vertex 36.7153 73.4 2.83948
      vertex 36.7153 77 2.83948
    endloop
  endfacet
  facet normal -0.629595 0 0.776924
    outer loop
      vertex 67.4115 77 1.63369
      vertex 67.4684 73.4 1.6798
      vertex 67.4684 77 1.6798
    endloop
  endfacet
  facet normal -0.629595 0 0.776924
    outer loop
      vertex 67.4684 73.4 1.6798
      vertex 67.4115 77 1.63369
      vertex 67.4115 73.4 1.63369
    endloop
  endfacet
  facet normal -0.358412 0 -0.933564
    outer loop
      vertex 67.2163 73.4 2.86574
      vertex 67.2847 77 2.83948
      vertex 67.2847 73.4 2.83948
    endloop
  endfacet
  facet normal -0.358412 0 -0.933564
    outer loop
      vertex 67.2847 77 2.83948
      vertex 67.2163 73.4 2.86574
      vertex 67.2163 77 2.86574
    endloop
  endfacet
  facet normal -0.965799 0 0.259293
    outer loop
      vertex 67.6657 73.4 1.98369
      vertex 67.6847 77 2.05446
      vertex 67.6657 77 1.98369
    endloop
  endfacet
  facet normal -0.965799 0 0.259293
    outer loop
      vertex 67.6847 77 2.05446
      vertex 67.6657 73.4 1.98369
      vertex 67.6847 73.4 2.05446
    endloop
  endfacet
  facet normal -0.629595 0 -0.776924
    outer loop
      vertex 67.4115 73.4 2.76631
      vertex 67.4684 77 2.7202
      vertex 67.4684 73.4 2.7202
    endloop
  endfacet
  facet normal -0.629595 0 -0.776924
    outer loop
      vertex 67.4684 77 2.7202
      vertex 67.4115 73.4 2.76631
      vertex 67.4115 77 2.76631
    endloop
  endfacet
  facet normal 0.933855 0 -0.357652
    outer loop
      vertex 36.3605 73.4 2.48472
      vertex 36.3343 77 2.41631
      vertex 36.3605 77 2.48472
    endloop
  endfacet
  facet normal 0.933855 0 -0.357652
    outer loop
      vertex 36.3343 77 2.41631
      vertex 36.3605 73.4 2.48472
      vertex 36.3343 73.4 2.41631
    endloop
  endfacet
  facet normal 0.544988 0 -0.838444
    outer loop
      vertex 36.5886 73.4 2.76631
      vertex 36.65 77 2.80622
      vertex 36.65 73.4 2.80622
    endloop
  endfacet
  facet normal 0.544988 0 -0.838444
    outer loop
      vertex 36.65 77 2.80622
      vertex 36.5886 73.4 2.76631
      vertex 36.5886 77 2.76631
    endloop
  endfacet
  facet normal 0.45386 0 -0.891073
    outer loop
      vertex 36.65 73.4 2.80622
      vertex 36.7153 77 2.83948
      vertex 36.7153 73.4 2.83948
    endloop
  endfacet
  facet normal 0.45386 0 -0.891073
    outer loop
      vertex 36.7153 77 2.83948
      vertex 36.65 73.4 2.80622
      vertex 36.65 77 2.80622
    endloop
  endfacet
  facet normal 0.838709 -0 0.544581
    outer loop
      vertex 36.3938 73.4 1.85
      vertex 36.4337 77 1.78855
      vertex 36.3938 77 1.85
    endloop
  endfacet
  facet normal 0.838709 0 0.544581
    outer loop
      vertex 36.4337 77 1.78855
      vertex 36.3938 73.4 1.85
      vertex 36.4337 73.4 1.78855
    endloop
  endfacet
  facet normal -0.052387 0 -0.998627
    outer loop
      vertex 67 73.4 2.9
      vertex 67.0732 77 2.89616
      vertex 67.0732 73.4 2.89616
    endloop
  endfacet
  facet normal -0.052387 0 -0.998627
    outer loop
      vertex 67.0732 77 2.89616
      vertex 67 73.4 2.9
      vertex 67 77 2.9
    endloop
  endfacet
  facet normal 0.628927 0 -0.777464
    outer loop
      vertex 36.5316 73.4 2.7202
      vertex 36.5886 77 2.76631
      vertex 36.5886 73.4 2.76631
    endloop
  endfacet
  facet normal 0.628927 0 -0.777464
    outer loop
      vertex 36.5886 77 2.76631
      vertex 36.5316 73.4 2.7202
      vertex 36.5316 77 2.7202
    endloop
  endfacet
  facet normal -0.258682 0 -0.965963
    outer loop
      vertex 67.1455 73.4 2.8847
      vertex 67.2163 77 2.86574
      vertex 67.2163 73.4 2.86574
    endloop
  endfacet
  facet normal -0.258682 0 -0.965963
    outer loop
      vertex 67.2163 77 2.86574
      vertex 67.1455 73.4 2.8847
      vertex 67.1455 77 2.8847
    endloop
  endfacet
  facet normal 0.890796 0 -0.454404
    outer loop
      vertex 36.3938 73.4 2.55
      vertex 36.3605 77 2.48472
      vertex 36.3938 77 2.55
    endloop
  endfacet
  facet normal 0.890796 0 -0.454404
    outer loop
      vertex 36.3605 77 2.48472
      vertex 36.3938 73.4 2.55
      vertex 36.3605 73.4 2.48472
    endloop
  endfacet
  facet normal -0.965799 0 -0.259293
    outer loop
      vertex 67.6847 73.4 2.34554
      vertex 67.6657 77 2.41631
      vertex 67.6847 77 2.34554
    endloop
  endfacet
  facet normal -0.965799 -0 -0.259293
    outer loop
      vertex 67.6657 77 2.41631
      vertex 67.6847 73.4 2.34554
      vertex 67.6657 73.4 2.41631
    endloop
  endfacet
  facet normal -0.358412 0 0.933564
    outer loop
      vertex 67.2163 77 1.53426
      vertex 67.2847 73.4 1.56052
      vertex 67.2847 77 1.56052
    endloop
  endfacet
  facet normal -0.358412 0 0.933564
    outer loop
      vertex 67.2847 73.4 1.56052
      vertex 67.2163 77 1.53426
      vertex 67.2163 73.4 1.53426
    endloop
  endfacet
  facet normal -0.838709 0 -0.544581
    outer loop
      vertex 67.6062 73.4 2.55
      vertex 67.5663 77 2.61145
      vertex 67.6062 77 2.55
    endloop
  endfacet
  facet normal -0.838709 -0 -0.544581
    outer loop
      vertex 67.5663 77 2.61145
      vertex 67.6062 73.4 2.55
      vertex 67.5663 73.4 2.61145
    endloop
  endfacet
  facet normal 0.987609 0 -0.156937
    outer loop
      vertex 36.3153 73.4 2.34554
      vertex 36.3038 77 2.27317
      vertex 36.3153 77 2.34554
    endloop
  endfacet
  facet normal 0.987609 0 -0.156937
    outer loop
      vertex 36.3038 77 2.27317
      vertex 36.3153 73.4 2.34554
      vertex 36.3038 73.4 2.27317
    endloop
  endfacet
  facet normal 0 1 0
    outer loop
      vertex 67 73.4 1.5
      vertex 67 73.4 2.9
      vertex 67.0732 73.4 2.89616
    endloop
  endfacet
  facet normal 0 1 0
    outer loop
      vertex 67 73.4 2.9
      vertex 67 73.4 1.5
      vertex 37 73.4 2.9
    endloop
  endfacet
  facet normal 0 1 0
    outer loop
      vertex 67 73.4 1.5
      vertex 67.0732 73.4 2.89616
      vertex 67.1455 73.4 2.8847
    endloop
  endfacet
  facet normal 0 1 0
    outer loop
      vertex 37 73.4 1.5
      vertex 37 73.4 2.9
      vertex 67 73.4 1.5
    endloop
  endfacet
  facet normal 0 1 0
    outer loop
      vertex 67 73.4 1.5
      vertex 67.1455 73.4 2.8847
      vertex 67.2163 73.4 2.86574
    endloop
  endfacet
  facet normal 0 1 0
    outer loop
      vertex 37 73.4 2.9
      vertex 37 73.4 1.5
      vertex 36.9268 73.4 2.89616
    endloop
  endfacet
  facet normal 0 1 0
    outer loop
      vertex 67 73.4 1.5
      vertex 67.2163 73.4 2.86574
      vertex 67.2847 73.4 2.83948
    endloop
  endfacet
  facet normal 0 1 0
    outer loop
      vertex 36.9268 73.4 2.89616
      vertex 37 73.4 1.5
      vertex 36.8545 73.4 2.8847
    endloop
  endfacet
  facet normal 0 1 0
    outer loop
      vertex 67 73.4 1.5
      vertex 67.2847 73.4 2.83948
      vertex 67.35 73.4 2.80622
    endloop
  endfacet
  facet normal 0 1 0
    outer loop
      vertex 36.8545 73.4 2.8847
      vertex 37 73.4 1.5
      vertex 36.7837 73.4 2.86574
    endloop
  endfacet
  facet normal 0 1 0
    outer loop
      vertex 67 73.4 1.5
      vertex 67.35 73.4 2.80622
      vertex 67.4115 73.4 2.76631
    endloop
  endfacet
  facet normal 0 1 0
    outer loop
      vertex 36.7837 73.4 2.86574
      vertex 37 73.4 1.5
      vertex 36.7153 73.4 2.83948
    endloop
  endfacet
  facet normal 0 1 0
    outer loop
      vertex 67 73.4 1.5
      vertex 67.4115 73.4 2.76631
      vertex 67.4684 73.4 2.7202
    endloop
  endfacet
  facet normal 0 1 0
    outer loop
      vertex 36.7153 73.4 2.83948
      vertex 37 73.4 1.5
      vertex 36.65 73.4 2.80622
    endloop
  endfacet
  facet normal 0 1 0
    outer loop
      vertex 67 73.4 1.5
      vertex 67.4684 73.4 2.7202
      vertex 67.5202 73.4 2.66839
    endloop
  endfacet
  facet normal 0 1 0
    outer loop
      vertex 36.65 73.4 2.80622
      vertex 37 73.4 1.5
      vertex 36.5886 73.4 2.76631
    endloop
  endfacet
  facet normal 0 1 0
    outer loop
      vertex 67 73.4 1.5
      vertex 67.5202 73.4 2.66839
      vertex 67.5663 73.4 2.61145
    endloop
  endfacet
  facet normal 0 1 0
    outer loop
      vertex 36.5886 73.4 2.76631
      vertex 37 73.4 1.5
      vertex 36.5316 73.4 2.7202
    endloop
  endfacet
  facet normal 0 1 0
    outer loop
      vertex 67 73.4 1.5
      vertex 67.5663 73.4 2.61145
      vertex 67.6062 73.4 2.55
    endloop
  endfacet
  facet normal 0 1 0
    outer loop
      vertex 36.5316 73.4 2.7202
      vertex 37 73.4 1.5
      vertex 36.4798 73.4 2.66839
    endloop
  endfacet
  facet normal 0 1 0
    outer loop
      vertex 67 73.4 1.5
      vertex 67.6062 73.4 2.55
      vertex 67.6395 73.4 2.48472
    endloop
  endfacet
  facet normal 0 1 0
    outer loop
      vertex 36.4798 73.4 2.66839
      vertex 37 73.4 1.5
      vertex 36.4337 73.4 2.61145
    endloop
  endfacet
  facet normal 0 1 0
    outer loop
      vertex 67 73.4 1.5
      vertex 67.6395 73.4 2.48472
      vertex 67.6657 73.4 2.41631
    endloop
  endfacet
  facet normal 0 1 0
    outer loop
      vertex 36.4337 73.4 2.61145
      vertex 37 73.4 1.5
      vertex 36.3938 73.4 2.55
    endloop
  endfacet
  facet normal 0 1 0
    outer loop
      vertex 67 73.4 1.5
      vertex 67.6657 73.4 2.41631
      vertex 67.6847 73.4 2.34554
    endloop
  endfacet
  facet normal 0 1 0
    outer loop
      vertex 36.3938 73.4 2.55
      vertex 37 73.4 1.5
      vertex 36.3605 73.4 2.48472
    endloop
  endfacet
  facet normal 0 1 0
    outer loop
      vertex 67 73.4 1.5
      vertex 67.6847 73.4 2.34554
      vertex 67.6962 73.4 2.27317
    endloop
  endfacet
  facet normal 0 1 0
    outer loop
      vertex 36.3605 73.4 2.48472
      vertex 37 73.4 1.5
      vertex 36.3343 73.4 2.41631
    endloop
  endfacet
  facet normal 0 1 0
    outer loop
      vertex 67 73.4 1.5
      vertex 67.6962 73.4 2.27317
      vertex 67.7 73.4 2.2
    endloop
  endfacet
  facet normal 0 1 0
    outer loop
      vertex 36.3343 73.4 2.41631
      vertex 37 73.4 1.5
      vertex 36.3153 73.4 2.34554
    endloop
  endfacet
  facet normal 0 1 0
    outer loop
      vertex 67 73.4 1.5
      vertex 67.7 73.4 2.2
      vertex 67.6962 73.4 2.12683
    endloop
  endfacet
  facet normal 0 1 0
    outer loop
      vertex 36.3153 73.4 2.34554
      vertex 37 73.4 1.5
      vertex 36.3038 73.4 2.27317
    endloop
  endfacet
  facet normal 0 1 0
    outer loop
      vertex 67 73.4 1.5
      vertex 67.6962 73.4 2.12683
      vertex 67.6847 73.4 2.05446
    endloop
  endfacet
  facet normal 0 1 0
    outer loop
      vertex 36.3038 73.4 2.27317
      vertex 37 73.4 1.5
      vertex 36.3 73.4 2.2
    endloop
  endfacet
  facet normal 0 1 0
    outer loop
      vertex 67 73.4 1.5
      vertex 67.6847 73.4 2.05446
      vertex 67.6657 73.4 1.98369
    endloop
  endfacet
  facet normal 0 1 0
    outer loop
      vertex 36.3 73.4 2.2
      vertex 37 73.4 1.5
      vertex 36.3038 73.4 2.12683
    endloop
  endfacet
  facet normal 0 1 0
    outer loop
      vertex 67 73.4 1.5
      vertex 67.6657 73.4 1.98369
      vertex 67.6395 73.4 1.91528
    endloop
  endfacet
  facet normal 0 1 0
    outer loop
      vertex 36.3038 73.4 2.12683
      vertex 37 73.4 1.5
      vertex 36.3153 73.4 2.05446
    endloop
  endfacet
  facet normal 0 1 0
    outer loop
      vertex 67 73.4 1.5
      vertex 67.6395 73.4 1.91528
      vertex 67.6062 73.4 1.85
    endloop
  endfacet
  facet normal 0 1 0
    outer loop
      vertex 36.3153 73.4 2.05446
      vertex 37 73.4 1.5
      vertex 36.3343 73.4 1.98369
    endloop
  endfacet
  facet normal 0 1 0
    outer loop
      vertex 67 73.4 1.5
      vertex 67.6062 73.4 1.85
      vertex 67.5663 73.4 1.78855
    endloop
  endfacet
  facet normal 0 1 0
    outer loop
      vertex 36.3343 73.4 1.98369
      vertex 37 73.4 1.5
      vertex 36.3605 73.4 1.91528
    endloop
  endfacet
  facet normal 0 1 0
    outer loop
      vertex 67 73.4 1.5
      vertex 67.5663 73.4 1.78855
      vertex 67.5202 73.4 1.73161
    endloop
  endfacet
  facet normal 0 1 0
    outer loop
      vertex 36.3605 73.4 1.91528
      vertex 37 73.4 1.5
      vertex 36.3938 73.4 1.85
    endloop
  endfacet
  facet normal 0 1 0
    outer loop
      vertex 67 73.4 1.5
      vertex 67.5202 73.4 1.73161
      vertex 67.4684 73.4 1.6798
    endloop
  endfacet
  facet normal 0 1 0
    outer loop
      vertex 36.3938 73.4 1.85
      vertex 37 73.4 1.5
      vertex 36.4337 73.4 1.78855
    endloop
  endfacet
  facet normal 0 1 0
    outer loop
      vertex 67 73.4 1.5
      vertex 67.4684 73.4 1.6798
      vertex 67.4115 73.4 1.63369
    endloop
  endfacet
  facet normal 0 1 0
    outer loop
      vertex 36.4337 73.4 1.78855
      vertex 37 73.4 1.5
      vertex 36.4798 73.4 1.73161
    endloop
  endfacet
  facet normal 0 1 0
    outer loop
      vertex 67 73.4 1.5
      vertex 67.4115 73.4 1.63369
      vertex 67.35 73.4 1.59378
    endloop
  endfacet
  facet normal 0 1 0
    outer loop
      vertex 36.4798 73.4 1.73161
      vertex 37 73.4 1.5
      vertex 36.5316 73.4 1.6798
    endloop
  endfacet
  facet normal 0 1 0
    outer loop
      vertex 67 73.4 1.5
      vertex 67.35 73.4 1.59378
      vertex 67.2847 73.4 1.56052
    endloop
  endfacet
  facet normal 0 1 0
    outer loop
      vertex 36.5316 73.4 1.6798
      vertex 37 73.4 1.5
      vertex 36.5886 73.4 1.63369
    endloop
  endfacet
  facet normal 0 1 0
    outer loop
      vertex 67 73.4 1.5
      vertex 67.2847 73.4 1.56052
      vertex 67.2163 73.4 1.53426
    endloop
  endfacet
  facet normal 0 1 0
    outer loop
      vertex 36.5886 73.4 1.63369
      vertex 37 73.4 1.5
      vertex 36.65 73.4 1.59378
    endloop
  endfacet
  facet normal 0 1 0
    outer loop
      vertex 67 73.4 1.5
      vertex 67.2163 73.4 1.53426
      vertex 67.1455 73.4 1.5153
    endloop
  endfacet
  facet normal 0 1 0
    outer loop
      vertex 36.65 73.4 1.59378
      vertex 37 73.4 1.5
      vertex 36.7153 73.4 1.56052
    endloop
  endfacet
  facet normal 0 1 0
    outer loop
      vertex 67 73.4 1.5
      vertex 67.1455 73.4 1.5153
      vertex 67.0732 73.4 1.50383
    endloop
  endfacet
  facet normal 0 1 0
    outer loop
      vertex 36.7153 73.4 1.56052
      vertex 37 73.4 1.5
      vertex 36.7837 73.4 1.53426
    endloop
  endfacet
  facet normal 0 1 0
    outer loop
      vertex 36.7837 73.4 1.53426
      vertex 37 73.4 1.5
      vertex 36.8545 73.4 1.5153
    endloop
  endfacet
  facet normal 0 1 0
    outer loop
      vertex 36.8545 73.4 1.5153
      vertex 37 73.4 1.5
      vertex 36.9268 73.4 1.50383
    endloop
  endfacet
  facet normal 0.45386 0 0.891073
    outer loop
      vertex 36.65 77 1.59378
      vertex 36.7153 73.4 1.56052
      vertex 36.7153 77 1.56052
    endloop
  endfacet
  facet normal 0.45386 0 0.891073
    outer loop
      vertex 36.7153 73.4 1.56052
      vertex 36.65 77 1.59378
      vertex 36.65 73.4 1.59378
    endloop
  endfacet
  facet normal -0.707175 0 0.707039
    outer loop
      vertex 67.4684 77 4.6798
      vertex 67.5202 73.4 4.73161
      vertex 67.5202 77 4.73161
    endloop
  endfacet
  facet normal -0.707175 0 0.707039
    outer loop
      vertex 67.5202 73.4 4.73161
      vertex 67.4684 77 4.6798
      vertex 67.4684 73.4 4.6798
    endloop
  endfacet
  facet normal 0 0 -1
    outer loop
      vertex 37 73.4 5.9
      vertex 67 77 5.9
      vertex 67 73.4 5.9
    endloop
  endfacet
  facet normal -0 0 -1
    outer loop
      vertex 67 77 5.9
      vertex 37 73.4 5.9
      vertex 37 77 5.9
    endloop
  endfacet
  facet normal -0.890796 0 -0.454404
    outer loop
      vertex 67.6395 73.4 5.48472
      vertex 67.6062 77 5.55
      vertex 67.6395 77 5.48472
    endloop
  endfacet
  facet normal -0.890796 -0 -0.454404
    outer loop
      vertex 67.6062 77 5.55
      vertex 67.6395 73.4 5.48472
      vertex 67.6062 73.4 5.55
    endloop
  endfacet
  facet normal -0 0 1
    outer loop
      vertex 37 77 4.5
      vertex 67 73.4 4.5
      vertex 67 77 4.5
    endloop
  endfacet
  facet normal 0 0 1
    outer loop
      vertex 67 73.4 4.5
      vertex 37 77 4.5
      vertex 37 73.4 4.5
    endloop
  endfacet
  facet normal 0.933855 -0 0.357652
    outer loop
      vertex 36.3343 73.4 4.98369
      vertex 36.3605 77 4.91528
      vertex 36.3343 77 4.98369
    endloop
  endfacet
  facet normal 0.933855 0 0.357652
    outer loop
      vertex 36.3605 77 4.91528
      vertex 36.3343 73.4 4.98369
      vertex 36.3605 73.4 4.91528
    endloop
  endfacet
  facet normal -0.998654 0 -0.051864
    outer loop
      vertex 67.7 73.4 5.2
      vertex 67.6962 77 5.27317
      vertex 67.7 77 5.2
    endloop
  endfacet
  facet normal -0.998654 -0 -0.051864
    outer loop
      vertex 67.6962 77 5.27317
      vertex 67.7 73.4 5.2
      vertex 67.6962 73.4 5.27317
    endloop
  endfacet
  facet normal 0.358412 0 0.933564
    outer loop
      vertex 36.7153 77 4.56052
      vertex 36.7837 73.4 4.53426
      vertex 36.7837 77 4.53426
    endloop
  endfacet
  facet normal 0.358412 0 0.933564
    outer loop
      vertex 36.7837 73.4 4.53426
      vertex 36.7153 77 4.56052
      vertex 36.7153 73.4 4.56052
    endloop
  endfacet
  facet normal -0.777207 0 0.629245
    outer loop
      vertex 67.5202 73.4 4.73161
      vertex 67.5663 77 4.78855
      vertex 67.5202 77 4.73161
    endloop
  endfacet
  facet normal -0.777207 0 0.629245
    outer loop
      vertex 67.5663 77 4.78855
      vertex 67.5202 73.4 4.73161
      vertex 67.5663 73.4 4.78855
    endloop
  endfacet
  facet normal 0.998654 0 -0.051864
    outer loop
      vertex 36.3038 73.4 5.27317
      vertex 36.3 77 5.2
      vertex 36.3038 77 5.27317
    endloop
  endfacet
  facet normal 0.998654 0 -0.051864
    outer loop
      vertex 36.3 77 5.2
      vertex 36.3038 73.4 5.27317
      vertex 36.3 73.4 5.2
    endloop
  endfacet
  facet normal -0.45386 0 0.891073
    outer loop
      vertex 67.2847 77 4.56052
      vertex 67.35 73.4 4.59378
      vertex 67.35 77 4.59378
    endloop
  endfacet
  facet normal -0.45386 0 0.891073
    outer loop
      vertex 67.35 73.4 4.59378
      vertex 67.2847 77 4.56052
      vertex 67.2847 73.4 4.56052
    endloop
  endfacet
  facet normal -0.777207 0 -0.629245
    outer loop
      vertex 67.5663 73.4 5.61145
      vertex 67.5202 77 5.66839
      vertex 67.5663 77 5.61145
    endloop
  endfacet
  facet normal -0.777207 -0 -0.629245
    outer loop
      vertex 67.5202 77 5.66839
      vertex 67.5663 73.4 5.61145
      vertex 67.5202 73.4 5.66839
    endloop
  endfacet
  facet normal 0.890796 -0 0.454404
    outer loop
      vertex 36.3605 73.4 4.91528
      vertex 36.3938 77 4.85
      vertex 36.3605 77 4.91528
    endloop
  endfacet
  facet normal 0.890796 0 0.454404
    outer loop
      vertex 36.3938 77 4.85
      vertex 36.3605 73.4 4.91528
      vertex 36.3938 73.4 4.85
    endloop
  endfacet
  facet normal 0.628927 0 0.777464
    outer loop
      vertex 36.5316 77 4.6798
      vertex 36.5886 73.4 4.63369
      vertex 36.5886 77 4.63369
    endloop
  endfacet
  facet normal 0.628927 0 0.777464
    outer loop
      vertex 36.5886 73.4 4.63369
      vertex 36.5316 77 4.6798
      vertex 36.5316 73.4 4.6798
    endloop
  endfacet
  facet normal -0.998654 0 0.051864
    outer loop
      vertex 67.6962 73.4 5.12683
      vertex 67.7 77 5.2
      vertex 67.6962 77 5.12683
    endloop
  endfacet
  facet normal -0.998654 0 0.051864
    outer loop
      vertex 67.7 77 5.2
      vertex 67.6962 73.4 5.12683
      vertex 67.7 73.4 5.2
    endloop
  endfacet
  facet normal 0.965799 0 -0.259293
    outer loop
      vertex 36.3343 73.4 5.41631
      vertex 36.3153 77 5.34554
      vertex 36.3343 77 5.41631
    endloop
  endfacet
  facet normal 0.965799 0 -0.259293
    outer loop
      vertex 36.3153 77 5.34554
      vertex 36.3343 73.4 5.41631
      vertex 36.3153 73.4 5.34554
    endloop
  endfacet
  facet normal 0.156552 0 -0.98767
    outer loop
      vertex 36.8545 73.4 5.8847
      vertex 36.9268 77 5.89616
      vertex 36.9268 73.4 5.89616
    endloop
  endfacet
  facet normal 0.156552 0 -0.98767
    outer loop
      vertex 36.9268 77 5.89616
      vertex 36.8545 73.4 5.8847
      vertex 36.8545 77 5.8847
    endloop
  endfacet
  facet normal 0.707175 0 0.707039
    outer loop
      vertex 36.4798 77 4.73161
      vertex 36.5316 73.4 4.6798
      vertex 36.5316 77 4.6798
    endloop
  endfacet
  facet normal 0.707175 0 0.707039
    outer loop
      vertex 36.5316 73.4 4.6798
      vertex 36.4798 77 4.73161
      vertex 36.4798 73.4 4.73161
    endloop
  endfacet
  facet normal -0.544365 0 0.838849
    outer loop
      vertex 67.35 77 4.59378
      vertex 67.4115 73.4 4.63369
      vertex 67.4115 77 4.63369
    endloop
  endfacet
  facet normal -0.544365 0 0.838849
    outer loop
      vertex 67.4115 73.4 4.63369
      vertex 67.35 77 4.59378
      vertex 67.35 73.4 4.59378
    endloop
  endfacet
  facet normal 0.258682 0 0.965963
    outer loop
      vertex 36.7837 77 4.53426
      vertex 36.8545 73.4 4.5153
      vertex 36.8545 77 4.5153
    endloop
  endfacet
  facet normal 0.258682 0 0.965963
    outer loop
      vertex 36.8545 73.4 4.5153
      vertex 36.7837 77 4.53426
      vertex 36.7837 73.4 4.53426
    endloop
  endfacet
  facet normal -0.544365 0 -0.838849
    outer loop
      vertex 67.35 73.4 5.80622
      vertex 67.4115 77 5.76631
      vertex 67.4115 73.4 5.76631
    endloop
  endfacet
  facet normal -0.544365 0 -0.838849
    outer loop
      vertex 67.4115 77 5.76631
      vertex 67.35 73.4 5.80622
      vertex 67.35 77 5.80622
    endloop
  endfacet
  facet normal 0.156685 0 0.987649
    outer loop
      vertex 36.8545 77 4.5153
      vertex 36.9268 73.4 4.50383
      vertex 36.9268 77 4.50383
    endloop
  endfacet
  facet normal 0.156685 0 0.987649
    outer loop
      vertex 36.9268 73.4 4.50383
      vertex 36.8545 77 4.5153
      vertex 36.8545 73.4 4.5153
    endloop
  endfacet
  facet normal 0.0522509 0 0.998634
    outer loop
      vertex 36.9268 77 4.50383
      vertex 37 73.4 4.5
      vertex 37 77 4.5
    endloop
  endfacet
  facet normal 0.0522509 0 0.998634
    outer loop
      vertex 37 73.4 4.5
      vertex 36.9268 77 4.50383
      vertex 36.9268 73.4 4.50383
    endloop
  endfacet
  facet normal -0.45386 0 -0.891073
    outer loop
      vertex 67.2847 73.4 5.83948
      vertex 67.35 77 5.80622
      vertex 67.35 73.4 5.80622
    endloop
  endfacet
  facet normal -0.45386 0 -0.891073
    outer loop
      vertex 67.35 77 5.80622
      vertex 67.2847 73.4 5.83948
      vertex 67.2847 77 5.83948
    endloop
  endfacet
  facet normal -0.987609 0 -0.156937
    outer loop
      vertex 67.6962 73.4 5.27317
      vertex 67.6847 77 5.34554
      vertex 67.6962 77 5.27317
    endloop
  endfacet
  facet normal -0.987609 -0 -0.156937
    outer loop
      vertex 67.6847 77 5.34554
      vertex 67.6962 73.4 5.27317
      vertex 67.6847 73.4 5.34554
    endloop
  endfacet
  facet normal 0.052387 0 -0.998627
    outer loop
      vertex 36.9268 73.4 5.89616
      vertex 37 77 5.9
      vertex 37 73.4 5.9
    endloop
  endfacet
  facet normal 0.052387 0 -0.998627
    outer loop
      vertex 37 77 5.9
      vertex 36.9268 73.4 5.89616
      vertex 36.9268 77 5.89616
    endloop
  endfacet
  facet normal -0.987609 0 0.156937
    outer loop
      vertex 67.6847 73.4 5.05446
      vertex 67.6962 77 5.12683
      vertex 67.6847 77 5.05446
    endloop
  endfacet
  facet normal -0.987609 0 0.156937
    outer loop
      vertex 67.6962 77 5.12683
      vertex 67.6847 73.4 5.05446
      vertex 67.6962 73.4 5.12683
    endloop
  endfacet
  facet normal 0.544988 0 0.838444
    outer loop
      vertex 36.5886 77 4.63369
      vertex 36.65 73.4 4.59378
      vertex 36.65 77 4.59378
    endloop
  endfacet
  facet normal 0.544988 0 0.838444
    outer loop
      vertex 36.65 73.4 4.59378
      vertex 36.5886 77 4.63369
      vertex 36.5886 73.4 4.63369
    endloop
  endfacet
  facet normal 0.998654 -0 0.051864
    outer loop
      vertex 36.3 73.4 5.2
      vertex 36.3038 77 5.12683
      vertex 36.3 77 5.2
    endloop
  endfacet
  facet normal 0.998654 0 0.051864
    outer loop
      vertex 36.3038 77 5.12683
      vertex 36.3 73.4 5.2
      vertex 36.3038 73.4 5.12683
    endloop
  endfacet
  facet normal -0.890796 0 0.454404
    outer loop
      vertex 67.6062 73.4 4.85
      vertex 67.6395 77 4.91528
      vertex 67.6062 77 4.85
    endloop
  endfacet
  facet normal -0.890796 0 0.454404
    outer loop
      vertex 67.6395 77 4.91528
      vertex 67.6062 73.4 4.85
      vertex 67.6395 73.4 4.91528
    endloop
  endfacet
  facet normal 0.987609 -0 0.156937
    outer loop
      vertex 36.3038 73.4 5.12683
      vertex 36.3153 77 5.05446
      vertex 36.3038 77 5.12683
    endloop
  endfacet
  facet normal 0.987609 0 0.156937
    outer loop
      vertex 36.3153 77 5.05446
      vertex 36.3038 73.4 5.12683
      vertex 36.3153 73.4 5.05446
    endloop
  endfacet
  facet normal -0.258682 0 0.965963
    outer loop
      vertex 67.1455 77 4.5153
      vertex 67.2163 73.4 4.53426
      vertex 67.2163 77 4.53426
    endloop
  endfacet
  facet normal -0.258682 0 0.965963
    outer loop
      vertex 67.2163 73.4 4.53426
      vertex 67.1455 77 4.5153
      vertex 67.1455 73.4 4.5153
    endloop
  endfacet
  facet normal 0.965799 -0 0.259293
    outer loop
      vertex 36.3153 73.4 5.05446
      vertex 36.3343 77 4.98369
      vertex 36.3153 77 5.05446
    endloop
  endfacet
  facet normal 0.965799 0 0.259293
    outer loop
      vertex 36.3343 77 4.98369
      vertex 36.3153 73.4 5.05446
      vertex 36.3343 73.4 4.98369
    endloop
  endfacet
  facet normal -0.156552 0 -0.98767
    outer loop
      vertex 67.0732 73.4 5.89616
      vertex 67.1455 77 5.8847
      vertex 67.1455 73.4 5.8847
    endloop
  endfacet
  facet normal -0.156552 0 -0.98767
    outer loop
      vertex 67.1455 77 5.8847
      vertex 67.0732 73.4 5.89616
      vertex 67.0732 77 5.89616
    endloop
  endfacet
  facet normal -0.156685 0 0.987649
    outer loop
      vertex 67.0732 77 4.50383
      vertex 67.1455 73.4 4.5153
      vertex 67.1455 77 4.5153
    endloop
  endfacet
  facet normal -0.156685 0 0.987649
    outer loop
      vertex 67.1455 73.4 4.5153
      vertex 67.0732 77 4.50383
      vertex 67.0732 73.4 4.50383
    endloop
  endfacet
  facet normal 0.707175 0 -0.707039
    outer loop
      vertex 36.4798 73.4 5.66839
      vertex 36.5316 77 5.7202
      vertex 36.5316 73.4 5.7202
    endloop
  endfacet
  facet normal 0.707175 0 -0.707039
    outer loop
      vertex 36.5316 77 5.7202
      vertex 36.4798 73.4 5.66839
      vertex 36.4798 77 5.66839
    endloop
  endfacet
  facet normal -0.0522509 0 0.998634
    outer loop
      vertex 67 77 4.5
      vertex 67.0732 73.4 4.50383
      vertex 67.0732 77 4.50383
    endloop
  endfacet
  facet normal -0.0522509 0 0.998634
    outer loop
      vertex 67.0732 73.4 4.50383
      vertex 67 77 4.5
      vertex 67 73.4 4.5
    endloop
  endfacet
  facet normal -0.707175 0 -0.707039
    outer loop
      vertex 67.4684 73.4 5.7202
      vertex 67.5202 77 5.66839
      vertex 67.5202 73.4 5.66839
    endloop
  endfacet
  facet normal -0.707175 0 -0.707039
    outer loop
      vertex 67.5202 77 5.66839
      vertex 67.4684 73.4 5.7202
      vertex 67.4684 77 5.7202
    endloop
  endfacet
  facet normal 0.777207 -0 0.629245
    outer loop
      vertex 36.4337 73.4 4.78855
      vertex 36.4798 77 4.73161
      vertex 36.4337 77 4.78855
    endloop
  endfacet
  facet normal 0.777207 0 0.629245
    outer loop
      vertex 36.4798 77 4.73161
      vertex 36.4337 73.4 4.78855
      vertex 36.4798 73.4 4.73161
    endloop
  endfacet
  facet normal -0.933855 0 -0.357652
    outer loop
      vertex 67.6657 73.4 5.41631
      vertex 67.6395 77 5.48472
      vertex 67.6657 77 5.41631
    endloop
  endfacet
  facet normal -0.933855 -0 -0.357652
    outer loop
      vertex 67.6395 77 5.48472
      vertex 67.6657 73.4 5.41631
      vertex 67.6395 73.4 5.48472
    endloop
  endfacet
  facet normal 0.777207 0 -0.629245
    outer loop
      vertex 36.4798 73.4 5.66839
      vertex 36.4337 77 5.61145
      vertex 36.4798 77 5.66839
    endloop
  endfacet
  facet normal 0.777207 0 -0.629245
    outer loop
      vertex 36.4337 77 5.61145
      vertex 36.4798 73.4 5.66839
      vertex 36.4337 73.4 5.61145
    endloop
  endfacet
  facet normal 0.258682 0 -0.965963
    outer loop
      vertex 36.7837 73.4 5.86574
      vertex 36.8545 77 5.8847
      vertex 36.8545 73.4 5.8847
    endloop
  endfacet
  facet normal 0.258682 0 -0.965963
    outer loop
      vertex 36.8545 77 5.8847
      vertex 36.7837 73.4 5.86574
      vertex 36.7837 77 5.86574
    endloop
  endfacet
  facet normal 0.358412 0 -0.933564
    outer loop
      vertex 36.7153 73.4 5.83948
      vertex 36.7837 77 5.86574
      vertex 36.7837 73.4 5.86574
    endloop
  endfacet
  facet normal 0.358412 0 -0.933564
    outer loop
      vertex 36.7837 77 5.86574
      vertex 36.7153 73.4 5.83948
      vertex 36.7153 77 5.83948
    endloop
  endfacet
  facet normal -0.629595 0 0.776924
    outer loop
      vertex 67.4115 77 4.63369
      vertex 67.4684 73.4 4.6798
      vertex 67.4684 77 4.6798
    endloop
  endfacet
  facet normal -0.629595 0 0.776924
    outer loop
      vertex 67.4684 73.4 4.6798
      vertex 67.4115 77 4.63369
      vertex 67.4115 73.4 4.63369
    endloop
  endfacet
  facet normal -0.358412 0 -0.933564
    outer loop
      vertex 67.2163 73.4 5.86574
      vertex 67.2847 77 5.83948
      vertex 67.2847 73.4 5.83948
    endloop
  endfacet
  facet normal -0.358412 0 -0.933564
    outer loop
      vertex 67.2847 77 5.83948
      vertex 67.2163 73.4 5.86574
      vertex 67.2163 77 5.86574
    endloop
  endfacet
  facet normal -0.965799 0 0.259293
    outer loop
      vertex 67.6657 73.4 4.98369
      vertex 67.6847 77 5.05446
      vertex 67.6657 77 4.98369
    endloop
  endfacet
  facet normal -0.965799 0 0.259293
    outer loop
      vertex 67.6847 77 5.05446
      vertex 67.6657 73.4 4.98369
      vertex 67.6847 73.4 5.05446
    endloop
  endfacet
  facet normal -0.838709 0 0.544581
    outer loop
      vertex 67.5663 73.4 4.78855
      vertex 67.6062 77 4.85
      vertex 67.5663 77 4.78855
    endloop
  endfacet
  facet normal -0.838709 0 0.544581
    outer loop
      vertex 67.6062 77 4.85
      vertex 67.5663 73.4 4.78855
      vertex 67.6062 73.4 4.85
    endloop
  endfacet
  facet normal -0.629595 0 -0.776924
    outer loop
      vertex 67.4115 73.4 5.76631
      vertex 67.4684 77 5.7202
      vertex 67.4684 73.4 5.7202
    endloop
  endfacet
  facet normal -0.629595 0 -0.776924
    outer loop
      vertex 67.4684 77 5.7202
      vertex 67.4115 73.4 5.76631
      vertex 67.4115 77 5.76631
    endloop
  endfacet
  facet normal 0.933855 0 -0.357652
    outer loop
      vertex 36.3605 73.4 5.48472
      vertex 36.3343 77 5.41631
      vertex 36.3605 77 5.48472
    endloop
  endfacet
  facet normal 0.933855 0 -0.357652
    outer loop
      vertex 36.3343 77 5.41631
      vertex 36.3605 73.4 5.48472
      vertex 36.3343 73.4 5.41631
    endloop
  endfacet
  facet normal 0.544988 0 -0.838444
    outer loop
      vertex 36.5886 73.4 5.76631
      vertex 36.65 77 5.80622
      vertex 36.65 73.4 5.80622
    endloop
  endfacet
  facet normal 0.544988 0 -0.838444
    outer loop
      vertex 36.65 77 5.80622
      vertex 36.5886 73.4 5.76631
      vertex 36.5886 77 5.76631
    endloop
  endfacet
  facet normal 0.45386 0 -0.891073
    outer loop
      vertex 36.65 73.4 5.80622
      vertex 36.7153 77 5.83948
      vertex 36.7153 73.4 5.83948
    endloop
  endfacet
  facet normal 0.45386 0 -0.891073
    outer loop
      vertex 36.7153 77 5.83948
      vertex 36.65 73.4 5.80622
      vertex 36.65 77 5.80622
    endloop
  endfacet
  facet normal 0.838709 -0 0.544581
    outer loop
      vertex 36.3938 73.4 4.85
      vertex 36.4337 77 4.78855
      vertex 36.3938 77 4.85
    endloop
  endfacet
  facet normal 0.838709 0 0.544581
    outer loop
      vertex 36.4337 77 4.78855
      vertex 36.3938 73.4 4.85
      vertex 36.4337 73.4 4.78855
    endloop
  endfacet
  facet normal -0.052387 0 -0.998627
    outer loop
      vertex 67 73.4 5.9
      vertex 67.0732 77 5.89616
      vertex 67.0732 73.4 5.89616
    endloop
  endfacet
  facet normal -0.052387 0 -0.998627
    outer loop
      vertex 67.0732 77 5.89616
      vertex 67 73.4 5.9
      vertex 67 77 5.9
    endloop
  endfacet
  facet normal 0.628927 0 -0.777464
    outer loop
      vertex 36.5316 73.4 5.7202
      vertex 36.5886 77 5.76631
      vertex 36.5886 73.4 5.76631
    endloop
  endfacet
  facet normal 0.628927 0 -0.777464
    outer loop
      vertex 36.5886 77 5.76631
      vertex 36.5316 73.4 5.7202
      vertex 36.5316 77 5.7202
    endloop
  endfacet
  facet normal -0.258682 0 -0.965963
    outer loop
      vertex 67.1455 73.4 5.8847
      vertex 67.2163 77 5.86574
      vertex 67.2163 73.4 5.86574
    endloop
  endfacet
  facet normal -0.258682 0 -0.965963
    outer loop
      vertex 67.2163 77 5.86574
      vertex 67.1455 73.4 5.8847
      vertex 67.1455 77 5.8847
    endloop
  endfacet
  facet normal 0.890796 0 -0.454404
    outer loop
      vertex 36.3938 73.4 5.55
      vertex 36.3605 77 5.48472
      vertex 36.3938 77 5.55
    endloop
  endfacet
  facet normal 0.890796 0 -0.454404
    outer loop
      vertex 36.3605 77 5.48472
      vertex 36.3938 73.4 5.55
      vertex 36.3605 73.4 5.48472
    endloop
  endfacet
  facet normal -0.965799 0 -0.259293
    outer loop
      vertex 67.6847 73.4 5.34554
      vertex 67.6657 77 5.41631
      vertex 67.6847 77 5.34554
    endloop
  endfacet
  facet normal -0.965799 -0 -0.259293
    outer loop
      vertex 67.6657 77 5.41631
      vertex 67.6847 73.4 5.34554
      vertex 67.6657 73.4 5.41631
    endloop
  endfacet
  facet normal 0.838709 0 -0.544581
    outer loop
      vertex 36.4337 73.4 5.61145
      vertex 36.3938 77 5.55
      vertex 36.4337 77 5.61145
    endloop
  endfacet
  facet normal 0.838709 0 -0.544581
    outer loop
      vertex 36.3938 77 5.55
      vertex 36.4337 73.4 5.61145
      vertex 36.3938 73.4 5.55
    endloop
  endfacet
  facet normal -0.358412 0 0.933564
    outer loop
      vertex 67.2163 77 4.53426
      vertex 67.2847 73.4 4.56052
      vertex 67.2847 77 4.56052
    endloop
  endfacet
  facet normal -0.358412 0 0.933564
    outer loop
      vertex 67.2847 73.4 4.56052
      vertex 67.2163 77 4.53426
      vertex 67.2163 73.4 4.53426
    endloop
  endfacet
  facet normal -0.933855 0 0.357652
    outer loop
      vertex 67.6395 73.4 4.91528
      vertex 67.6657 77 4.98369
      vertex 67.6395 77 4.91528
    endloop
  endfacet
  facet normal -0.933855 0 0.357652
    outer loop
      vertex 67.6657 77 4.98369
      vertex 67.6395 73.4 4.91528
      vertex 67.6657 73.4 4.98369
    endloop
  endfacet
  facet normal -0.838709 0 -0.544581
    outer loop
      vertex 67.6062 73.4 5.55
      vertex 67.5663 77 5.61145
      vertex 67.6062 77 5.55
    endloop
  endfacet
  facet normal -0.838709 -0 -0.544581
    outer loop
      vertex 67.5663 77 5.61145
      vertex 67.6062 73.4 5.55
      vertex 67.5663 73.4 5.61145
    endloop
  endfacet
  facet normal 0.987609 0 -0.156937
    outer loop
      vertex 36.3153 73.4 5.34554
      vertex 36.3038 77 5.27317
      vertex 36.3153 77 5.34554
    endloop
  endfacet
  facet normal 0.987609 0 -0.156937
    outer loop
      vertex 36.3038 77 5.27317
      vertex 36.3153 73.4 5.34554
      vertex 36.3038 73.4 5.27317
    endloop
  endfacet
  facet normal 0 1 0
    outer loop
      vertex 67 73.4 4.5
      vertex 67 73.4 5.9
      vertex 67.0732 73.4 5.89616
    endloop
  endfacet
  facet normal 0 1 0
    outer loop
      vertex 67 73.4 5.9
      vertex 67 73.4 4.5
      vertex 37 73.4 5.9
    endloop
  endfacet
  facet normal 0 1 0
    outer loop
      vertex 67 73.4 4.5
      vertex 67.0732 73.4 5.89616
      vertex 67.1455 73.4 5.8847
    endloop
  endfacet
  facet normal 0 1 0
    outer loop
      vertex 37 73.4 4.5
      vertex 37 73.4 5.9
      vertex 67 73.4 4.5
    endloop
  endfacet
  facet normal 0 1 0
    outer loop
      vertex 67 73.4 4.5
      vertex 67.1455 73.4 5.8847
      vertex 67.2163 73.4 5.86574
    endloop
  endfacet
  facet normal 0 1 0
    outer loop
      vertex 37 73.4 5.9
      vertex 37 73.4 4.5
      vertex 36.9268 73.4 5.89616
    endloop
  endfacet
  facet normal 0 1 0
    outer loop
      vertex 67 73.4 4.5
      vertex 67.2163 73.4 5.86574
      vertex 67.2847 73.4 5.83948
    endloop
  endfacet
  facet normal 0 1 0
    outer loop
      vertex 36.9268 73.4 5.89616
      vertex 37 73.4 4.5
      vertex 36.8545 73.4 5.8847
    endloop
  endfacet
  facet normal 0 1 0
    outer loop
      vertex 67 73.4 4.5
      vertex 67.2847 73.4 5.83948
      vertex 67.35 73.4 5.80622
    endloop
  endfacet
  facet normal 0 1 0
    outer loop
      vertex 36.8545 73.4 5.8847
      vertex 37 73.4 4.5
      vertex 36.7837 73.4 5.86574
    endloop
  endfacet
  facet normal 0 1 0
    outer loop
      vertex 67 73.4 4.5
      vertex 67.35 73.4 5.80622
      vertex 67.4115 73.4 5.76631
    endloop
  endfacet
  facet normal 0 1 0
    outer loop
      vertex 36.7837 73.4 5.86574
      vertex 37 73.4 4.5
      vertex 36.7153 73.4 5.83948
    endloop
  endfacet
  facet normal 0 1 0
    outer loop
      vertex 67 73.4 4.5
      vertex 67.4115 73.4 5.76631
      vertex 67.4684 73.4 5.7202
    endloop
  endfacet
  facet normal 0 1 0
    outer loop
      vertex 36.7153 73.4 5.83948
      vertex 37 73.4 4.5
      vertex 36.65 73.4 5.80622
    endloop
  endfacet
  facet normal 0 1 0
    outer loop
      vertex 67 73.4 4.5
      vertex 67.4684 73.4 5.7202
      vertex 67.5202 73.4 5.66839
    endloop
  endfacet
  facet normal 0 1 0
    outer loop
      vertex 36.65 73.4 5.80622
      vertex 37 73.4 4.5
      vertex 36.5886 73.4 5.76631
    endloop
  endfacet
  facet normal 0 1 0
    outer loop
      vertex 67 73.4 4.5
      vertex 67.5202 73.4 5.66839
      vertex 67.5663 73.4 5.61145
    endloop
  endfacet
  facet normal 0 1 0
    outer loop
      vertex 36.5886 73.4 5.76631
      vertex 37 73.4 4.5
      vertex 36.5316 73.4 5.7202
    endloop
  endfacet
  facet normal 0 1 0
    outer loop
      vertex 67 73.4 4.5
      vertex 67.5663 73.4 5.61145
      vertex 67.6062 73.4 5.55
    endloop
  endfacet
  facet normal 0 1 0
    outer loop
      vertex 36.5316 73.4 5.7202
      vertex 37 73.4 4.5
      vertex 36.4798 73.4 5.66839
    endloop
  endfacet
  facet normal 0 1 0
    outer loop
      vertex 67 73.4 4.5
      vertex 67.6062 73.4 5.55
      vertex 67.6395 73.4 5.48472
    endloop
  endfacet
  facet normal 0 1 0
    outer loop
      vertex 36.4798 73.4 5.66839
      vertex 37 73.4 4.5
      vertex 36.4337 73.4 5.61145
    endloop
  endfacet
  facet normal 0 1 0
    outer loop
      vertex 67 73.4 4.5
      vertex 67.6395 73.4 5.48472
      vertex 67.6657 73.4 5.41631
    endloop
  endfacet
  facet normal 0 1 0
    outer loop
      vertex 36.4337 73.4 5.61145
      vertex 37 73.4 4.5
      vertex 36.3938 73.4 5.55
    endloop
  endfacet
  facet normal 0 1 0
    outer loop
      vertex 67 73.4 4.5
      vertex 67.6657 73.4 5.41631
      vertex 67.6847 73.4 5.34554
    endloop
  endfacet
  facet normal 0 1 0
    outer loop
      vertex 36.3938 73.4 5.55
      vertex 37 73.4 4.5
      vertex 36.3605 73.4 5.48472
    endloop
  endfacet
  facet normal 0 1 0
    outer loop
      vertex 67 73.4 4.5
      vertex 67.6847 73.4 5.34554
      vertex 67.6962 73.4 5.27317
    endloop
  endfacet
  facet normal 0 1 0
    outer loop
      vertex 36.3605 73.4 5.48472
      vertex 37 73.4 4.5
      vertex 36.3343 73.4 5.41631
    endloop
  endfacet
  facet normal 0 1 0
    outer loop
      vertex 67 73.4 4.5
      vertex 67.6962 73.4 5.27317
      vertex 67.7 73.4 5.2
    endloop
  endfacet
  facet normal 0 1 0
    outer loop
      vertex 36.3343 73.4 5.41631
      vertex 37 73.4 4.5
      vertex 36.3153 73.4 5.34554
    endloop
  endfacet
  facet normal 0 1 0
    outer loop
      vertex 67 73.4 4.5
      vertex 67.7 73.4 5.2
      vertex 67.6962 73.4 5.12683
    endloop
  endfacet
  facet normal 0 1 0
    outer loop
      vertex 36.3153 73.4 5.34554
      vertex 37 73.4 4.5
      vertex 36.3038 73.4 5.27317
    endloop
  endfacet
  facet normal 0 1 0
    outer loop
      vertex 67 73.4 4.5
      vertex 67.6962 73.4 5.12683
      vertex 67.6847 73.4 5.05446
    endloop
  endfacet
  facet normal 0 1 0
    outer loop
      vertex 36.3038 73.4 5.27317
      vertex 37 73.4 4.5
      vertex 36.3 73.4 5.2
    endloop
  endfacet
  facet normal 0 1 0
    outer loop
      vertex 67 73.4 4.5
      vertex 67.6847 73.4 5.05446
      vertex 67.6657 73.4 4.98369
    endloop
  endfacet
  facet normal 0 1 0
    outer loop
      vertex 36.3 73.4 5.2
      vertex 37 73.4 4.5
      vertex 36.3038 73.4 5.12683
    endloop
  endfacet
  facet normal 0 1 0
    outer loop
      vertex 67 73.4 4.5
      vertex 67.6657 73.4 4.98369
      vertex 67.6395 73.4 4.91528
    endloop
  endfacet
  facet normal 0 1 0
    outer loop
      vertex 36.3038 73.4 5.12683
      vertex 37 73.4 4.5
      vertex 36.3153 73.4 5.05446
    endloop
  endfacet
  facet normal 0 1 0
    outer loop
      vertex 67 73.4 4.5
      vertex 67.6395 73.4 4.91528
      vertex 67.6062 73.4 4.85
    endloop
  endfacet
  facet normal 0 1 0
    outer loop
      vertex 36.3153 73.4 5.05446
      vertex 37 73.4 4.5
      vertex 36.3343 73.4 4.98369
    endloop
  endfacet
  facet normal 0 1 0
    outer loop
      vertex 67 73.4 4.5
      vertex 67.6062 73.4 4.85
      vertex 67.5663 73.4 4.78855
    endloop
  endfacet
  facet normal 0 1 0
    outer loop
      vertex 36.3343 73.4 4.98369
      vertex 37 73.4 4.5
      vertex 36.3605 73.4 4.91528
    endloop
  endfacet
  facet normal 0 1 0
    outer loop
      vertex 67 73.4 4.5
      vertex 67.5663 73.4 4.78855
      vertex 67.5202 73.4 4.73161
    endloop
  endfacet
  facet normal 0 1 0
    outer loop
      vertex 36.3605 73.4 4.91528
      vertex 37 73.4 4.5
      vertex 36.3938 73.4 4.85
    endloop
  endfacet
  facet normal 0 1 0
    outer loop
      vertex 67 73.4 4.5
      vertex 67.5202 73.4 4.73161
      vertex 67.4684 73.4 4.6798
    endloop
  endfacet
  facet normal 0 1 0
    outer loop
      vertex 36.3938 73.4 4.85
      vertex 37 73.4 4.5
      vertex 36.4337 73.4 4.78855
    endloop
  endfacet
  facet normal 0 1 0
    outer loop
      vertex 67 73.4 4.5
      vertex 67.4684 73.4 4.6798
      vertex 67.4115 73.4 4.63369
    endloop
  endfacet
  facet normal 0 1 0
    outer loop
      vertex 36.4337 73.4 4.78855
      vertex 37 73.4 4.5
      vertex 36.4798 73.4 4.73161
    endloop
  endfacet
  facet normal 0 1 0
    outer loop
      vertex 67 73.4 4.5
      vertex 67.4115 73.4 4.63369
      vertex 67.35 73.4 4.59378
    endloop
  endfacet
  facet normal 0 1 0
    outer loop
      vertex 36.4798 73.4 4.73161
      vertex 37 73.4 4.5
      vertex 36.5316 73.4 4.6798
    endloop
  endfacet
  facet normal 0 1 0
    outer loop
      vertex 67 73.4 4.5
      vertex 67.35 73.4 4.59378
      vertex 67.2847 73.4 4.56052
    endloop
  endfacet
  facet normal 0 1 0
    outer loop
      vertex 36.5316 73.4 4.6798
      vertex 37 73.4 4.5
      vertex 36.5886 73.4 4.63369
    endloop
  endfacet
  facet normal 0 1 0
    outer loop
      vertex 67 73.4 4.5
      vertex 67.2847 73.4 4.56052
      vertex 67.2163 73.4 4.53426
    endloop
  endfacet
  facet normal 0 1 0
    outer loop
      vertex 36.5886 73.4 4.63369
      vertex 37 73.4 4.5
      vertex 36.65 73.4 4.59378
    endloop
  endfacet
  facet normal 0 1 0
    outer loop
      vertex 67 73.4 4.5
      vertex 67.2163 73.4 4.53426
      vertex 67.1455 73.4 4.5153
    endloop
  endfacet
  facet normal 0 1 0
    outer loop
      vertex 36.65 73.4 4.59378
      vertex 37 73.4 4.5
      vertex 36.7153 73.4 4.56052
    endloop
  endfacet
  facet normal 0 1 0
    outer loop
      vertex 67 73.4 4.5
      vertex 67.1455 73.4 4.5153
      vertex 67.0732 73.4 4.50383
    endloop
  endfacet
  facet normal 0 1 0
    outer loop
      vertex 36.7153 73.4 4.56052
      vertex 37 73.4 4.5
      vertex 36.7837 73.4 4.53426
    endloop
  endfacet
  facet normal 0 1 0
    outer loop
      vertex 36.7837 73.4 4.53426
      vertex 37 73.4 4.5
      vertex 36.8545 73.4 4.5153
    endloop
  endfacet
  facet normal 0 1 0
    outer loop
      vertex 36.8545 73.4 4.5153
      vertex 37 73.4 4.5
      vertex 36.9268 73.4 4.50383
    endloop
  endfacet
  facet normal 0.45386 0 0.891073
    outer loop
      vertex 36.65 77 4.59378
      vertex 36.7153 73.4 4.56052
      vertex 36.7153 77 4.56052
    endloop
  endfacet
  facet normal 0.45386 0 0.891073
    outer loop
      vertex 36.7153 73.4 4.56052
      vertex 36.65 77 4.59378
      vertex 36.65 73.4 4.59378
    endloop
  endfacet
  facet normal 0.987685 0.155601 -0.0163537
    outer loop
      vertex 2.26556 4.56325 16.0134
      vertex 2.21643 4.64174 13.793
      vertex 2.21643 4.8717 15.981
    endloop
  endfacet
  facet normal 0.987686 0.155591 -0.0163541
    outer loop
      vertex 2.21643 4.64174 13.793
      vertex 2.26556 4.56325 16.0134
      vertex 2.26556 4.33328 13.8255
    endloop
  endfacet
  facet normal 0.00112979 0.104814 0.994491
    outer loop
      vertex 2.34683 4.03163 13.8572
      vertex 2.45936 3.74008 13.8878
      vertex 2.26556 4.33328 13.8255
    endloop
  endfacet
  facet normal -0 0.104532 0.994522
    outer loop
      vertex 5.2 74.57 6.44328
      vertex 101.734 72.2068 6.69167
      vertex 98.8 74.57 6.44328
    endloop
  endfacet
  facet normal 0 0.104532 0.994522
    outer loop
      vertex 101.734 72.2068 6.69167
      vertex 5.2 74.57 6.44328
      vertex 2.26556 72.2068 6.69167
    endloop
  endfacet
  facet normal 0.629264 -0.772933 0.081252
    outer loop
      vertex 3.19261 73.8037 6.52383
      vertex 3.43664 74.2302 8.69112
      vertex 3.19261 74.0337 8.71177
    endloop
  endfacet
  facet normal 0.629266 -0.772931 0.0812515
    outer loop
      vertex 3.43664 74.2302 8.69112
      vertex 3.19261 73.8037 6.52383
      vertex 3.43664 74.0002 6.50317
    endloop
  endfacet
  facet normal 0.99863 0.0520455 -0.0054705
    outer loop
      vertex 2.21347 4.92794 15.9751
      vertex 2.2 4.9536 13.7603
      vertex 2.2 5.18357 15.9482
    endloop
  endfacet
  facet normal 0.99863 0.0520381 -0.00547058
    outer loop
      vertex 2.2 4.9536 13.7603
      vertex 2.21347 4.92794 15.9751
      vertex 2.21643 4.64174 13.793
    endloop
  endfacet
  facet normal -0.548976 -0.831258 0.0873829
    outer loop
      vertex 100.563 74.0002 6.50317
      vertex 100.563 74.2302 8.69112
      vertex 100.516 74.2609 8.68789
    endloop
  endfacet
  facet normal -0.998599 -0.0526308 0.00553023
    outer loop
      vertex 101.8 71.5865 6.75687
      vertex 101.8 71.8164 8.94481
      vertex 101.797 71.8727 8.9389
    endloop
  endfacet
  facet normal -2.14734e-05 0.104529 0.994522
    outer loop
      vertex 2.26556 4.33328 13.8255
      vertex 2.26556 72.2068 6.69167
      vertex 2.2 4.9536 13.7603
    endloop
  endfacet
  facet normal -0.987257 -0.158261 0.0166366
    outer loop
      vertex 101.734 72.2068 6.69167
      vertex 101.784 72.1283 8.91203
      vertex 101.734 72.4368 8.87962
    endloop
  endfacet
  facet normal -0.987257 -0.158261 0.0166367
    outer loop
      vertex 101.784 72.1283 8.91203
      vertex 101.734 72.2068 6.69167
      vertex 101.784 71.8983 6.72409
    endloop
  endfacet
  facet normal 0.933603 -0.356346 0.0374596
    outer loop
      vertex 2.34683 72.7384 8.84791
      vertex 2.45936 72.8 6.62932
      vertex 2.45936 73.03 8.81727
    endloop
  endfacet
  facet normal 0.933603 -0.356346 0.0374596
    outer loop
      vertex 2.45936 72.8 6.62932
      vertex 2.34683 72.7384 8.84791
      vertex 2.34683 72.5084 6.65996
    endloop
  endfacet
  facet normal -1.57743e-05 0.104518 0.994523
    outer loop
      vertex 101.734 72.2068 6.69167
      vertex 101.029 73.5829 6.54704
      vertex 100.02 74.3121 6.47039
    endloop
  endfacet
  facet normal -0.629343 0.77287 -0.0812328
    outer loop
      vertex 100.563 2.76981 16.2019
      vertex 100.607 2.80525 16.1982
      vertex 100.563 2.53985 14.014
    endloop
  endfacet
  facet normal 7.86453e-05 0.10447 0.994528
    outer loop
      vertex 2.97056 73.5829 6.54704
      vertex 2.77295 73.3402 6.57255
      vertex 2.45936 72.8 6.62932
    endloop
  endfacet
  facet normal 1 0 0
    outer loop
      vertex 2.2 5.18357 15.9482
      vertex 2.2 71.5865 6.75687
      vertex 2.2 71.8164 8.94481
    endloop
  endfacet
  facet normal 1 0 0
    outer loop
      vertex 2.2 71.5865 6.75687
      vertex 2.2 5.18357 15.9482
      vertex 2.2 4.9536 13.7603
    endloop
  endfacet
  facet normal 5.03741e-05 0.104554 0.994519
    outer loop
      vertex 2.60192 3.46182 13.9171
      vertex 5.2 1.97004 14.0738
      vertex 2.26556 4.33328 13.8255
    endloop
  endfacet
  facet normal -0.838702 0.541608 -0.0569259
    outer loop
      vertex 101.398 3.46182 13.9171
      vertex 101.227 3.42987 16.1325
      vertex 101.398 3.69178 16.105
    endloop
  endfacet
  facet normal -0.838702 0.541608 -0.0569259
    outer loop
      vertex 101.227 3.42987 16.1325
      vertex 101.398 3.46182 13.9171
      vertex 101.227 3.19991 13.9446
    endloop
  endfacet
  facet normal 1.17055e-05 0.104597 0.994515
    outer loop
      vertex 100.02 74.3121 6.47039
      vertex 99.4237 74.5048 6.45013
      vertex 98.8 74.57 6.44328
    endloop
  endfacet
  facet normal -3.07323e-06 0.104528 0.994522
    outer loop
      vertex 101.734 72.2068 6.69167
      vertex 100.02 74.3121 6.47039
      vertex 98.8 74.57 6.44328
    endloop
  endfacet
  facet normal -5.03608e-05 0.104554 0.994519
    outer loop
      vertex 101.398 3.46182 13.9171
      vertex 101.734 4.33328 13.8255
      vertex 98.8 1.97004 14.0738
    endloop
  endfacet
  facet normal 0.998636 -0.051931 0.0054567
    outer loop
      vertex 2.20296 71.8727 8.9389
      vertex 2.2 71.8164 8.94481
      vertex 2.2 71.5865 6.75687
    endloop
  endfacet
  facet normal 0.258989 -0.960591 0.100942
    outer loop
      vertex 4.27295 74.424 6.45863
      vertex 4.57626 74.7348 8.63808
      vertex 4.32764 74.6685 8.64504
    endloop
  endfacet
  facet normal 0.258742 -0.960653 0.100985
    outer loop
      vertex 4.57626 74.7348 8.63808
      vertex 4.27295 74.424 6.45863
      vertex 4.57626 74.5048 6.45013
    endloop
  endfacet
  facet normal -0.450183 0.888045 -0.093334
    outer loop
      vertex 100.02 2.45794 16.2347
      vertex 100.071 2.48351 16.232
      vertex 100.02 2.22798 14.0467
    endloop
  endfacet
  facet normal 0.998633 0.0519864 -0.0054638
    outer loop
      vertex 2.21643 4.8717 15.981
      vertex 2.21643 4.64174 13.793
      vertex 2.21347 4.92794 15.9751
    endloop
  endfacet
  facet normal -0.00473416 0.104035 0.994562
    outer loop
      vertex 2.21643 4.64174 13.793
      vertex 2.26556 4.33328 13.8255
      vertex 2.2 4.9536 13.7603
    endloop
  endfacet
  facet normal 1.57686e-05 0.104518 0.994523
    outer loop
      vertex 3.97979 74.3121 6.47039
      vertex 2.97056 73.5829 6.54704
      vertex 2.26556 72.2068 6.69167
    endloop
  endfacet
  facet normal 0.777249 -0.625748 0.0657511
    outer loop
      vertex 2.77295 73.3402 6.57255
      vertex 2.93493 73.7691 8.73958
      vertex 2.77295 73.5701 8.76049
    endloop
  endfacet
  facet normal 0.777157 -0.625859 0.0657799
    outer loop
      vertex 2.93493 73.7691 8.73958
      vertex 2.77295 73.3402 6.57255
      vertex 2.97056 73.5829 6.54704
    endloop
  endfacet
  facet normal 5.40581e-05 0.104529 0.994522
    outer loop
      vertex 2.26556 72.2068 6.69167
      vertex 2.2 71.5865 6.75687
      vertex 2.2 4.9536 13.7603
    endloop
  endfacet
  facet normal -1.54558e-05 0.104441 0.994531
    outer loop
      vertex 3.7 2.36976 14.0318
      vertex 5.2 1.97004 14.0738
      vertex 2.60192 3.46182 13.9171
    endloop
  endfacet
  facet normal 0.052363 0.993158 -0.104381
    outer loop
      vertex 5.2 2.2 16.2618
      vertex 5.2 1.97004 14.0738
      vertex 5.14345 2.20295 16.2615
    endloop
  endfacet
  facet normal 0 0.994522 -0.104525
    outer loop
      vertex 98.8 1.97004 14.0738
      vertex 5.2 2.2 16.2618
      vertex 98.8 2.2 16.2618
    endloop
  endfacet
  facet normal 0 0.994522 -0.104525
    outer loop
      vertex 5.2 2.2 16.2618
      vertex 98.8 1.97004 14.0738
      vertex 5.2 1.97004 14.0738
    endloop
  endfacet
  facet normal 0.838521 -0.541886 0.0569392
    outer loop
      vertex 2.77295 73.3402 6.57255
      vertex 2.77295 73.5701 8.76049
      vertex 2.74211 73.5229 8.76546
    endloop
  endfacet
  facet normal 0.358255 -0.928508 0.0976059
    outer loop
      vertex 3.97979 74.3121 6.47039
      vertex 4.22008 74.6338 8.6487
      vertex 3.97979 74.5421 8.65834
    endloop
  endfacet
  facet normal 0.35832 -0.928484 0.0975952
    outer loop
      vertex 4.22008 74.6338 8.6487
      vertex 3.97979 74.3121 6.47039
      vertex 4.27295 74.424 6.45863
    endloop
  endfacet
  facet normal 4.84597e-05 0.104606 0.994514
    outer loop
      vertex 101.029 73.5829 6.54704
      vertex 100.563 74.0002 6.50317
      vertex 100.02 74.3121 6.47039
    endloop
  endfacet
  facet normal -0.966142 0.256625 -0.0267057
    outer loop
      vertex 101.653 4.03163 13.8572
      vertex 101.72 4.50885 16.0191
      vertex 101.734 4.33328 13.8255
    endloop
  endfacet
  facet normal -0.965554 0.258776 -0.0271988
    outer loop
      vertex 101.72 4.50885 16.0191
      vertex 101.653 4.03163 13.8572
      vertex 101.653 4.26159 16.0451
    endloop
  endfacet
  facet normal 3.46606e-05 0.104543 0.99452
    outer loop
      vertex 101.734 72.2068 6.69167
      vertex 101.541 72.8 6.62932
      vertex 101.029 73.5829 6.54704
    endloop
  endfacet
  facet normal -7.8361e-05 0.10447 0.994528
    outer loop
      vertex 101.541 72.8 6.62932
      vertex 101.227 73.3402 6.57255
      vertex 101.029 73.5829 6.54704
    endloop
  endfacet
  facet normal 0 -0.99452 0.104545
    outer loop
      vertex 5.2 74.57 6.44328
      vertex 98.8 74.8 8.63123
      vertex 5.2 74.8 8.63123
    endloop
  endfacet
  facet normal 0 -0.99452 0.104545
    outer loop
      vertex 98.8 74.8 8.63123
      vertex 5.2 74.57 6.44328
      vertex 98.8 74.57 6.44328
    endloop
  endfacet
  facet normal -0.544354 -0.834244 0.0878386
    outer loop
      vertex 100.3 74.4003 8.67324
      vertex 100.563 74.0002 6.50317
      vertex 100.516 74.2609 8.68789
    endloop
  endfacet
  facet normal -0.545184 -0.833723 0.087642
    outer loop
      vertex 100.563 74.0002 6.50317
      vertex 100.3 74.4003 8.67324
      vertex 100.3 74.1703 6.48529
    endloop
  endfacet
  facet normal -0.000257828 0.104257 0.99455
    outer loop
      vertex 2.77295 3.19991 13.9446
      vertex 3.19261 2.73638 13.9933
      vertex 2.60192 3.46182 13.9171
    endloop
  endfacet
  facet normal 0.965953 0.257299 -0.0270447
    outer loop
      vertex 2.26556 4.56325 16.0134
      vertex 2.28021 4.50885 16.0191
      vertex 2.26556 4.33328 13.8255
    endloop
  endfacet
  facet normal 0.965924 0.257407 -0.0270549
    outer loop
      vertex 2.34683 4.03163 13.8572
      vertex 2.28021 4.50885 16.0191
      vertex 2.34683 4.26159 16.0451
    endloop
  endfacet
  facet normal 0.965927 0.257396 -0.0270522
    outer loop
      vertex 2.28021 4.50885 16.0191
      vertex 2.34683 4.03163 13.8572
      vertex 2.26556 4.33328 13.8255
    endloop
  endfacet
  facet normal 0.891027 -0.451466 0.047438
    outer loop
      vertex 2.48507 73.0801 8.81199
      vertex 2.60192 73.0783 6.60007
      vertex 2.60192 73.3082 8.78802
    endloop
  endfacet
  facet normal 0.891035 -0.451449 0.0474384
    outer loop
      vertex 2.60192 73.0783 6.60007
      vertex 2.48507 73.0801 8.81199
      vertex 2.45936 72.8 6.62932
    endloop
  endfacet
  facet normal 0.998629 -0.0520521 0.0054718
    outer loop
      vertex 2.20296 71.8727 8.9389
      vertex 2.21643 71.8983 6.72409
      vertex 2.21643 72.1283 8.91203
    endloop
  endfacet
  facet normal 0.99863 -0.0520466 0.00547187
    outer loop
      vertex 2.21643 71.8983 6.72409
      vertex 2.20296 71.8727 8.9389
      vertex 2.2 71.5865 6.75687
    endloop
  endfacet
  facet normal 0.891005 0.451506 -0.0474535
    outer loop
      vertex 2.60192 3.69178 16.105
      vertex 2.45936 3.74008 13.8878
      vertex 2.45936 3.97004 16.0758
    endloop
  endfacet
  facet normal 0.891012 0.451492 -0.0474543
    outer loop
      vertex 2.45936 3.74008 13.8878
      vertex 2.60192 3.69178 16.105
      vertex 2.60192 3.46182 13.9171
    endloop
  endfacet
  facet normal -0.00146597 0.103975 0.994579
    outer loop
      vertex 2.45936 3.74008 13.8878
      vertex 2.60192 3.46182 13.9171
      vertex 2.26556 4.33328 13.8255
    endloop
  endfacet
  facet normal -0.933893 0.355595 -0.0373749
    outer loop
      vertex 101.653 4.03163 13.8572
      vertex 101.561 4.02261 16.0702
      vertex 101.653 4.26159 16.0451
    endloop
  endfacet
  facet normal -0.934145 0.354931 -0.0373881
    outer loop
      vertex 101.561 4.02261 16.0702
      vertex 101.653 4.03163 13.8572
      vertex 101.541 3.74008 13.8878
    endloop
  endfacet
  facet normal -2.97516e-05 0.104529 0.994522
    outer loop
      vertex 101.734 4.33328 13.8255
      vertex 101.734 72.2068 6.69167
      vertex 98.8 1.97004 14.0738
    endloop
  endfacet
  facet normal -0.258993 0.960587 -0.100967
    outer loop
      vertex 99.7271 2.34603 16.2464
      vertex 99.7271 2.11606 14.0585
      vertex 99.6724 2.33145 16.248
    endloop
  endfacet
  facet normal -0.000150147 0.105153 0.994456
    outer loop
      vertex 99.4237 2.03524 14.067
      vertex 99.7271 2.11606 14.0585
      vertex 98.8 1.97004 14.0738
    endloop
  endfacet
  facet normal -0.0522931 0.993162 -0.104382
    outer loop
      vertex 99.1136 1.98638 14.0721
      vertex 98.8565 2.20295 16.2615
      vertex 99.1136 2.21634 16.2601
    endloop
  endfacet
  facet normal -0.0523141 0.99316 -0.104384
    outer loop
      vertex 98.8565 2.20295 16.2615
      vertex 99.1136 1.98638 14.0721
      vertex 98.8 1.97004 14.0738
    endloop
  endfacet
  facet normal 3.07268e-06 0.104528 0.994522
    outer loop
      vertex 5.2 74.57 6.44328
      vertex 3.97979 74.3121 6.47039
      vertex 2.26556 72.2068 6.69167
    endloop
  endfacet
  facet normal -4.84373e-05 0.104606 0.994514
    outer loop
      vertex 3.97979 74.3121 6.47039
      vertex 3.43664 74.0002 6.50317
      vertex 2.97056 73.5829 6.54704
    endloop
  endfacet
  facet normal 9.13741e-05 0.104281 0.994548
    outer loop
      vertex 4.57626 74.5048 6.45013
      vertex 4.27295 74.424 6.45863
      vertex 3.97979 74.3121 6.47039
    endloop
  endfacet
  facet normal -0.77655 -0.626593 0.0659634
    outer loop
      vertex 101.227 73.3402 6.57255
      vertex 101.065 73.7691 8.73958
      vertex 101.029 73.5829 6.54704
    endloop
  endfacet
  facet normal -0.777211 -0.625795 0.065756
    outer loop
      vertex 101.065 73.7691 8.73958
      vertex 101.227 73.3402 6.57255
      vertex 101.227 73.5701 8.76049
    endloop
  endfacet
  facet normal -0.773544 -0.630273 0.0662266
    outer loop
      vertex 101.065 73.7691 8.73958
      vertex 101.029 73.8128 8.73498
      vertex 101.029 73.5829 6.54704
    endloop
  endfacet
  facet normal 0.000549347 0.104709 0.994503
    outer loop
      vertex 101.734 72.2068 6.69167
      vertex 101.653 72.5084 6.65996
      vertex 101.541 72.8 6.62932
    endloop
  endfacet
  facet normal 0.157994 -0.982029 0.103232
    outer loop
      vertex 4.88641 74.5537 6.445
      vertex 4.88641 74.7837 8.63295
      vertex 4.83049 74.7748 8.63387
    endloop
  endfacet
  facet normal 0.965917 -0.257434 0.0270617
    outer loop
      vertex 2.26556 72.4368 8.87962
      vertex 2.34683 72.5084 6.65996
      vertex 2.34683 72.7384 8.84791
    endloop
  endfacet
  facet normal 0.965917 -0.257434 0.0270617
    outer loop
      vertex 2.34683 72.5084 6.65996
      vertex 2.26556 72.4368 8.87962
      vertex 2.26556 72.2068 6.69167
    endloop
  endfacet
  facet normal -0.935309 0.351894 -0.0369843
    outer loop
      vertex 101.541 3.97004 16.0758
      vertex 101.561 4.02261 16.0702
      vertex 101.541 3.74008 13.8878
    endloop
  endfacet
  facet normal -0.707468 0.702874 -0.0738758
    outer loop
      vertex 101.029 3.18717 16.158
      vertex 101.029 2.95721 13.9701
      vertex 100.989 3.14735 16.1622
    endloop
  endfacet
  facet normal 0 0.104528 0.994522
    outer loop
      vertex 101.734 72.2068 6.69167
      vertex 5.2 1.97004 14.0738
      vertex 98.8 1.97004 14.0738
    endloop
  endfacet
  facet normal 0 0.104528 0.994522
    outer loop
      vertex 5.2 1.97004 14.0738
      vertex 101.734 72.2068 6.69167
      vertex 2.26556 72.2068 6.69167
    endloop
  endfacet
  facet normal 2.97471e-05 0.104529 0.994522
    outer loop
      vertex 5.2 1.97004 14.0738
      vertex 2.26556 72.2068 6.69167
      vertex 2.26556 4.33328 13.8255
    endloop
  endfacet
  facet normal 0.933603 0.356345 -0.0374521
    outer loop
      vertex 2.45936 3.97004 16.0758
      vertex 2.45936 3.74008 13.8878
      vertex 2.43907 4.02261 16.0702
    endloop
  endfacet
  facet normal 0.933581 0.356403 -0.0374599
    outer loop
      vertex 2.43907 4.02261 16.0702
      vertex 2.34683 4.03163 13.8572
      vertex 2.34683 4.26159 16.0451
    endloop
  endfacet
  facet normal 0.933581 0.356404 -0.0374599
    outer loop
      vertex 2.34683 4.03163 13.8572
      vertex 2.43907 4.02261 16.0702
      vertex 2.45936 3.74008 13.8878
    endloop
  endfacet
  facet normal 0.629343 0.77287 -0.0812328
    outer loop
      vertex 3.43664 2.76981 16.2019
      vertex 3.43664 2.53985 14.014
      vertex 3.39264 2.80525 16.1982
    endloop
  endfacet
  facet normal 2.13302e-05 0.104529 0.994522
    outer loop
      vertex 101.8 4.9536 13.7603
      vertex 101.734 72.2068 6.69167
      vertex 101.734 4.33328 13.8255
    endloop
  endfacet
  facet normal -0.987253 0.158287 -0.0166361
    outer loop
      vertex 101.784 4.64174 13.793
      vertex 101.734 4.56325 16.0134
      vertex 101.784 4.8717 15.981
    endloop
  endfacet
  facet normal -0.987255 0.158277 -0.0166365
    outer loop
      vertex 101.734 4.56325 16.0134
      vertex 101.784 4.64174 13.793
      vertex 101.734 4.33328 13.8255
    endloop
  endfacet
  facet normal -0.968771 0.2466 -0.0259201
    outer loop
      vertex 101.734 4.56325 16.0134
      vertex 101.734 4.33328 13.8255
      vertex 101.72 4.50885 16.0191
    endloop
  endfacet
  facet normal -0.00220883 0.10746 0.994207
    outer loop
      vertex 100.563 2.53985 14.014
      vertex 100.807 2.73638 13.9933
      vertex 100.3 2.36976 14.0318
    endloop
  endfacet
  facet normal 0.000526708 0.103488 0.994631
    outer loop
      vertex 100.02 2.22798 14.0467
      vertex 100.3 2.36976 14.0318
      vertex 99.7271 2.11606 14.0585
    endloop
  endfacet
  facet normal -0.000112369 0.104915 0.994481
    outer loop
      vertex 99.7271 2.11606 14.0585
      vertex 100.3 2.36976 14.0318
      vertex 98.8 1.97004 14.0738
    endloop
  endfacet
  facet normal -0.000523605 0.103495 0.99463
    outer loop
      vertex 3.97979 2.22798 14.0467
      vertex 4.27295 2.11606 14.0585
      vertex 3.7 2.36976 14.0318
    endloop
  endfacet
  facet normal -0.156499 0.982268 -0.103237
    outer loop
      vertex 99.4237 2.2652 16.2549
      vertex 99.1136 1.98638 14.0721
      vertex 99.1136 2.21634 16.2601
    endloop
  endfacet
  facet normal -0.156467 0.982272 -0.103242
    outer loop
      vertex 99.1136 1.98638 14.0721
      vertex 99.4237 2.2652 16.2549
      vertex 99.4237 2.03524 14.067
    endloop
  endfacet
  facet normal 0.358329 0.928481 -0.0975925
    outer loop
      vertex 4.27295 2.11606 14.0585
      vertex 4.03265 2.43776 16.2368
      vertex 4.27295 2.34603 16.2464
    endloop
  endfacet
  facet normal 0.358387 0.928459 -0.097583
    outer loop
      vertex 4.03265 2.43776 16.2368
      vertex 4.27295 2.11606 14.0585
      vertex 3.97979 2.22798 14.0467
    endloop
  endfacet
  facet normal 0.000112383 0.104915 0.994481
    outer loop
      vertex 4.27295 2.11606 14.0585
      vertex 5.2 1.97004 14.0738
      vertex 3.7 2.36976 14.0318
    endloop
  endfacet
  facet normal -0.358459 0.928431 -0.0975873
    outer loop
      vertex 99.9673 2.43776 16.2368
      vertex 99.7271 2.11606 14.0585
      vertex 99.7271 2.34603 16.2464
    endloop
  endfacet
  facet normal -0.358664 0.928355 -0.0975535
    outer loop
      vertex 99.7271 2.11606 14.0585
      vertex 99.9673 2.43776 16.2368
      vertex 100.02 2.22798 14.0467
    endloop
  endfacet
  facet normal 1.54554e-05 0.104441 0.994531
    outer loop
      vertex 100.3 2.36976 14.0318
      vertex 101.398 3.46182 13.9171
      vertex 98.8 1.97004 14.0738
    endloop
  endfacet
  facet normal -1.17059e-05 0.104597 0.994515
    outer loop
      vertex 5.2 74.57 6.44328
      vertex 4.57626 74.5048 6.45013
      vertex 3.97979 74.3121 6.47039
    endloop
  endfacet
  facet normal 0.77674 -0.626373 0.0658168
    outer loop
      vertex 2.97056 73.5829 6.54704
      vertex 2.97056 73.8128 8.73498
      vertex 2.93493 73.7691 8.73958
    endloop
  endfacet
  facet normal -3.49124e-05 0.104543 0.99452
    outer loop
      vertex 2.97056 73.5829 6.54704
      vertex 2.45936 72.8 6.62932
      vertex 2.26556 72.2068 6.69167
    endloop
  endfacet
  facet normal 0.454042 -0.886098 0.0931477
    outer loop
      vertex 3.7 74.1703 6.48529
      vertex 3.97979 74.5421 8.65834
      vertex 3.7 74.4003 8.67324
    endloop
  endfacet
  facet normal 0.454042 -0.886098 0.0931477
    outer loop
      vertex 3.97979 74.5421 8.65834
      vertex 3.7 74.1703 6.48529
      vertex 3.97979 74.3121 6.47039
    endloop
  endfacet
  facet normal -0.052356 -0.993156 0.104402
    outer loop
      vertex 98.8 74.57 6.44328
      vertex 99.057 74.7866 8.63264
      vertex 98.8 74.8 8.63123
    endloop
  endfacet
  facet normal -0.0521944 -0.993167 0.104384
    outer loop
      vertex 99.057 74.7866 8.63264
      vertex 98.8 74.57 6.44328
      vertex 99.1136 74.5537 6.445
    endloop
  endfacet
  facet normal 8.60303e-05 0.10467 0.994507
    outer loop
      vertex 100.563 74.0002 6.50317
      vertex 100.3 74.1703 6.48529
      vertex 100.02 74.3121 6.47039
    endloop
  endfacet
  facet normal -0.890791 -0.451926 0.0474863
    outer loop
      vertex 101.398 73.0783 6.60007
      vertex 101.515 73.0801 8.81199
      vertex 101.398 73.3082 8.78802
    endloop
  endfacet
  facet normal -0.890468 -0.452563 0.0474698
    outer loop
      vertex 101.515 73.0801 8.81199
      vertex 101.398 73.0783 6.60007
      vertex 101.541 72.8 6.62932
    endloop
  endfacet
  facet normal -0.88863 -0.456112 0.0479471
    outer loop
      vertex 101.541 72.8 6.62932
      vertex 101.541 73.03 8.81727
      vertex 101.515 73.0801 8.81199
    endloop
  endfacet
  facet normal -0.934166 -0.354882 0.0373056
    outer loop
      vertex 101.541 72.8 6.62932
      vertex 101.653 72.7384 8.84791
      vertex 101.541 73.03 8.81727
    endloop
  endfacet
  facet normal -0.934166 -0.354882 0.0373056
    outer loop
      vertex 101.653 72.7384 8.84791
      vertex 101.541 72.8 6.62932
      vertex 101.653 72.5084 6.65996
    endloop
  endfacet
  facet normal -5.14151e-05 0.104534 0.994521
    outer loop
      vertex 101.029 2.95721 13.9701
      vertex 101.227 3.19991 13.9446
      vertex 100.807 2.73638 13.9933
    endloop
  endfacet
  facet normal 0.000256964 0.104258 0.99455
    outer loop
      vertex 101.227 3.19991 13.9446
      vertex 101.398 3.46182 13.9171
      vertex 100.807 2.73638 13.9933
    endloop
  endfacet
  facet normal 0.987689 -0.155576 0.0163543
    outer loop
      vertex 2.21643 72.1283 8.91203
      vertex 2.26556 72.2068 6.69167
      vertex 2.26556 72.4368 8.87962
    endloop
  endfacet
  facet normal 0.987689 -0.155575 0.0163543
    outer loop
      vertex 2.26556 72.2068 6.69167
      vertex 2.21643 72.1283 8.91203
      vertex 2.21643 71.8983 6.72409
    endloop
  endfacet
  facet normal -0.000395281 0.104576 0.994517
    outer loop
      vertex 2.26556 72.2068 6.69167
      vertex 2.21643 71.8983 6.72409
      vertex 2.2 71.5865 6.75687
    endloop
  endfacet
  facet normal -0.000544996 0.104708 0.994503
    outer loop
      vertex 2.45936 72.8 6.62932
      vertex 2.34683 72.5084 6.65996
      vertex 2.26556 72.2068 6.69167
    endloop
  endfacet
  facet normal 0.89071 -0.452081 0.0475233
    outer loop
      vertex 2.48507 73.0801 8.81199
      vertex 2.45936 73.03 8.81727
      vertex 2.45936 72.8 6.62932
    endloop
  endfacet
  facet normal -8.67588e-05 0.104672 0.994507
    outer loop
      vertex 3.97979 74.3121 6.47039
      vertex 3.7 74.1703 6.48529
      vertex 3.43664 74.0002 6.50317
    endloop
  endfacet
  facet normal -0.156281 -0.9823 0.103261
    outer loop
      vertex 99.1695 74.7748 8.63387
      vertex 99.4237 74.5048 6.45013
      vertex 99.4237 74.7348 8.63808
    endloop
  endfacet
  facet normal -0.1566 -0.982254 0.103218
    outer loop
      vertex 99.4237 74.5048 6.45013
      vertex 99.1695 74.7748 8.63387
      vertex 99.1136 74.5537 6.445
    endloop
  endfacet
  facet normal 0.707115 0.703224 -0.0739127
    outer loop
      vertex 3.19261 2.73638 13.9933
      vertex 3.01061 3.14735 16.1622
      vertex 3.19261 2.96634 16.1812
    endloop
  endfacet
  facet normal 0.707099 0.70324 -0.073917
    outer loop
      vertex 3.01061 3.14735 16.1622
      vertex 3.19261 2.73638 13.9933
      vertex 2.97056 2.95721 13.9701
    endloop
  endfacet
  facet normal 0.629328 0.772882 -0.0812345
    outer loop
      vertex 3.43664 2.53985 14.014
      vertex 3.19261 2.96634 16.1812
      vertex 3.39264 2.80525 16.1982
    endloop
  endfacet
  facet normal 0.629331 0.77288 -0.0812338
    outer loop
      vertex 3.19261 2.96634 16.1812
      vertex 3.43664 2.53985 14.014
      vertex 3.19261 2.73638 13.9933
    endloop
  endfacet
  facet normal 4.59711e-05 0.104502 0.994525
    outer loop
      vertex 3.19261 2.73638 13.9933
      vertex 3.7 2.36976 14.0318
      vertex 2.60192 3.46182 13.9171
    endloop
  endfacet
  facet normal -1 0 0
    outer loop
      vertex 101.8 71.5865 6.75687
      vertex 101.8 5.18357 15.9482
      vertex 101.8 71.8164 8.94481
    endloop
  endfacet
  facet normal -1 0 -0
    outer loop
      vertex 101.8 5.18357 15.9482
      vertex 101.8 71.5865 6.75687
      vertex 101.8 4.9536 13.7603
    endloop
  endfacet
  facet normal -5.36977e-05 0.104529 0.994522
    outer loop
      vertex 101.8 4.9536 13.7603
      vertex 101.8 71.5865 6.75687
      vertex 101.734 72.2068 6.69167
    endloop
  endfacet
  facet normal 0.00455472 0.104051 0.994562
    outer loop
      vertex 101.784 4.64174 13.793
      vertex 101.8 4.9536 13.7603
      vertex 101.734 4.33328 13.8255
    endloop
  endfacet
  facet normal -0.998724 0.0502342 -0.00528011
    outer loop
      vertex 101.8 4.9536 13.7603
      vertex 101.787 4.92794 15.9751
      vertex 101.8 5.18357 15.9482
    endloop
  endfacet
  facet normal -0.998701 0.0506853 -0.00527475
    outer loop
      vertex 101.787 4.92794 15.9751
      vertex 101.8 4.9536 13.7603
      vertex 101.784 4.64174 13.793
    endloop
  endfacet
  facet normal -4.60918e-05 0.104502 0.994525
    outer loop
      vertex 100.807 2.73638 13.9933
      vertex 101.398 3.46182 13.9171
      vertex 100.3 2.36976 14.0318
    endloop
  endfacet
  facet normal -0.454507 0.885877 -0.0929796
    outer loop
      vertex 100.3 2.59972 16.2198
      vertex 100.02 2.22798 14.0467
      vertex 100.071 2.48351 16.232
    endloop
  endfacet
  facet normal -0.453722 0.886262 -0.0931466
    outer loop
      vertex 100.02 2.22798 14.0467
      vertex 100.3 2.59972 16.2198
      vertex 100.3 2.36976 14.0318
    endloop
  endfacet
  facet normal 0.00144319 0.103985 0.994578
    outer loop
      vertex 101.541 3.74008 13.8878
      vertex 101.734 4.33328 13.8255
      vertex 101.398 3.46182 13.9171
    endloop
  endfacet
  facet normal -0.00113881 0.104816 0.994491
    outer loop
      vertex 101.653 4.03163 13.8572
      vertex 101.734 4.33328 13.8255
      vertex 101.541 3.74008 13.8878
    endloop
  endfacet
  facet normal -0.707179 0.703162 -0.0738956
    outer loop
      vertex 100.807 2.73638 13.9933
      vertex 100.989 3.14735 16.1622
      vertex 101.029 2.95721 13.9701
    endloop
  endfacet
  facet normal -0.707115 0.703224 -0.0739127
    outer loop
      vertex 100.989 3.14735 16.1622
      vertex 100.807 2.73638 13.9933
      vertex 100.807 2.96634 16.1812
    endloop
  endfacet
  facet normal -0.629385 0.772836 -0.0812278
    outer loop
      vertex 100.807 2.96634 16.1812
      vertex 100.563 2.53985 14.014
      vertex 100.607 2.80525 16.1982
    endloop
  endfacet
  facet normal -0.629378 0.772842 -0.0812299
    outer loop
      vertex 100.563 2.53985 14.014
      vertex 100.807 2.96634 16.1812
      vertex 100.807 2.73638 13.9933
    endloop
  endfacet
  facet normal 0.544642 0.834075 -0.0876617
    outer loop
      vertex 3.7 2.36976 14.0318
      vertex 3.43664 2.76981 16.2019
      vertex 3.7 2.59972 16.2198
    endloop
  endfacet
  facet normal 0.544619 0.834089 -0.0876673
    outer loop
      vertex 3.43664 2.76981 16.2019
      vertex 3.7 2.36976 14.0318
      vertex 3.43664 2.53985 14.014
    endloop
  endfacet
  facet normal 0.259037 0.960576 -0.100966
    outer loop
      vertex 4.27295 2.34603 16.2464
      vertex 4.32764 2.33145 16.248
      vertex 4.27295 2.11606 14.0585
    endloop
  endfacet
  facet normal 0.0523157 0.99316 -0.104383
    outer loop
      vertex 4.88641 1.98638 14.0721
      vertex 5.14345 2.20295 16.2615
      vertex 5.2 1.97004 14.0738
    endloop
  endfacet
  facet normal 0.0523053 0.993161 -0.104382
    outer loop
      vertex 5.14345 2.20295 16.2615
      vertex 4.88641 1.98638 14.0721
      vertex 4.88641 2.21634 16.2601
    endloop
  endfacet
  facet normal -2.63787e-05 0.103981 0.994579
    outer loop
      vertex 99.1136 1.98638 14.0721
      vertex 99.4237 2.03524 14.067
      vertex 98.8 1.97004 14.0738
    endloop
  endfacet
  facet normal -0.837229 -0.543858 0.0571464
    outer loop
      vertex 101.258 73.5229 8.76546
      vertex 101.227 73.5701 8.76049
      vertex 101.227 73.3402 6.57255
    endloop
  endfacet
  facet normal 0.052196 -0.993166 0.104385
    outer loop
      vertex 5.2 74.57 6.44328
      vertex 4.94296 74.7866 8.63264
      vertex 4.88641 74.5537 6.445
    endloop
  endfacet
  facet normal 0.0523479 -0.993157 0.104402
    outer loop
      vertex 4.94296 74.7866 8.63264
      vertex 5.2 74.57 6.44328
      vertex 5.2 74.8 8.63123
    endloop
  endfacet
  facet normal -0.158049 -0.98202 0.103231
    outer loop
      vertex 99.1695 74.7748 8.63387
      vertex 99.1136 74.7837 8.63295
      vertex 99.1136 74.5537 6.445
    endloop
  endfacet
  facet normal -4.73081e-05 0.104039 0.994573
    outer loop
      vertex 99.4237 74.5048 6.45013
      vertex 99.1136 74.5537 6.445
      vertex 98.8 74.57 6.44328
    endloop
  endfacet
  facet normal -9.34173e-05 0.104449 0.99453
    outer loop
      vertex 101.029 73.5829 6.54704
      vertex 100.807 73.8037 6.52383
      vertex 100.563 74.0002 6.50317
    endloop
  endfacet
  facet normal -0.707291 -0.703048 0.0739056
    outer loop
      vertex 100.807 73.8037 6.52383
      vertex 101.029 73.8128 8.73498
      vertex 100.807 74.0337 8.71177
    endloop
  endfacet
  facet normal -0.707133 -0.703209 0.0738904
    outer loop
      vertex 101.029 73.8128 8.73498
      vertex 100.807 73.8037 6.52383
      vertex 101.029 73.5829 6.54704
    endloop
  endfacet
  facet normal 0.00017256 0.104614 0.994513
    outer loop
      vertex 101.541 72.8 6.62932
      vertex 101.398 73.0783 6.60007
      vertex 101.227 73.3402 6.57255
    endloop
  endfacet
  facet normal -0.838694 -0.541614 0.0569801
    outer loop
      vertex 101.398 73.0783 6.60007
      vertex 101.258 73.5229 8.76546
      vertex 101.227 73.3402 6.57255
    endloop
  endfacet
  facet normal -0.839017 -0.541126 0.0568591
    outer loop
      vertex 101.258 73.5229 8.76546
      vertex 101.398 73.0783 6.60007
      vertex 101.398 73.3082 8.78802
    endloop
  endfacet
  facet normal 0.544585 -0.834109 0.0876954
    outer loop
      vertex 3.43664 74.0002 6.50317
      vertex 3.7 74.4003 8.67324
      vertex 3.48413 74.2609 8.68789
    endloop
  endfacet
  facet normal 0.54466 -0.834062 0.0876776
    outer loop
      vertex 3.7 74.4003 8.67324
      vertex 3.43664 74.0002 6.50317
      vertex 3.7 74.1703 6.48529
    endloop
  endfacet
  facet normal 0.545 -0.833841 0.0876544
    outer loop
      vertex 3.48413 74.2609 8.68789
      vertex 3.43664 74.2302 8.69112
      vertex 3.43664 74.0002 6.50317
    endloop
  endfacet
  facet normal -0.000170482 0.104613 0.994513
    outer loop
      vertex 2.77295 73.3402 6.57255
      vertex 2.60192 73.0783 6.60007
      vertex 2.45936 72.8 6.62932
    endloop
  endfacet
  facet normal 0.83868 -0.541642 0.0569134
    outer loop
      vertex 2.60192 73.0783 6.60007
      vertex 2.74211 73.5229 8.76546
      vertex 2.60192 73.3082 8.78802
    endloop
  endfacet
  facet normal 0.838651 -0.541687 0.0569245
    outer loop
      vertex 2.74211 73.5229 8.76546
      vertex 2.60192 73.0783 6.60007
      vertex 2.77295 73.3402 6.57255
    endloop
  endfacet
  facet normal 5.09224e-05 0.104534 0.994521
    outer loop
      vertex 2.97056 2.95721 13.9701
      vertex 3.19261 2.73638 13.9933
      vertex 2.77295 3.19991 13.9446
    endloop
  endfacet
  facet normal 0.838658 0.541675 -0.0569329
    outer loop
      vertex 2.77295 3.42987 16.1325
      vertex 2.60192 3.46182 13.9171
      vertex 2.60192 3.69178 16.105
    endloop
  endfacet
  facet normal 0.838658 0.541675 -0.0569329
    outer loop
      vertex 2.60192 3.46182 13.9171
      vertex 2.77295 3.42987 16.1325
      vertex 2.77295 3.19991 13.9446
    endloop
  endfacet
  facet normal 0.777228 0.625773 -0.065772
    outer loop
      vertex 2.77295 3.42987 16.1325
      vertex 2.80858 3.3861 16.1371
      vertex 2.77295 3.19991 13.9446
    endloop
  endfacet
  facet normal 0.77714 0.62588 -0.0657833
    outer loop
      vertex 2.97056 2.95721 13.9701
      vertex 2.80858 3.3861 16.1371
      vertex 2.97056 3.18717 16.158
    endloop
  endfacet
  facet normal 0.777156 0.625861 -0.0657784
    outer loop
      vertex 2.80858 3.3861 16.1371
      vertex 2.97056 2.95721 13.9701
      vertex 2.77295 3.19991 13.9446
    endloop
  endfacet
  facet normal 0.00219469 0.107443 0.994209
    outer loop
      vertex 3.43664 2.53985 14.014
      vertex 3.7 2.36976 14.0318
      vertex 3.19261 2.73638 13.9933
    endloop
  endfacet
  facet normal -0.998723 -0.0502406 0.00528138
    outer loop
      vertex 101.784 71.8983 6.72409
      vertex 101.797 71.8727 8.9389
      vertex 101.784 72.1283 8.91203
    endloop
  endfacet
  facet normal -0.9987 -0.0506936 0.005276
    outer loop
      vertex 101.797 71.8727 8.9389
      vertex 101.784 71.8983 6.72409
      vertex 101.8 71.5865 6.75687
    endloop
  endfacet
  facet normal 0.000380295 0.104575 0.994517
    outer loop
      vertex 101.8 71.5865 6.75687
      vertex 101.784 71.8983 6.72409
      vertex 101.734 72.2068 6.69167
    endloop
  endfacet
  facet normal -0.998596 0.052687 -0.00553743
    outer loop
      vertex 101.784 4.8717 15.981
      vertex 101.787 4.92794 15.9751
      vertex 101.784 4.64174 13.793
    endloop
  endfacet
  facet normal -0.545166 0.833736 -0.0876261
    outer loop
      vertex 100.563 2.76981 16.2019
      vertex 100.3 2.36976 14.0318
      vertex 100.3 2.59972 16.2198
    endloop
  endfacet
  facet normal -0.545143 0.833751 -0.0876317
    outer loop
      vertex 100.3 2.36976 14.0318
      vertex 100.563 2.76981 16.2019
      vertex 100.563 2.53985 14.014
    endloop
  endfacet
  facet normal -0.774035 0.629674 -0.0661821
    outer loop
      vertex 101.227 3.42987 16.1325
      vertex 101.227 3.19991 13.9446
      vertex 101.191 3.3861 16.1371
    endloop
  endfacet
  facet normal -0.776549 0.626595 -0.0659619
    outer loop
      vertex 101.029 2.95721 13.9701
      vertex 101.191 3.3861 16.1371
      vertex 101.227 3.19991 13.9446
    endloop
  endfacet
  facet normal -0.777102 0.625927 -0.0657882
    outer loop
      vertex 101.191 3.3861 16.1371
      vertex 101.029 2.95721 13.9701
      vertex 101.029 3.18717 16.158
    endloop
  endfacet
  facet normal -0.890438 0.452611 -0.0475697
    outer loop
      vertex 101.541 3.74008 13.8878
      vertex 101.398 3.69178 16.105
      vertex 101.541 3.97004 16.0758
    endloop
  endfacet
  facet normal -0.890445 0.452598 -0.0475704
    outer loop
      vertex 101.398 3.69178 16.105
      vertex 101.541 3.74008 13.8878
      vertex 101.398 3.46182 13.9171
    endloop
  endfacet
  facet normal 0.453972 0.886135 -0.0931365
    outer loop
      vertex 3.97979 2.22798 14.0467
      vertex 3.7 2.59972 16.2198
      vertex 3.92934 2.48351 16.232
    endloop
  endfacet
  facet normal 0.453992 0.886125 -0.0931322
    outer loop
      vertex 3.7 2.59972 16.2198
      vertex 3.97979 2.22798 14.0467
      vertex 3.7 2.36976 14.0318
    endloop
  endfacet
  facet normal 0.258786 0.960643 -0.100969
    outer loop
      vertex 4.57626 2.03524 14.067
      vertex 4.32764 2.33145 16.248
      vertex 4.57626 2.2652 16.2549
    endloop
  endfacet
  facet normal 0.258801 0.960639 -0.100966
    outer loop
      vertex 4.32764 2.33145 16.248
      vertex 4.57626 2.03524 14.067
      vertex 4.27295 2.11606 14.0585
    endloop
  endfacet
  facet normal 0.000150102 0.105152 0.994456
    outer loop
      vertex 4.57626 2.03524 14.067
      vertex 5.2 1.97004 14.0738
      vertex 4.27295 2.11606 14.0585
    endloop
  endfacet
  facet normal -9.10979e-05 0.104282 0.994548
    outer loop
      vertex 100.02 74.3121 6.47039
      vertex 99.7271 74.424 6.45863
      vertex 99.4237 74.5048 6.45013
    endloop
  endfacet
  facet normal 0.0515057 -0.9932 0.104406
    outer loop
      vertex 4.94296 74.7866 8.63264
      vertex 4.88641 74.7837 8.63295
      vertex 4.88641 74.5537 6.445
    endloop
  endfacet
  facet normal 0.156263 -0.982303 0.103261
    outer loop
      vertex 4.57626 74.5048 6.45013
      vertex 4.83049 74.7748 8.63387
      vertex 4.57626 74.7348 8.63808
    endloop
  endfacet
  facet normal 0.156576 -0.982258 0.103219
    outer loop
      vertex 4.83049 74.7748 8.63387
      vertex 4.57626 74.5048 6.45013
      vertex 4.88641 74.5537 6.445
    endloop
  endfacet
  facet normal 4.73141e-05 0.104039 0.994573
    outer loop
      vertex 5.2 74.57 6.44328
      vertex 4.88641 74.5537 6.445
      vertex 4.57626 74.5048 6.45013
    endloop
  endfacet
  facet normal -0.62931 -0.772895 0.0812481
    outer loop
      vertex 100.563 74.2302 8.69112
      vertex 100.807 73.8037 6.52383
      vertex 100.807 74.0337 8.71177
    endloop
  endfacet
  facet normal -0.629312 -0.772894 0.0812475
    outer loop
      vertex 100.807 73.8037 6.52383
      vertex 100.563 74.2302 8.69112
      vertex 100.563 74.0002 6.50317
    endloop
  endfacet
  facet normal -0.966132 -0.256635 0.0269778
    outer loop
      vertex 101.653 72.5084 6.65996
      vertex 101.734 72.4368 8.87962
      vertex 101.653 72.7384 8.84791
    endloop
  endfacet
  facet normal -0.966132 -0.256635 0.0269778
    outer loop
      vertex 101.734 72.4368 8.87962
      vertex 101.653 72.5084 6.65996
      vertex 101.734 72.2068 6.69167
    endloop
  endfacet
  facet normal 0.358615 -0.92837 0.0975914
    outer loop
      vertex 4.27295 74.424 6.45863
      vertex 4.27295 74.654 8.64658
      vertex 4.22008 74.6338 8.6487
    endloop
  endfacet
  facet normal 0.707212 -0.703127 0.073914
    outer loop
      vertex 2.97056 73.8128 8.73498
      vertex 3.19261 73.8037 6.52383
      vertex 3.19261 74.0337 8.71177
    endloop
  endfacet
  facet normal 0.707053 -0.703288 0.0738987
    outer loop
      vertex 3.19261 73.8037 6.52383
      vertex 2.97056 73.8128 8.73498
      vertex 2.97056 73.5829 6.54704
    endloop
  endfacet
  facet normal 9.34465e-05 0.104449 0.99453
    outer loop
      vertex 3.43664 74.0002 6.50317
      vertex 3.19261 73.8037 6.52383
      vertex 2.97056 73.5829 6.54704
    endloop
  endfacet
  facet normal 0.707026 0.703313 -0.073922
    outer loop
      vertex 2.97056 3.18717 16.158
      vertex 3.01061 3.14735 16.1622
      vertex 2.97056 2.95721 13.9701
    endloop
  endfacet
  facet normal -0.359283 0.928117 -0.0975456
    outer loop
      vertex 100.02 2.45794 16.2347
      vertex 100.02 2.22798 14.0467
      vertex 99.9673 2.43776 16.2368
    endloop
  endfacet
  facet normal 0.454083 0.886079 -0.0931274
    outer loop
      vertex 3.97979 2.45794 16.2347
      vertex 3.97979 2.22798 14.0467
      vertex 3.92934 2.48351 16.232
    endloop
  endfacet
  facet normal 0.358336 0.928479 -0.0975836
    outer loop
      vertex 3.97979 2.45794 16.2347
      vertex 4.03265 2.43776 16.2368
      vertex 3.97979 2.22798 14.0467
    endloop
  endfacet
  facet normal -0.0524093 0.993155 -0.104381
    outer loop
      vertex 98.8 2.2 16.2618
      vertex 98.8565 2.20295 16.2615
      vertex 98.8 1.97004 14.0738
    endloop
  endfacet
  facet normal 0.156475 0.982272 -0.103237
    outer loop
      vertex 4.88641 1.98638 14.0721
      vertex 4.57626 2.2652 16.2549
      vertex 4.88641 2.21634 16.2601
    endloop
  endfacet
  facet normal 0.156442 0.982276 -0.103243
    outer loop
      vertex 4.57626 2.2652 16.2549
      vertex 4.88641 1.98638 14.0721
      vertex 4.57626 2.03524 14.067
    endloop
  endfacet
  facet normal 2.6382e-05 0.103982 0.994579
    outer loop
      vertex 4.88641 1.98638 14.0721
      vertex 5.2 1.97004 14.0738
      vertex 4.57626 2.03524 14.067
    endloop
  endfacet
  facet normal -0.0514603 -0.993202 0.104407
    outer loop
      vertex 99.1136 74.5537 6.445
      vertex 99.1136 74.7837 8.63295
      vertex 99.057 74.7866 8.63264
    endloop
  endfacet
  facet normal -0.453772 -0.886235 0.0931621
    outer loop
      vertex 100.02 74.5421 8.65834
      vertex 100.3 74.1703 6.48529
      vertex 100.3 74.4003 8.67324
    endloop
  endfacet
  facet normal -0.453772 -0.886235 0.0931621
    outer loop
      vertex 100.3 74.1703 6.48529
      vertex 100.02 74.5421 8.65834
      vertex 100.02 74.3121 6.47039
    endloop
  endfacet
  facet normal -0.359029 -0.928212 0.0975748
    outer loop
      vertex 99.7799 74.6338 8.6487
      vertex 99.7271 74.654 8.64658
      vertex 99.7271 74.424 6.45863
    endloop
  endfacet
  facet normal -0.358502 -0.928413 0.097596
    outer loop
      vertex 99.7799 74.6338 8.6487
      vertex 100.02 74.3121 6.47039
      vertex 100.02 74.5421 8.65834
    endloop
  endfacet
  facet normal -0.358597 -0.928378 0.0975803
    outer loop
      vertex 100.02 74.3121 6.47039
      vertex 99.7799 74.6338 8.6487
      vertex 99.7271 74.424 6.45863
    endloop
  endfacet
  facet normal 0.257622 -0.960951 0.101016
    outer loop
      vertex 4.32764 74.6685 8.64504
      vertex 4.27295 74.654 8.64658
      vertex 4.27295 74.424 6.45863
    endloop
  endfacet
  facet normal -0.258708 0.960664 -0.100971
    outer loop
      vertex 99.6724 2.33145 16.248
      vertex 99.4237 2.03524 14.067
      vertex 99.4237 2.2652 16.2549
    endloop
  endfacet
  facet normal -0.25873 0.960658 -0.100968
    outer loop
      vertex 99.4237 2.03524 14.067
      vertex 99.6724 2.33145 16.248
      vertex 99.7271 2.11606 14.0585
    endloop
  endfacet
  facet normal -0.257578 -0.960963 0.101018
    outer loop
      vertex 99.7271 74.424 6.45863
      vertex 99.7271 74.654 8.64658
      vertex 99.6724 74.6685 8.64504
    endloop
  endfacet
  facet normal -0.258911 -0.960612 0.100945
    outer loop
      vertex 99.4237 74.7348 8.63808
      vertex 99.7271 74.424 6.45863
      vertex 99.6724 74.6685 8.64504
    endloop
  endfacet
  facet normal -0.258671 -0.960672 0.100987
    outer loop
      vertex 99.7271 74.424 6.45863
      vertex 99.4237 74.7348 8.63808
      vertex 99.4237 74.5048 6.45013
    endloop
  endfacet
endsolid OpenSCAD_Model
